customer_id,customer_name,email,city,signup_date,customer_segment
10001,Vivek Reddy,vivek.reddy10001@mail.com,Hyderabad,2023-10-04,Regular
10002,Amit Mukherjee,amit.mukherjee10002@mail.com,Kolkata,2023-06-16,Regular
10003,Deepak Banerjee,deepak.banerjee10003@mail.com,Unknown,2024-01-16,Regular
10004,Deepak Malhotra,deepak.malhotra10004@mail.com,Pune,2023-08-19,Regular
10005,Neha Joshi,neha.joshi10005@mail.com,Chennai,2024-06-08,Regular
10006,Kavita Kapoor,kavita.kapoor10006@mail.com,Pune,2024-05-26,Regular
10007,Pallavi Nair,pallavi.nair10007@mail.com,Mumbai,2023-10-21,Regular
10008,Nisha Iyer,nisha.iyer10008@mail.com,Mumbai,2024-04-21,Regular
10009,Isha Banerjee,isha.banerjee10009@mail.com,Delhi,2023-11-14,Unknown
10010,Arjun Chopra,arjun.chopra10010@mail.com,Chennai,2023-09-17,New
10011,Shreya Chopra,shreya.chopra10011@mail.com,Ahmedabad,2023-10-14,Regular
10012,Divya Mukherjee,divya.mukherjee10012@mail.com,Kolkata,2023-09-21,New
10013,Pallavi Reddy,pallavi.reddy10013@mail.com,Bangalore,2023-08-21,Premium
10014,Manoj Agarwal,manoj.agarwal10014@mail.com,Chennai,2024-08-14,New
10015,Ajay Iyer,ajay.iyer10015@mail.com,Pune,2023-10-29,Regular
10016,Suresh Agarwal,suresh.agarwal10016@mail.com,Bangalore,2023-07-25,New
10017,Vikram Joshi,vikram.joshi10017@mail.com,Bangalore,2024-07-03,New
10018,Sneha Joshi,sneha.joshi10018@mail.com,Chennai,2023-06-30,Regular
10019,Naveen Patel,naveen.patel10019@mail.com,Bangalore,2024-05-03,Regular
10020,Divya Rao,divya.rao10020@mail.com,Delhi,2023-11-07,Regular
10021,Manoj Reddy,manoj.reddy10021@mail.com,Delhi,2023-07-03,Regular
10022,Amit Sharma,amit.sharma10022@mail.com,Delhi,2023-06-17,New
10023,Rahul Banerjee,rahul.banerjee10023@mail.com,Bangalore,2024-08-25,Regular
10024,Rahul Reddy,rahul.reddy10024@mail.com,Mumbai,2024-01-07,Regular
10025,Vivek Reddy,vivek.reddy10025@mail.com,Hyderabad,2024-06-07,Regular
10026,Manoj Singh,manoj.singh10026@mail.com,Kolkata,2023-10-21,Regular
10027,Pallavi Banerjee,pallavi.banerjee10027@mail.com,Mumbai,2024-04-29,New
10028,Pallavi Nair,pallavi.nair10028@mail.com,Bangalore,2024-02-04,Regular
10029,Ravi Chopra,ravi.chopra10029@mail.com,Chennai,2023-10-25,Regular
10030,Deepak Pillai,deepak.pillai10030@mail.com,Bangalore,2023-10-30,Regular
10031,Arjun Sharma,arjun.sharma10031@mail.com,Hyderabad,2024-02-13,New
10032,Pallavi Gupta,pallavi.gupta10032@mail.com,Mumbai,2023-07-05,Premium
10033,Pooja Mukherjee,pooja.mukherjee10033@mail.com,Hyderabad,2024-01-01,Premium
10034,Nisha Mehta,nisha.mehta10034@mail.com,Delhi,2023-12-20,Regular
10035,Isha Patel,isha.patel10035@mail.com,Hyderabad,2024-04-14,New
10036,Suresh Singh,suresh.singh10036@mail.com,Pune,2024-08-24,Regular
10037,Kavita Kapoor,kavita.kapoor10037@mail.com,Hyderabad,2024-05-05,Regular
10038,Swati Banerjee,swati.banerjee10038@mail.com,Bangalore,2023-10-23,Premium
10039,Suresh Agarwal,suresh.agarwal10039@mail.com,Ahmedabad,2024-08-07,Unknown
10040,Arjun Singh,arjun.singh10040@mail.com,Chennai,2024-06-14,Regular
10041,Gaurav Singh,gaurav.singh10041@mail.com,Hyderabad,2024-03-25,Regular
10042,Isha Sharma,isha.sharma10042@mail.com,Pune,2024-05-15,Regular
10043,Divya Kapoor,divya.kapoor10043@mail.com,Bangalore,2024-08-16,Regular
10044,Anita Mehta,anita.mehta10044@mail.com,Kolkata,2024-08-16,Premium
10045,Sanjay Sharma,sanjay.sharma10045@mail.com,Ahmedabad,2023-09-11,Premium
10046,Pooja Nair,pooja.nair10046@mail.com,Hyderabad,2023-12-22,Regular
10047,Vivek Agarwal,vivek.agarwal10047@mail.com,Kolkata,2024-08-05,Regular
10048,Anita Mukherjee,anita.mukherjee10048@mail.com,Chennai,2023-07-26,Regular
10049,Karan Reddy,karan.reddy10049@mail.com,Unknown,2023-09-06,Regular
10050,Meera Rao,meera.rao10050@mail.com,Pune,2023-07-06,New
10051,Sneha Verma,sneha.verma10051@mail.com,Chennai,2023-12-27,Regular
10052,Nisha Chopra,nisha.chopra10052@mail.com,Unknown,2024-03-18,Regular
10053,Divya Mukherjee,divya.mukherjee10053@mail.com,Pune,2024-01-13,Regular
10054,Ritu Gupta,ritu.gupta10054@mail.com,Mumbai,2024-02-19,Premium
10055,Pooja Verma,pooja.verma10055@mail.com,Delhi,2023-08-15,Regular
10056,Amit Desai,amit.desai10056@mail.com,Kolkata,2024-03-21,Regular
10057,Vivek Kumar,vivek.kumar10057@mail.com,Mumbai,2023-09-21,Regular
10058,Pooja Reddy,pooja.reddy10058@mail.com,Ahmedabad,2024-07-15,Regular
10059,Ajay Desai,ajay.desai10059@mail.com,Kolkata,2024-01-15,New
10060,Pooja Iyer,pooja.iyer10060@mail.com,Ahmedabad,2023-10-19,Regular
10061,Gaurav Banerjee,gaurav.banerjee10061@mail.com,Mumbai,2023-08-17,Regular
10062,Divya Mehta,divya.mehta10062@mail.com,Ahmedabad,2023-07-02,Regular
10063,Deepak Kumar,deepak.kumar10063@mail.com,Kolkata,2023-06-04,New
10064,Naveen Malhotra,naveen.malhotra10064@mail.com,Delhi,2023-09-21,Regular
10065,Ritu Chopra,ritu.chopra10065@mail.com,Bangalore,2023-08-05,New
10066,Nisha Kumar,nisha.kumar10066@mail.com,Mumbai,2024-01-06,Regular
10067,Rahul Desai,rahul.desai10067@mail.com,Pune,2024-06-24,New
10068,Naveen Patel,naveen.patel10068@mail.com,Ahmedabad,2024-06-18,Regular
10069,Ajay Sharma,ajay.sharma10069@mail.com,Hyderabad,2023-09-11,Premium
10070,Sneha Mukherjee,sneha.mukherjee10070@mail.com,Delhi,2024-05-24,Regular
10071,Deepak Reddy,deepak.reddy10071@mail.com,Bangalore,2023-07-26,Regular
10072,Sanjay Chopra,sanjay.chopra10072@mail.com,Delhi,2024-03-30,Premium
10073,Pallavi Kapoor,pallavi.kapoor10073@mail.com,Mumbai,2024-07-05,Regular
10074,Vivek Mehta,vivek.mehta10074@mail.com,Hyderabad,2024-07-26,Regular
10075,Manoj Singh,manoj.singh10075@mail.com,Kolkata,2024-06-10,Regular
10076,Ajay Pillai,ajay.pillai10076@mail.com,Ahmedabad,2024-07-27,Premium
10077,Amit Iyer,amit.iyer10077@mail.com,Ahmedabad,2024-06-19,Unknown
10078,Pallavi Mehta,pallavi.mehta10078@mail.com,Bangalore,2023-09-17,Regular
10079,Gaurav Iyer,gaurav.iyer10079@mail.com,Hyderabad,2023-07-14,Regular
10080,Shreya Pillai,shreya.pillai10080@mail.com,Ahmedabad,2023-07-18,Regular
10081,Neha Pillai,neha.pillai10081@mail.com,Pune,2024-06-16,Regular
10082,Pooja Reddy,pooja.reddy10082@mail.com,Delhi,2023-08-01,Premium
10083,Swati Pillai,swati.pillai10083@mail.com,Chennai,2024-03-28,New
10084,Rahul Verma,rahul.verma10084@mail.com,Delhi,2023-08-31,Unknown
10085,Priya Banerjee,priya.banerjee10085@mail.com,Chennai,2023-08-04,Unknown
10086,Kavita Pillai,kavita.pillai10086@mail.com,Ahmedabad,2023-11-22,Regular
10087,Naveen Patel,naveen.patel10087@mail.com,Kolkata,2023-07-08,Regular
10088,Kavita Patel,kavita.patel10088@mail.com,Delhi,2024-03-12,Premium
10089,Karan Chopra,karan.chopra10089@mail.com,Ahmedabad,2023-10-31,New
10090,Anjali Reddy,anjali.reddy10090@mail.com,Delhi,2023-09-17,Regular
10091,Anita Kumar,anita.kumar10091@mail.com,Kolkata,2024-05-18,Regular
10092,Deepak Desai,deepak.desai10092@mail.com,Mumbai,2023-09-28,New
10093,Isha Rao,isha.rao10093@mail.com,Kolkata,2024-03-05,Regular
10094,Priya Gupta,priya.gupta10094@mail.com,Chennai,2024-06-18,Premium
10095,Kavita Chopra,kavita.chopra10095@mail.com,Chennai,2024-03-03,Regular
10096,Arjun Kapoor,arjun.kapoor10096@mail.com,Chennai,2023-07-17,Regular
10097,Ravi Iyer,ravi.iyer10097@mail.com,Hyderabad,2024-01-27,Regular
10098,Divya Pillai,divya.pillai10098@mail.com,Mumbai,2023-11-26,Regular
10099,Divya Pillai,divya.pillai10099@mail.com,Chennai,2023-12-23,Premium
10100,Arjun Reddy,arjun.reddy10100@mail.com,Kolkata,2024-07-27,New
10101,Rahul Agarwal,rahul.agarwal10101@mail.com,Pune,2024-04-16,Regular
10102,Kavita Desai,kavita.desai10102@mail.com,Ahmedabad,2023-06-15,New
10103,Meera Kumar,meera.kumar10103@mail.com,Kolkata,2023-09-24,New
10104,Naveen Singh,naveen.singh10104@mail.com,Ahmedabad,2024-02-16,Premium
10105,Manoj Banerjee,manoj.banerjee10105@mail.com,Bangalore,2023-09-06,New
10106,Suresh Malhotra,suresh.malhotra10106@mail.com,Pune,2024-07-25,Regular
10107,Nisha Pillai,nisha.pillai10107@mail.com,Bangalore,2024-03-02,Regular
10108,Isha Mehta,isha.mehta10108@mail.com,Delhi,2023-10-01,Unknown
10109,Swati Pillai,swati.pillai10109@mail.com,Kolkata,2024-05-05,Premium
10110,Vikram Agarwal,vikram.agarwal10110@mail.com,Pune,2024-08-21,Unknown
10111,Vikram Malhotra,vikram.malhotra10111@mail.com,Bangalore,2024-01-27,Premium
10112,Amit Mehta,amit.mehta10112@mail.com,Kolkata,2024-04-16,Unknown
10113,Amit Nair,amit.nair10113@mail.com,Chennai,2024-06-17,Regular
10114,Sneha Desai,sneha.desai10114@mail.com,Bangalore,2023-11-01,New
10115,Neha Malhotra,neha.malhotra10115@mail.com,Bangalore,2024-02-27,Regular
10116,Anjali Chopra,anjali.chopra10116@mail.com,Delhi,2024-03-25,Regular
10117,Ravi Desai,ravi.desai10117@mail.com,Chennai,2024-03-06,Regular
10118,Vivek Malhotra,vivek.malhotra10118@mail.com,Chennai,2024-08-06,Regular
10119,Sanjay Mukherjee,sanjay.mukherjee10119@mail.com,Pune,2024-05-24,Regular
10120,Rohit Sharma,rohit.sharma10120@mail.com,Ahmedabad,2024-07-02,Premium
10121,Anjali Iyer,anjali.iyer10121@mail.com,Bangalore,2023-07-20,New
10122,Rohit Joshi,rohit.joshi10122@mail.com,Bangalore,2023-10-30,Regular
10123,Gaurav Joshi,gaurav.joshi10123@mail.com,Chennai,2023-10-10,New
10124,Pallavi Mehta,pallavi.mehta10124@mail.com,Mumbai,2023-07-09,Regular
10125,Sanjay Banerjee,sanjay.banerjee10125@mail.com,Pune,2024-07-09,Regular
10126,Swati Iyer,swati.iyer10126@mail.com,Unknown,2023-12-08,Regular
10127,Meera Mehta,meera.mehta10127@mail.com,Delhi,2023-07-03,Premium
10128,Sneha Singh,sneha.singh10128@mail.com,Hyderabad,2023-11-03,New
10129,Sanjay Desai,sanjay.desai10129@mail.com,Pune,2024-03-27,Premium
10130,Shreya Kapoor,shreya.kapoor10130@mail.com,Kolkata,2023-06-17,Premium
10131,Neha Reddy,neha.reddy10131@mail.com,Pune,2023-07-02,Regular
10132,Manoj Patel,,Delhi,2024-04-23,Regular
10133,Vikram Mukherjee,vikram.mukherjee10133@mail.com,Delhi,2024-07-29,Premium
10134,Arjun Singh,arjun.singh10134@mail.com,Hyderabad,2024-08-13,New
10135,Sneha Kumar,sneha.kumar10135@mail.com,Bangalore,2023-12-01,Premium
10136,Priya Singh,priya.singh10136@mail.com,Kolkata,2023-07-29,Premium
10137,Sneha Desai,sneha.desai10137@mail.com,Delhi,2023-06-23,Premium
10138,Vivek Kumar,vivek.kumar10138@mail.com,Hyderabad,2024-08-07,Regular
10139,Amit Patel,amit.patel10139@mail.com,Pune,2023-07-04,Regular
10140,Sanjay Kapoor,sanjay.kapoor10140@mail.com,Chennai,2024-02-14,Premium
10141,Vivek Banerjee,vivek.banerjee10141@mail.com,Delhi,2024-01-18,New
10142,Swati Reddy,swati.reddy10142@mail.com,Pune,2023-11-08,Premium
10143,Amit Patel,amit.patel10143@mail.com,Mumbai,2024-01-08,Regular
10144,Rohit Banerjee,rohit.banerjee10144@mail.com,Pune,2023-12-28,Regular
10145,Swati Sharma,swati.sharma10145@mail.com,Chennai,2023-11-07,Regular
10146,Pooja Reddy,pooja.reddy10146@mail.com,Pune,2023-07-29,Premium
10147,Ajay Kapoor,ajay.kapoor10147@mail.com,Hyderabad,2023-06-15,Regular
10148,Ravi Gupta,ravi.gupta10148@mail.com,Bangalore,2024-05-02,Unknown
10149,Swati Agarwal,swati.agarwal10149@mail.com,Delhi,2024-01-01,Regular
10150,Rohit Kapoor,rohit.kapoor10150@mail.com,Mumbai,2023-08-19,Regular
10151,Nisha Malhotra,nisha.malhotra10151@mail.com,Ahmedabad,2023-12-30,Regular
10152,Kavita Mukherjee,kavita.mukherjee10152@mail.com,Ahmedabad,2023-06-24,Regular
10153,Rahul Singh,rahul.singh10153@mail.com,Chennai,2023-11-15,Regular
10154,Meera Nair,meera.nair10154@mail.com,Unknown,2023-12-21,New
10155,Pallavi Mehta,pallavi.mehta10155@mail.com,Kolkata,2023-12-25,Unknown
10156,Arjun Gupta,arjun.gupta10156@mail.com,Ahmedabad,2023-07-16,Regular
10157,Amit Chopra,amit.chopra10157@mail.com,Chennai,2023-11-21,Regular
10158,Karan Agarwal,karan.agarwal10158@mail.com,Delhi,2023-11-27,Premium
10159,Vikram Iyer,vikram.iyer10159@mail.com,Delhi,2024-04-04,Regular
10160,Vivek Pillai,vivek.pillai10160@mail.com,Ahmedabad,2024-05-14,New
10161,Pallavi Mehta,pallavi.mehta10161@mail.com,Bangalore,2023-07-05,Regular
10162,Neha Agarwal,neha.agarwal10162@mail.com,Mumbai,2024-01-23,Regular
10163,Pallavi Patel,pallavi.patel10163@mail.com,Kolkata,2024-03-24,Regular
10164,Ritu Mukherjee,ritu.mukherjee10164@mail.com,Delhi,2024-04-05,Regular
10165,Gaurav Mehta,gaurav.mehta10165@mail.com,Mumbai,2024-04-26,Regular
10166,Karan Kapoor,karan.kapoor10166@mail.com,Bangalore,2023-12-08,New
10167,Priya Mehta,priya.mehta10167@mail.com,Mumbai,2023-07-19,Regular
10168,Isha Kapoor,isha.kapoor10168@mail.com,Bangalore,2023-07-12,Regular
10169,Deepak Chopra,deepak.chopra10169@mail.com,Bangalore,2024-05-28,New
10170,Naveen Singh,naveen.singh10170@mail.com,Mumbai,2024-05-09,Regular
10171,Rahul Mehta,rahul.mehta10171@mail.com,Ahmedabad,2023-09-24,New
10172,Karan Banerjee,karan.banerjee10172@mail.com,Hyderabad,2024-08-22,Premium
10173,Naveen Kapoor,naveen.kapoor10173@mail.com,Bangalore,2024-01-11,Regular
10174,Anjali Verma,anjali.verma10174@mail.com,Ahmedabad,2024-02-29,Regular
10175,Rahul Joshi,rahul.joshi10175@mail.com,Ahmedabad,2024-06-28,Regular
10176,Naveen Rao,naveen.rao10176@mail.com,Bangalore,2023-06-27,Premium
10177,Pallavi Agarwal,pallavi.agarwal10177@mail.com,Mumbai,2023-07-13,Premium
10178,Divya Patel,,Delhi,2024-08-26,Regular
10179,Pooja Chopra,pooja.chopra10179@mail.com,Mumbai,2023-09-23,Regular
10180,Ritu Singh,ritu.singh10180@mail.com,Bangalore,2023-10-25,New
10181,Shreya Desai,shreya.desai10181@mail.com,Hyderabad,2023-06-10,Regular
10182,Karan Malhotra,karan.malhotra10182@mail.com,Mumbai,2023-09-30,Regular
10183,Manoj Patel,manoj.patel10183@mail.com,Mumbai,2024-04-01,Regular
10184,Kavita Malhotra,kavita.malhotra10184@mail.com,Hyderabad,2023-10-02,Regular
10185,Neha Patel,neha.patel10185@mail.com,Hyderabad,2024-08-21,Regular
10186,Ravi Joshi,ravi.joshi10186@mail.com,Mumbai,2023-10-02,Premium
10187,Arjun Singh,arjun.singh10187@mail.com,Hyderabad,2024-03-06,Regular
10188,Deepak Pillai,deepak.pillai10188@mail.com,Bangalore,2023-07-03,Premium
10189,Ritu Rao,ritu.rao10189@mail.com,Hyderabad,2023-11-06,Regular
10190,Ajay Rao,ajay.rao10190@mail.com,Chennai,2024-08-15,Premium
10191,Neha Malhotra,neha.malhotra10191@mail.com,Kolkata,2024-01-12,New
10192,Shreya Joshi,shreya.joshi10192@mail.com,Chennai,2024-06-07,Regular
10193,Kavita Mehta,kavita.mehta10193@mail.com,Mumbai,2023-11-15,Premium
10194,Deepak Desai,deepak.desai10194@mail.com,Pune,2023-06-22,Premium
10195,Vivek Sharma,vivek.sharma10195@mail.com,Mumbai,2024-04-22,Regular
10196,Ravi Singh,ravi.singh10196@mail.com,Ahmedabad,2023-08-04,Regular
10197,Rohit Sharma,rohit.sharma10197@mail.com,Bangalore,2024-01-17,New
10198,Karan Joshi,karan.joshi10198@mail.com,Unknown,2024-04-28,Regular
10199,Karan Chopra,karan.chopra10199@mail.com,Mumbai,2024-07-01,Regular
10200,Isha Pillai,isha.pillai10200@mail.com,Delhi,2023-08-09,New
10201,Amit Mehta,amit.mehta10201@mail.com,Pune,2024-03-08,Regular
10202,Isha Gupta,isha.gupta10202@mail.com,Pune,2023-08-02,New
10203,Neha Banerjee,neha.banerjee10203@mail.com,Pune,2024-07-16,New
10204,Sanjay Pillai,sanjay.pillai10204@mail.com,Kolkata,2024-07-26,Regular
10205,Manoj Agarwal,manoj.agarwal10205@mail.com,Pune,2024-08-23,Premium
10206,Vikram Malhotra,vikram.malhotra10206@mail.com,Hyderabad,2024-02-21,Regular
10207,Neha Agarwal,neha.agarwal10207@mail.com,Chennai,2023-10-07,Regular
10208,Anjali Banerjee,anjali.banerjee10208@mail.com,Mumbai,2024-04-24,Regular
10209,Swati Kapoor,swati.kapoor10209@mail.com,Pune,2024-07-27,New
10210,Suresh Rao,suresh.rao10210@mail.com,Kolkata,2024-04-23,Regular
10211,Kavita Pillai,kavita.pillai10211@mail.com,Delhi,2023-12-25,Regular
10212,Shreya Desai,shreya.desai10212@mail.com,Delhi,2024-04-06,Regular
10213,Neha Chopra,neha.chopra10213@mail.com,Bangalore,2024-02-19,Regular
10214,Pooja Singh,pooja.singh10214@mail.com,Mumbai,2023-10-27,New
10215,Gaurav Gupta,gaurav.gupta10215@mail.com,Pune,2023-09-06,Premium
10216,Kavita Pillai,kavita.pillai10216@mail.com,Hyderabad,2023-12-19,Regular
10217,Priya Verma,priya.verma10217@mail.com,Ahmedabad,2023-10-25,Regular
10218,Swati Joshi,swati.joshi10218@mail.com,Kolkata,2023-06-24,Regular
10219,Amit Chopra,amit.chopra10219@mail.com,Ahmedabad,2024-07-27,New
10220,Sanjay Joshi,sanjay.joshi10220@mail.com,Pune,2024-06-21,Unknown
10221,Priya Singh,priya.singh10221@mail.com,Pune,2024-02-21,Regular
10222,Anjali Mehta,anjali.mehta10222@mail.com,Bangalore,2024-04-11,Premium
10223,Meera Pillai,meera.pillai10223@mail.com,Chennai,2024-07-22,Regular
10224,Kavita Kumar,kavita.kumar10224@mail.com,Ahmedabad,2024-05-01,Premium
10225,Rohit Pillai,rohit.pillai10225@mail.com,Bangalore,2024-04-18,Premium
10226,Pooja Sharma,pooja.sharma10226@mail.com,Mumbai,2023-06-10,Regular
10227,Karan Kapoor,karan.kapoor10227@mail.com,Ahmedabad,2024-05-27,Regular
10228,Karan Chopra,karan.chopra10228@mail.com,Pune,2024-01-22,New
10229,Swati Iyer,swati.iyer10229@mail.com,Ahmedabad,2023-10-05,Regular
10230,Ajay Verma,ajay.verma10230@mail.com,Delhi,2024-05-26,Regular
10231,Swati Iyer,swati.iyer10231@mail.com,Chennai,2024-03-20,Premium
10232,Ajay Singh,ajay.singh10232@mail.com,Chennai,2023-10-26,New
10233,Swati Pillai,swati.pillai10233@mail.com,Delhi,2024-07-28,Regular
10234,Anjali Mukherjee,anjali.mukherjee10234@mail.com,Delhi,2023-06-26,Premium
10235,Divya Mehta,,Ahmedabad,2024-05-14,Premium
10236,Divya Pillai,divya.pillai10236@mail.com,Ahmedabad,2024-06-22,New
10237,Amit Mukherjee,amit.mukherjee10237@mail.com,Delhi,2024-06-13,Premium
10238,Gaurav Gupta,gaurav.gupta10238@mail.com,Hyderabad,2024-07-08,Regular
10239,Gaurav Sharma,gaurav.sharma10239@mail.com,Hyderabad,2024-03-17,Premium
10240,Vivek Banerjee,vivek.banerjee10240@mail.com,Ahmedabad,2024-08-09,Regular
10241,Swati Desai,swati.desai10241@mail.com,Chennai,2023-09-04,Regular
10242,Rahul Gupta,rahul.gupta10242@mail.com,Kolkata,2024-02-19,Regular
10243,Shreya Mehta,shreya.mehta10243@mail.com,Delhi,2023-10-12,Regular
10244,Rohit Mukherjee,rohit.mukherjee10244@mail.com,Hyderabad,2024-04-30,Regular
10245,Anita Chopra,anita.chopra10245@mail.com,Chennai,2023-07-31,Premium
10246,Vikram Pillai,vikram.pillai10246@mail.com,Bangalore,2024-06-17,New
10247,Ajay Banerjee,ajay.banerjee10247@mail.com,Delhi,2024-05-14,Premium
10248,Deepak Joshi,deepak.joshi10248@mail.com,Mumbai,2023-07-28,Regular
10249,Vikram Gupta,vikram.gupta10249@mail.com,Pune,2023-07-30,Premium
10250,Manoj Sharma,manoj.sharma10250@mail.com,Ahmedabad,2024-02-18,Regular
10251,Kavita Kumar,kavita.kumar10251@mail.com,Kolkata,2024-07-23,Regular
10252,Deepak Patel,deepak.patel10252@mail.com,Hyderabad,2024-01-28,Regular
10253,Swati Malhotra,swati.malhotra10253@mail.com,Pune,2024-01-16,New
10254,Nisha Banerjee,nisha.banerjee10254@mail.com,Bangalore,2024-08-14,Regular
10255,Swati Nair,swati.nair10255@mail.com,Hyderabad,2023-10-31,Regular
10256,Pooja Nair,pooja.nair10256@mail.com,Ahmedabad,2023-08-19,Regular
10257,Ritu Malhotra,ritu.malhotra10257@mail.com,Hyderabad,2023-09-14,Regular
10258,Pallavi Sharma,pallavi.sharma10258@mail.com,Delhi,2023-06-23,Regular
10259,Priya Singh,priya.singh10259@mail.com,Chennai,2024-07-22,New
10260,Naveen Mehta,naveen.mehta10260@mail.com,Delhi,2024-08-22,Regular
10261,Priya Banerjee,priya.banerjee10261@mail.com,Bangalore,2024-05-13,Regular
10262,Nisha Chopra,nisha.chopra10262@mail.com,Pune,2023-12-27,Regular
10263,Pallavi Nair,pallavi.nair10263@mail.com,Chennai,2023-08-13,Premium
10264,Meera Agarwal,meera.agarwal10264@mail.com,Bangalore,2023-10-03,Regular
10265,Neha Patel,neha.patel10265@mail.com,Delhi,2023-10-16,Regular
10266,Ritu Mukherjee,ritu.mukherjee10266@mail.com,Delhi,2023-09-15,Unknown
10267,Isha Rao,isha.rao10267@mail.com,Mumbai,2024-06-21,Regular
10268,Isha Nair,isha.nair10268@mail.com,Pune,2023-12-12,Regular
10269,Gaurav Pillai,gaurav.pillai10269@mail.com,Ahmedabad,2024-07-16,New
10270,Neha Mehta,neha.mehta10270@mail.com,Unknown,2024-03-15,New
10271,Rohit Mukherjee,rohit.mukherjee10271@mail.com,Kolkata,2023-08-18,Regular
10272,Meera Mehta,meera.mehta10272@mail.com,Chennai,2024-06-05,Premium
10273,Anita Singh,anita.singh10273@mail.com,Ahmedabad,2024-08-29,Unknown
10274,Pallavi Patel,pallavi.patel10274@mail.com,Hyderabad,2023-12-29,Regular
10275,Rahul Agarwal,rahul.agarwal10275@mail.com,Ahmedabad,2023-07-01,Premium
10276,Shreya Kumar,shreya.kumar10276@mail.com,Hyderabad,2023-06-07,Regular
10277,Karan Malhotra,karan.malhotra10277@mail.com,Bangalore,2023-07-20,Regular
10278,Neha Iyer,neha.iyer10278@mail.com,Kolkata,2023-12-09,New
10279,Kavita Patel,kavita.patel10279@mail.com,Hyderabad,2023-12-25,Unknown
10280,Anita Patel,anita.patel10280@mail.com,Ahmedabad,2024-04-26,Premium
10281,Karan Sharma,karan.sharma10281@mail.com,Delhi,2024-08-18,Premium
10282,Nisha Iyer,nisha.iyer10282@mail.com,Hyderabad,2024-08-09,Regular
10283,Deepak Chopra,deepak.chopra10283@mail.com,Mumbai,2023-08-23,Regular
10284,Meera Mehta,meera.mehta10284@mail.com,Kolkata,2023-08-11,Premium
10285,Neha Sharma,neha.sharma10285@mail.com,Mumbai,2023-09-27,Premium
10286,Sanjay Mehta,sanjay.mehta10286@mail.com,Hyderabad,2024-07-06,New
10287,Divya Gupta,divya.gupta10287@mail.com,Kolkata,2024-06-30,Premium
10288,Vikram Chopra,vikram.chopra10288@mail.com,Unknown,2023-12-17,Regular
10289,Neha Iyer,neha.iyer10289@mail.com,Mumbai,2023-07-15,Regular
10290,Ravi Patel,ravi.patel10290@mail.com,Pune,2024-04-01,Regular
10291,Sanjay Patel,sanjay.patel10291@mail.com,Delhi,2024-02-22,Regular
10292,Shreya Singh,shreya.singh10292@mail.com,Mumbai,2024-01-09,Regular
10293,Pooja Pillai,,Delhi,2023-07-25,Regular
10294,Sanjay Mehta,sanjay.mehta10294@mail.com,Ahmedabad,2024-01-07,Premium
10295,Arjun Kapoor,arjun.kapoor10295@mail.com,Delhi,2023-11-08,Regular
10296,Vivek Pillai,vivek.pillai10296@mail.com,Delhi,2023-12-10,Regular
10297,Rahul Mukherjee,rahul.mukherjee10297@mail.com,Bangalore,2024-06-28,Regular
10298,Manoj Verma,manoj.verma10298@mail.com,Mumbai,2024-05-10,Regular
10299,Deepak Malhotra,deepak.malhotra10299@mail.com,Kolkata,2024-01-16,New
10300,Isha Malhotra,isha.malhotra10300@mail.com,Hyderabad,2024-05-25,New
10301,Ajay Nair,ajay.nair10301@mail.com,Pune,2024-04-27,Premium
10302,Ajay Mehta,ajay.mehta10302@mail.com,Kolkata,2023-06-06,Regular
10303,Deepak Mukherjee,deepak.mukherjee10303@mail.com,Delhi,2023-12-09,Regular
10304,Neha Kumar,neha.kumar10304@mail.com,Ahmedabad,2023-10-30,Regular
10305,Vikram Joshi,vikram.joshi10305@mail.com,Chennai,2024-01-20,Premium
10306,Swati Desai,swati.desai10306@mail.com,Unknown,2023-11-01,Regular
10307,Sneha Gupta,sneha.gupta10307@mail.com,Delhi,2023-08-29,Regular
10308,Ritu Chopra,ritu.chopra10308@mail.com,Bangalore,2024-04-23,Premium
10309,Manoj Mukherjee,manoj.mukherjee10309@mail.com,Kolkata,2023-06-03,Premium
10310,Amit Mukherjee,amit.mukherjee10310@mail.com,Mumbai,2023-09-04,Regular
10311,Shreya Agarwal,shreya.agarwal10311@mail.com,Pune,2024-04-08,Regular
10312,Anita Verma,anita.verma10312@mail.com,Mumbai,2023-08-08,Regular
10313,Vikram Agarwal,vikram.agarwal10313@mail.com,Kolkata,2024-04-01,Regular
10314,Deepak Gupta,deepak.gupta10314@mail.com,Bangalore,2023-10-26,Regular
10315,Neha Kumar,neha.kumar10315@mail.com,Ahmedabad,2023-09-08,Premium
10316,Nisha Pillai,nisha.pillai10316@mail.com,Kolkata,2024-08-04,Regular
10317,Pooja Verma,pooja.verma10317@mail.com,Hyderabad,2023-09-24,Regular
10318,Ajay Pillai,ajay.pillai10318@mail.com,Mumbai,2023-07-29,Regular
10319,Ajay Sharma,ajay.sharma10319@mail.com,Ahmedabad,2024-01-04,Regular
10320,Priya Desai,priya.desai10320@mail.com,Chennai,2024-08-15,Premium
10321,Pooja Rao,pooja.rao10321@mail.com,Pune,2023-08-24,Premium
10322,Rohit Joshi,rohit.joshi10322@mail.com,Chennai,2024-03-02,Regular
10323,Pallavi Agarwal,pallavi.agarwal10323@mail.com,Mumbai,2024-06-19,Premium
10324,Vikram Singh,vikram.singh10324@mail.com,Delhi,2024-05-30,Regular
10325,Vikram Mukherjee,vikram.mukherjee10325@mail.com,Chennai,2023-12-30,Regular
10326,Sanjay Agarwal,sanjay.agarwal10326@mail.com,Chennai,2024-08-23,Unknown
10327,Ajay Patel,ajay.patel10327@mail.com,Ahmedabad,2024-08-09,Regular
10328,Rahul Pillai,rahul.pillai10328@mail.com,Chennai,2024-07-29,Regular
10329,Ritu Mehta,ritu.mehta10329@mail.com,Unknown,2023-07-21,Premium
10330,Anita Desai,anita.desai10330@mail.com,Ahmedabad,2024-01-06,Regular
10331,Anita Iyer,anita.iyer10331@mail.com,Mumbai,2023-12-02,Regular
10332,Sanjay Verma,sanjay.verma10332@mail.com,Delhi,2024-05-01,Regular
10333,Rohit Nair,rohit.nair10333@mail.com,Ahmedabad,2023-06-05,Premium
10334,Vikram Pillai,vikram.pillai10334@mail.com,Mumbai,2023-12-14,Regular
10335,Kavita Singh,kavita.singh10335@mail.com,Kolkata,2024-04-24,Unknown
10336,Vivek Gupta,vivek.gupta10336@mail.com,Ahmedabad,2024-06-04,Regular
10337,Manoj Rao,manoj.rao10337@mail.com,Mumbai,2023-08-11,Premium
10338,Arjun Singh,arjun.singh10338@mail.com,Delhi,2024-04-26,Regular
10339,Ajay Kumar,ajay.kumar10339@mail.com,Chennai,2024-02-21,Premium
10340,Ritu Nair,ritu.nair10340@mail.com,Ahmedabad,2023-07-28,Regular
10341,Ravi Joshi,ravi.joshi10341@mail.com,Pune,2023-12-16,New
10342,Ajay Pillai,ajay.pillai10342@mail.com,Mumbai,2024-03-27,Regular
10343,Ritu Chopra,ritu.chopra10343@mail.com,Chennai,2024-05-30,Regular
10344,Meera Banerjee,meera.banerjee10344@mail.com,Bangalore,2023-07-13,Regular
10345,Meera Mehta,meera.mehta10345@mail.com,Kolkata,2024-04-20,Premium
10346,Divya Nair,divya.nair10346@mail.com,Hyderabad,2023-07-15,New
10347,Nisha Gupta,,Mumbai,2024-05-28,Regular
10348,Karan Iyer,karan.iyer10348@mail.com,Bangalore,2023-08-04,Premium
10349,Gaurav Kumar,gaurav.kumar10349@mail.com,Pune,2023-10-18,Regular
10350,Shreya Desai,shreya.desai10350@mail.com,Pune,2024-02-11,New
10351,Gaurav Mukherjee,gaurav.mukherjee10351@mail.com,Mumbai,2024-06-14,Regular
10352,Shreya Joshi,shreya.joshi10352@mail.com,Kolkata,2023-08-31,New
10353,Swati Malhotra,swati.malhotra10353@mail.com,Delhi,2023-10-06,Regular
10354,Neha Reddy,neha.reddy10354@mail.com,Hyderabad,2023-09-23,Premium
10355,Manoj Verma,,Chennai,2023-07-15,Regular
10356,Kavita Kapoor,kavita.kapoor10356@mail.com,Delhi,2023-12-06,Regular
10357,Gaurav Banerjee,,Delhi,2023-06-04,New
10358,Deepak Kumar,deepak.kumar10358@mail.com,Pune,2024-06-23,Premium
10359,Karan Nair,karan.nair10359@mail.com,Kolkata,2023-07-01,Unknown
10360,Pooja Agarwal,pooja.agarwal10360@mail.com,Kolkata,2023-12-08,Regular
10361,Vivek Chopra,vivek.chopra10361@mail.com,Mumbai,2024-03-17,Regular
10362,Pallavi Mehta,pallavi.mehta10362@mail.com,Kolkata,2024-07-30,Premium
10363,Rahul Singh,rahul.singh10363@mail.com,Mumbai,2023-07-25,Regular
10364,Ajay Rao,ajay.rao10364@mail.com,Ahmedabad,2024-01-24,Regular
10365,Naveen Kapoor,naveen.kapoor10365@mail.com,Hyderabad,2024-08-01,New
10366,Sanjay Agarwal,sanjay.agarwal10366@mail.com,Hyderabad,2023-10-12,Premium
10367,Meera Banerjee,meera.banerjee10367@mail.com,Delhi,2024-01-23,Regular
10368,Ajay Nair,ajay.nair10368@mail.com,Bangalore,2024-07-26,Regular
10369,Rohit Iyer,rohit.iyer10369@mail.com,Mumbai,2023-07-04,Regular
10370,Pallavi Mehta,pallavi.mehta10370@mail.com,Mumbai,2024-01-23,Regular
10371,Shreya Kumar,shreya.kumar10371@mail.com,Kolkata,2024-01-05,Regular
10372,Gaurav Singh,gaurav.singh10372@mail.com,Hyderabad,2024-04-27,Regular
10373,Suresh Chopra,suresh.chopra10373@mail.com,Bangalore,2023-09-11,Premium
10374,Meera Kumar,meera.kumar10374@mail.com,Kolkata,2023-12-01,Regular
10375,Arjun Chopra,arjun.chopra10375@mail.com,Chennai,2023-06-14,Regular
10376,Priya Pillai,priya.pillai10376@mail.com,Pune,2023-08-21,Regular
10377,Isha Sharma,isha.sharma10377@mail.com,Delhi,2024-08-07,New
10378,Anita Gupta,anita.gupta10378@mail.com,Delhi,2023-11-10,Unknown
10379,Deepak Joshi,deepak.joshi10379@mail.com,Bangalore,2023-09-05,Premium
10380,Anita Pillai,anita.pillai10380@mail.com,Hyderabad,2023-06-29,Unknown
10381,Isha Kapoor,isha.kapoor10381@mail.com,Delhi,2023-11-22,Premium
10382,Ravi Singh,ravi.singh10382@mail.com,Bangalore,2024-08-07,Regular
10383,Nisha Chopra,nisha.chopra10383@mail.com,Mumbai,2023-11-02,Regular
10384,Vivek Pillai,vivek.pillai10384@mail.com,Pune,2024-05-28,New
10385,Pooja Mukherjee,pooja.mukherjee10385@mail.com,Bangalore,2023-11-05,Unknown
10386,Deepak Mukherjee,deepak.mukherjee10386@mail.com,Kolkata,2023-06-17,Regular
10387,Vivek Mukherjee,vivek.mukherjee10387@mail.com,Mumbai,2023-08-12,Regular
10388,Vivek Patel,vivek.patel10388@mail.com,Pune,2023-06-06,Regular
10389,Sneha Kumar,sneha.kumar10389@mail.com,Hyderabad,2024-01-11,Premium
10390,Sanjay Joshi,sanjay.joshi10390@mail.com,Kolkata,2024-07-29,Regular
10391,Anita Desai,anita.desai10391@mail.com,Mumbai,2023-10-29,Regular
10392,Gaurav Chopra,gaurav.chopra10392@mail.com,Bangalore,2023-07-09,Regular
10393,Anjali Pillai,anjali.pillai10393@mail.com,Hyderabad,2024-04-30,Regular
10394,Rahul Rao,rahul.rao10394@mail.com,Kolkata,2024-03-10,Premium
10395,Pooja Reddy,pooja.reddy10395@mail.com,Hyderabad,2024-03-19,Unknown
10396,Amit Verma,amit.verma10396@mail.com,Ahmedabad,2023-07-20,Regular
10397,Pallavi Reddy,pallavi.reddy10397@mail.com,Chennai,2024-01-28,Regular
10398,Anita Joshi,anita.joshi10398@mail.com,Kolkata,2023-09-04,Regular
10399,Suresh Mukherjee,suresh.mukherjee10399@mail.com,Hyderabad,2024-06-20,Premium
10400,Divya Mukherjee,divya.mukherjee10400@mail.com,Delhi,2023-07-02,Premium
10401,Pallavi Pillai,pallavi.pillai10401@mail.com,Delhi,2023-11-01,Regular
10402,Gaurav Agarwal,gaurav.agarwal10402@mail.com,Bangalore,2024-06-22,Regular
10403,Rahul Singh,rahul.singh10403@mail.com,Hyderabad,2023-07-11,New
10404,Naveen Kapoor,naveen.kapoor10404@mail.com,Chennai,2024-06-07,New
10405,Arjun Iyer,arjun.iyer10405@mail.com,Ahmedabad,2024-07-07,Premium
10406,Vikram Singh,vikram.singh10406@mail.com,Mumbai,2024-03-15,Premium
10407,Gaurav Malhotra,gaurav.malhotra10407@mail.com,Chennai,2024-05-01,Regular
10408,Vikram Kapoor,vikram.kapoor10408@mail.com,Kolkata,2023-12-20,New
10409,Isha Iyer,isha.iyer10409@mail.com,Pune,2023-11-20,Premium
10410,Deepak Reddy,deepak.reddy10410@mail.com,Delhi,2023-11-01,New
10411,Divya Kapoor,divya.kapoor10411@mail.com,Mumbai,2024-01-13,Regular
10412,Pallavi Joshi,pallavi.joshi10412@mail.com,Hyderabad,2023-07-04,Regular
10413,Gaurav Mukherjee,gaurav.mukherjee10413@mail.com,Hyderabad,2023-09-07,Unknown
10414,Priya Joshi,priya.joshi10414@mail.com,Delhi,2023-12-06,Premium
10415,Ravi Nair,ravi.nair10415@mail.com,Pune,2024-03-31,Regular
10416,Neha Gupta,neha.gupta10416@mail.com,Chennai,2024-07-30,Premium
10417,Rohit Rao,rohit.rao10417@mail.com,Delhi,2023-09-24,Unknown
10418,Ajay Kumar,ajay.kumar10418@mail.com,Ahmedabad,2024-04-27,Regular
10419,Kavita Iyer,kavita.iyer10419@mail.com,Kolkata,2024-08-10,Regular
10420,Naveen Kapoor,naveen.kapoor10420@mail.com,Kolkata,2023-07-23,Regular
10421,Meera Kapoor,meera.kapoor10421@mail.com,Chennai,2024-05-16,Regular
10422,Pallavi Iyer,pallavi.iyer10422@mail.com,Chennai,2024-05-30,New
10423,Pooja Sharma,pooja.sharma10423@mail.com,Kolkata,2023-11-11,Premium
10424,Suresh Malhotra,suresh.malhotra10424@mail.com,Kolkata,2024-06-12,Regular
10425,Swati Nair,swati.nair10425@mail.com,Ahmedabad,2024-02-15,Regular
10426,Kavita Reddy,kavita.reddy10426@mail.com,Ahmedabad,2024-06-14,Regular
10427,Nisha Mehta,nisha.mehta10427@mail.com,Mumbai,2023-11-29,Regular
10428,Neha Iyer,neha.iyer10428@mail.com,Chennai,2024-08-09,Regular
10429,Anjali Patel,anjali.patel10429@mail.com,Ahmedabad,2024-02-12,Regular
10430,Pallavi Singh,pallavi.singh10430@mail.com,Bangalore,2023-11-23,Regular
10431,Arjun Gupta,arjun.gupta10431@mail.com,Mumbai,2023-11-18,Unknown
10432,Suresh Rao,suresh.rao10432@mail.com,Bangalore,2024-06-26,Regular
10433,Divya Malhotra,,Kolkata,2024-01-31,Regular
10434,Ravi Mehta,ravi.mehta10434@mail.com,Delhi,2024-05-12,Regular
10435,Kavita Singh,kavita.singh10435@mail.com,Mumbai,2024-02-13,Regular
10436,Kavita Desai,kavita.desai10436@mail.com,Pune,2024-08-28,Premium
10437,Ajay Rao,ajay.rao10437@mail.com,Bangalore,2023-06-10,Regular
10438,Rohit Agarwal,rohit.agarwal10438@mail.com,Bangalore,2023-12-05,Premium
10439,Ajay Banerjee,ajay.banerjee10439@mail.com,Hyderabad,2024-05-04,Regular
10440,Manoj Chopra,manoj.chopra10440@mail.com,Mumbai,2023-10-08,Regular
10441,Kavita Malhotra,kavita.malhotra10441@mail.com,Mumbai,2024-02-22,Regular
10442,Sneha Agarwal,sneha.agarwal10442@mail.com,Mumbai,2023-07-29,Premium
10443,Naveen Agarwal,naveen.agarwal10443@mail.com,Delhi,2024-05-26,Regular
10444,Deepak Pillai,deepak.pillai10444@mail.com,Pune,2023-06-02,Regular
10445,Shreya Singh,shreya.singh10445@mail.com,Mumbai,2023-07-09,Premium
10446,Kavita Iyer,kavita.iyer10446@mail.com,Ahmedabad,2023-07-22,Premium
10447,Nisha Mehta,nisha.mehta10447@mail.com,Kolkata,2023-07-30,Regular
10448,Nisha Gupta,nisha.gupta10448@mail.com,Pune,2024-08-31,Regular
10449,Naveen Mehta,naveen.mehta10449@mail.com,Bangalore,2023-12-23,Regular
10450,Shreya Malhotra,shreya.malhotra10450@mail.com,Bangalore,2023-08-07,Premium
10451,Divya Mukherjee,divya.mukherjee10451@mail.com,Ahmedabad,2023-09-01,Premium
10452,Gaurav Singh,gaurav.singh10452@mail.com,Ahmedabad,2023-07-28,New
10453,Ravi Agarwal,ravi.agarwal10453@mail.com,Delhi,2024-08-21,Regular
10454,Nisha Nair,nisha.nair10454@mail.com,Ahmedabad,2024-05-05,Premium
10455,Anjali Sharma,anjali.sharma10455@mail.com,Hyderabad,2024-02-14,Premium
10456,Shreya Mehta,shreya.mehta10456@mail.com,Delhi,2023-10-21,Regular
10457,Pooja Patel,pooja.patel10457@mail.com,Ahmedabad,2024-07-15,Regular
10458,Shreya Kumar,shreya.kumar10458@mail.com,Mumbai,2023-12-29,Regular
10459,Anjali Verma,anjali.verma10459@mail.com,Delhi,2024-05-09,Regular
10460,Pallavi Desai,pallavi.desai10460@mail.com,Pune,2024-06-01,Premium
10461,Pooja Kumar,pooja.kumar10461@mail.com,Pune,2024-07-29,Premium
10462,Sneha Sharma,sneha.sharma10462@mail.com,Bangalore,2023-08-11,Premium
10463,Rahul Rao,rahul.rao10463@mail.com,Mumbai,2023-09-19,Regular
10464,Divya Sharma,divya.sharma10464@mail.com,Mumbai,2024-01-21,Premium
10465,Karan Sharma,karan.sharma10465@mail.com,Kolkata,2024-02-03,New
10466,Anita Singh,anita.singh10466@mail.com,Mumbai,2024-05-02,Premium
10467,Anjali Nair,anjali.nair10467@mail.com,Chennai,2023-11-23,New
10468,Deepak Agarwal,deepak.agarwal10468@mail.com,Chennai,2024-03-07,New
10469,Rahul Rao,rahul.rao10469@mail.com,Chennai,2023-11-24,New
10470,Anita Agarwal,anita.agarwal10470@mail.com,Pune,2024-06-24,Regular
10471,Divya Banerjee,divya.banerjee10471@mail.com,Chennai,2024-07-18,Regular
10472,Priya Rao,priya.rao10472@mail.com,Chennai,2023-10-25,Premium
10473,Rahul Banerjee,rahul.banerjee10473@mail.com,Hyderabad,2024-07-21,Regular
10474,Pooja Banerjee,pooja.banerjee10474@mail.com,Kolkata,2024-02-17,Premium
10475,Isha Chopra,isha.chopra10475@mail.com,Kolkata,2024-07-08,Unknown
10476,Suresh Rao,suresh.rao10476@mail.com,Ahmedabad,2024-04-20,Premium
10477,Anjali Rao,anjali.rao10477@mail.com,Delhi,2024-01-16,Regular
10478,Karan Reddy,karan.reddy10478@mail.com,Kolkata,2024-01-06,Regular
10479,Ravi Mehta,ravi.mehta10479@mail.com,Ahmedabad,2023-06-21,Regular
10480,Anjali Verma,anjali.verma10480@mail.com,Ahmedabad,2023-07-08,Premium
10481,Amit Agarwal,amit.agarwal10481@mail.com,Bangalore,2024-03-05,Regular
10482,Arjun Mehta,arjun.mehta10482@mail.com,Pune,2023-09-20,New
10483,Ajay Kumar,ajay.kumar10483@mail.com,Mumbai,2023-11-25,Regular
10484,Priya Mehta,priya.mehta10484@mail.com,Unknown,2023-12-15,Regular
10485,Ajay Joshi,ajay.joshi10485@mail.com,Ahmedabad,2023-06-23,Regular
10486,Sneha Gupta,sneha.gupta10486@mail.com,Hyderabad,2023-09-16,Premium
10487,Sneha Rao,sneha.rao10487@mail.com,Kolkata,2024-07-23,New
10488,Arjun Sharma,arjun.sharma10488@mail.com,Mumbai,2023-06-28,Regular
10489,Isha Iyer,isha.iyer10489@mail.com,Unknown,2024-01-17,Premium
10490,Meera Kumar,meera.kumar10490@mail.com,Mumbai,2024-03-26,Regular
10491,Kavita Verma,kavita.verma10491@mail.com,Mumbai,2024-06-26,Unknown
10492,Anita Banerjee,anita.banerjee10492@mail.com,Delhi,2024-06-17,Regular
10493,Vikram Verma,vikram.verma10493@mail.com,Pune,2024-03-10,New
10494,Sanjay Banerjee,sanjay.banerjee10494@mail.com,Mumbai,2023-09-16,Premium
10495,Vivek Agarwal,vivek.agarwal10495@mail.com,Bangalore,2023-09-03,Regular
10496,Ritu Mukherjee,ritu.mukherjee10496@mail.com,Hyderabad,2024-04-26,Regular
10497,Swati Mukherjee,swati.mukherjee10497@mail.com,Ahmedabad,2023-11-30,Regular
10498,Gaurav Rao,gaurav.rao10498@mail.com,Pune,2024-01-17,Regular
10499,Rohit Joshi,rohit.joshi10499@mail.com,Pune,2023-08-26,Regular
10500,Divya Iyer,divya.iyer10500@mail.com,Pune,2024-05-13,Premium
10501,Kavita Pillai,kavita.pillai10501@mail.com,Mumbai,2024-04-26,Premium
10502,Meera Rao,meera.rao10502@mail.com,Chennai,2024-08-27,Premium
10503,Vivek Kumar,vivek.kumar10503@mail.com,Kolkata,2023-09-17,New
10504,Shreya Singh,shreya.singh10504@mail.com,Pune,2023-09-23,New
10505,Karan Agarwal,karan.agarwal10505@mail.com,Mumbai,2023-12-04,Regular
10506,Anjali Gupta,anjali.gupta10506@mail.com,Bangalore,2023-08-21,Regular
10507,Swati Pillai,swati.pillai10507@mail.com,Pune,2023-09-21,Premium
10508,Nisha Rao,nisha.rao10508@mail.com,Pune,2024-01-27,New
10509,Sneha Agarwal,sneha.agarwal10509@mail.com,Chennai,2023-10-13,Regular
10510,Rohit Patel,rohit.patel10510@mail.com,Chennai,2023-09-23,Regular
10511,Shreya Kapoor,shreya.kapoor10511@mail.com,Hyderabad,2024-01-12,Regular
10512,Anita Gupta,anita.gupta10512@mail.com,Pune,2024-05-04,Regular
10513,Shreya Pillai,shreya.pillai10513@mail.com,Delhi,2023-08-22,Premium
10514,Rohit Gupta,rohit.gupta10514@mail.com,Bangalore,2024-02-18,Regular
10515,Anita Agarwal,anita.agarwal10515@mail.com,Kolkata,2024-03-15,Premium
10516,Amit Rao,amit.rao10516@mail.com,Ahmedabad,2024-08-18,Regular
10517,Rohit Gupta,rohit.gupta10517@mail.com,Chennai,2024-06-05,Premium
10518,Sanjay Chopra,sanjay.chopra10518@mail.com,Bangalore,2023-06-09,Regular
10519,Vikram Kapoor,vikram.kapoor10519@mail.com,Mumbai,2024-01-30,New
10520,Ajay Reddy,ajay.reddy10520@mail.com,Mumbai,2024-05-03,Regular
10521,Ajay Malhotra,ajay.malhotra10521@mail.com,Kolkata,2024-08-21,Regular
10522,Ritu Chopra,ritu.chopra10522@mail.com,Pune,2024-01-04,Regular
10523,Kavita Kapoor,kavita.kapoor10523@mail.com,Unknown,2023-09-05,Regular
10524,Karan Kumar,karan.kumar10524@mail.com,Kolkata,2023-09-14,Premium
10525,Vivek Mukherjee,vivek.mukherjee10525@mail.com,Chennai,2024-08-11,Regular
10526,Sanjay Rao,sanjay.rao10526@mail.com,Kolkata,2024-07-06,Regular
10527,Kavita Mukherjee,kavita.mukherjee10527@mail.com,Pune,2024-06-11,Regular
10528,Ritu Gupta,ritu.gupta10528@mail.com,Mumbai,2024-02-16,Regular
10529,Deepak Sharma,deepak.sharma10529@mail.com,Bangalore,2024-04-21,Regular
10530,Divya Patel,divya.patel10530@mail.com,Mumbai,2023-09-22,Regular
10531,Sanjay Kapoor,sanjay.kapoor10531@mail.com,Chennai,2024-04-01,Regular
10532,Ravi Rao,ravi.rao10532@mail.com,Chennai,2023-06-18,Premium
10533,Nisha Sharma,nisha.sharma10533@mail.com,Pune,2024-05-01,Regular
10534,Neha Chopra,neha.chopra10534@mail.com,Kolkata,2023-09-11,Regular
10535,Kavita Banerjee,kavita.banerjee10535@mail.com,Pune,2024-07-22,Regular
10536,Rohit Kumar,rohit.kumar10536@mail.com,Chennai,2023-12-26,Regular
10537,Sneha Agarwal,sneha.agarwal10537@mail.com,Chennai,2024-07-21,Premium
10538,Shreya Nair,shreya.nair10538@mail.com,Unknown,2024-05-14,Regular
10539,Amit Chopra,amit.chopra10539@mail.com,Delhi,2024-05-25,Regular
10540,Ravi Iyer,ravi.iyer10540@mail.com,Delhi,2023-07-18,Regular
10541,Anita Pillai,anita.pillai10541@mail.com,Pune,2023-09-20,New
10542,Isha Rao,isha.rao10542@mail.com,Ahmedabad,2023-09-29,Premium
10543,Pooja Kapoor,pooja.kapoor10543@mail.com,Pune,2024-07-03,Regular
10544,Anjali Kumar,anjali.kumar10544@mail.com,Hyderabad,2023-12-08,Premium
10545,Pallavi Iyer,pallavi.iyer10545@mail.com,Ahmedabad,2024-06-26,New
10546,Priya Agarwal,priya.agarwal10546@mail.com,Kolkata,2024-03-03,Regular
10547,Manoj Reddy,manoj.reddy10547@mail.com,Ahmedabad,2024-05-18,Regular
10548,Neha Kapoor,neha.kapoor10548@mail.com,Chennai,2024-03-07,Regular
10549,Anita Pillai,anita.pillai10549@mail.com,Kolkata,2024-01-01,Premium
10550,Anita Mukherjee,anita.mukherjee10550@mail.com,Bangalore,2024-05-17,Regular
10551,Divya Chopra,divya.chopra10551@mail.com,Delhi,2024-07-14,New
10552,Shreya Singh,shreya.singh10552@mail.com,Pune,2023-11-01,Regular
10553,Anita Sharma,anita.sharma10553@mail.com,Delhi,2024-01-30,Premium
10554,Neha Banerjee,neha.banerjee10554@mail.com,Chennai,2023-06-11,Regular
10555,Rohit Mukherjee,rohit.mukherjee10555@mail.com,Bangalore,2023-11-29,Regular
10556,Amit Chopra,amit.chopra10556@mail.com,Chennai,2024-04-19,New
10557,Divya Kapoor,divya.kapoor10557@mail.com,Kolkata,2023-07-11,Regular
10558,Suresh Kapoor,suresh.kapoor10558@mail.com,Kolkata,2024-08-28,Regular
10559,Manoj Malhotra,manoj.malhotra10559@mail.com,Bangalore,2024-08-11,Regular
10560,Deepak Patel,deepak.patel10560@mail.com,Delhi,2023-12-21,Regular
10561,Ravi Chopra,ravi.chopra10561@mail.com,Mumbai,2023-10-13,Premium
10562,Pooja Nair,pooja.nair10562@mail.com,Chennai,2024-04-16,Unknown
10563,Neha Mehta,neha.mehta10563@mail.com,Ahmedabad,2024-08-19,Regular
10564,Deepak Banerjee,deepak.banerjee10564@mail.com,Bangalore,2024-04-01,Regular
10565,Vivek Banerjee,vivek.banerjee10565@mail.com,Chennai,2024-02-02,Regular
10566,Suresh Singh,suresh.singh10566@mail.com,Chennai,2023-06-01,Regular
10567,Meera Kumar,meera.kumar10567@mail.com,Ahmedabad,2023-11-01,Regular
10568,Ravi Banerjee,ravi.banerjee10568@mail.com,Pune,2023-12-28,New
10569,Vivek Chopra,vivek.chopra10569@mail.com,Kolkata,2023-10-13,Regular
10570,Anjali Iyer,anjali.iyer10570@mail.com,Chennai,2024-06-15,Regular
10571,Vikram Verma,vikram.verma10571@mail.com,Mumbai,2024-01-20,Premium
10572,Ravi Singh,ravi.singh10572@mail.com,Hyderabad,2023-09-04,New
10573,Ravi Nair,ravi.nair10573@mail.com,Mumbai,2023-06-08,Regular
10574,Neha Desai,neha.desai10574@mail.com,Hyderabad,2023-07-12,Premium
10575,Amit Banerjee,amit.banerjee10575@mail.com,Ahmedabad,2023-09-07,Unknown
10576,Ajay Nair,,Kolkata,2023-10-05,Premium
10577,Karan Rao,karan.rao10577@mail.com,Ahmedabad,2024-05-14,New
10578,Swati Banerjee,swati.banerjee10578@mail.com,Mumbai,2024-02-02,Premium
10579,Rahul Reddy,rahul.reddy10579@mail.com,Delhi,2024-01-09,Regular
10580,Ritu Nair,ritu.nair10580@mail.com,Hyderabad,2024-03-24,Premium
10581,Amit Nair,amit.nair10581@mail.com,Bangalore,2023-07-17,Premium
10582,Priya Sharma,priya.sharma10582@mail.com,Pune,2024-05-25,Regular
10583,Meera Joshi,meera.joshi10583@mail.com,Ahmedabad,2023-06-11,Premium
10584,Shreya Desai,shreya.desai10584@mail.com,Chennai,2024-05-22,Regular
10585,Manoj Iyer,manoj.iyer10585@mail.com,Bangalore,2024-02-27,Regular
10586,Ravi Agarwal,ravi.agarwal10586@mail.com,Kolkata,2023-09-03,New
10587,Arjun Patel,arjun.patel10587@mail.com,Kolkata,2024-02-24,Premium
10588,Divya Mehta,divya.mehta10588@mail.com,Mumbai,2024-02-23,Premium
10589,Priya Rao,priya.rao10589@mail.com,Mumbai,2023-09-07,Regular
10590,Karan Kapoor,karan.kapoor10590@mail.com,Unknown,2023-12-05,Regular
10591,Vivek Pillai,vivek.pillai10591@mail.com,Mumbai,2024-07-15,Premium
10592,Naveen Joshi,naveen.joshi10592@mail.com,Hyderabad,2024-02-26,Regular
10593,Karan Reddy,karan.reddy10593@mail.com,Mumbai,2023-09-27,Regular
10594,Vivek Gupta,vivek.gupta10594@mail.com,Kolkata,2023-07-25,Premium
10595,Divya Reddy,divya.reddy10595@mail.com,Bangalore,2024-03-08,Regular
10596,Manoj Joshi,manoj.joshi10596@mail.com,Pune,2024-08-06,Regular
10597,Anjali Nair,anjali.nair10597@mail.com,Delhi,2024-06-27,Regular
10598,Sanjay Kumar,sanjay.kumar10598@mail.com,Hyderabad,2024-04-01,Unknown
10599,Pooja Rao,pooja.rao10599@mail.com,Pune,2024-06-30,Premium
10600,Meera Mukherjee,meera.mukherjee10600@mail.com,Bangalore,2023-06-20,Regular
10601,Pooja Nair,pooja.nair10601@mail.com,Chennai,2023-07-18,Regular
10602,Arjun Pillai,arjun.pillai10602@mail.com,Bangalore,2024-07-27,New
10603,Vivek Verma,vivek.verma10603@mail.com,Hyderabad,2023-07-11,Premium
10604,Divya Malhotra,divya.malhotra10604@mail.com,Unknown,2024-06-17,Premium
10605,Sanjay Sharma,sanjay.sharma10605@mail.com,Chennai,2023-06-22,Regular
10606,Vikram Sharma,vikram.sharma10606@mail.com,Kolkata,2024-06-20,Regular
10607,Sanjay Singh,sanjay.singh10607@mail.com,Bangalore,2023-07-13,Regular
10608,Sanjay Agarwal,sanjay.agarwal10608@mail.com,Kolkata,2023-08-06,Premium
10609,Rohit Rao,rohit.rao10609@mail.com,Delhi,2023-07-07,Regular
10610,Sneha Malhotra,sneha.malhotra10610@mail.com,Kolkata,2023-11-26,Regular
10611,Anita Joshi,anita.joshi10611@mail.com,Ahmedabad,2024-01-12,Regular
10612,Ajay Patel,ajay.patel10612@mail.com,Mumbai,2023-06-28,Regular
10613,Kavita Kumar,,Pune,2023-11-04,Regular
10614,Rahul Banerjee,rahul.banerjee10614@mail.com,Chennai,2024-02-03,Premium
10615,Sanjay Mukherjee,sanjay.mukherjee10615@mail.com,Hyderabad,2023-08-27,Regular
10616,Manoj Kumar,manoj.kumar10616@mail.com,Mumbai,2024-05-04,Regular
10617,Ravi Verma,ravi.verma10617@mail.com,Kolkata,2023-12-12,Regular
10618,Anjali Banerjee,anjali.banerjee10618@mail.com,Mumbai,2023-09-10,Unknown
10619,Pooja Agarwal,pooja.agarwal10619@mail.com,Chennai,2024-02-06,Regular
10620,Vivek Verma,vivek.verma10620@mail.com,Delhi,2023-10-20,Premium
10621,Naveen Kumar,naveen.kumar10621@mail.com,Chennai,2023-08-17,Regular
10622,Karan Kapoor,karan.kapoor10622@mail.com,Delhi,2023-10-02,Regular
10623,Manoj Banerjee,manoj.banerjee10623@mail.com,Bangalore,2024-04-30,Regular
10624,Kavita Agarwal,kavita.agarwal10624@mail.com,Bangalore,2024-06-29,Regular
10625,Meera Banerjee,meera.banerjee10625@mail.com,Unknown,2023-11-10,Premium
10626,Divya Malhotra,divya.malhotra10626@mail.com,Chennai,2024-06-16,New
10627,Ajay Rao,ajay.rao10627@mail.com,Mumbai,2023-09-03,Regular
10628,Anjali Nair,anjali.nair10628@mail.com,Delhi,2024-05-17,Regular
10629,Pallavi Kapoor,pallavi.kapoor10629@mail.com,Ahmedabad,2023-09-03,New
10630,Priya Malhotra,priya.malhotra10630@mail.com,Hyderabad,2023-12-29,Regular
10631,Anita Desai,anita.desai10631@mail.com,Ahmedabad,2024-08-17,Unknown
10632,Swati Chopra,swati.chopra10632@mail.com,Pune,2024-04-09,New
10633,Deepak Sharma,deepak.sharma10633@mail.com,Mumbai,2024-01-20,Premium
10634,Sanjay Sharma,sanjay.sharma10634@mail.com,Kolkata,2024-06-26,Premium
10635,Kavita Verma,kavita.verma10635@mail.com,Ahmedabad,2024-01-03,Regular
10636,Manoj Desai,manoj.desai10636@mail.com,Mumbai,2024-02-12,Regular
10637,Vikram Chopra,vikram.chopra10637@mail.com,Kolkata,2024-01-17,Regular
10638,Gaurav Desai,gaurav.desai10638@mail.com,Mumbai,2023-11-13,Premium
10639,Sneha Patel,sneha.patel10639@mail.com,Mumbai,2024-01-17,Premium
10640,Karan Kapoor,karan.kapoor10640@mail.com,Bangalore,2024-03-08,Regular
10641,Nisha Singh,nisha.singh10641@mail.com,Bangalore,2023-08-31,Premium
10642,Manoj Verma,,Bangalore,2023-08-07,Unknown
10643,Shreya Pillai,shreya.pillai10643@mail.com,Hyderabad,2023-09-30,Regular
10644,Anjali Kapoor,anjali.kapoor10644@mail.com,Hyderabad,2024-08-25,Regular
10645,Priya Gupta,priya.gupta10645@mail.com,Bangalore,2024-04-30,Regular
10646,Anjali Verma,anjali.verma10646@mail.com,Pune,2023-06-26,Regular
10647,Nisha Kapoor,nisha.kapoor10647@mail.com,Bangalore,2024-06-18,Regular
10648,Neha Chopra,neha.chopra10648@mail.com,Mumbai,2024-08-05,Regular
10649,Suresh Mehta,suresh.mehta10649@mail.com,Kolkata,2023-09-16,Premium
10650,Vivek Agarwal,vivek.agarwal10650@mail.com,Mumbai,2024-06-05,Premium
10651,Anjali Mehta,anjali.mehta10651@mail.com,Chennai,2024-03-21,New
10652,Karan Pillai,karan.pillai10652@mail.com,Ahmedabad,2024-08-26,Unknown
10653,Ravi Desai,ravi.desai10653@mail.com,Mumbai,2024-08-08,Unknown
10654,Neha Banerjee,neha.banerjee10654@mail.com,Delhi,2024-04-23,Regular
10655,Karan Banerjee,karan.banerjee10655@mail.com,Pune,2023-07-29,Premium
10656,Ravi Gupta,ravi.gupta10656@mail.com,Delhi,2024-07-31,Regular
10657,Vivek Singh,vivek.singh10657@mail.com,Ahmedabad,2024-04-17,Regular
10658,Naveen Malhotra,naveen.malhotra10658@mail.com,Hyderabad,2024-03-16,Premium
10659,Nisha Mehta,,Pune,2023-08-16,Regular
10660,Naveen Gupta,naveen.gupta10660@mail.com,Kolkata,2024-03-31,Regular
10661,Deepak Sharma,deepak.sharma10661@mail.com,Chennai,2023-07-15,Regular
10662,Rahul Agarwal,,Chennai,2023-07-28,Regular
10663,Karan Kumar,karan.kumar10663@mail.com,Ahmedabad,2023-09-06,Regular
10664,Arjun Singh,arjun.singh10664@mail.com,Mumbai,2024-05-12,New
10665,Pallavi Agarwal,pallavi.agarwal10665@mail.com,Mumbai,2023-11-07,New
10666,Manoj Sharma,manoj.sharma10666@mail.com,Mumbai,2024-06-27,Premium
10667,Gaurav Rao,gaurav.rao10667@mail.com,Pune,2023-09-07,Regular
10668,Suresh Singh,suresh.singh10668@mail.com,Bangalore,2023-07-29,Regular
10669,Neha Banerjee,neha.banerjee10669@mail.com,Pune,2023-08-12,New
10670,Kavita Kapoor,kavita.kapoor10670@mail.com,Pune,2023-06-26,Regular
10671,Priya Patel,priya.patel10671@mail.com,Kolkata,2023-08-31,Premium
10672,Manoj Kapoor,manoj.kapoor10672@mail.com,Pune,2023-11-18,Premium
10673,Isha Desai,isha.desai10673@mail.com,Bangalore,2024-07-21,Premium
10674,Vivek Desai,vivek.desai10674@mail.com,Ahmedabad,2023-09-23,Regular
10675,Anita Mehta,anita.mehta10675@mail.com,Pune,2024-02-05,Regular
10676,Anita Verma,anita.verma10676@mail.com,Pune,2024-02-16,Regular
10677,Vivek Patel,vivek.patel10677@mail.com,Chennai,2024-01-23,Regular
10678,Shreya Chopra,shreya.chopra10678@mail.com,Mumbai,2023-09-15,Premium
10679,Ritu Mehta,ritu.mehta10679@mail.com,Delhi,2024-05-05,Premium
10680,Sneha Mukherjee,sneha.mukherjee10680@mail.com,Ahmedabad,2024-03-11,Regular
10681,Anjali Reddy,anjali.reddy10681@mail.com,Kolkata,2024-02-09,Premium
10682,Rohit Kumar,rohit.kumar10682@mail.com,Bangalore,2023-08-16,Regular
10683,Rahul Mehta,rahul.mehta10683@mail.com,Chennai,2024-07-11,New
10684,Isha Joshi,isha.joshi10684@mail.com,Mumbai,2023-06-05,Premium
10685,Priya Joshi,priya.joshi10685@mail.com,Hyderabad,2024-05-26,Regular
10686,Ravi Nair,ravi.nair10686@mail.com,Kolkata,2024-03-29,Regular
10687,Meera Rao,meera.rao10687@mail.com,Bangalore,2023-08-11,Regular
10688,Vikram Verma,,Bangalore,2023-06-06,Regular
10689,Divya Singh,divya.singh10689@mail.com,Mumbai,2024-04-24,Premium
10690,Isha Malhotra,isha.malhotra10690@mail.com,Bangalore,2024-02-16,Regular
10691,Divya Kapoor,divya.kapoor10691@mail.com,Hyderabad,2024-08-07,Premium
10692,Rohit Joshi,rohit.joshi10692@mail.com,Hyderabad,2024-03-17,Regular
10693,Amit Singh,amit.singh10693@mail.com,Chennai,2024-02-20,Regular
10694,Swati Patel,swati.patel10694@mail.com,Unknown,2023-06-28,New
10695,Gaurav Pillai,gaurav.pillai10695@mail.com,Pune,2023-11-28,Unknown
10696,Isha Kapoor,isha.kapoor10696@mail.com,Chennai,2024-07-06,Regular
10697,Priya Verma,priya.verma10697@mail.com,Hyderabad,2024-02-04,Regular
10698,Vikram Kapoor,vikram.kapoor10698@mail.com,Chennai,2024-08-13,Regular
10699,Swati Singh,swati.singh10699@mail.com,Ahmedabad,2024-07-18,Regular
10700,Karan Sharma,karan.sharma10700@mail.com,Pune,2023-08-14,Regular
10701,Divya Chopra,divya.chopra10701@mail.com,Delhi,2024-01-12,Premium
10702,Priya Iyer,priya.iyer10702@mail.com,Mumbai,2023-08-25,Regular
10703,Isha Banerjee,isha.banerjee10703@mail.com,Delhi,2024-05-15,Premium
10704,Ravi Verma,ravi.verma10704@mail.com,Ahmedabad,2024-05-13,Regular
10705,Meera Joshi,meera.joshi10705@mail.com,Kolkata,2024-04-29,New
10706,Vivek Mukherjee,vivek.mukherjee10706@mail.com,Kolkata,2024-06-30,Premium
10707,Karan Mehta,,Bangalore,2024-03-07,Regular
10708,Karan Reddy,karan.reddy10708@mail.com,Ahmedabad,2023-09-21,Premium
10709,Priya Kapoor,priya.kapoor10709@mail.com,Delhi,2024-04-22,Regular
10710,Sanjay Mukherjee,sanjay.mukherjee10710@mail.com,Bangalore,2024-05-22,Regular
10711,Manoj Iyer,manoj.iyer10711@mail.com,Kolkata,2024-05-07,Premium
10712,Ajay Sharma,ajay.sharma10712@mail.com,Kolkata,2023-11-18,New
10713,Amit Pillai,amit.pillai10713@mail.com,Delhi,2023-12-19,Regular
10714,Rahul Kapoor,,Mumbai,2024-06-01,Regular
10715,Ajay Desai,,Hyderabad,2023-08-16,Premium
10716,Vikram Mehta,vikram.mehta10716@mail.com,Kolkata,2023-06-02,Regular
10717,Pallavi Patel,pallavi.patel10717@mail.com,Delhi,2023-12-14,New
10718,Isha Joshi,isha.joshi10718@mail.com,Pune,2023-12-23,Regular
10719,Pallavi Mehta,pallavi.mehta10719@mail.com,Mumbai,2024-06-24,Unknown
10720,Sanjay Rao,sanjay.rao10720@mail.com,Chennai,2023-12-17,New
10721,Vivek Desai,vivek.desai10721@mail.com,Delhi,2023-06-19,Regular
10722,Amit Banerjee,amit.banerjee10722@mail.com,Chennai,2024-02-29,Unknown
10723,Arjun Sharma,arjun.sharma10723@mail.com,Pune,2023-12-25,Regular
10724,Nisha Banerjee,nisha.banerjee10724@mail.com,Bangalore,2024-03-23,Regular
10725,Ravi Pillai,,Hyderabad,2024-05-25,Premium
10726,Naveen Reddy,naveen.reddy10726@mail.com,Ahmedabad,2024-08-01,Regular
10727,Ritu Kapoor,ritu.kapoor10727@mail.com,Delhi,2024-07-16,Regular
10728,Sanjay Mehta,sanjay.mehta10728@mail.com,Mumbai,2024-03-21,Regular
10729,Priya Mukherjee,priya.mukherjee10729@mail.com,Bangalore,2023-07-03,Regular
10730,Meera Gupta,meera.gupta10730@mail.com,Ahmedabad,2024-03-24,Regular
10731,Ajay Gupta,ajay.gupta10731@mail.com,Hyderabad,2023-07-12,Regular
10732,Gaurav Verma,gaurav.verma10732@mail.com,Kolkata,2024-07-18,Premium
10733,Suresh Agarwal,suresh.agarwal10733@mail.com,Ahmedabad,2023-10-01,New
10734,Shreya Kapoor,shreya.kapoor10734@mail.com,Unknown,2024-07-28,Premium
10735,Sneha Agarwal,sneha.agarwal10735@mail.com,Mumbai,2023-12-03,New
10736,Vivek Rao,vivek.rao10736@mail.com,Chennai,2023-09-08,Regular
10737,Shreya Gupta,shreya.gupta10737@mail.com,Bangalore,2023-06-23,Regular
10738,Anjali Desai,anjali.desai10738@mail.com,Hyderabad,2024-06-14,Unknown
10739,Karan Reddy,karan.reddy10739@mail.com,Mumbai,2024-06-04,Regular
10740,Gaurav Mehta,gaurav.mehta10740@mail.com,Delhi,2023-11-14,Regular
10741,Gaurav Nair,gaurav.nair10741@mail.com,Mumbai,2024-03-26,Regular
10742,Manoj Gupta,manoj.gupta10742@mail.com,Kolkata,2023-08-09,Regular
10743,Arjun Singh,arjun.singh10743@mail.com,Hyderabad,2023-10-22,Regular
10744,Arjun Nair,arjun.nair10744@mail.com,Chennai,2023-08-20,Premium
10745,Meera Nair,meera.nair10745@mail.com,Mumbai,2024-08-12,Regular
10746,Manoj Iyer,manoj.iyer10746@mail.com,Hyderabad,2024-06-11,New
10747,Isha Mukherjee,isha.mukherjee10747@mail.com,Bangalore,2023-06-03,Regular
10748,Karan Sharma,karan.sharma10748@mail.com,Kolkata,2023-12-19,Regular
10749,Pooja Patel,pooja.patel10749@mail.com,Hyderabad,2023-09-20,Regular
10750,Shreya Verma,shreya.verma10750@mail.com,Unknown,2024-01-22,New
10751,Ajay Singh,ajay.singh10751@mail.com,Kolkata,2024-07-09,Unknown
10752,Vivek Patel,vivek.patel10752@mail.com,Kolkata,2023-11-18,Regular
10753,Anjali Banerjee,anjali.banerjee10753@mail.com,Delhi,2023-07-12,Premium
10754,Isha Joshi,isha.joshi10754@mail.com,Hyderabad,2023-12-14,Regular
10755,Meera Patel,meera.patel10755@mail.com,Delhi,2023-11-19,Regular
10756,Rohit Rao,rohit.rao10756@mail.com,Delhi,2023-11-28,New
10757,Neha Joshi,neha.joshi10757@mail.com,Ahmedabad,2024-02-12,Regular
10758,Meera Verma,meera.verma10758@mail.com,Ahmedabad,2024-07-14,Premium
10759,Rahul Desai,rahul.desai10759@mail.com,Mumbai,2023-12-18,New
10760,Suresh Reddy,suresh.reddy10760@mail.com,Bangalore,2023-08-17,New
10761,Nisha Banerjee,nisha.banerjee10761@mail.com,Unknown,2023-11-25,Regular
10762,Ravi Nair,ravi.nair10762@mail.com,Pune,2024-03-23,Regular
10763,Deepak Agarwal,deepak.agarwal10763@mail.com,Ahmedabad,2023-11-03,Regular
10764,Pooja Pillai,pooja.pillai10764@mail.com,Pune,2024-06-29,Premium
10765,Anjali Gupta,anjali.gupta10765@mail.com,Chennai,2023-08-29,Premium
10766,Pooja Reddy,pooja.reddy10766@mail.com,Hyderabad,2024-03-21,Regular
10767,Priya Mehta,priya.mehta10767@mail.com,Pune,2023-12-08,Regular
10768,Ravi Chopra,ravi.chopra10768@mail.com,Ahmedabad,2024-01-21,New
10769,Karan Mehta,karan.mehta10769@mail.com,Chennai,2023-10-27,New
10770,Ritu Mukherjee,ritu.mukherjee10770@mail.com,Ahmedabad,2024-05-18,Regular
10771,Sneha Verma,sneha.verma10771@mail.com,Hyderabad,2024-04-12,Premium
10772,Vivek Rao,vivek.rao10772@mail.com,Delhi,2023-09-09,Regular
10773,Amit Agarwal,amit.agarwal10773@mail.com,Kolkata,2024-02-07,Regular
10774,Neha Chopra,neha.chopra10774@mail.com,Unknown,2024-08-11,Regular
10775,Kavita Desai,kavita.desai10775@mail.com,Mumbai,2024-06-07,New
10776,Anita Malhotra,anita.malhotra10776@mail.com,Kolkata,2024-08-01,Regular
10777,Pallavi Agarwal,pallavi.agarwal10777@mail.com,Pune,2024-03-29,Premium
10778,Divya Gupta,divya.gupta10778@mail.com,Ahmedabad,2023-09-11,Unknown
10779,Naveen Verma,naveen.verma10779@mail.com,Chennai,2024-03-13,Premium
10780,Kavita Pillai,kavita.pillai10780@mail.com,Mumbai,2024-05-06,New
10781,Pooja Kumar,pooja.kumar10781@mail.com,Mumbai,2024-02-08,New
10782,Rohit Malhotra,rohit.malhotra10782@mail.com,Chennai,2024-05-17,Regular
10783,Rohit Kumar,rohit.kumar10783@mail.com,Chennai,2024-03-24,Regular
10784,Anita Sharma,anita.sharma10784@mail.com,Chennai,2024-01-01,Premium
10785,Vivek Patel,vivek.patel10785@mail.com,Delhi,2023-09-02,Premium
10786,Arjun Verma,arjun.verma10786@mail.com,Chennai,2024-05-23,Premium
10787,Ravi Singh,ravi.singh10787@mail.com,Chennai,2024-07-03,Regular
10788,Vikram Agarwal,vikram.agarwal10788@mail.com,Delhi,2024-07-12,New
10789,Meera Banerjee,meera.banerjee10789@mail.com,Mumbai,2024-01-22,Unknown
10790,Neha Verma,neha.verma10790@mail.com,Pune,2024-07-23,Regular
10791,Anita Verma,anita.verma10791@mail.com,Hyderabad,2023-09-22,Regular
10792,Rahul Singh,rahul.singh10792@mail.com,Unknown,2024-05-19,Premium
10793,Divya Sharma,divya.sharma10793@mail.com,Delhi,2023-06-17,Premium
10794,Suresh Sharma,suresh.sharma10794@mail.com,Mumbai,2024-05-07,Regular
10795,Rohit Rao,rohit.rao10795@mail.com,Bangalore,2023-11-27,Regular
10796,Rohit Joshi,rohit.joshi10796@mail.com,Pune,2024-08-11,Regular
10797,Sneha Mukherjee,sneha.mukherjee10797@mail.com,Hyderabad,2024-06-01,Regular
10798,Swati Reddy,swati.reddy10798@mail.com,Delhi,2024-08-09,Premium
10799,Sneha Gupta,sneha.gupta10799@mail.com,Pune,2024-01-04,Regular
10800,Sneha Desai,sneha.desai10800@mail.com,Mumbai,2023-08-09,Regular
10801,Amit Mehta,amit.mehta10801@mail.com,Ahmedabad,2023-12-15,Regular
10802,Manoj Nair,manoj.nair10802@mail.com,Kolkata,2024-08-11,Regular
10803,Nisha Joshi,nisha.joshi10803@mail.com,Bangalore,2024-05-11,Regular
10804,Amit Reddy,amit.reddy10804@mail.com,Bangalore,2023-12-23,Premium
10805,Anita Patel,anita.patel10805@mail.com,Pune,2023-11-21,Regular
10806,Divya Pillai,divya.pillai10806@mail.com,Chennai,2024-06-27,Regular
10807,Sanjay Joshi,sanjay.joshi10807@mail.com,Ahmedabad,2024-02-04,Regular
10808,Shreya Pillai,shreya.pillai10808@mail.com,Delhi,2023-08-08,Regular
10809,Ravi Gupta,ravi.gupta10809@mail.com,Kolkata,2024-05-13,Regular
10810,Nisha Agarwal,nisha.agarwal10810@mail.com,Ahmedabad,2023-09-12,Regular
10811,Ritu Banerjee,ritu.banerjee10811@mail.com,Hyderabad,2024-01-07,New
10812,Manoj Desai,manoj.desai10812@mail.com,Hyderabad,2023-08-30,Regular
10813,Shreya Malhotra,shreya.malhotra10813@mail.com,Bangalore,2024-06-01,Regular
10814,Meera Banerjee,meera.banerjee10814@mail.com,Ahmedabad,2024-03-14,New
10815,Sanjay Kapoor,sanjay.kapoor10815@mail.com,Pune,2023-11-12,Regular
10816,Ritu Mukherjee,ritu.mukherjee10816@mail.com,Hyderabad,2023-12-12,Regular
10817,Nisha Nair,nisha.nair10817@mail.com,Delhi,2024-04-27,Regular
10818,Sneha Mehta,sneha.mehta10818@mail.com,Bangalore,2024-03-02,Regular
10819,Gaurav Malhotra,,Chennai,2024-05-22,Regular
10820,Arjun Mukherjee,arjun.mukherjee10820@mail.com,Mumbai,2023-07-22,Premium
10821,Nisha Mehta,nisha.mehta10821@mail.com,Bangalore,2023-11-01,Regular
10822,Ritu Patel,ritu.patel10822@mail.com,Delhi,2023-10-14,Regular
10823,Swati Patel,swati.patel10823@mail.com,Mumbai,2023-11-20,Regular
10824,Neha Patel,neha.patel10824@mail.com,Chennai,2024-07-16,Regular
10825,Suresh Kapoor,suresh.kapoor10825@mail.com,Ahmedabad,2024-08-25,Regular
10826,Rahul Desai,rahul.desai10826@mail.com,Chennai,2024-02-28,Premium
10827,Swati Sharma,swati.sharma10827@mail.com,Delhi,2024-01-23,Regular
10828,Divya Malhotra,divya.malhotra10828@mail.com,Pune,2024-04-20,Regular
10829,Suresh Kapoor,suresh.kapoor10829@mail.com,Delhi,2023-10-01,Regular
10830,Manoj Pillai,manoj.pillai10830@mail.com,Kolkata,2024-04-27,Unknown
10831,Ritu Iyer,ritu.iyer10831@mail.com,Bangalore,2024-08-10,Regular
10832,Gaurav Patel,gaurav.patel10832@mail.com,Pune,2024-08-17,Regular
10833,Gaurav Patel,gaurav.patel10833@mail.com,Kolkata,2024-08-05,Regular
10834,Karan Mukherjee,karan.mukherjee10834@mail.com,Chennai,2024-08-26,Regular
10835,Naveen Mukherjee,naveen.mukherjee10835@mail.com,Kolkata,2024-06-15,Regular
10836,Suresh Desai,suresh.desai10836@mail.com,Kolkata,2024-08-15,Regular
10837,Arjun Banerjee,arjun.banerjee10837@mail.com,Kolkata,2024-05-15,Regular
10838,Shreya Joshi,shreya.joshi10838@mail.com,Chennai,2024-04-26,New
10839,Priya Nair,priya.nair10839@mail.com,Chennai,2023-12-14,Regular
10840,Sneha Banerjee,sneha.banerjee10840@mail.com,Delhi,2023-12-16,Regular
10841,Kavita Patel,kavita.patel10841@mail.com,Delhi,2023-09-16,New
10842,Ritu Malhotra,ritu.malhotra10842@mail.com,Hyderabad,2024-08-17,Regular
10843,Isha Mehta,isha.mehta10843@mail.com,Kolkata,2024-07-27,Regular
10844,Swati Banerjee,swati.banerjee10844@mail.com,Pune,2024-05-21,Regular
10845,Ritu Singh,ritu.singh10845@mail.com,Hyderabad,2023-09-11,Premium
10846,Karan Singh,karan.singh10846@mail.com,Kolkata,2024-01-18,Regular
10847,Naveen Mehta,naveen.mehta10847@mail.com,Chennai,2023-07-14,Regular
10848,Gaurav Mukherjee,gaurav.mukherjee10848@mail.com,Delhi,2023-06-12,New
10849,Manoj Rao,manoj.rao10849@mail.com,Chennai,2024-08-10,Regular
10850,Amit Joshi,amit.joshi10850@mail.com,Bangalore,2023-07-31,Regular
10851,Naveen Pillai,naveen.pillai10851@mail.com,Mumbai,2024-05-31,Regular
10852,Swati Pillai,swati.pillai10852@mail.com,Kolkata,2024-01-07,New
10853,Nisha Rao,,Kolkata,2023-12-27,Premium
10854,Manoj Nair,manoj.nair10854@mail.com,Pune,2023-07-14,Regular
10855,Nisha Rao,nisha.rao10855@mail.com,Kolkata,2024-01-03,Premium
10856,Arjun Nair,arjun.nair10856@mail.com,Ahmedabad,2024-04-06,New
10857,Priya Kumar,priya.kumar10857@mail.com,Chennai,2024-04-13,Regular
10858,Gaurav Banerjee,gaurav.banerjee10858@mail.com,Hyderabad,2023-10-12,Regular
10859,Amit Mehta,amit.mehta10859@mail.com,Kolkata,2023-10-12,Regular
10860,Naveen Iyer,naveen.iyer10860@mail.com,Pune,2023-10-23,New
10861,Karan Mehta,karan.mehta10861@mail.com,Kolkata,2023-11-09,Premium
10862,Isha Desai,isha.desai10862@mail.com,Hyderabad,2023-08-16,Regular
10863,Manoj Malhotra,manoj.malhotra10863@mail.com,Mumbai,2023-06-21,Regular
10864,Sneha Singh,sneha.singh10864@mail.com,Mumbai,2023-07-18,Regular
10865,Naveen Iyer,naveen.iyer10865@mail.com,Delhi,2023-06-03,Regular
10866,Ajay Pillai,ajay.pillai10866@mail.com,Mumbai,2023-06-14,Regular
10867,Isha Reddy,isha.reddy10867@mail.com,Pune,2023-06-15,Regular
10868,Suresh Kapoor,suresh.kapoor10868@mail.com,Hyderabad,2023-06-23,Premium
10869,Swati Mukherjee,swati.mukherjee10869@mail.com,Bangalore,2024-08-15,Regular
10870,Amit Banerjee,amit.banerjee10870@mail.com,Kolkata,2023-12-22,Regular
10871,Ravi Rao,ravi.rao10871@mail.com,Bangalore,2024-07-04,Regular
10872,Kavita Pillai,kavita.pillai10872@mail.com,Kolkata,2024-07-17,New
10873,Sneha Joshi,sneha.joshi10873@mail.com,Delhi,2024-01-15,New
10874,Ajay Malhotra,ajay.malhotra10874@mail.com,Pune,2024-01-09,Premium
10875,Nisha Nair,nisha.nair10875@mail.com,Bangalore,2024-02-25,Premium
10876,Isha Pillai,isha.pillai10876@mail.com,Chennai,2023-08-05,Premium
10877,Rohit Sharma,rohit.sharma10877@mail.com,Mumbai,2024-02-18,Regular
10878,Rohit Iyer,rohit.iyer10878@mail.com,Pune,2024-03-26,Regular
10879,Anita Gupta,anita.gupta10879@mail.com,Kolkata,2023-07-13,Regular
10880,Ajay Desai,ajay.desai10880@mail.com,Chennai,2024-08-20,Premium
10881,Suresh Reddy,suresh.reddy10881@mail.com,Kolkata,2023-06-10,Regular
10882,Deepak Chopra,deepak.chopra10882@mail.com,Ahmedabad,2024-04-12,Premium
10883,Nisha Chopra,nisha.chopra10883@mail.com,Chennai,2023-08-04,Regular
10884,Rahul Kumar,rahul.kumar10884@mail.com,Delhi,2024-04-28,Regular
10885,Meera Rao,meera.rao10885@mail.com,Unknown,2024-06-29,Regular
10886,Vikram Desai,vikram.desai10886@mail.com,Ahmedabad,2023-06-11,New
10887,Naveen Chopra,naveen.chopra10887@mail.com,Hyderabad,2023-06-05,Regular
10888,Shreya Mukherjee,shreya.mukherjee10888@mail.com,Chennai,2024-02-05,Regular
10889,Gaurav Pillai,gaurav.pillai10889@mail.com,Delhi,2023-07-02,Regular
10890,Gaurav Malhotra,gaurav.malhotra10890@mail.com,Ahmedabad,2024-02-09,Premium
10891,Anita Verma,anita.verma10891@mail.com,Delhi,2023-11-24,Regular
10892,Isha Kapoor,isha.kapoor10892@mail.com,Ahmedabad,2024-08-26,Regular
10893,Nisha Joshi,nisha.joshi10893@mail.com,Ahmedabad,2024-04-14,Regular
10894,Anita Rao,anita.rao10894@mail.com,Bangalore,2024-02-07,Regular
10895,Rahul Banerjee,rahul.banerjee10895@mail.com,Hyderabad,2023-12-01,New
10896,Gaurav Agarwal,gaurav.agarwal10896@mail.com,Hyderabad,2023-11-20,Regular
10897,Suresh Mehta,suresh.mehta10897@mail.com,Pune,2024-06-29,New
10898,Karan Kapoor,karan.kapoor10898@mail.com,Mumbai,2023-06-26,New
10899,Sneha Reddy,sneha.reddy10899@mail.com,Mumbai,2023-06-22,Regular
10900,Neha Gupta,neha.gupta10900@mail.com,Chennai,2024-01-13,Premium
10901,Neha Mehta,neha.mehta10901@mail.com,Bangalore,2024-08-08,Unknown
10902,Naveen Pillai,naveen.pillai10902@mail.com,Pune,2024-02-14,Regular
10903,Vivek Nair,vivek.nair10903@mail.com,Bangalore,2024-01-02,Premium
10904,Gaurav Desai,,Pune,2024-01-13,Regular
10905,Amit Mehta,amit.mehta10905@mail.com,Pune,2024-06-30,Regular
10906,Vivek Singh,vivek.singh10906@mail.com,Hyderabad,2024-01-01,Regular
10907,Swati Mehta,swati.mehta10907@mail.com,Pune,2024-07-28,Regular
10908,Manoj Rao,manoj.rao10908@mail.com,Ahmedabad,2024-08-28,Premium
10909,Amit Sharma,amit.sharma10909@mail.com,Pune,2024-06-06,Premium
10910,Rahul Patel,rahul.patel10910@mail.com,Unknown,2023-11-22,Premium
10911,Rohit Iyer,rohit.iyer10911@mail.com,Delhi,2024-06-06,Regular
10912,Suresh Agarwal,suresh.agarwal10912@mail.com,Pune,2023-06-25,Premium
10913,Ravi Desai,ravi.desai10913@mail.com,Pune,2024-07-17,Premium
10914,Nisha Banerjee,nisha.banerjee10914@mail.com,Delhi,2023-11-01,Regular
10915,Deepak Chopra,deepak.chopra10915@mail.com,Delhi,2023-11-15,Regular
10916,Vikram Malhotra,vikram.malhotra10916@mail.com,Kolkata,2023-07-18,Regular
10917,Neha Agarwal,neha.agarwal10917@mail.com,Kolkata,2024-03-13,Regular
10918,Divya Desai,divya.desai10918@mail.com,Ahmedabad,2024-07-26,Regular
10919,Deepak Agarwal,,Mumbai,2023-09-17,Regular
10920,Isha Reddy,isha.reddy10920@mail.com,Kolkata,2023-08-01,Regular
10921,Kavita Joshi,kavita.joshi10921@mail.com,Chennai,2024-02-04,Regular
10922,Isha Verma,isha.verma10922@mail.com,Chennai,2023-09-02,Premium
10923,Pallavi Sharma,pallavi.sharma10923@mail.com,Kolkata,2024-03-20,Regular
10924,Naveen Kapoor,naveen.kapoor10924@mail.com,Bangalore,2024-02-14,Premium
10925,Swati Mehta,swati.mehta10925@mail.com,Mumbai,2024-05-06,Premium
10926,Priya Desai,priya.desai10926@mail.com,Chennai,2023-07-16,New
10927,Deepak Verma,deepak.verma10927@mail.com,Mumbai,2024-03-13,Regular
10928,Rohit Agarwal,rohit.agarwal10928@mail.com,Delhi,2024-02-13,New
10929,Ravi Iyer,ravi.iyer10929@mail.com,Delhi,2024-07-29,Premium
10930,Anjali Mehta,anjali.mehta10930@mail.com,Kolkata,2023-06-24,Regular
10931,Ravi Agarwal,ravi.agarwal10931@mail.com,Pune,2023-10-10,Regular
10932,Anita Iyer,anita.iyer10932@mail.com,Mumbai,2023-11-05,New
10933,Anita Kumar,anita.kumar10933@mail.com,Hyderabad,2023-12-17,Regular
10934,Naveen Reddy,naveen.reddy10934@mail.com,Hyderabad,2023-10-01,Premium
10935,Sanjay Reddy,sanjay.reddy10935@mail.com,Chennai,2023-11-10,Regular
10936,Pooja Kumar,pooja.kumar10936@mail.com,Chennai,2024-03-27,Premium
10937,Kavita Mukherjee,kavita.mukherjee10937@mail.com,Kolkata,2023-07-13,Premium
10938,Meera Gupta,meera.gupta10938@mail.com,Delhi,2024-01-03,New
10939,Naveen Kapoor,naveen.kapoor10939@mail.com,Chennai,2023-08-25,Regular
10940,Naveen Chopra,naveen.chopra10940@mail.com,Pune,2024-03-26,Premium
10941,Amit Verma,amit.verma10941@mail.com,Mumbai,2024-05-23,Regular
10942,Divya Rao,divya.rao10942@mail.com,Pune,2024-04-21,Regular
10943,Arjun Mehta,arjun.mehta10943@mail.com,Delhi,2024-04-02,Regular
10944,Anjali Pillai,anjali.pillai10944@mail.com,Hyderabad,2024-05-10,Regular
10945,Sanjay Banerjee,,Mumbai,2024-04-29,Regular
10946,Nisha Reddy,nisha.reddy10946@mail.com,Pune,2024-07-28,Premium
10947,Ravi Reddy,ravi.reddy10947@mail.com,Unknown,2023-09-07,Regular
10948,Isha Joshi,isha.joshi10948@mail.com,Delhi,2024-07-22,Premium
10949,Shreya Joshi,shreya.joshi10949@mail.com,Hyderabad,2024-02-08,New
10950,Naveen Chopra,naveen.chopra10950@mail.com,Mumbai,2024-03-18,Regular
10951,Nisha Kapoor,nisha.kapoor10951@mail.com,Bangalore,2024-03-28,Regular
10952,Pooja Agarwal,pooja.agarwal10952@mail.com,Chennai,2024-08-08,Premium
10953,Suresh Banerjee,suresh.banerjee10953@mail.com,Ahmedabad,2024-01-05,Premium
10954,Divya Malhotra,divya.malhotra10954@mail.com,Chennai,2024-05-14,Unknown
10955,Swati Nair,swati.nair10955@mail.com,Hyderabad,2024-01-02,Regular
10956,Gaurav Mukherjee,gaurav.mukherjee10956@mail.com,Hyderabad,2024-05-19,Regular
10957,Kavita Patel,,Mumbai,2024-02-01,Regular
10958,Naveen Iyer,naveen.iyer10958@mail.com,Delhi,2024-01-29,Regular
10959,Ritu Nair,ritu.nair10959@mail.com,Mumbai,2024-04-13,Regular
10960,Priya Sharma,priya.sharma10960@mail.com,Kolkata,2024-08-29,Premium
10961,Manoj Sharma,manoj.sharma10961@mail.com,Chennai,2024-04-16,Regular
10962,Pallavi Chopra,pallavi.chopra10962@mail.com,Kolkata,2024-04-12,Premium
10963,Ravi Desai,ravi.desai10963@mail.com,Kolkata,2024-07-12,Regular
10964,Nisha Kumar,nisha.kumar10964@mail.com,Ahmedabad,2024-03-27,Regular
10965,Ritu Rao,ritu.rao10965@mail.com,Bangalore,2024-02-16,Regular
10966,Pooja Singh,pooja.singh10966@mail.com,Hyderabad,2023-08-05,Regular
10967,Kavita Mukherjee,kavita.mukherjee10967@mail.com,Bangalore,2024-01-27,Unknown
10968,Rohit Singh,rohit.singh10968@mail.com,Hyderabad,2024-02-15,Premium
10969,Rahul Rao,rahul.rao10969@mail.com,Mumbai,2023-09-05,Premium
10970,Arjun Mukherjee,arjun.mukherjee10970@mail.com,Pune,2024-01-01,Regular
10971,Shreya Nair,shreya.nair10971@mail.com,Hyderabad,2024-05-20,Regular
10972,Naveen Mehta,naveen.mehta10972@mail.com,Kolkata,2023-12-22,Regular
10973,Ravi Banerjee,ravi.banerjee10973@mail.com,Mumbai,2023-10-27,Regular
10974,Ravi Rao,ravi.rao10974@mail.com,Delhi,2023-08-29,Regular
10975,Pooja Gupta,pooja.gupta10975@mail.com,Unknown,2023-08-30,Premium
10976,Sanjay Reddy,sanjay.reddy10976@mail.com,Pune,2023-11-04,Regular
10977,Karan Kapoor,karan.kapoor10977@mail.com,Kolkata,2023-07-04,Regular
10978,Meera Chopra,meera.chopra10978@mail.com,Pune,2024-04-02,Regular
10979,Rohit Rao,rohit.rao10979@mail.com,Chennai,2023-11-15,Regular
10980,Karan Mukherjee,karan.mukherjee10980@mail.com,Ahmedabad,2024-06-07,Regular
10981,Karan Chopra,karan.chopra10981@mail.com,Pune,2024-02-21,Regular
10982,Deepak Pillai,deepak.pillai10982@mail.com,Ahmedabad,2024-03-24,Unknown
10983,Pooja Rao,pooja.rao10983@mail.com,Ahmedabad,2023-12-20,Regular
10984,Naveen Joshi,naveen.joshi10984@mail.com,Chennai,2023-07-14,Regular
10985,Rohit Sharma,rohit.sharma10985@mail.com,Ahmedabad,2024-01-05,Regular
10986,Suresh Chopra,suresh.chopra10986@mail.com,Hyderabad,2024-01-13,Regular
10987,Naveen Agarwal,naveen.agarwal10987@mail.com,Mumbai,2023-09-25,Regular
10988,Rahul Mehta,rahul.mehta10988@mail.com,Chennai,2024-06-16,Premium
10989,Vikram Banerjee,vikram.banerjee10989@mail.com,Chennai,2024-06-29,Regular
10990,Sanjay Mukherjee,sanjay.mukherjee10990@mail.com,Hyderabad,2024-04-30,Regular
10991,Pooja Rao,pooja.rao10991@mail.com,Ahmedabad,2024-02-20,Regular
10992,Arjun Patel,arjun.patel10992@mail.com,Pune,2024-01-06,Premium
10993,Meera Kumar,meera.kumar10993@mail.com,Pune,2024-03-22,New
10994,Nisha Joshi,nisha.joshi10994@mail.com,Pune,2024-01-01,Regular
10995,Kavita Mehta,kavita.mehta10995@mail.com,Hyderabad,2023-08-11,Regular
10996,Anjali Kapoor,anjali.kapoor10996@mail.com,Kolkata,2023-09-13,New
10997,Arjun Mukherjee,arjun.mukherjee10997@mail.com,Ahmedabad,2023-07-18,Regular
10998,Anjali Pillai,anjali.pillai10998@mail.com,Hyderabad,2023-09-10,Regular
10999,Nisha Agarwal,,Mumbai,2023-06-30,Regular
11000,Sanjay Gupta,sanjay.gupta11000@mail.com,Mumbai,2024-03-01,Regular
11001,Rahul Singh,rahul.singh11001@mail.com,Delhi,2024-01-08,Premium
11002,Kavita Mukherjee,kavita.mukherjee11002@mail.com,Unknown,2024-06-01,Premium
11003,Amit Chopra,amit.chopra11003@mail.com,Delhi,2023-11-16,New
11004,Swati Patel,swati.patel11004@mail.com,Chennai,2024-08-25,New
11005,Sanjay Kapoor,sanjay.kapoor11005@mail.com,Bangalore,2023-10-06,Regular
11006,Nisha Gupta,nisha.gupta11006@mail.com,Mumbai,2024-05-23,New
11007,Vivek Banerjee,vivek.banerjee11007@mail.com,Chennai,2023-07-05,Premium
11008,Ajay Banerjee,ajay.banerjee11008@mail.com,Mumbai,2023-07-10,Premium
11009,Anita Iyer,anita.iyer11009@mail.com,Delhi,2023-06-23,Regular
11010,Sanjay Mehta,sanjay.mehta11010@mail.com,Kolkata,2023-12-21,Regular
11011,Nisha Desai,nisha.desai11011@mail.com,Ahmedabad,2023-07-05,Regular
11012,Shreya Iyer,shreya.iyer11012@mail.com,Bangalore,2024-08-03,Regular
11013,Sanjay Gupta,sanjay.gupta11013@mail.com,Mumbai,2024-06-25,Regular
11014,Deepak Sharma,deepak.sharma11014@mail.com,Delhi,2024-05-22,Regular
11015,Nisha Reddy,nisha.reddy11015@mail.com,Kolkata,2023-11-05,Regular
11016,Rahul Nair,rahul.nair11016@mail.com,Pune,2023-09-11,Regular
11017,Rahul Patel,rahul.patel11017@mail.com,Delhi,2024-07-13,Unknown
11018,Karan Reddy,karan.reddy11018@mail.com,Pune,2024-03-14,Premium
11019,Divya Reddy,divya.reddy11019@mail.com,Delhi,2023-07-25,Regular
11020,Sanjay Rao,sanjay.rao11020@mail.com,Ahmedabad,2023-07-04,Unknown
11021,Gaurav Rao,gaurav.rao11021@mail.com,Kolkata,2024-06-27,Regular
11022,Isha Mukherjee,isha.mukherjee11022@mail.com,Bangalore,2023-07-19,Regular
11023,Ajay Singh,ajay.singh11023@mail.com,Pune,2024-04-21,Premium
11024,Amit Mehta,amit.mehta11024@mail.com,Hyderabad,2023-12-13,Regular
11025,Ravi Nair,ravi.nair11025@mail.com,Hyderabad,2023-11-06,Regular
11026,Vikram Joshi,vikram.joshi11026@mail.com,Ahmedabad,2023-09-12,Regular
11027,Anjali Desai,anjali.desai11027@mail.com,Pune,2023-10-21,Regular
11028,Divya Verma,divya.verma11028@mail.com,Hyderabad,2024-08-07,Premium
11029,Isha Nair,isha.nair11029@mail.com,Delhi,2024-08-20,Unknown
11030,Pallavi Pillai,pallavi.pillai11030@mail.com,Mumbai,2023-06-27,Premium
11031,Rohit Banerjee,rohit.banerjee11031@mail.com,Delhi,2024-02-15,Regular
11032,Pooja Malhotra,pooja.malhotra11032@mail.com,Bangalore,2023-10-06,Regular
11033,Pallavi Pillai,pallavi.pillai11033@mail.com,Mumbai,2023-12-21,Regular
11034,Divya Singh,divya.singh11034@mail.com,Ahmedabad,2024-06-25,Regular
11035,Anjali Banerjee,anjali.banerjee11035@mail.com,Bangalore,2024-06-07,Regular
11036,Meera Kapoor,meera.kapoor11036@mail.com,Ahmedabad,2023-11-18,Regular
11037,Ravi Agarwal,ravi.agarwal11037@mail.com,Pune,2023-12-25,New
11038,Shreya Verma,shreya.verma11038@mail.com,Mumbai,2024-08-27,Regular
11039,Rahul Malhotra,rahul.malhotra11039@mail.com,Chennai,2023-11-26,Regular
11040,Vivek Chopra,,Kolkata,2023-10-05,Regular
11041,Nisha Kumar,nisha.kumar11041@mail.com,Bangalore,2024-04-05,Regular
11042,Nisha Gupta,nisha.gupta11042@mail.com,Hyderabad,2024-06-29,Regular
11043,Gaurav Patel,gaurav.patel11043@mail.com,Delhi,2023-08-24,Premium
11044,Nisha Chopra,nisha.chopra11044@mail.com,Chennai,2023-12-28,Premium
11045,Rohit Joshi,rohit.joshi11045@mail.com,Bangalore,2024-06-18,Unknown
11046,Anita Pillai,anita.pillai11046@mail.com,Hyderabad,2023-07-06,Premium
11047,Divya Gupta,divya.gupta11047@mail.com,Bangalore,2023-09-04,Premium
11048,Manoj Mukherjee,manoj.mukherjee11048@mail.com,Delhi,2023-09-11,Regular
11049,Gaurav Malhotra,gaurav.malhotra11049@mail.com,Ahmedabad,2024-08-18,Premium
11050,Amit Mehta,amit.mehta11050@mail.com,Unknown,2024-01-31,Regular
11051,Ravi Mukherjee,,Hyderabad,2023-09-17,Regular
11052,Ajay Iyer,ajay.iyer11052@mail.com,Ahmedabad,2024-06-22,Regular
11053,Arjun Nair,arjun.nair11053@mail.com,Pune,2023-12-11,Premium
11054,Ravi Desai,ravi.desai11054@mail.com,Kolkata,2024-08-01,New
11055,Suresh Nair,suresh.nair11055@mail.com,Pune,2024-04-12,Premium
11056,Ravi Mehta,ravi.mehta11056@mail.com,Hyderabad,2024-08-21,Regular
11057,Anjali Pillai,anjali.pillai11057@mail.com,Kolkata,2024-04-09,Premium
11058,Shreya Reddy,shreya.reddy11058@mail.com,Kolkata,2024-04-06,Regular
11059,Pallavi Agarwal,pallavi.agarwal11059@mail.com,Hyderabad,2024-02-10,Premium
11060,Pallavi Desai,pallavi.desai11060@mail.com,Bangalore,2023-07-30,Regular
11061,Nisha Patel,nisha.patel11061@mail.com,Mumbai,2024-06-01,Regular
11062,Suresh Nair,suresh.nair11062@mail.com,Chennai,2024-01-30,New
11063,Vivek Pillai,vivek.pillai11063@mail.com,Mumbai,2023-11-18,New
11064,Vivek Mehta,vivek.mehta11064@mail.com,Kolkata,2024-06-15,Premium
11065,Pallavi Malhotra,pallavi.malhotra11065@mail.com,Delhi,2023-10-11,Regular
11066,Isha Rao,isha.rao11066@mail.com,Mumbai,2023-12-06,Regular
11067,Kavita Sharma,kavita.sharma11067@mail.com,Delhi,2024-01-03,Regular
11068,Karan Kapoor,karan.kapoor11068@mail.com,Delhi,2023-12-20,Regular
11069,Kavita Nair,kavita.nair11069@mail.com,Ahmedabad,2023-08-15,Premium
11070,Deepak Sharma,deepak.sharma11070@mail.com,Pune,2024-02-13,New
11071,Shreya Rao,shreya.rao11071@mail.com,Ahmedabad,2024-05-26,New
11072,Deepak Rao,deepak.rao11072@mail.com,Delhi,2024-06-11,Regular
11073,Sanjay Verma,sanjay.verma11073@mail.com,Bangalore,2024-03-07,Regular
11074,Sanjay Chopra,sanjay.chopra11074@mail.com,Mumbai,2024-06-07,Regular
11075,Sanjay Reddy,sanjay.reddy11075@mail.com,Bangalore,2024-06-20,Premium
11076,Kavita Desai,kavita.desai11076@mail.com,Bangalore,2023-08-10,Regular
11077,Ritu Rao,ritu.rao11077@mail.com,Hyderabad,2024-06-06,New
11078,Sanjay Malhotra,sanjay.malhotra11078@mail.com,Bangalore,2023-07-20,Regular
11079,Karan Mehta,karan.mehta11079@mail.com,Kolkata,2024-04-17,Premium
11080,Kavita Kapoor,kavita.kapoor11080@mail.com,Bangalore,2024-06-16,Regular
11081,Ajay Desai,ajay.desai11081@mail.com,Kolkata,2024-04-19,Premium
11082,Shreya Agarwal,shreya.agarwal11082@mail.com,Delhi,2024-03-27,Regular
11083,Ritu Mukherjee,ritu.mukherjee11083@mail.com,Bangalore,2024-02-03,New
11084,Arjun Patel,arjun.patel11084@mail.com,Bangalore,2024-07-21,Premium
11085,Karan Pillai,karan.pillai11085@mail.com,Mumbai,2024-08-02,Regular
11086,Ajay Rao,ajay.rao11086@mail.com,Mumbai,2024-08-15,Regular
11087,Sneha Sharma,sneha.sharma11087@mail.com,Bangalore,2023-09-14,Premium
11088,Amit Reddy,amit.reddy11088@mail.com,Chennai,2024-03-05,Regular
11089,Priya Agarwal,priya.agarwal11089@mail.com,Chennai,2024-02-29,Regular
11090,Neha Kapoor,neha.kapoor11090@mail.com,Delhi,2023-07-21,Premium
11091,Pallavi Rao,pallavi.rao11091@mail.com,Bangalore,2024-03-09,Regular
11092,Amit Banerjee,amit.banerjee11092@mail.com,Chennai,2023-12-13,Premium
11093,Nisha Malhotra,nisha.malhotra11093@mail.com,Bangalore,2023-09-13,Regular
11094,Rahul Joshi,rahul.joshi11094@mail.com,Bangalore,2024-07-25,Unknown
11095,Anjali Nair,anjali.nair11095@mail.com,Mumbai,2023-08-03,Regular
11096,Amit Joshi,amit.joshi11096@mail.com,Unknown,2023-08-14,New
11097,Pooja Chopra,pooja.chopra11097@mail.com,Mumbai,2023-08-29,Regular
11098,Sneha Agarwal,sneha.agarwal11098@mail.com,Pune,2024-03-09,Regular
11099,Ajay Chopra,ajay.chopra11099@mail.com,Bangalore,2024-07-17,Premium
11100,Pallavi Chopra,pallavi.chopra11100@mail.com,Ahmedabad,2023-10-11,Regular
11101,Sanjay Mukherjee,sanjay.mukherjee11101@mail.com,Chennai,2024-06-06,Premium
11102,Divya Desai,divya.desai11102@mail.com,Bangalore,2023-11-29,Premium
11103,Deepak Nair,deepak.nair11103@mail.com,Chennai,2024-08-13,Regular
11104,Vivek Patel,vivek.patel11104@mail.com,Mumbai,2023-10-01,New
11105,Meera Pillai,meera.pillai11105@mail.com,Hyderabad,2024-05-12,Regular
11106,Nisha Banerjee,nisha.banerjee11106@mail.com,Mumbai,2023-06-08,Premium
11107,Deepak Banerjee,deepak.banerjee11107@mail.com,Pune,2024-06-13,Premium
11108,Nisha Kapoor,nisha.kapoor11108@mail.com,Hyderabad,2023-08-26,Premium
11109,Amit Joshi,amit.joshi11109@mail.com,Bangalore,2023-11-28,New
11110,Sneha Mehta,sneha.mehta11110@mail.com,Delhi,2024-08-09,Premium
11111,Rahul Kumar,rahul.kumar11111@mail.com,Kolkata,2023-11-04,New
11112,Isha Desai,isha.desai11112@mail.com,Ahmedabad,2023-11-30,Regular
11113,Neha Gupta,neha.gupta11113@mail.com,Kolkata,2023-06-05,Regular
11114,Vikram Malhotra,vikram.malhotra11114@mail.com,Mumbai,2023-06-04,Regular
11115,Kavita Joshi,kavita.joshi11115@mail.com,Kolkata,2024-03-01,Premium
11116,Anita Singh,anita.singh11116@mail.com,Pune,2023-06-03,Regular
11117,Priya Singh,,Kolkata,2024-06-15,Regular
11118,Nisha Iyer,nisha.iyer11118@mail.com,Mumbai,2024-02-06,Regular
11119,Ajay Chopra,ajay.chopra11119@mail.com,Kolkata,2023-07-27,New
11120,Ravi Nair,ravi.nair11120@mail.com,Hyderabad,2024-01-06,New
11121,Shreya Patel,shreya.patel11121@mail.com,Kolkata,2024-04-12,Regular
11122,Pallavi Iyer,pallavi.iyer11122@mail.com,Delhi,2024-07-25,Regular
11123,Swati Agarwal,swati.agarwal11123@mail.com,Bangalore,2024-08-11,Regular
11124,Priya Iyer,priya.iyer11124@mail.com,Delhi,2024-01-05,Regular
11125,Karan Verma,karan.verma11125@mail.com,Delhi,2023-11-20,Regular
11126,Sneha Iyer,sneha.iyer11126@mail.com,Pune,2023-11-27,Premium
11127,Ravi Sharma,ravi.sharma11127@mail.com,Pune,2023-10-25,Regular
11128,Shreya Joshi,,Pune,2023-07-28,Regular
11129,Arjun Joshi,arjun.joshi11129@mail.com,Pune,2023-09-30,Premium
11130,Vikram Kapoor,vikram.kapoor11130@mail.com,Mumbai,2024-03-27,New
11131,Manoj Reddy,manoj.reddy11131@mail.com,Mumbai,2024-04-12,Regular
11132,Swati Singh,swati.singh11132@mail.com,Hyderabad,2023-09-07,Regular
11133,Pallavi Banerjee,pallavi.banerjee11133@mail.com,Pune,2024-01-16,Premium
11134,Karan Agarwal,karan.agarwal11134@mail.com,Hyderabad,2024-04-02,Regular
11135,Priya Rao,priya.rao11135@mail.com,Kolkata,2024-05-16,Regular
11136,Karan Chopra,karan.chopra11136@mail.com,Kolkata,2024-04-06,Regular
11137,Deepak Kumar,deepak.kumar11137@mail.com,Ahmedabad,2023-11-03,New
11138,Pooja Sharma,pooja.sharma11138@mail.com,Delhi,2023-06-21,Premium
11139,Pallavi Sharma,pallavi.sharma11139@mail.com,Delhi,2024-02-29,Regular
11140,Arjun Patel,arjun.patel11140@mail.com,Chennai,2023-08-08,Regular
11141,Naveen Kumar,naveen.kumar11141@mail.com,Pune,2024-06-09,New
11142,Pallavi Mukherjee,pallavi.mukherjee11142@mail.com,Mumbai,2024-06-16,Premium
11143,Anjali Banerjee,anjali.banerjee11143@mail.com,Delhi,2023-09-21,Regular
11144,Sanjay Singh,sanjay.singh11144@mail.com,Ahmedabad,2024-06-08,Premium
11145,Anita Desai,anita.desai11145@mail.com,Bangalore,2023-09-05,Regular
11146,Kavita Gupta,kavita.gupta11146@mail.com,Bangalore,2024-05-17,Premium
11147,Isha Chopra,isha.chopra11147@mail.com,Unknown,2024-02-25,Regular
11148,Sanjay Kumar,sanjay.kumar11148@mail.com,Mumbai,2024-06-25,Premium
11149,Suresh Singh,suresh.singh11149@mail.com,Hyderabad,2024-07-10,Regular
11150,Rahul Singh,rahul.singh11150@mail.com,Ahmedabad,2024-07-22,Regular
11151,Deepak Iyer,deepak.iyer11151@mail.com,Mumbai,2024-07-27,Regular
11152,Divya Singh,divya.singh11152@mail.com,Hyderabad,2023-06-13,Regular
11153,Isha Chopra,isha.chopra11153@mail.com,Mumbai,2023-08-26,New
11154,Amit Kapoor,amit.kapoor11154@mail.com,Pune,2023-12-02,New
11155,Anita Malhotra,anita.malhotra11155@mail.com,Pune,2024-05-13,Regular
11156,Kavita Joshi,kavita.joshi11156@mail.com,Mumbai,2024-02-11,Premium
11157,Amit Kumar,amit.kumar11157@mail.com,Bangalore,2023-08-15,Regular
11158,Shreya Patel,shreya.patel11158@mail.com,Mumbai,2024-01-05,New
11159,Anita Chopra,anita.chopra11159@mail.com,Pune,2024-02-09,Regular
11160,Arjun Singh,arjun.singh11160@mail.com,Delhi,2024-01-01,Regular
11161,Pooja Chopra,pooja.chopra11161@mail.com,Mumbai,2024-06-01,Regular
11162,Deepak Patel,deepak.patel11162@mail.com,Delhi,2023-06-02,Regular
11163,Vikram Reddy,vikram.reddy11163@mail.com,Hyderabad,2023-12-02,Premium
11164,Vikram Banerjee,vikram.banerjee11164@mail.com,Kolkata,2023-09-16,Premium
11165,Deepak Singh,deepak.singh11165@mail.com,Kolkata,2023-06-14,Premium
11166,Rohit Patel,rohit.patel11166@mail.com,Ahmedabad,2023-06-16,Unknown
11167,Naveen Malhotra,naveen.malhotra11167@mail.com,Bangalore,2024-01-27,Premium
11168,Divya Mehta,divya.mehta11168@mail.com,Ahmedabad,2023-10-25,Regular
11169,Anita Agarwal,anita.agarwal11169@mail.com,Bangalore,2023-12-20,Premium
11170,Naveen Iyer,naveen.iyer11170@mail.com,Chennai,2023-09-25,Regular
11171,Vikram Rao,vikram.rao11171@mail.com,Kolkata,2023-06-29,Regular
11172,Naveen Patel,naveen.patel11172@mail.com,Ahmedabad,2023-11-08,Premium
11173,Neha Malhotra,neha.malhotra11173@mail.com,Delhi,2023-07-26,Regular
11174,Pooja Verma,pooja.verma11174@mail.com,Bangalore,2023-07-25,Regular
11175,Meera Rao,meera.rao11175@mail.com,Hyderabad,2023-10-16,Regular
11176,Shreya Sharma,,Hyderabad,2023-07-18,New
11177,Sanjay Agarwal,sanjay.agarwal11177@mail.com,Delhi,2024-06-19,Regular
11178,Arjun Malhotra,,Mumbai,2024-07-18,Premium
11179,Pallavi Sharma,pallavi.sharma11179@mail.com,Chennai,2023-08-17,Premium
11180,Pooja Rao,pooja.rao11180@mail.com,Bangalore,2023-08-22,New
11181,Karan Mehta,karan.mehta11181@mail.com,Ahmedabad,2023-11-21,Unknown
11182,Deepak Chopra,deepak.chopra11182@mail.com,Delhi,2024-04-08,Premium
11183,Sneha Kumar,sneha.kumar11183@mail.com,Bangalore,2024-03-07,New
11184,Manoj Mehta,manoj.mehta11184@mail.com,Bangalore,2023-08-22,Regular
11185,Deepak Desai,deepak.desai11185@mail.com,Chennai,2023-10-10,Premium
11186,Rohit Pillai,rohit.pillai11186@mail.com,Hyderabad,2024-08-13,Regular
11187,Manoj Joshi,manoj.joshi11187@mail.com,Pune,2023-07-13,Premium
11188,Nisha Sharma,,Hyderabad,2024-05-24,Premium
11189,Anita Mukherjee,anita.mukherjee11189@mail.com,Kolkata,2023-09-23,Regular
11190,Vivek Banerjee,vivek.banerjee11190@mail.com,Ahmedabad,2023-07-14,Regular
11191,Divya Rao,divya.rao11191@mail.com,Kolkata,2023-07-04,Regular
11192,Shreya Reddy,shreya.reddy11192@mail.com,Chennai,2023-06-20,Regular
11193,Rohit Sharma,rohit.sharma11193@mail.com,Kolkata,2024-07-18,Regular
11194,Pallavi Kumar,pallavi.kumar11194@mail.com,Kolkata,2023-10-08,Premium
11195,Kavita Desai,kavita.desai11195@mail.com,Kolkata,2023-09-18,Premium
11196,Gaurav Malhotra,gaurav.malhotra11196@mail.com,Pune,2023-08-24,Regular
11197,Ritu Gupta,ritu.gupta11197@mail.com,Kolkata,2024-05-20,Regular
11198,Rahul Patel,rahul.patel11198@mail.com,Bangalore,2024-05-06,New
11199,Arjun Kumar,arjun.kumar11199@mail.com,Bangalore,2023-08-15,Regular
11200,Suresh Agarwal,suresh.agarwal11200@mail.com,Hyderabad,2024-07-31,New
11201,Priya Rao,priya.rao11201@mail.com,Delhi,2024-05-22,Regular
11202,Rahul Mukherjee,rahul.mukherjee11202@mail.com,Hyderabad,2024-07-21,Regular
11203,Sneha Pillai,sneha.pillai11203@mail.com,Ahmedabad,2023-12-28,Regular
11204,Arjun Reddy,arjun.reddy11204@mail.com,Bangalore,2024-01-06,Regular
11205,Kavita Malhotra,kavita.malhotra11205@mail.com,Chennai,2024-04-13,New
11206,Naveen Reddy,naveen.reddy11206@mail.com,Mumbai,2023-06-09,Premium
11207,Isha Banerjee,isha.banerjee11207@mail.com,Mumbai,2024-01-14,Regular
11208,Rahul Nair,rahul.nair11208@mail.com,Ahmedabad,2023-07-29,Regular
11209,Isha Desai,isha.desai11209@mail.com,Kolkata,2024-05-26,Premium
11210,Karan Verma,karan.verma11210@mail.com,Chennai,2023-10-14,Regular
11211,Ravi Malhotra,ravi.malhotra11211@mail.com,Hyderabad,2023-06-14,Regular
11212,Anjali Mehta,anjali.mehta11212@mail.com,Pune,2024-03-19,New
11213,Vivek Chopra,vivek.chopra11213@mail.com,Hyderabad,2023-08-05,New
11214,Arjun Agarwal,arjun.agarwal11214@mail.com,Bangalore,2023-09-27,Regular
11215,Ritu Chopra,ritu.chopra11215@mail.com,Chennai,2023-08-21,New
11216,Vivek Mukherjee,vivek.mukherjee11216@mail.com,Bangalore,2024-04-12,Premium
11217,Swati Singh,swati.singh11217@mail.com,Ahmedabad,2023-09-04,Regular
11218,Pooja Chopra,pooja.chopra11218@mail.com,Chennai,2023-06-27,Regular
11219,Rohit Reddy,rohit.reddy11219@mail.com,Mumbai,2024-04-01,Regular
11220,Amit Pillai,amit.pillai11220@mail.com,Pune,2023-12-18,Regular
11221,Vivek Patel,vivek.patel11221@mail.com,Delhi,2024-01-01,Regular
11222,Anita Verma,anita.verma11222@mail.com,Hyderabad,2024-05-03,Regular
11223,Neha Pillai,neha.pillai11223@mail.com,Hyderabad,2024-02-23,Unknown
11224,Ravi Agarwal,ravi.agarwal11224@mail.com,Unknown,2024-08-17,Regular
11225,Amit Singh,amit.singh11225@mail.com,Chennai,2024-02-02,Regular
11226,Manoj Pillai,manoj.pillai11226@mail.com,Kolkata,2023-12-22,New
11227,Deepak Iyer,deepak.iyer11227@mail.com,Kolkata,2024-03-25,Premium
11228,Swati Pillai,swati.pillai11228@mail.com,Kolkata,2024-01-03,Regular
11229,Sanjay Malhotra,sanjay.malhotra11229@mail.com,Delhi,2023-11-28,Regular
11230,Priya Agarwal,priya.agarwal11230@mail.com,Chennai,2023-12-27,Regular
11231,Neha Chopra,neha.chopra11231@mail.com,Hyderabad,2023-09-01,Premium
11232,Rahul Joshi,,Pune,2024-07-04,Regular
11233,Rahul Desai,rahul.desai11233@mail.com,Pune,2024-03-14,Regular
11234,Meera Iyer,meera.iyer11234@mail.com,Mumbai,2024-08-31,Premium
11235,Rahul Rao,rahul.rao11235@mail.com,Hyderabad,2024-02-11,Regular
11236,Anjali Mehta,,Kolkata,2024-03-22,Regular
11237,Ravi Desai,,Chennai,2024-08-04,New
11238,Arjun Kumar,arjun.kumar11238@mail.com,Mumbai,2023-07-19,Premium
11239,Neha Chopra,neha.chopra11239@mail.com,Mumbai,2024-07-01,Regular
11240,Manoj Pillai,manoj.pillai11240@mail.com,Mumbai,2024-04-12,Regular
11241,Arjun Malhotra,arjun.malhotra11241@mail.com,Delhi,2023-07-16,Regular
11242,Ravi Sharma,ravi.sharma11242@mail.com,Chennai,2023-07-27,Regular
11243,Ritu Chopra,ritu.chopra11243@mail.com,Chennai,2023-08-27,New
11244,Vikram Mukherjee,vikram.mukherjee11244@mail.com,Kolkata,2024-01-15,Premium
11245,Shreya Iyer,shreya.iyer11245@mail.com,Pune,2023-09-24,Regular
11246,Naveen Nair,naveen.nair11246@mail.com,Delhi,2023-07-10,Regular
11247,Manoj Chopra,manoj.chopra11247@mail.com,Delhi,2023-07-24,Regular
11248,Arjun Verma,arjun.verma11248@mail.com,Ahmedabad,2024-08-08,Regular
11249,Manoj Kapoor,manoj.kapoor11249@mail.com,Delhi,2023-09-05,Regular
11250,Rohit Reddy,rohit.reddy11250@mail.com,Unknown,2024-08-22,Regular
11251,Suresh Kumar,suresh.kumar11251@mail.com,Ahmedabad,2023-11-28,Regular
11252,Vikram Chopra,vikram.chopra11252@mail.com,Kolkata,2023-11-18,Regular
11253,Swati Malhotra,swati.malhotra11253@mail.com,Delhi,2023-09-05,Regular
11254,Divya Reddy,divya.reddy11254@mail.com,Hyderabad,2023-07-27,Regular
11255,Amit Banerjee,amit.banerjee11255@mail.com,Mumbai,2023-09-24,New
11256,Pooja Iyer,pooja.iyer11256@mail.com,Ahmedabad,2023-08-27,Premium
11257,Swati Kumar,swati.kumar11257@mail.com,Mumbai,2024-02-13,New
11258,Deepak Nair,deepak.nair11258@mail.com,Bangalore,2024-05-14,Regular
11259,Ravi Pillai,ravi.pillai11259@mail.com,Kolkata,2023-06-11,Regular
11260,Pallavi Kumar,pallavi.kumar11260@mail.com,Pune,2024-03-25,Unknown
11261,Ravi Mukherjee,ravi.mukherjee11261@mail.com,Chennai,2024-02-24,Regular
11262,Ritu Mehta,ritu.mehta11262@mail.com,Ahmedabad,2024-06-11,Regular
11263,Manoj Kumar,manoj.kumar11263@mail.com,Pune,2024-05-29,Regular
11264,Naveen Kapoor,naveen.kapoor11264@mail.com,Unknown,2023-10-17,Premium
11265,Pallavi Nair,pallavi.nair11265@mail.com,Bangalore,2024-02-10,Regular
11266,Rahul Patel,rahul.patel11266@mail.com,Delhi,2024-04-23,Regular
11267,Isha Desai,isha.desai11267@mail.com,Bangalore,2024-05-13,Regular
11268,Suresh Verma,suresh.verma11268@mail.com,Delhi,2024-03-23,Regular
11269,Manoj Mukherjee,manoj.mukherjee11269@mail.com,Pune,2023-07-27,New
11270,Vikram Agarwal,vikram.agarwal11270@mail.com,Chennai,2024-03-12,Premium
11271,Ravi Desai,ravi.desai11271@mail.com,Hyderabad,2023-10-23,Unknown
11272,Neha Kumar,neha.kumar11272@mail.com,Hyderabad,2023-08-10,Regular
11273,Ajay Banerjee,ajay.banerjee11273@mail.com,Bangalore,2024-05-31,Regular
11274,Amit Verma,amit.verma11274@mail.com,Delhi,2024-01-29,New
11275,Sanjay Reddy,sanjay.reddy11275@mail.com,Chennai,2024-04-01,Regular
11276,Rohit Singh,rohit.singh11276@mail.com,Delhi,2023-08-09,Regular
11277,Isha Desai,isha.desai11277@mail.com,Bangalore,2024-07-05,New
11278,Arjun Agarwal,arjun.agarwal11278@mail.com,Pune,2023-11-29,Unknown
11279,Meera Kumar,meera.kumar11279@mail.com,Kolkata,2024-06-21,Regular
11280,Neha Singh,neha.singh11280@mail.com,Chennai,2024-06-21,Premium
11281,Ajay Agarwal,ajay.agarwal11281@mail.com,Ahmedabad,2023-07-14,Regular
11282,Sneha Verma,sneha.verma11282@mail.com,Ahmedabad,2024-08-16,Regular
11283,Priya Rao,priya.rao11283@mail.com,Bangalore,2024-06-14,New
11284,Vikram Verma,vikram.verma11284@mail.com,Chennai,2023-06-04,Premium
11285,Vikram Kapoor,vikram.kapoor11285@mail.com,Unknown,2023-07-20,Regular
11286,Sanjay Sharma,sanjay.sharma11286@mail.com,Mumbai,2023-12-25,Regular
11287,Suresh Kapoor,,Ahmedabad,2024-01-08,Regular
11288,Pooja Gupta,pooja.gupta11288@mail.com,Delhi,2024-02-01,Regular
11289,Nisha Iyer,nisha.iyer11289@mail.com,Kolkata,2024-05-23,Premium
11290,Kavita Desai,kavita.desai11290@mail.com,Mumbai,2023-12-17,Regular
11291,Anjali Desai,anjali.desai11291@mail.com,Hyderabad,2023-08-11,Regular
11292,Neha Agarwal,neha.agarwal11292@mail.com,Delhi,2024-05-27,Regular
11293,Vivek Mukherjee,vivek.mukherjee11293@mail.com,Pune,2024-06-01,New
11294,Isha Chopra,isha.chopra11294@mail.com,Mumbai,2024-02-03,Regular
11295,Isha Agarwal,isha.agarwal11295@mail.com,Chennai,2024-05-23,Regular
11296,Sanjay Patel,sanjay.patel11296@mail.com,Hyderabad,2024-08-10,Premium
11297,Nisha Pillai,nisha.pillai11297@mail.com,Pune,2024-06-30,Premium
11298,Anita Chopra,anita.chopra11298@mail.com,Kolkata,2023-07-02,Premium
11299,Ajay Joshi,ajay.joshi11299@mail.com,Hyderabad,2023-11-12,Regular
11300,Meera Rao,meera.rao11300@mail.com,Delhi,2024-02-07,Regular
11301,Naveen Agarwal,naveen.agarwal11301@mail.com,Delhi,2024-03-25,Unknown
11302,Vikram Kumar,vikram.kumar11302@mail.com,Pune,2024-03-17,Regular
11303,Isha Agarwal,isha.agarwal11303@mail.com,Ahmedabad,2024-07-31,Regular
11304,Gaurav Banerjee,gaurav.banerjee11304@mail.com,Bangalore,2024-01-11,Regular
11305,Ritu Agarwal,ritu.agarwal11305@mail.com,Chennai,2023-07-31,Unknown
11306,Naveen Verma,naveen.verma11306@mail.com,Chennai,2024-05-26,Regular
11307,Meera Mukherjee,meera.mukherjee11307@mail.com,Delhi,2024-04-08,Regular
11308,Sneha Mukherjee,sneha.mukherjee11308@mail.com,Ahmedabad,2024-04-30,Regular
11309,Ajay Sharma,ajay.sharma11309@mail.com,Bangalore,2024-03-07,Premium
11310,Priya Nair,priya.nair11310@mail.com,Ahmedabad,2024-07-17,New
11311,Priya Joshi,priya.joshi11311@mail.com,Mumbai,2024-04-02,Premium
11312,Vikram Iyer,vikram.iyer11312@mail.com,Hyderabad,2023-06-19,Regular
11313,Ritu Nair,ritu.nair11313@mail.com,Hyderabad,2023-06-14,Premium
11314,Nisha Kumar,nisha.kumar11314@mail.com,Ahmedabad,2023-12-16,Premium
11315,Vikram Reddy,vikram.reddy11315@mail.com,Ahmedabad,2024-04-11,New
11316,Priya Nair,priya.nair11316@mail.com,Delhi,2024-03-28,Regular
11317,Meera Mukherjee,meera.mukherjee11317@mail.com,Hyderabad,2024-08-21,Premium
11318,Anita Verma,anita.verma11318@mail.com,Hyderabad,2023-11-27,Premium
11319,Sanjay Pillai,sanjay.pillai11319@mail.com,Mumbai,2023-07-10,Regular
11320,Naveen Joshi,naveen.joshi11320@mail.com,Delhi,2024-05-31,Regular
11321,Pooja Agarwal,pooja.agarwal11321@mail.com,Chennai,2024-05-23,Regular
11322,Anjali Pillai,anjali.pillai11322@mail.com,Chennai,2023-09-13,New
11323,Meera Rao,meera.rao11323@mail.com,Mumbai,2024-06-06,Premium
11324,Vivek Desai,vivek.desai11324@mail.com,Mumbai,2024-02-11,Premium
11325,Amit Sharma,amit.sharma11325@mail.com,Chennai,2023-12-14,Unknown
11326,Rahul Chopra,rahul.chopra11326@mail.com,Bangalore,2024-01-07,Regular
11327,Isha Kumar,isha.kumar11327@mail.com,Unknown,2024-07-19,Premium
11328,Anjali Malhotra,anjali.malhotra11328@mail.com,Kolkata,2024-06-11,Premium
11329,Isha Verma,isha.verma11329@mail.com,Ahmedabad,2024-03-20,Premium
11330,Manoj Nair,manoj.nair11330@mail.com,Bangalore,2023-10-22,Premium
11331,Meera Verma,meera.verma11331@mail.com,Pune,2023-06-20,Premium
11332,Ritu Kapoor,ritu.kapoor11332@mail.com,Hyderabad,2023-11-05,Regular
11333,Manoj Kumar,manoj.kumar11333@mail.com,Ahmedabad,2024-01-25,Regular
11334,Divya Sharma,divya.sharma11334@mail.com,Mumbai,2024-04-08,Regular
11335,Ritu Iyer,ritu.iyer11335@mail.com,Chennai,2023-08-05,Regular
11336,Pooja Reddy,pooja.reddy11336@mail.com,Hyderabad,2024-05-16,Regular
11337,Pooja Sharma,pooja.sharma11337@mail.com,Chennai,2023-06-09,Premium
11338,Anjali Nair,anjali.nair11338@mail.com,Pune,2023-07-10,Regular
11339,Rohit Joshi,rohit.joshi11339@mail.com,Unknown,2024-04-24,Regular
11340,Neha Mehta,neha.mehta11340@mail.com,Kolkata,2023-12-09,Regular
11341,Priya Verma,priya.verma11341@mail.com,Bangalore,2023-06-14,Regular
11342,Swati Agarwal,,Pune,2023-12-11,Premium
11343,Vivek Patel,vivek.patel11343@mail.com,Mumbai,2024-03-16,Regular
11344,Swati Reddy,swati.reddy11344@mail.com,Hyderabad,2024-05-03,Regular
11345,Kavita Nair,kavita.nair11345@mail.com,Pune,2024-07-14,Premium
11346,Sneha Nair,sneha.nair11346@mail.com,Ahmedabad,2023-12-03,Regular
11347,Shreya Kapoor,shreya.kapoor11347@mail.com,Delhi,2024-07-07,Regular
11348,Meera Nair,meera.nair11348@mail.com,Kolkata,2024-03-26,Premium
11349,Sneha Patel,sneha.patel11349@mail.com,Kolkata,2024-02-14,New
11350,Gaurav Gupta,gaurav.gupta11350@mail.com,Ahmedabad,2023-08-25,Regular
11351,Swati Reddy,swati.reddy11351@mail.com,Bangalore,2024-07-31,Regular
11352,Pallavi Agarwal,pallavi.agarwal11352@mail.com,Kolkata,2023-11-29,Regular
11353,Arjun Mehta,arjun.mehta11353@mail.com,Mumbai,2023-06-24,Regular
11354,Vivek Desai,vivek.desai11354@mail.com,Kolkata,2024-06-22,Regular
11355,Isha Agarwal,isha.agarwal11355@mail.com,Mumbai,2023-06-04,Regular
11356,Manoj Gupta,manoj.gupta11356@mail.com,Chennai,2023-09-27,Regular
11357,Rohit Agarwal,rohit.agarwal11357@mail.com,Kolkata,2023-11-13,Unknown
11358,Swati Rao,swati.rao11358@mail.com,Kolkata,2023-10-21,Regular
11359,Sneha Verma,sneha.verma11359@mail.com,Chennai,2024-01-11,Regular
11360,Anjali Reddy,anjali.reddy11360@mail.com,Delhi,2023-10-21,Regular
11361,Ravi Kapoor,ravi.kapoor11361@mail.com,Hyderabad,2023-06-04,Regular
11362,Rohit Malhotra,rohit.malhotra11362@mail.com,Ahmedabad,2024-07-30,Regular
11363,Sneha Desai,sneha.desai11363@mail.com,Kolkata,2023-10-13,Regular
11364,Neha Patel,neha.patel11364@mail.com,Delhi,2023-07-09,Regular
11365,Karan Patel,karan.patel11365@mail.com,Pune,2024-01-08,Regular
11366,Meera Sharma,meera.sharma11366@mail.com,Hyderabad,2023-08-10,Regular
11367,Shreya Singh,shreya.singh11367@mail.com,Ahmedabad,2024-06-10,Regular
11368,Karan Rao,karan.rao11368@mail.com,Hyderabad,2023-07-05,Unknown
11369,Deepak Iyer,deepak.iyer11369@mail.com,Kolkata,2024-03-25,Regular
11370,Gaurav Verma,gaurav.verma11370@mail.com,Delhi,2024-05-08,Regular
11371,Shreya Verma,shreya.verma11371@mail.com,Mumbai,2023-07-28,New
11372,Manoj Mehta,manoj.mehta11372@mail.com,Delhi,2024-01-04,Regular
11373,Deepak Chopra,deepak.chopra11373@mail.com,Bangalore,2024-08-04,Premium
11374,Kavita Iyer,kavita.iyer11374@mail.com,Delhi,2023-07-02,Regular
11375,Ritu Desai,ritu.desai11375@mail.com,Kolkata,2023-10-12,New
11376,Naveen Sharma,naveen.sharma11376@mail.com,Chennai,2023-12-27,Regular
11377,Sneha Kapoor,sneha.kapoor11377@mail.com,Unknown,2024-04-05,Regular
11378,Ajay Mehta,ajay.mehta11378@mail.com,Pune,2024-05-01,Regular
11379,Naveen Banerjee,naveen.banerjee11379@mail.com,Kolkata,2023-09-26,Regular
11380,Meera Nair,meera.nair11380@mail.com,Hyderabad,2024-08-06,Regular
11381,Shreya Sharma,shreya.sharma11381@mail.com,Bangalore,2023-11-02,Unknown
11382,Swati Reddy,swati.reddy11382@mail.com,Kolkata,2023-12-23,Regular
11383,Amit Agarwal,amit.agarwal11383@mail.com,Kolkata,2023-06-08,Premium
11384,Rohit Chopra,rohit.chopra11384@mail.com,Delhi,2024-08-13,Unknown
11385,Suresh Desai,suresh.desai11385@mail.com,Delhi,2023-10-14,New
11386,Pooja Malhotra,pooja.malhotra11386@mail.com,Chennai,2023-10-24,Unknown
11387,Shreya Chopra,shreya.chopra11387@mail.com,Pune,2024-01-18,Regular
11388,Neha Pillai,neha.pillai11388@mail.com,Mumbai,2023-11-07,Regular
11389,Anita Rao,anita.rao11389@mail.com,Ahmedabad,2023-07-13,Regular
11390,Rohit Nair,rohit.nair11390@mail.com,Hyderabad,2023-10-08,Unknown
11391,Deepak Mukherjee,deepak.mukherjee11391@mail.com,Kolkata,2023-10-16,Premium
11392,Arjun Nair,arjun.nair11392@mail.com,Pune,2024-05-28,Regular
11393,Isha Reddy,isha.reddy11393@mail.com,Kolkata,2023-07-10,Regular
11394,Anita Rao,anita.rao11394@mail.com,Ahmedabad,2023-06-20,New
11395,Vikram Banerjee,vikram.banerjee11395@mail.com,Kolkata,2023-06-05,Regular
11396,Nisha Iyer,nisha.iyer11396@mail.com,Pune,2024-03-15,Premium
11397,Anjali Joshi,anjali.joshi11397@mail.com,Chennai,2024-01-23,Regular
11398,Isha Singh,,Bangalore,2024-06-01,Premium
11399,Amit Kumar,amit.kumar11399@mail.com,Chennai,2023-09-05,Regular
11400,Anjali Desai,anjali.desai11400@mail.com,Bangalore,2023-11-27,Unknown
11401,Rahul Iyer,rahul.iyer11401@mail.com,Chennai,2024-03-26,Premium
11402,Meera Banerjee,meera.banerjee11402@mail.com,Delhi,2024-03-30,Regular
11403,Sneha Singh,sneha.singh11403@mail.com,Kolkata,2024-03-21,Premium
11404,Pallavi Kapoor,pallavi.kapoor11404@mail.com,Ahmedabad,2023-08-26,Regular
11405,Anjali Singh,anjali.singh11405@mail.com,Bangalore,2024-01-30,New
11406,Karan Desai,karan.desai11406@mail.com,Kolkata,2024-01-28,Regular
11407,Sanjay Chopra,sanjay.chopra11407@mail.com,Ahmedabad,2023-11-07,Premium
11408,Rahul Gupta,rahul.gupta11408@mail.com,Chennai,2023-08-13,Premium
11409,Nisha Reddy,nisha.reddy11409@mail.com,Kolkata,2023-11-26,Regular
11410,Neha Malhotra,neha.malhotra11410@mail.com,Delhi,2024-03-13,New
11411,Isha Kumar,,Delhi,2023-12-02,Regular
11412,Neha Iyer,neha.iyer11412@mail.com,Hyderabad,2023-06-18,Premium
11413,Deepak Iyer,deepak.iyer11413@mail.com,Chennai,2023-06-30,New
11414,Anjali Desai,anjali.desai11414@mail.com,Ahmedabad,2024-01-29,Premium
11415,Neha Kumar,neha.kumar11415@mail.com,Bangalore,2024-06-11,Regular
11416,Sneha Sharma,sneha.sharma11416@mail.com,Ahmedabad,2023-11-08,Regular
11417,Anjali Kumar,anjali.kumar11417@mail.com,Pune,2024-05-29,Regular
11418,Ravi Chopra,ravi.chopra11418@mail.com,Kolkata,2024-05-08,Regular
11419,Suresh Patel,suresh.patel11419@mail.com,Bangalore,2023-06-23,Regular
11420,Swati Kumar,swati.kumar11420@mail.com,Chennai,2024-03-14,Regular
11421,Rohit Desai,rohit.desai11421@mail.com,Mumbai,2023-07-17,Regular
11422,Ravi Gupta,ravi.gupta11422@mail.com,Hyderabad,2024-04-22,Regular
11423,Naveen Rao,naveen.rao11423@mail.com,Bangalore,2023-06-28,Regular
11424,Divya Nair,divya.nair11424@mail.com,Delhi,2024-08-26,Regular
11425,Amit Pillai,amit.pillai11425@mail.com,Pune,2023-11-26,Premium
11426,Anita Sharma,anita.sharma11426@mail.com,Kolkata,2024-03-02,Regular
11427,Nisha Verma,nisha.verma11427@mail.com,Delhi,2024-05-24,New
11428,Karan Rao,karan.rao11428@mail.com,Chennai,2024-01-26,Regular
11429,Shreya Singh,shreya.singh11429@mail.com,Ahmedabad,2023-12-08,Regular
11430,Sneha Joshi,sneha.joshi11430@mail.com,Hyderabad,2024-01-02,Regular
11431,Neha Verma,,Bangalore,2024-03-06,Regular
11432,Rohit Malhotra,rohit.malhotra11432@mail.com,Kolkata,2024-08-01,Regular
11433,Sanjay Verma,sanjay.verma11433@mail.com,Hyderabad,2024-06-25,New
11434,Suresh Mukherjee,suresh.mukherjee11434@mail.com,Kolkata,2023-06-15,Regular
11435,Deepak Agarwal,deepak.agarwal11435@mail.com,Delhi,2024-06-19,Regular
11436,Amit Verma,amit.verma11436@mail.com,Bangalore,2024-01-21,Regular
11437,Anita Verma,anita.verma11437@mail.com,Chennai,2023-09-03,Regular
11438,Nisha Banerjee,nisha.banerjee11438@mail.com,Pune,2024-01-31,Regular
11439,Rahul Pillai,rahul.pillai11439@mail.com,Kolkata,2024-05-27,Regular
11440,Isha Singh,isha.singh11440@mail.com,Kolkata,2023-10-23,Premium
11441,Amit Joshi,amit.joshi11441@mail.com,Ahmedabad,2023-09-22,New
11442,Karan Kumar,karan.kumar11442@mail.com,Kolkata,2024-04-26,Regular
11443,Amit Mehta,amit.mehta11443@mail.com,Kolkata,2023-09-01,Regular
11444,Priya Iyer,priya.iyer11444@mail.com,Kolkata,2023-08-23,Regular
11445,Neha Reddy,neha.reddy11445@mail.com,Kolkata,2023-08-22,Regular
11446,Shreya Chopra,shreya.chopra11446@mail.com,Kolkata,2023-11-03,Regular
11447,Isha Desai,isha.desai11447@mail.com,Pune,2024-05-30,Regular
11448,Divya Banerjee,divya.banerjee11448@mail.com,Kolkata,2023-07-11,Regular
11449,Rahul Agarwal,,Ahmedabad,2023-06-25,Regular
11450,Priya Kapoor,priya.kapoor11450@mail.com,Pune,2024-01-04,Regular
11451,Anita Verma,anita.verma11451@mail.com,Pune,2023-06-09,Regular
11452,Swati Sharma,swati.sharma11452@mail.com,Kolkata,2023-08-29,Regular
11453,Divya Iyer,divya.iyer11453@mail.com,Pune,2024-05-18,Premium
11454,Naveen Agarwal,,Ahmedabad,2023-07-10,Regular
11455,Ritu Reddy,ritu.reddy11455@mail.com,Kolkata,2024-06-06,Regular
11456,Ravi Gupta,ravi.gupta11456@mail.com,Chennai,2024-04-30,Premium
11457,Ritu Rao,ritu.rao11457@mail.com,Chennai,2024-04-11,Regular
11458,Neha Mukherjee,neha.mukherjee11458@mail.com,Ahmedabad,2024-06-24,New
11459,Karan Sharma,,Kolkata,2024-05-13,Regular
11460,Nisha Singh,nisha.singh11460@mail.com,Chennai,2024-01-23,Regular
11461,Ravi Mehta,ravi.mehta11461@mail.com,Delhi,2024-04-09,Regular
11462,Vivek Kapoor,,Pune,2024-01-30,New
11463,Manoj Singh,manoj.singh11463@mail.com,Ahmedabad,2023-09-16,Regular
11464,Nisha Mukherjee,nisha.mukherjee11464@mail.com,Mumbai,2024-02-05,Regular
11465,Neha Verma,,Chennai,2024-01-18,Premium
11466,Neha Mukherjee,neha.mukherjee11466@mail.com,Kolkata,2024-06-26,Regular
11467,Pooja Chopra,pooja.chopra11467@mail.com,Bangalore,2024-04-06,New
11468,Sneha Mukherjee,sneha.mukherjee11468@mail.com,Chennai,2024-08-16,Regular
11469,Divya Joshi,divya.joshi11469@mail.com,Delhi,2024-04-02,Regular
11470,Nisha Mehta,nisha.mehta11470@mail.com,Kolkata,2024-08-13,Regular
11471,Anita Gupta,anita.gupta11471@mail.com,Kolkata,2023-06-02,Regular
11472,Isha Reddy,isha.reddy11472@mail.com,Kolkata,2024-04-30,Unknown
11473,Pooja Singh,pooja.singh11473@mail.com,Mumbai,2024-03-19,Premium
11474,Rohit Pillai,rohit.pillai11474@mail.com,Mumbai,2023-06-12,Premium
11475,Pallavi Rao,pallavi.rao11475@mail.com,Bangalore,2023-12-06,Premium
11476,Rahul Mehta,rahul.mehta11476@mail.com,Bangalore,2023-07-04,New
11477,Anjali Desai,anjali.desai11477@mail.com,Delhi,2024-01-23,Regular
11478,Isha Gupta,,Delhi,2024-06-04,New
11479,Pallavi Agarwal,pallavi.agarwal11479@mail.com,Ahmedabad,2023-07-07,Premium
11480,Deepak Kapoor,deepak.kapoor11480@mail.com,Hyderabad,2024-02-02,Premium
11481,Swati Sharma,swati.sharma11481@mail.com,Pune,2024-06-01,New
11482,Sneha Singh,sneha.singh11482@mail.com,Chennai,2024-06-20,Premium
11483,Vikram Nair,vikram.nair11483@mail.com,Ahmedabad,2023-10-14,Regular
11484,Shreya Nair,shreya.nair11484@mail.com,Chennai,2023-10-30,Premium
11485,Suresh Kapoor,,Hyderabad,2023-08-15,Regular
11486,Deepak Verma,deepak.verma11486@mail.com,Chennai,2023-08-21,Regular
11487,Vikram Singh,vikram.singh11487@mail.com,Bangalore,2023-10-28,New
11488,Rohit Verma,rohit.verma11488@mail.com,Bangalore,2023-06-07,Regular
11489,Sanjay Pillai,sanjay.pillai11489@mail.com,Bangalore,2024-04-25,Regular
11490,Pallavi Pillai,pallavi.pillai11490@mail.com,Unknown,2024-02-02,Regular
11491,Arjun Nair,arjun.nair11491@mail.com,Chennai,2023-09-23,Regular
11492,Rahul Joshi,rahul.joshi11492@mail.com,Ahmedabad,2024-03-18,New
11493,Ritu Agarwal,,Delhi,2023-09-12,Regular
11494,Karan Patel,karan.patel11494@mail.com,Chennai,2024-02-29,Premium
11495,Manoj Mukherjee,manoj.mukherjee11495@mail.com,Delhi,2023-10-10,Premium
11496,Pooja Desai,pooja.desai11496@mail.com,Bangalore,2024-04-07,Regular
11497,Isha Patel,isha.patel11497@mail.com,Bangalore,2023-11-03,Regular
11498,Manoj Reddy,manoj.reddy11498@mail.com,Hyderabad,2024-07-09,Premium
11499,Rahul Reddy,,Delhi,2024-02-05,Regular
11500,Swati Desai,swati.desai11500@mail.com,Delhi,2024-07-17,Premium
11501,Divya Kapoor,divya.kapoor11501@mail.com,Chennai,2024-04-19,Regular
11502,Kavita Iyer,kavita.iyer11502@mail.com,Delhi,2023-10-19,Premium
11503,Ajay Gupta,ajay.gupta11503@mail.com,Ahmedabad,2023-11-11,New
11504,Ajay Malhotra,ajay.malhotra11504@mail.com,Chennai,2024-08-15,Regular
11505,Ajay Reddy,ajay.reddy11505@mail.com,Delhi,2023-11-05,Regular
11506,Kavita Kapoor,kavita.kapoor11506@mail.com,Delhi,2024-05-10,Regular
11507,Pallavi Gupta,pallavi.gupta11507@mail.com,Bangalore,2024-02-20,New
11508,Suresh Nair,suresh.nair11508@mail.com,Chennai,2024-08-12,Premium
11509,Naveen Mehta,naveen.mehta11509@mail.com,Unknown,2024-01-04,Regular
11510,Priya Malhotra,,Pune,2024-01-20,Premium
11511,Deepak Iyer,deepak.iyer11511@mail.com,Chennai,2023-06-13,Regular
11512,Rahul Rao,rahul.rao11512@mail.com,Ahmedabad,2023-07-25,Regular
11513,Rohit Pillai,rohit.pillai11513@mail.com,Hyderabad,2024-05-18,New
11514,Rohit Chopra,rohit.chopra11514@mail.com,Hyderabad,2023-06-29,Premium
11515,Sneha Pillai,sneha.pillai11515@mail.com,Bangalore,2023-07-08,Regular
11516,Vikram Mukherjee,vikram.mukherjee11516@mail.com,Chennai,2023-09-11,Regular
11517,Nisha Iyer,nisha.iyer11517@mail.com,Chennai,2023-06-12,Regular
11518,Swati Mehta,swati.mehta11518@mail.com,Pune,2024-06-17,New
11519,Arjun Rao,,Chennai,2024-04-05,Premium
11520,Sanjay Pillai,sanjay.pillai11520@mail.com,Hyderabad,2024-02-18,Regular
11521,Pallavi Mehta,pallavi.mehta11521@mail.com,Ahmedabad,2024-03-21,Regular
11522,Meera Reddy,meera.reddy11522@mail.com,Bangalore,2024-08-07,New
11523,Rahul Patel,rahul.patel11523@mail.com,Kolkata,2024-01-25,Regular
11524,Amit Gupta,amit.gupta11524@mail.com,Pune,2024-02-26,Premium
11525,Sanjay Mukherjee,,Chennai,2024-04-15,Premium
11526,Suresh Nair,suresh.nair11526@mail.com,Pune,2024-04-30,Premium
11527,Gaurav Mukherjee,gaurav.mukherjee11527@mail.com,Bangalore,2024-06-30,Regular
11528,Pallavi Sharma,pallavi.sharma11528@mail.com,Bangalore,2023-11-26,New
11529,Rahul Rao,rahul.rao11529@mail.com,Chennai,2024-01-04,New
11530,Ravi Singh,,Ahmedabad,2024-08-01,New
11531,Rahul Chopra,rahul.chopra11531@mail.com,Hyderabad,2024-01-11,Regular
11532,Amit Gupta,amit.gupta11532@mail.com,Mumbai,2024-06-22,Regular
11533,Arjun Malhotra,arjun.malhotra11533@mail.com,Delhi,2023-07-17,Premium
11534,Manoj Kumar,manoj.kumar11534@mail.com,Hyderabad,2024-07-16,Regular
11535,Kavita Patel,kavita.patel11535@mail.com,Kolkata,2023-11-01,Regular
11536,Gaurav Pillai,gaurav.pillai11536@mail.com,Hyderabad,2024-06-08,Premium
11537,Rohit Kumar,rohit.kumar11537@mail.com,Bangalore,2023-08-19,Regular
11538,Rahul Verma,rahul.verma11538@mail.com,Pune,2024-07-26,Regular
11539,Swati Gupta,swati.gupta11539@mail.com,Pune,2024-07-07,Regular
11540,Isha Iyer,,Pune,2024-07-06,Regular
11541,Vikram Malhotra,vikram.malhotra11541@mail.com,Hyderabad,2024-06-25,Unknown
11542,Gaurav Nair,gaurav.nair11542@mail.com,Mumbai,2023-07-04,Regular
11543,Meera Desai,meera.desai11543@mail.com,Bangalore,2024-07-19,Premium
11544,Vikram Mehta,vikram.mehta11544@mail.com,Pune,2024-01-31,Regular
11545,Karan Singh,karan.singh11545@mail.com,Bangalore,2024-05-03,Regular
11546,Sneha Nair,sneha.nair11546@mail.com,Delhi,2023-09-03,Premium
11547,Rohit Agarwal,rohit.agarwal11547@mail.com,Chennai,2023-11-15,Regular
11548,Priya Chopra,priya.chopra11548@mail.com,Hyderabad,2023-09-02,Regular
11549,Sanjay Mehta,sanjay.mehta11549@mail.com,Hyderabad,2024-02-03,New
11550,Sanjay Desai,sanjay.desai11550@mail.com,Delhi,2024-04-14,Regular
11551,Karan Mehta,karan.mehta11551@mail.com,Pune,2023-10-09,Regular
11552,Sneha Mehta,sneha.mehta11552@mail.com,Chennai,2024-07-05,Regular
11553,Pooja Desai,pooja.desai11553@mail.com,Mumbai,2024-03-08,Premium
11554,Meera Patel,meera.patel11554@mail.com,Bangalore,2024-07-24,New
11555,Pooja Kumar,pooja.kumar11555@mail.com,Delhi,2024-06-16,Regular
11556,Karan Sharma,karan.sharma11556@mail.com,Pune,2024-05-21,New
11557,Anita Kapoor,anita.kapoor11557@mail.com,Delhi,2023-08-17,Regular
11558,Priya Chopra,priya.chopra11558@mail.com,Chennai,2024-02-23,New
11559,Kavita Kumar,kavita.kumar11559@mail.com,Mumbai,2024-05-28,Regular
11560,Amit Sharma,amit.sharma11560@mail.com,Kolkata,2023-08-13,Regular
11561,Pooja Chopra,pooja.chopra11561@mail.com,Bangalore,2024-01-01,Regular
11562,Suresh Singh,suresh.singh11562@mail.com,Kolkata,2024-06-06,Premium
11563,Nisha Iyer,nisha.iyer11563@mail.com,Pune,2024-04-22,Regular
11564,Shreya Nair,shreya.nair11564@mail.com,Ahmedabad,2024-07-25,Regular
11565,Ajay Mehta,ajay.mehta11565@mail.com,Chennai,2023-12-13,Premium
11566,Anita Pillai,anita.pillai11566@mail.com,Chennai,2024-02-23,Regular
11567,Neha Nair,neha.nair11567@mail.com,Ahmedabad,2024-01-02,Regular
11568,Swati Iyer,swati.iyer11568@mail.com,Chennai,2024-02-16,Regular
11569,Ravi Reddy,ravi.reddy11569@mail.com,Ahmedabad,2024-03-26,Regular
11570,Ajay Pillai,ajay.pillai11570@mail.com,Kolkata,2024-02-21,New
11571,Naveen Reddy,naveen.reddy11571@mail.com,Mumbai,2024-06-26,Regular
11572,Naveen Chopra,naveen.chopra11572@mail.com,Hyderabad,2024-04-27,Premium
11573,Sanjay Malhotra,sanjay.malhotra11573@mail.com,Hyderabad,2024-03-17,Regular
11574,Divya Kumar,divya.kumar11574@mail.com,Ahmedabad,2023-12-01,Premium
11575,Manoj Sharma,manoj.sharma11575@mail.com,Pune,2024-05-23,New
11576,Ajay Banerjee,ajay.banerjee11576@mail.com,Pune,2024-06-20,Regular
11577,Arjun Joshi,arjun.joshi11577@mail.com,Delhi,2024-07-29,Regular
11578,Anjali Pillai,anjali.pillai11578@mail.com,Bangalore,2023-09-12,Regular
11579,Gaurav Joshi,gaurav.joshi11579@mail.com,Bangalore,2023-11-13,Regular
11580,Vivek Banerjee,vivek.banerjee11580@mail.com,Chennai,2024-03-02,Regular
11581,Deepak Kapoor,deepak.kapoor11581@mail.com,Kolkata,2023-08-14,Premium
11582,Sneha Verma,sneha.verma11582@mail.com,Mumbai,2023-09-24,Regular
11583,Suresh Kumar,suresh.kumar11583@mail.com,Ahmedabad,2024-07-31,Premium
11584,Ritu Rao,,Bangalore,2023-10-30,Regular
11585,Divya Banerjee,divya.banerjee11585@mail.com,Delhi,2023-09-04,Premium
11586,Sanjay Iyer,sanjay.iyer11586@mail.com,Pune,2024-01-07,Regular
11587,Neha Patel,neha.patel11587@mail.com,Bangalore,2024-08-14,Premium
11588,Sneha Agarwal,sneha.agarwal11588@mail.com,Ahmedabad,2023-07-24,Premium
11589,Vivek Banerjee,vivek.banerjee11589@mail.com,Delhi,2023-10-16,Regular
11590,Divya Patel,divya.patel11590@mail.com,Bangalore,2024-03-13,Regular
11591,Deepak Singh,deepak.singh11591@mail.com,Mumbai,2023-11-29,Regular
11592,Swati Kumar,swati.kumar11592@mail.com,Ahmedabad,2024-05-26,Premium
11593,Kavita Banerjee,kavita.banerjee11593@mail.com,Chennai,2023-09-28,Regular
11594,Meera Mukherjee,meera.mukherjee11594@mail.com,Pune,2024-04-08,Regular
11595,Amit Kapoor,amit.kapoor11595@mail.com,Mumbai,2023-12-29,Premium
11596,Ajay Gupta,ajay.gupta11596@mail.com,Bangalore,2024-04-28,New
11597,Sanjay Mukherjee,sanjay.mukherjee11597@mail.com,Kolkata,2023-12-13,Premium
11598,Neha Gupta,neha.gupta11598@mail.com,Kolkata,2024-02-11,Regular
11599,Vivek Patel,vivek.patel11599@mail.com,Pune,2024-06-19,Regular
11600,Meera Sharma,meera.sharma11600@mail.com,Unknown,2023-08-26,Regular
11601,Kavita Kumar,kavita.kumar11601@mail.com,Pune,2023-08-28,Regular
11602,Neha Reddy,neha.reddy11602@mail.com,Bangalore,2023-12-09,Regular
11603,Anita Agarwal,anita.agarwal11603@mail.com,Bangalore,2023-06-16,Premium
11604,Sneha Verma,sneha.verma11604@mail.com,Chennai,2023-11-26,Premium
11605,Rahul Kapoor,rahul.kapoor11605@mail.com,Bangalore,2023-11-20,New
11606,Manoj Reddy,manoj.reddy11606@mail.com,Mumbai,2023-10-05,Regular
11607,Sanjay Sharma,sanjay.sharma11607@mail.com,Pune,2024-02-01,Premium
11608,Sneha Agarwal,sneha.agarwal11608@mail.com,Mumbai,2024-05-01,Regular
11609,Sanjay Banerjee,sanjay.banerjee11609@mail.com,Delhi,2023-11-12,Regular
11610,Sanjay Malhotra,sanjay.malhotra11610@mail.com,Kolkata,2024-02-07,Regular
11611,Kavita Pillai,kavita.pillai11611@mail.com,Chennai,2024-05-23,Regular
11612,Gaurav Mukherjee,gaurav.mukherjee11612@mail.com,Bangalore,2023-11-08,Premium
11613,Rahul Joshi,rahul.joshi11613@mail.com,Hyderabad,2024-06-13,Regular
11614,Priya Rao,priya.rao11614@mail.com,Mumbai,2023-09-04,New
11615,Rahul Mukherjee,rahul.mukherjee11615@mail.com,Hyderabad,2023-12-13,Unknown
11616,Pooja Mehta,pooja.mehta11616@mail.com,Bangalore,2024-07-28,Regular
11617,Anjali Nair,anjali.nair11617@mail.com,Chennai,2024-05-14,Regular
11618,Gaurav Iyer,gaurav.iyer11618@mail.com,Kolkata,2023-06-06,Regular
11619,Naveen Pillai,naveen.pillai11619@mail.com,Chennai,2023-06-06,Premium
11620,Nisha Nair,nisha.nair11620@mail.com,Mumbai,2023-07-29,Regular
11621,Arjun Gupta,arjun.gupta11621@mail.com,Chennai,2024-06-01,New
11622,Rohit Iyer,rohit.iyer11622@mail.com,Mumbai,2023-12-20,Premium
11623,Shreya Rao,shreya.rao11623@mail.com,Bangalore,2023-06-19,Regular
11624,Anita Patel,anita.patel11624@mail.com,Mumbai,2024-01-10,Premium
11625,Priya Agarwal,priya.agarwal11625@mail.com,Delhi,2024-06-06,Regular
11626,Suresh Gupta,suresh.gupta11626@mail.com,Pune,2023-09-11,New
11627,Karan Patel,karan.patel11627@mail.com,Delhi,2024-04-17,Regular
11628,Amit Nair,amit.nair11628@mail.com,Chennai,2023-08-22,Regular
11629,Divya Agarwal,divya.agarwal11629@mail.com,Hyderabad,2024-06-05,New
11630,Pooja Kumar,pooja.kumar11630@mail.com,Kolkata,2024-03-15,Regular
11631,Ajay Sharma,ajay.sharma11631@mail.com,Mumbai,2024-04-28,Premium
11632,Nisha Kapoor,nisha.kapoor11632@mail.com,Kolkata,2024-06-18,Regular
11633,Vivek Desai,vivek.desai11633@mail.com,Ahmedabad,2024-01-19,Regular
11634,Anita Chopra,anita.chopra11634@mail.com,Chennai,2023-12-06,Unknown
11635,Divya Banerjee,divya.banerjee11635@mail.com,Delhi,2023-08-04,Premium
11636,Divya Desai,divya.desai11636@mail.com,Ahmedabad,2023-12-16,Regular
11637,Karan Rao,karan.rao11637@mail.com,Delhi,2024-05-30,Regular
11638,Anjali Joshi,anjali.joshi11638@mail.com,Ahmedabad,2023-12-09,Premium
11639,Vivek Desai,vivek.desai11639@mail.com,Chennai,2023-12-29,Regular
11640,Sanjay Agarwal,sanjay.agarwal11640@mail.com,Kolkata,2024-01-13,Regular
11641,Swati Mukherjee,swati.mukherjee11641@mail.com,Bangalore,2023-12-23,Regular
11642,Pooja Singh,pooja.singh11642@mail.com,Ahmedabad,2024-04-08,New
11643,Nisha Reddy,nisha.reddy11643@mail.com,Mumbai,2023-06-11,Regular
11644,Arjun Joshi,arjun.joshi11644@mail.com,Delhi,2023-08-17,New
11645,Arjun Mukherjee,arjun.mukherjee11645@mail.com,Ahmedabad,2023-11-21,Premium
11646,Gaurav Singh,gaurav.singh11646@mail.com,Bangalore,2023-07-31,Regular
11647,Shreya Iyer,shreya.iyer11647@mail.com,Delhi,2024-05-05,Unknown
11648,Gaurav Chopra,,Ahmedabad,2024-01-31,Regular
11649,Isha Desai,isha.desai11649@mail.com,Bangalore,2024-08-31,Regular
11650,Arjun Patel,arjun.patel11650@mail.com,Pune,2023-08-30,Regular
11651,Isha Rao,isha.rao11651@mail.com,Pune,2024-05-30,Premium
11652,Shreya Kumar,shreya.kumar11652@mail.com,Kolkata,2023-12-04,New
11653,Isha Kumar,isha.kumar11653@mail.com,Ahmedabad,2023-08-25,Regular
11654,Divya Mehta,divya.mehta11654@mail.com,Hyderabad,2024-06-18,New
11655,Priya Singh,priya.singh11655@mail.com,Hyderabad,2023-11-02,Unknown
11656,Nisha Iyer,nisha.iyer11656@mail.com,Kolkata,2023-12-05,Premium
11657,Arjun Singh,arjun.singh11657@mail.com,Pune,2024-03-09,Regular
11658,Nisha Patel,nisha.patel11658@mail.com,Pune,2023-06-12,Premium
11659,Neha Patel,neha.patel11659@mail.com,Bangalore,2024-07-15,Regular
11660,Swati Mehta,swati.mehta11660@mail.com,Mumbai,2024-03-25,Premium
11661,Ritu Reddy,ritu.reddy11661@mail.com,Mumbai,2024-05-26,Regular
11662,Deepak Patel,deepak.patel11662@mail.com,Hyderabad,2024-07-10,Premium
11663,Vivek Agarwal,vivek.agarwal11663@mail.com,Delhi,2024-07-23,Regular
11664,Kavita Mukherjee,kavita.mukherjee11664@mail.com,Hyderabad,2023-09-03,Regular
11665,Gaurav Banerjee,gaurav.banerjee11665@mail.com,Delhi,2023-08-03,Premium
11666,Pooja Gupta,pooja.gupta11666@mail.com,Kolkata,2024-08-02,Regular
11667,Divya Iyer,divya.iyer11667@mail.com,Pune,2024-02-27,Regular
11668,Anita Patel,anita.patel11668@mail.com,Hyderabad,2024-02-08,Regular
11669,Amit Desai,amit.desai11669@mail.com,Hyderabad,2023-11-11,Regular
11670,Nisha Patel,nisha.patel11670@mail.com,Chennai,2024-08-03,Regular
11671,Kavita Pillai,kavita.pillai11671@mail.com,Pune,2023-09-25,Regular
11672,Manoj Mehta,manoj.mehta11672@mail.com,Kolkata,2024-08-18,New
11673,Divya Kumar,divya.kumar11673@mail.com,Bangalore,2023-12-13,Unknown
11674,Ritu Gupta,,Bangalore,2023-09-03,Regular
11675,Rahul Kumar,rahul.kumar11675@mail.com,Ahmedabad,2023-08-21,Regular
11676,Shreya Kapoor,shreya.kapoor11676@mail.com,Ahmedabad,2024-01-09,New
11677,Sneha Patel,sneha.patel11677@mail.com,Pune,2024-04-07,Regular
11678,Divya Pillai,divya.pillai11678@mail.com,Hyderabad,2024-04-19,Regular
11679,Sneha Kapoor,sneha.kapoor11679@mail.com,Bangalore,2023-10-23,Regular
11680,Rohit Pillai,rohit.pillai11680@mail.com,Mumbai,2024-01-15,Regular
11681,Isha Mehta,isha.mehta11681@mail.com,Ahmedabad,2024-03-11,Regular
11682,Arjun Mukherjee,arjun.mukherjee11682@mail.com,Delhi,2024-03-30,Premium
11683,Gaurav Kumar,gaurav.kumar11683@mail.com,Pune,2023-12-14,Premium
11684,Anjali Iyer,anjali.iyer11684@mail.com,Mumbai,2023-12-17,Premium
11685,Pallavi Sharma,pallavi.sharma11685@mail.com,Ahmedabad,2023-09-23,Premium
11686,Vikram Iyer,vikram.iyer11686@mail.com,Pune,2023-11-08,Premium
11687,Isha Kapoor,isha.kapoor11687@mail.com,Mumbai,2024-06-10,Regular
11688,Pooja Chopra,pooja.chopra11688@mail.com,Kolkata,2024-07-24,New
11689,Ravi Malhotra,ravi.malhotra11689@mail.com,Mumbai,2024-01-25,Premium
11690,Anita Kapoor,anita.kapoor11690@mail.com,Ahmedabad,2023-07-26,New
11691,Kavita Gupta,kavita.gupta11691@mail.com,Bangalore,2023-06-09,Regular
11692,Arjun Chopra,arjun.chopra11692@mail.com,Hyderabad,2024-04-26,Regular
11693,Vivek Verma,vivek.verma11693@mail.com,Pune,2024-08-26,Regular
11694,Isha Patel,isha.patel11694@mail.com,Bangalore,2023-07-23,Regular
11695,Neha Mehta,neha.mehta11695@mail.com,Mumbai,2023-11-23,Premium
11696,Vivek Chopra,vivek.chopra11696@mail.com,Bangalore,2024-07-26,Regular
11697,Pallavi Iyer,pallavi.iyer11697@mail.com,Delhi,2023-06-29,Premium
11698,Pooja Pillai,pooja.pillai11698@mail.com,Hyderabad,2023-09-21,Premium
11699,Arjun Mehta,arjun.mehta11699@mail.com,Kolkata,2024-05-09,Unknown
11700,Deepak Malhotra,deepak.malhotra11700@mail.com,Mumbai,2023-09-11,Unknown
11701,Deepak Patel,deepak.patel11701@mail.com,Pune,2023-12-21,Regular
11702,Kavita Iyer,kavita.iyer11702@mail.com,Pune,2023-08-21,Premium
11703,Gaurav Iyer,,Kolkata,2024-04-29,Regular
11704,Karan Chopra,karan.chopra11704@mail.com,Delhi,2023-07-28,Regular
11705,Rahul Mukherjee,rahul.mukherjee11705@mail.com,Chennai,2024-05-11,Regular
11706,Vivek Nair,,Chennai,2024-02-17,Regular
11707,Rahul Pillai,rahul.pillai11707@mail.com,Kolkata,2023-11-15,Regular
11708,Shreya Banerjee,shreya.banerjee11708@mail.com,Chennai,2024-08-12,Unknown
11709,Ravi Kapoor,ravi.kapoor11709@mail.com,Hyderabad,2023-10-19,New
11710,Anita Reddy,anita.reddy11710@mail.com,Hyderabad,2023-09-19,Premium
11711,Suresh Malhotra,suresh.malhotra11711@mail.com,Hyderabad,2024-06-29,Regular
11712,Isha Rao,isha.rao11712@mail.com,Mumbai,2024-06-16,New
11713,Anita Kumar,anita.kumar11713@mail.com,Mumbai,2024-06-06,Regular
11714,Suresh Kumar,suresh.kumar11714@mail.com,Ahmedabad,2024-06-09,Premium
11715,Priya Pillai,,Kolkata,2023-12-29,Regular
11716,Ajay Iyer,ajay.iyer11716@mail.com,Chennai,2024-02-01,Regular
11717,Rahul Nair,rahul.nair11717@mail.com,Ahmedabad,2024-04-28,Regular
11718,Deepak Pillai,deepak.pillai11718@mail.com,Delhi,2024-08-08,Premium
11719,Naveen Pillai,naveen.pillai11719@mail.com,Bangalore,2024-05-03,New
11720,Vivek Joshi,vivek.joshi11720@mail.com,Kolkata,2024-03-24,Regular
11721,Naveen Pillai,naveen.pillai11721@mail.com,Kolkata,2024-01-08,Regular
11722,Vivek Desai,vivek.desai11722@mail.com,Ahmedabad,2024-08-29,Regular
11723,Anjali Mehta,anjali.mehta11723@mail.com,Bangalore,2023-08-11,New
11724,Naveen Malhotra,naveen.malhotra11724@mail.com,Unknown,2024-03-05,Regular
11725,Nisha Gupta,nisha.gupta11725@mail.com,Delhi,2024-05-29,Premium
11726,Neha Banerjee,neha.banerjee11726@mail.com,Kolkata,2024-05-02,Premium
11727,Ajay Reddy,ajay.reddy11727@mail.com,Delhi,2024-04-25,Regular
11728,Ravi Agarwal,ravi.agarwal11728@mail.com,Mumbai,2023-08-13,New
11729,Kavita Rao,kavita.rao11729@mail.com,Mumbai,2023-06-13,Regular
11730,Nisha Patel,nisha.patel11730@mail.com,Mumbai,2024-01-18,New
11731,Deepak Kapoor,deepak.kapoor11731@mail.com,Chennai,2023-12-16,Regular
11732,Vivek Kapoor,vivek.kapoor11732@mail.com,Hyderabad,2023-06-17,Regular
11733,Ritu Chopra,ritu.chopra11733@mail.com,Mumbai,2024-05-18,Regular
11734,Ravi Chopra,ravi.chopra11734@mail.com,Hyderabad,2024-06-23,New
11735,Swati Reddy,swati.reddy11735@mail.com,Ahmedabad,2024-06-18,Regular
11736,Meera Desai,meera.desai11736@mail.com,Delhi,2023-12-28,Regular
11737,Ravi Agarwal,ravi.agarwal11737@mail.com,Ahmedabad,2024-02-13,Regular
11738,Meera Sharma,meera.sharma11738@mail.com,Chennai,2023-07-31,Premium
11739,Anita Sharma,anita.sharma11739@mail.com,Chennai,2023-11-17,Regular
11740,Shreya Pillai,shreya.pillai11740@mail.com,Delhi,2023-12-16,Premium
11741,Priya Verma,priya.verma11741@mail.com,Bangalore,2023-11-22,New
11742,Ritu Reddy,ritu.reddy11742@mail.com,Mumbai,2023-08-11,Unknown
11743,Shreya Joshi,shreya.joshi11743@mail.com,Kolkata,2024-05-28,Regular
11744,Shreya Sharma,shreya.sharma11744@mail.com,Chennai,2024-03-12,Premium
11745,Nisha Joshi,nisha.joshi11745@mail.com,Ahmedabad,2024-02-15,New
11746,Anita Patel,anita.patel11746@mail.com,Bangalore,2023-09-09,Regular
11747,Amit Gupta,amit.gupta11747@mail.com,Kolkata,2024-03-13,Regular
11748,Sanjay Kumar,sanjay.kumar11748@mail.com,Pune,2024-02-17,Premium
11749,Ravi Verma,ravi.verma11749@mail.com,Bangalore,2023-10-03,New
11750,Shreya Rao,shreya.rao11750@mail.com,Mumbai,2023-12-16,Regular
11751,Nisha Singh,nisha.singh11751@mail.com,Bangalore,2024-01-31,Regular
11752,Ajay Malhotra,ajay.malhotra11752@mail.com,Pune,2024-07-28,Regular
11753,Ajay Chopra,ajay.chopra11753@mail.com,Hyderabad,2024-05-09,Premium
11754,Pooja Singh,pooja.singh11754@mail.com,Ahmedabad,2024-04-26,New
11755,Shreya Patel,shreya.patel11755@mail.com,Kolkata,2023-06-16,Regular
11756,Ajay Sharma,ajay.sharma11756@mail.com,Pune,2023-12-19,Regular
11757,Naveen Banerjee,naveen.banerjee11757@mail.com,Pune,2024-08-11,New
11758,Deepak Mukherjee,deepak.mukherjee11758@mail.com,Bangalore,2023-11-20,Regular
11759,Vivek Patel,vivek.patel11759@mail.com,Chennai,2023-10-16,New
11760,Isha Mehta,isha.mehta11760@mail.com,Delhi,2023-09-06,Regular
11761,Divya Iyer,divya.iyer11761@mail.com,Chennai,2024-01-04,Premium
11762,Ritu Verma,ritu.verma11762@mail.com,Delhi,2024-05-17,Regular
11763,Rohit Agarwal,rohit.agarwal11763@mail.com,Bangalore,2024-06-05,Premium
11764,Vivek Mehta,vivek.mehta11764@mail.com,Bangalore,2024-07-19,Regular
11765,Rohit Desai,rohit.desai11765@mail.com,Pune,2023-10-09,Premium
11766,Sanjay Kumar,sanjay.kumar11766@mail.com,Mumbai,2024-07-20,New
11767,Rohit Iyer,rohit.iyer11767@mail.com,Kolkata,2023-10-15,Regular
11768,Shreya Malhotra,shreya.malhotra11768@mail.com,Kolkata,2023-08-01,Regular
11769,Priya Patel,priya.patel11769@mail.com,Chennai,2024-03-07,Regular
11770,Divya Rao,divya.rao11770@mail.com,Hyderabad,2023-06-06,Regular
11771,Pooja Nair,pooja.nair11771@mail.com,Delhi,2024-04-05,Regular
11772,Vikram Kumar,vikram.kumar11772@mail.com,Pune,2023-08-27,Premium
11773,Anita Patel,anita.patel11773@mail.com,Chennai,2023-08-03,Regular
11774,Anita Gupta,anita.gupta11774@mail.com,Delhi,2023-07-25,Regular
11775,Pallavi Chopra,pallavi.chopra11775@mail.com,Ahmedabad,2023-09-27,Regular
11776,Swati Chopra,swati.chopra11776@mail.com,Kolkata,2024-03-04,Premium
11777,Gaurav Agarwal,gaurav.agarwal11777@mail.com,Pune,2023-06-11,Regular
11778,Neha Singh,neha.singh11778@mail.com,Mumbai,2024-08-02,Premium
11779,Arjun Joshi,arjun.joshi11779@mail.com,Kolkata,2023-10-06,Premium
11780,Ravi Mukherjee,ravi.mukherjee11780@mail.com,Unknown,2024-05-23,Regular
11781,Neha Chopra,neha.chopra11781@mail.com,Hyderabad,2024-01-10,Premium
11782,Pooja Iyer,pooja.iyer11782@mail.com,Pune,2024-02-01,Regular
11783,Karan Rao,karan.rao11783@mail.com,Hyderabad,2023-12-04,Regular
11784,Anjali Banerjee,anjali.banerjee11784@mail.com,Hyderabad,2023-07-11,Regular
11785,Divya Iyer,divya.iyer11785@mail.com,Bangalore,2023-12-27,Regular
11786,Priya Mukherjee,priya.mukherjee11786@mail.com,Bangalore,2024-03-07,Unknown
11787,Rahul Kapoor,rahul.kapoor11787@mail.com,Mumbai,2024-06-30,Regular
11788,Manoj Banerjee,manoj.banerjee11788@mail.com,Pune,2023-08-18,Regular
11789,Anita Iyer,anita.iyer11789@mail.com,Hyderabad,2023-12-19,Regular
11790,Pallavi Kapoor,pallavi.kapoor11790@mail.com,Pune,2024-01-23,Regular
11791,Vivek Kapoor,vivek.kapoor11791@mail.com,Hyderabad,2023-12-11,Regular
11792,Ajay Chopra,ajay.chopra11792@mail.com,Kolkata,2024-01-25,New
11793,Deepak Chopra,deepak.chopra11793@mail.com,Chennai,2023-12-26,Unknown
11794,Amit Kapoor,amit.kapoor11794@mail.com,Pune,2023-07-30,Premium
11795,Arjun Pillai,arjun.pillai11795@mail.com,Delhi,2023-09-19,Regular
11796,Ritu Singh,ritu.singh11796@mail.com,Chennai,2023-10-04,Regular
11797,Sanjay Desai,sanjay.desai11797@mail.com,Ahmedabad,2024-08-25,Regular
11798,Vikram Reddy,vikram.reddy11798@mail.com,Chennai,2023-06-28,Regular
11799,Amit Kapoor,amit.kapoor11799@mail.com,Chennai,2024-07-25,Regular
11800,Shreya Patel,shreya.patel11800@mail.com,Unknown,2023-09-08,Regular
11801,Swati Banerjee,swati.banerjee11801@mail.com,Chennai,2023-06-13,Regular
11802,Arjun Kapoor,arjun.kapoor11802@mail.com,Ahmedabad,2024-04-14,Regular
11803,Gaurav Desai,gaurav.desai11803@mail.com,Ahmedabad,2024-06-25,Regular
11804,Karan Patel,karan.patel11804@mail.com,Bangalore,2023-11-17,Premium
11805,Vikram Rao,vikram.rao11805@mail.com,Mumbai,2023-12-14,Unknown
11806,Vikram Rao,vikram.rao11806@mail.com,Kolkata,2023-09-08,Regular
11807,Suresh Rao,suresh.rao11807@mail.com,Hyderabad,2023-08-23,New
11808,Manoj Gupta,manoj.gupta11808@mail.com,Ahmedabad,2023-07-11,Premium
11809,Neha Pillai,neha.pillai11809@mail.com,Chennai,2024-03-12,Regular
11810,Arjun Agarwal,arjun.agarwal11810@mail.com,Bangalore,2024-05-15,Premium
11811,Ajay Nair,ajay.nair11811@mail.com,Delhi,2024-01-09,Regular
11812,Swati Chopra,swati.chopra11812@mail.com,Hyderabad,2024-07-15,New
11813,Ritu Nair,ritu.nair11813@mail.com,Delhi,2023-08-18,New
11814,Sanjay Malhotra,sanjay.malhotra11814@mail.com,Pune,2023-07-12,Regular
11815,Ajay Mehta,ajay.mehta11815@mail.com,Hyderabad,2023-12-25,Unknown
11816,Neha Reddy,neha.reddy11816@mail.com,Chennai,2024-02-05,New
11817,Sanjay Malhotra,sanjay.malhotra11817@mail.com,Delhi,2023-10-03,Premium
11818,Sanjay Patel,,Mumbai,2023-07-13,Premium
11819,Amit Singh,amit.singh11819@mail.com,Hyderabad,2024-01-28,Regular
11820,Nisha Joshi,nisha.joshi11820@mail.com,Mumbai,2023-08-24,New
11821,Priya Kapoor,priya.kapoor11821@mail.com,Hyderabad,2024-07-09,Regular
11822,Rohit Verma,rohit.verma11822@mail.com,Mumbai,2023-10-24,Regular
11823,Ajay Agarwal,ajay.agarwal11823@mail.com,Mumbai,2024-04-06,Regular
11824,Anita Pillai,anita.pillai11824@mail.com,Ahmedabad,2024-02-16,Regular
11825,Isha Nair,isha.nair11825@mail.com,Chennai,2023-11-15,Unknown
11826,Priya Mukherjee,priya.mukherjee11826@mail.com,Mumbai,2023-07-26,New
11827,Arjun Mehta,arjun.mehta11827@mail.com,Delhi,2024-02-02,Regular
11828,Meera Mukherjee,meera.mukherjee11828@mail.com,Chennai,2023-09-16,New
11829,Neha Patel,neha.patel11829@mail.com,Hyderabad,2024-08-04,New
11830,Nisha Chopra,nisha.chopra11830@mail.com,Pune,2023-08-08,Premium
11831,Isha Mukherjee,isha.mukherjee11831@mail.com,Bangalore,2024-08-19,Premium
11832,Arjun Singh,arjun.singh11832@mail.com,Hyderabad,2023-10-01,Regular
11833,Anita Malhotra,anita.malhotra11833@mail.com,Hyderabad,2024-04-19,Regular
11834,Sneha Pillai,sneha.pillai11834@mail.com,Delhi,2023-08-15,Regular
11835,Karan Chopra,karan.chopra11835@mail.com,Delhi,2024-06-29,New
11836,Meera Verma,meera.verma11836@mail.com,Ahmedabad,2023-10-24,Regular
11837,Shreya Malhotra,shreya.malhotra11837@mail.com,Ahmedabad,2023-11-09,Premium
11838,Pallavi Sharma,pallavi.sharma11838@mail.com,Delhi,2024-03-23,Unknown
11839,Naveen Desai,naveen.desai11839@mail.com,Delhi,2023-06-02,Regular
11840,Naveen Banerjee,naveen.banerjee11840@mail.com,Kolkata,2024-02-12,New
11841,Ajay Kapoor,ajay.kapoor11841@mail.com,Hyderabad,2024-03-24,Regular
11842,Pooja Chopra,,Pune,2024-03-06,Premium
11843,Pooja Pillai,pooja.pillai11843@mail.com,Hyderabad,2023-08-06,New
11844,Suresh Malhotra,suresh.malhotra11844@mail.com,Bangalore,2023-09-13,Premium
11845,Meera Banerjee,meera.banerjee11845@mail.com,Unknown,2023-08-19,New
11846,Ajay Iyer,ajay.iyer11846@mail.com,Bangalore,2024-06-26,Regular
11847,Manoj Agarwal,manoj.agarwal11847@mail.com,Mumbai,2024-05-08,Premium
11848,Anita Chopra,anita.chopra11848@mail.com,Delhi,2023-10-07,Premium
11849,Ajay Patel,ajay.patel11849@mail.com,Mumbai,2023-08-14,Regular
11850,Isha Joshi,isha.joshi11850@mail.com,Hyderabad,2024-08-10,Regular
11851,Ritu Chopra,ritu.chopra11851@mail.com,Delhi,2023-09-06,Premium
11852,Swati Nair,swati.nair11852@mail.com,Ahmedabad,2023-12-16,Unknown
11853,Rahul Kumar,rahul.kumar11853@mail.com,Pune,2024-05-06,New
11854,Arjun Desai,arjun.desai11854@mail.com,Mumbai,2024-08-05,Regular
11855,Shreya Pillai,shreya.pillai11855@mail.com,Pune,2024-04-15,Premium
11856,Meera Malhotra,meera.malhotra11856@mail.com,Chennai,2024-08-13,Regular
11857,Deepak Iyer,deepak.iyer11857@mail.com,Kolkata,2023-10-22,Regular
11858,Amit Pillai,,Chennai,2023-11-01,Regular
11859,Amit Singh,amit.singh11859@mail.com,Mumbai,2023-07-29,Regular
11860,Anita Mukherjee,anita.mukherjee11860@mail.com,Delhi,2024-07-14,Regular
11861,Ajay Banerjee,ajay.banerjee11861@mail.com,Mumbai,2024-03-08,New
11862,Nisha Verma,nisha.verma11862@mail.com,Mumbai,2024-06-20,New
11863,Arjun Iyer,arjun.iyer11863@mail.com,Unknown,2023-07-06,Regular
11864,Priya Pillai,priya.pillai11864@mail.com,Pune,2024-03-04,Regular
11865,Pooja Patel,pooja.patel11865@mail.com,Pune,2023-09-03,Premium
11866,Ravi Pillai,ravi.pillai11866@mail.com,Delhi,2024-05-28,Regular
11867,Pooja Malhotra,pooja.malhotra11867@mail.com,Hyderabad,2024-03-22,Premium
11868,Priya Malhotra,priya.malhotra11868@mail.com,Delhi,2024-05-07,Regular
11869,Rohit Malhotra,rohit.malhotra11869@mail.com,Chennai,2023-10-06,Premium
11870,Anjali Pillai,anjali.pillai11870@mail.com,Hyderabad,2023-12-25,Regular
11871,Naveen Mukherjee,naveen.mukherjee11871@mail.com,Mumbai,2023-10-06,Regular
11872,Swati Patel,swati.patel11872@mail.com,Unknown,2023-09-20,Regular
11873,Sneha Kumar,sneha.kumar11873@mail.com,Kolkata,2023-11-22,Regular
11874,Pallavi Joshi,pallavi.joshi11874@mail.com,Pune,2023-12-11,Premium
11875,Vivek Singh,vivek.singh11875@mail.com,Delhi,2023-11-28,Regular
11876,Shreya Iyer,shreya.iyer11876@mail.com,Kolkata,2023-10-08,Regular
11877,Priya Desai,priya.desai11877@mail.com,Chennai,2023-12-29,Regular
11878,Ajay Kumar,ajay.kumar11878@mail.com,Ahmedabad,2024-03-27,Regular
11879,Pallavi Iyer,pallavi.iyer11879@mail.com,Ahmedabad,2023-10-17,Unknown
11880,Pooja Pillai,pooja.pillai11880@mail.com,Kolkata,2024-03-09,Regular
11881,Karan Iyer,karan.iyer11881@mail.com,Mumbai,2024-08-15,Unknown
11882,Rohit Reddy,rohit.reddy11882@mail.com,Delhi,2023-10-08,Premium
11883,Anjali Mukherjee,,Bangalore,2024-02-10,New
11884,Deepak Banerjee,deepak.banerjee11884@mail.com,Kolkata,2023-11-22,Regular
11885,Ajay Malhotra,ajay.malhotra11885@mail.com,Chennai,2024-07-16,Regular
11886,Anjali Mukherjee,anjali.mukherjee11886@mail.com,Pune,2023-12-12,Unknown
11887,Arjun Joshi,arjun.joshi11887@mail.com,Ahmedabad,2024-02-28,Unknown
11888,Amit Reddy,amit.reddy11888@mail.com,Bangalore,2023-12-28,New
11889,Amit Reddy,amit.reddy11889@mail.com,Ahmedabad,2023-09-22,Premium
11890,Isha Mukherjee,isha.mukherjee11890@mail.com,Kolkata,2023-10-22,Premium
11891,Isha Nair,isha.nair11891@mail.com,Mumbai,2024-07-17,Regular
11892,Pooja Sharma,pooja.sharma11892@mail.com,Ahmedabad,2024-03-04,Regular
11893,Shreya Rao,shreya.rao11893@mail.com,Kolkata,2023-07-22,Regular
11894,Divya Joshi,,Pune,2024-03-11,Premium
11895,Ravi Iyer,ravi.iyer11895@mail.com,Delhi,2024-07-26,Regular
11896,Rahul Rao,rahul.rao11896@mail.com,Bangalore,2024-01-22,Unknown
11897,Swati Rao,swati.rao11897@mail.com,Pune,2024-08-01,Premium
11898,Shreya Chopra,shreya.chopra11898@mail.com,Hyderabad,2023-12-09,Regular
11899,Amit Gupta,amit.gupta11899@mail.com,Delhi,2023-08-18,Regular
11900,Deepak Agarwal,deepak.agarwal11900@mail.com,Pune,2023-08-20,Premium
11901,Manoj Malhotra,manoj.malhotra11901@mail.com,Bangalore,2024-08-02,Premium
11902,Swati Kumar,swati.kumar11902@mail.com,Delhi,2023-10-30,Regular
11903,Sneha Singh,sneha.singh11903@mail.com,Hyderabad,2024-06-12,Premium
11904,Isha Mukherjee,isha.mukherjee11904@mail.com,Bangalore,2024-02-21,Regular
11905,Priya Agarwal,priya.agarwal11905@mail.com,Mumbai,2024-03-02,Regular
11906,Arjun Banerjee,arjun.banerjee11906@mail.com,Bangalore,2023-06-23,Regular
11907,Pooja Patel,pooja.patel11907@mail.com,Bangalore,2024-01-13,Regular
11908,Arjun Desai,arjun.desai11908@mail.com,Bangalore,2023-10-20,Unknown
11909,Ravi Kumar,ravi.kumar11909@mail.com,Hyderabad,2023-11-13,Regular
11910,Deepak Rao,deepak.rao11910@mail.com,Ahmedabad,2024-01-11,Premium
11911,Swati Kapoor,swati.kapoor11911@mail.com,Hyderabad,2023-11-28,Regular
11912,Kavita Verma,kavita.verma11912@mail.com,Chennai,2023-07-14,Regular
11913,Kavita Pillai,kavita.pillai11913@mail.com,Mumbai,2023-08-29,Unknown
11914,Sanjay Pillai,sanjay.pillai11914@mail.com,Unknown,2024-01-26,Regular
11915,Pooja Chopra,pooja.chopra11915@mail.com,Pune,2023-07-16,Regular
11916,Rohit Reddy,rohit.reddy11916@mail.com,Delhi,2023-08-16,Premium
11917,Priya Joshi,priya.joshi11917@mail.com,Chennai,2024-07-06,Unknown
11918,Shreya Sharma,shreya.sharma11918@mail.com,Kolkata,2023-10-02,Regular
11919,Ritu Kumar,ritu.kumar11919@mail.com,Bangalore,2023-07-04,Regular
11920,Suresh Agarwal,suresh.agarwal11920@mail.com,Mumbai,2024-02-26,Premium
11921,Vivek Gupta,vivek.gupta11921@mail.com,Ahmedabad,2024-08-24,New
11922,Karan Patel,karan.patel11922@mail.com,Kolkata,2023-10-03,Regular
11923,Kavita Gupta,kavita.gupta11923@mail.com,Chennai,2023-10-31,Regular
11924,Neha Agarwal,neha.agarwal11924@mail.com,Kolkata,2023-07-24,Regular
11925,Naveen Chopra,naveen.chopra11925@mail.com,Chennai,2023-12-17,Regular
11926,Pallavi Sharma,pallavi.sharma11926@mail.com,Bangalore,2024-07-08,Regular
11927,Kavita Rao,kavita.rao11927@mail.com,Hyderabad,2024-01-27,Regular
11928,Rohit Agarwal,rohit.agarwal11928@mail.com,Hyderabad,2024-06-09,Regular
11929,Naveen Iyer,naveen.iyer11929@mail.com,Pune,2024-01-25,Premium
11930,Kavita Sharma,kavita.sharma11930@mail.com,Chennai,2023-09-13,New
11931,Naveen Agarwal,naveen.agarwal11931@mail.com,Chennai,2023-11-09,New
11932,Ritu Reddy,ritu.reddy11932@mail.com,Mumbai,2024-05-30,Regular
11933,Meera Sharma,meera.sharma11933@mail.com,Delhi,2024-03-30,Regular
11934,Vivek Mehta,,Delhi,2024-08-25,Regular
11935,Ajay Kapoor,ajay.kapoor11935@mail.com,Ahmedabad,2023-12-17,Regular
11936,Swati Agarwal,,Hyderabad,2023-09-03,Regular
11937,Arjun Malhotra,arjun.malhotra11937@mail.com,Unknown,2023-08-05,Premium
11938,Arjun Pillai,arjun.pillai11938@mail.com,Ahmedabad,2024-06-08,Regular
11939,Divya Kumar,divya.kumar11939@mail.com,Delhi,2023-12-06,Premium
11940,Anjali Patel,anjali.patel11940@mail.com,Mumbai,2024-04-23,Premium
11941,Sanjay Agarwal,sanjay.agarwal11941@mail.com,Ahmedabad,2024-08-03,Regular
11942,Naveen Gupta,naveen.gupta11942@mail.com,Delhi,2024-04-04,Regular
11943,Divya Patel,divya.patel11943@mail.com,Mumbai,2023-06-19,Premium
11944,Divya Sharma,divya.sharma11944@mail.com,Pune,2024-07-03,Premium
11945,Ritu Sharma,ritu.sharma11945@mail.com,Unknown,2024-06-17,Unknown
11946,Rahul Sharma,rahul.sharma11946@mail.com,Delhi,2023-12-17,Regular
11947,Sanjay Singh,sanjay.singh11947@mail.com,Ahmedabad,2023-11-12,New
11948,Suresh Mehta,suresh.mehta11948@mail.com,Pune,2024-07-23,Regular
11949,Vivek Pillai,vivek.pillai11949@mail.com,Kolkata,2024-04-25,New
11950,Kavita Sharma,,Mumbai,2023-11-03,New
11951,Rahul Mehta,rahul.mehta11951@mail.com,Chennai,2024-01-31,New
11952,Divya Sharma,divya.sharma11952@mail.com,Delhi,2024-04-26,Regular
11953,Manoj Kumar,manoj.kumar11953@mail.com,Hyderabad,2024-03-16,Regular
11954,Isha Kumar,isha.kumar11954@mail.com,Ahmedabad,2024-03-25,Premium
11955,Vivek Malhotra,vivek.malhotra11955@mail.com,Kolkata,2023-10-30,Premium
11956,Nisha Desai,nisha.desai11956@mail.com,Mumbai,2023-10-30,Regular
11957,Rohit Nair,,Bangalore,2024-03-16,Regular
11958,Anjali Rao,anjali.rao11958@mail.com,Bangalore,2023-07-26,Regular
11959,Vikram Malhotra,vikram.malhotra11959@mail.com,Kolkata,2024-03-13,Unknown
11960,Meera Pillai,meera.pillai11960@mail.com,Bangalore,2024-04-23,Unknown
11961,Manoj Gupta,manoj.gupta11961@mail.com,Delhi,2024-03-14,New
11962,Nisha Kapoor,nisha.kapoor11962@mail.com,Pune,2024-02-22,Regular
11963,Kavita Kumar,kavita.kumar11963@mail.com,Pune,2024-08-28,Premium
11964,Divya Mehta,divya.mehta11964@mail.com,Hyderabad,2023-12-25,Regular
11965,Suresh Patel,suresh.patel11965@mail.com,Kolkata,2023-12-11,Regular
11966,Meera Pillai,meera.pillai11966@mail.com,Kolkata,2024-05-10,Premium
11967,Arjun Mukherjee,arjun.mukherjee11967@mail.com,Pune,2023-10-07,Premium
11968,Rohit Verma,rohit.verma11968@mail.com,Chennai,2023-06-21,New
11969,Ravi Kumar,ravi.kumar11969@mail.com,Kolkata,2023-12-18,New
11970,Ajay Chopra,ajay.chopra11970@mail.com,Delhi,2023-07-12,Premium
11971,Pallavi Kumar,pallavi.kumar11971@mail.com,Hyderabad,2023-12-10,Regular
11972,Anjali Patel,anjali.patel11972@mail.com,Pune,2024-01-19,Regular
11973,Rohit Desai,rohit.desai11973@mail.com,Kolkata,2023-08-13,Regular
11974,Gaurav Pillai,gaurav.pillai11974@mail.com,Ahmedabad,2024-04-02,Regular
11975,Vikram Chopra,vikram.chopra11975@mail.com,Kolkata,2023-08-06,Regular
11976,Pallavi Pillai,pallavi.pillai11976@mail.com,Ahmedabad,2023-06-25,New
11977,Ajay Iyer,ajay.iyer11977@mail.com,Hyderabad,2024-02-24,Premium
11978,Manoj Nair,manoj.nair11978@mail.com,Mumbai,2023-11-08,Regular
11979,Sanjay Reddy,sanjay.reddy11979@mail.com,Ahmedabad,2024-01-24,Regular
11980,Sneha Patel,sneha.patel11980@mail.com,Bangalore,2023-12-12,Regular
11981,Nisha Mehta,nisha.mehta11981@mail.com,Bangalore,2024-02-09,Regular
11982,Manoj Patel,manoj.patel11982@mail.com,Chennai,2023-10-14,Regular
11983,Priya Singh,priya.singh11983@mail.com,Kolkata,2024-02-17,Regular
11984,Priya Nair,priya.nair11984@mail.com,Ahmedabad,2024-05-15,Regular
11985,Vikram Desai,vikram.desai11985@mail.com,Ahmedabad,2023-09-04,Regular
11986,Gaurav Mukherjee,gaurav.mukherjee11986@mail.com,Bangalore,2024-04-17,Regular
11987,Meera Mehta,meera.mehta11987@mail.com,Ahmedabad,2023-09-28,Premium
11988,Pooja Reddy,pooja.reddy11988@mail.com,Bangalore,2024-05-14,New
11989,Manoj Kumar,manoj.kumar11989@mail.com,Ahmedabad,2023-12-24,Premium
11990,Sanjay Pillai,sanjay.pillai11990@mail.com,Delhi,2024-02-21,Premium
11991,Ravi Chopra,ravi.chopra11991@mail.com,Bangalore,2024-05-03,Premium
11992,Anita Patel,,Kolkata,2024-08-21,Premium
11993,Isha Reddy,isha.reddy11993@mail.com,Chennai,2024-03-18,Regular
11994,Amit Mukherjee,amit.mukherjee11994@mail.com,Bangalore,2024-03-17,Unknown
11995,Rohit Banerjee,rohit.banerjee11995@mail.com,Chennai,2024-01-07,Premium
11996,Anita Singh,anita.singh11996@mail.com,Hyderabad,2024-07-13,Regular
11997,Meera Malhotra,meera.malhotra11997@mail.com,Chennai,2023-10-28,Premium
11998,Anjali Agarwal,anjali.agarwal11998@mail.com,Mumbai,2023-07-14,Regular
11999,Ritu Sharma,ritu.sharma11999@mail.com,Ahmedabad,2023-11-30,New
12000,Shreya Rao,shreya.rao12000@mail.com,Bangalore,2024-04-11,Regular
12001,Swati Desai,swati.desai12001@mail.com,Ahmedabad,2023-12-14,Regular
12002,Shreya Singh,shreya.singh12002@mail.com,Bangalore,2024-02-20,Regular
12003,Meera Mehta,meera.mehta12003@mail.com,Hyderabad,2024-04-25,Regular
12004,Suresh Kumar,suresh.kumar12004@mail.com,Pune,2023-12-13,Unknown
12005,Nisha Reddy,nisha.reddy12005@mail.com,Bangalore,2024-03-04,Regular
12006,Anita Agarwal,anita.agarwal12006@mail.com,Kolkata,2024-03-30,Regular
12007,Anita Nair,anita.nair12007@mail.com,Bangalore,2024-02-28,Premium
12008,Pooja Rao,pooja.rao12008@mail.com,Mumbai,2023-12-25,Regular
12009,Meera Mehta,meera.mehta12009@mail.com,Ahmedabad,2023-11-23,Regular
12010,Pooja Nair,pooja.nair12010@mail.com,Pune,2023-07-23,Regular
12011,Sanjay Joshi,sanjay.joshi12011@mail.com,Pune,2024-04-26,Regular
12012,Arjun Kumar,arjun.kumar12012@mail.com,Pune,2024-06-30,Premium
12013,Vivek Kapoor,vivek.kapoor12013@mail.com,Mumbai,2024-08-31,Regular
12014,Shreya Kapoor,shreya.kapoor12014@mail.com,Ahmedabad,2023-06-25,Regular
12015,Ritu Sharma,ritu.sharma12015@mail.com,Mumbai,2023-09-16,Regular
12016,Naveen Mehta,naveen.mehta12016@mail.com,Delhi,2023-09-19,Premium
12017,Shreya Agarwal,shreya.agarwal12017@mail.com,Mumbai,2024-07-13,Regular
12018,Suresh Singh,,Mumbai,2024-06-29,Premium
12019,Anjali Agarwal,anjali.agarwal12019@mail.com,Mumbai,2024-03-29,Regular
12020,Ajay Pillai,ajay.pillai12020@mail.com,Hyderabad,2023-12-02,Regular
12021,Neha Chopra,neha.chopra12021@mail.com,Bangalore,2023-11-17,Regular
12022,Arjun Mukherjee,arjun.mukherjee12022@mail.com,Kolkata,2024-03-02,Regular
12023,Arjun Agarwal,arjun.agarwal12023@mail.com,Pune,2024-03-04,Premium
12024,Pallavi Mehta,pallavi.mehta12024@mail.com,Chennai,2024-02-13,Regular
12025,Ritu Malhotra,,Pune,2023-08-09,New
12026,Kavita Joshi,kavita.joshi12026@mail.com,Delhi,2024-04-27,New
12027,Naveen Reddy,naveen.reddy12027@mail.com,Pune,2023-07-06,Regular
12028,Vivek Malhotra,vivek.malhotra12028@mail.com,Bangalore,2023-07-22,Regular
12029,Sanjay Mukherjee,sanjay.mukherjee12029@mail.com,Ahmedabad,2024-02-11,New
12030,Gaurav Desai,,Chennai,2023-12-29,Regular
12031,Swati Gupta,swati.gupta12031@mail.com,Pune,2023-09-16,New
12032,Deepak Banerjee,deepak.banerjee12032@mail.com,Mumbai,2023-08-08,Regular
12033,Naveen Kumar,naveen.kumar12033@mail.com,Chennai,2023-07-18,Regular
12034,Divya Iyer,divya.iyer12034@mail.com,Unknown,2023-09-13,Premium
12035,Shreya Chopra,shreya.chopra12035@mail.com,Mumbai,2024-01-20,Regular
12036,Suresh Joshi,suresh.joshi12036@mail.com,Chennai,2023-08-09,Regular
12037,Anjali Patel,anjali.patel12037@mail.com,Ahmedabad,2024-05-02,Regular
12038,Anita Desai,anita.desai12038@mail.com,Mumbai,2024-01-27,Regular
12039,Deepak Rao,deepak.rao12039@mail.com,Bangalore,2023-11-14,Regular
12040,Rahul Malhotra,rahul.malhotra12040@mail.com,Bangalore,2024-06-10,Regular
12041,Kavita Nair,kavita.nair12041@mail.com,Bangalore,2023-08-25,Regular
12042,Pallavi Banerjee,pallavi.banerjee12042@mail.com,Delhi,2024-03-11,New
12043,Manoj Pillai,manoj.pillai12043@mail.com,Unknown,2024-07-18,Regular
12044,Pallavi Iyer,pallavi.iyer12044@mail.com,Ahmedabad,2023-09-01,New
12045,Ravi Gupta,ravi.gupta12045@mail.com,Bangalore,2023-07-06,Regular
12046,Ajay Agarwal,ajay.agarwal12046@mail.com,Ahmedabad,2023-09-18,Regular
12047,Meera Agarwal,meera.agarwal12047@mail.com,Delhi,2023-08-16,Regular
12048,Neha Chopra,neha.chopra12048@mail.com,Hyderabad,2023-08-28,Regular
12049,Ritu Desai,ritu.desai12049@mail.com,Ahmedabad,2024-05-16,Regular
12050,Karan Joshi,karan.joshi12050@mail.com,Bangalore,2024-04-22,Regular
12051,Ritu Sharma,ritu.sharma12051@mail.com,Delhi,2023-10-21,New
12052,Rohit Mukherjee,rohit.mukherjee12052@mail.com,Pune,2024-01-22,Regular
12053,Swati Mukherjee,swati.mukherjee12053@mail.com,Mumbai,2024-07-03,Regular
12054,Rohit Joshi,rohit.joshi12054@mail.com,Hyderabad,2023-11-03,Regular
12055,Priya Kapoor,priya.kapoor12055@mail.com,Delhi,2024-03-22,Regular
12056,Amit Kapoor,amit.kapoor12056@mail.com,Mumbai,2023-12-21,Regular
12057,Sneha Desai,sneha.desai12057@mail.com,Kolkata,2024-06-20,Premium
12058,Amit Reddy,amit.reddy12058@mail.com,Mumbai,2023-12-24,Regular
12059,Priya Desai,priya.desai12059@mail.com,Bangalore,2023-11-23,Premium
12060,Rahul Kapoor,rahul.kapoor12060@mail.com,Delhi,2023-10-29,Regular
12061,Nisha Gupta,nisha.gupta12061@mail.com,Ahmedabad,2024-07-02,Regular
12062,Amit Verma,amit.verma12062@mail.com,Hyderabad,2024-04-16,Regular
12063,Arjun Singh,,Bangalore,2023-10-25,Regular
12064,Pallavi Joshi,pallavi.joshi12064@mail.com,Pune,2024-08-03,Unknown
12065,Isha Rao,isha.rao12065@mail.com,Unknown,2024-07-03,Premium
12066,Manoj Reddy,manoj.reddy12066@mail.com,Bangalore,2023-09-06,Regular
12067,Kavita Singh,kavita.singh12067@mail.com,Delhi,2023-10-11,Unknown
12068,Shreya Sharma,shreya.sharma12068@mail.com,Kolkata,2023-12-03,Premium
12069,Anita Kapoor,anita.kapoor12069@mail.com,Hyderabad,2024-06-03,Premium
12070,Divya Nair,divya.nair12070@mail.com,Bangalore,2024-08-14,Regular
12071,Suresh Gupta,suresh.gupta12071@mail.com,Hyderabad,2024-05-25,Premium
12072,Anjali Joshi,anjali.joshi12072@mail.com,Kolkata,2024-03-15,New
12073,Kavita Kapoor,kavita.kapoor12073@mail.com,Mumbai,2024-01-13,Regular
12074,Naveen Gupta,naveen.gupta12074@mail.com,Delhi,2024-02-01,Premium
12075,Ravi Reddy,ravi.reddy12075@mail.com,Hyderabad,2024-06-28,Regular
12076,Ritu Malhotra,ritu.malhotra12076@mail.com,Delhi,2024-01-17,Regular
12077,Karan Sharma,karan.sharma12077@mail.com,Hyderabad,2024-07-20,Premium
12078,Pallavi Reddy,pallavi.reddy12078@mail.com,Pune,2024-01-24,Regular
12079,Priya Desai,priya.desai12079@mail.com,Delhi,2023-07-11,New
12080,Suresh Pillai,suresh.pillai12080@mail.com,Chennai,2024-07-15,Unknown
12081,Divya Gupta,divya.gupta12081@mail.com,Pune,2024-01-15,Unknown
12082,Sneha Banerjee,sneha.banerjee12082@mail.com,Hyderabad,2023-09-10,New
12083,Anita Desai,anita.desai12083@mail.com,Chennai,2024-08-29,Regular
12084,Karan Nair,,Bangalore,2024-08-11,Regular
12085,Divya Reddy,divya.reddy12085@mail.com,Chennai,2024-04-16,Regular
12086,Rohit Pillai,rohit.pillai12086@mail.com,Ahmedabad,2023-10-08,Regular
12087,Ajay Banerjee,ajay.banerjee12087@mail.com,Mumbai,2024-03-15,Premium
12088,Ravi Mehta,ravi.mehta12088@mail.com,Delhi,2024-05-28,Regular
12089,Karan Sharma,karan.sharma12089@mail.com,Chennai,2024-07-30,Regular
12090,Karan Pillai,karan.pillai12090@mail.com,Delhi,2023-07-04,Regular
12091,Sanjay Kapoor,sanjay.kapoor12091@mail.com,Chennai,2023-12-28,New
12092,Priya Pillai,priya.pillai12092@mail.com,Ahmedabad,2023-10-06,Regular
12093,Swati Agarwal,swati.agarwal12093@mail.com,Chennai,2024-03-18,Unknown
12094,Deepak Iyer,deepak.iyer12094@mail.com,Unknown,2024-08-08,New
12095,Karan Desai,karan.desai12095@mail.com,Bangalore,2023-07-16,Regular
12096,Vivek Iyer,vivek.iyer12096@mail.com,Mumbai,2024-07-14,Regular
12097,Karan Kapoor,karan.kapoor12097@mail.com,Unknown,2023-07-28,Regular
12098,Karan Mukherjee,karan.mukherjee12098@mail.com,Chennai,2024-02-16,Regular
12099,Sanjay Iyer,sanjay.iyer12099@mail.com,Chennai,2023-08-10,Regular
12100,Karan Agarwal,karan.agarwal12100@mail.com,Delhi,2024-01-12,New
12101,Priya Kumar,priya.kumar12101@mail.com,Chennai,2023-06-24,Regular
12102,Anita Rao,anita.rao12102@mail.com,Kolkata,2023-07-14,Regular
12103,Isha Gupta,isha.gupta12103@mail.com,Ahmedabad,2024-07-10,Regular
12104,Manoj Chopra,manoj.chopra12104@mail.com,Ahmedabad,2023-10-15,Regular
12105,Ritu Patel,ritu.patel12105@mail.com,Kolkata,2023-11-29,Regular
12106,Shreya Verma,shreya.verma12106@mail.com,Delhi,2024-06-05,Regular
12107,Pallavi Chopra,pallavi.chopra12107@mail.com,Bangalore,2024-04-23,Regular
12108,Naveen Kapoor,naveen.kapoor12108@mail.com,Kolkata,2024-03-06,Unknown
12109,Manoj Agarwal,manoj.agarwal12109@mail.com,Chennai,2023-07-04,Regular
12110,Anita Joshi,anita.joshi12110@mail.com,Unknown,2023-12-26,Regular
12111,Ritu Nair,ritu.nair12111@mail.com,Chennai,2023-12-22,Regular
12112,Vikram Iyer,vikram.iyer12112@mail.com,Kolkata,2023-08-17,New
12113,Divya Kumar,divya.kumar12113@mail.com,Mumbai,2023-11-01,Regular
12114,Swati Nair,swati.nair12114@mail.com,Pune,2024-07-25,New
12115,Swati Malhotra,swati.malhotra12115@mail.com,Hyderabad,2023-09-04,New
12116,Sneha Chopra,sneha.chopra12116@mail.com,Pune,2023-08-24,Regular
12117,Suresh Reddy,suresh.reddy12117@mail.com,Mumbai,2023-11-10,Premium
12118,Ritu Mukherjee,ritu.mukherjee12118@mail.com,Kolkata,2024-08-06,Regular
12119,Swati Patel,swati.patel12119@mail.com,Bangalore,2023-10-11,Unknown
12120,Meera Kumar,meera.kumar12120@mail.com,Kolkata,2024-07-31,Regular
12121,Karan Reddy,karan.reddy12121@mail.com,Delhi,2024-04-14,Regular
12122,Divya Kapoor,divya.kapoor12122@mail.com,Delhi,2024-03-24,Regular
12123,Sanjay Mukherjee,sanjay.mukherjee12123@mail.com,Chennai,2024-08-30,New
12124,Ritu Sharma,ritu.sharma12124@mail.com,Mumbai,2024-04-10,Regular
12125,Ajay Pillai,ajay.pillai12125@mail.com,Pune,2024-05-22,New
12126,Shreya Patel,shreya.patel12126@mail.com,Kolkata,2024-06-07,Regular
12127,Ritu Chopra,ritu.chopra12127@mail.com,Delhi,2023-11-08,Regular
12128,Rohit Iyer,rohit.iyer12128@mail.com,Pune,2024-04-02,Regular
12129,Vivek Mukherjee,vivek.mukherjee12129@mail.com,Chennai,2023-10-31,Regular
12130,Sanjay Chopra,sanjay.chopra12130@mail.com,Chennai,2024-08-15,Regular
12131,Ritu Malhotra,ritu.malhotra12131@mail.com,Chennai,2023-06-08,Premium
12132,Shreya Desai,shreya.desai12132@mail.com,Pune,2024-03-19,Regular
12133,Rahul Agarwal,rahul.agarwal12133@mail.com,Hyderabad,2023-08-06,Regular
12134,Sanjay Singh,sanjay.singh12134@mail.com,Bangalore,2023-11-20,Premium
12135,Anjali Joshi,anjali.joshi12135@mail.com,Delhi,2023-06-05,Premium
12136,Anita Singh,anita.singh12136@mail.com,Chennai,2024-06-25,Premium
12137,Shreya Verma,shreya.verma12137@mail.com,Unknown,2024-06-26,Regular
12138,Suresh Reddy,suresh.reddy12138@mail.com,Mumbai,2024-08-10,Regular
12139,Sanjay Sharma,sanjay.sharma12139@mail.com,Hyderabad,2023-07-26,Regular
12140,Meera Singh,meera.singh12140@mail.com,Delhi,2023-08-28,Regular
12141,Gaurav Kumar,gaurav.kumar12141@mail.com,Chennai,2023-08-09,New
12142,Ritu Malhotra,ritu.malhotra12142@mail.com,Mumbai,2024-06-08,Regular
12143,Swati Pillai,swati.pillai12143@mail.com,Pune,2024-01-07,Regular
12144,Priya Desai,priya.desai12144@mail.com,Pune,2023-12-06,New
12145,Nisha Banerjee,nisha.banerjee12145@mail.com,Delhi,2023-11-14,New
12146,Priya Sharma,priya.sharma12146@mail.com,Kolkata,2023-11-04,Premium
12147,Pallavi Rao,pallavi.rao12147@mail.com,Mumbai,2023-08-11,New
12148,Ajay Banerjee,ajay.banerjee12148@mail.com,Ahmedabad,2024-01-17,Regular
12149,Kavita Gupta,kavita.gupta12149@mail.com,Ahmedabad,2023-06-16,Regular
12150,Naveen Patel,naveen.patel12150@mail.com,Ahmedabad,2024-05-31,Regular
12151,Ritu Chopra,ritu.chopra12151@mail.com,Delhi,2023-10-09,Regular
12152,Ritu Nair,ritu.nair12152@mail.com,Pune,2023-10-15,Premium
12153,Ravi Sharma,ravi.sharma12153@mail.com,Mumbai,2023-07-06,Premium
12154,Gaurav Patel,gaurav.patel12154@mail.com,Kolkata,2023-08-28,Regular
12155,Suresh Malhotra,suresh.malhotra12155@mail.com,Hyderabad,2024-07-24,Regular
12156,Rahul Desai,rahul.desai12156@mail.com,Mumbai,2024-04-24,Premium
12157,Pooja Kapoor,pooja.kapoor12157@mail.com,Mumbai,2024-03-01,Regular
12158,Swati Chopra,swati.chopra12158@mail.com,Kolkata,2024-02-26,Regular
12159,Priya Verma,priya.verma12159@mail.com,Pune,2024-03-23,Premium
12160,Nisha Singh,nisha.singh12160@mail.com,Chennai,2023-09-28,Regular
12161,Swati Chopra,swati.chopra12161@mail.com,Chennai,2023-10-16,Regular
12162,Manoj Gupta,manoj.gupta12162@mail.com,Delhi,2024-03-17,Premium
12163,Meera Pillai,meera.pillai12163@mail.com,Hyderabad,2024-07-23,Regular
12164,Pallavi Agarwal,pallavi.agarwal12164@mail.com,Hyderabad,2023-08-25,Regular
12165,Anita Kumar,anita.kumar12165@mail.com,Hyderabad,2024-05-20,Unknown
12166,Ravi Agarwal,ravi.agarwal12166@mail.com,Ahmedabad,2023-08-02,Regular
12167,Ritu Patel,ritu.patel12167@mail.com,Chennai,2024-06-05,Regular
12168,Vivek Patel,vivek.patel12168@mail.com,Hyderabad,2023-10-20,Regular
12169,Rahul Mehta,rahul.mehta12169@mail.com,Chennai,2024-08-17,New
12170,Ravi Rao,ravi.rao12170@mail.com,Unknown,2024-08-01,Premium
12171,Suresh Mehta,,Kolkata,2024-08-01,Regular
12172,Gaurav Chopra,gaurav.chopra12172@mail.com,Kolkata,2023-07-18,Regular
12173,Pallavi Patel,pallavi.patel12173@mail.com,Mumbai,2024-08-04,Unknown
12174,Manoj Banerjee,manoj.banerjee12174@mail.com,Pune,2023-12-22,Premium
12175,Shreya Sharma,shreya.sharma12175@mail.com,Hyderabad,2024-06-30,Regular
12176,Meera Singh,meera.singh12176@mail.com,Kolkata,2024-06-06,Regular
12177,Ritu Kumar,ritu.kumar12177@mail.com,Delhi,2024-01-08,Regular
12178,Karan Pillai,karan.pillai12178@mail.com,Mumbai,2023-06-16,Regular
12179,Amit Mukherjee,amit.mukherjee12179@mail.com,Unknown,2023-06-12,Premium
12180,Divya Joshi,divya.joshi12180@mail.com,Ahmedabad,2023-12-12,Unknown
12181,Gaurav Mukherjee,gaurav.mukherjee12181@mail.com,Pune,2023-07-08,Premium
12182,Sneha Desai,sneha.desai12182@mail.com,Ahmedabad,2023-10-27,Premium
12183,Anjali Gupta,anjali.gupta12183@mail.com,Mumbai,2024-03-04,Premium
12184,Anjali Mukherjee,anjali.mukherjee12184@mail.com,Kolkata,2024-01-10,Regular
12185,Karan Mukherjee,karan.mukherjee12185@mail.com,Mumbai,2023-06-28,Premium
12186,Swati Joshi,swati.joshi12186@mail.com,Chennai,2023-07-24,Premium
12187,Naveen Sharma,,Pune,2024-07-04,Regular
12188,Pallavi Joshi,pallavi.joshi12188@mail.com,Ahmedabad,2024-05-29,Regular
12189,Pooja Mehta,pooja.mehta12189@mail.com,Kolkata,2023-06-28,Regular
12190,Shreya Gupta,shreya.gupta12190@mail.com,Bangalore,2024-04-08,Unknown
12191,Amit Pillai,amit.pillai12191@mail.com,Bangalore,2024-05-18,Regular
12192,Amit Chopra,amit.chopra12192@mail.com,Pune,2024-02-02,Regular
12193,Ajay Sharma,,Mumbai,2024-03-21,Regular
12194,Ritu Reddy,ritu.reddy12194@mail.com,Mumbai,2023-09-04,Regular
12195,Naveen Desai,naveen.desai12195@mail.com,Hyderabad,2023-09-11,Regular
12196,Nisha Kumar,nisha.kumar12196@mail.com,Hyderabad,2023-10-10,New
12197,Rohit Verma,rohit.verma12197@mail.com,Pune,2023-09-25,Premium
12198,Rohit Banerjee,rohit.banerjee12198@mail.com,Delhi,2023-11-24,Regular
12199,Divya Patel,divya.patel12199@mail.com,Bangalore,2023-09-12,Premium
12200,Swati Patel,swati.patel12200@mail.com,Hyderabad,2023-11-18,Regular
12201,Pooja Gupta,pooja.gupta12201@mail.com,Mumbai,2024-08-30,Regular
12202,Manoj Iyer,manoj.iyer12202@mail.com,Delhi,2024-08-20,New
12203,Meera Malhotra,meera.malhotra12203@mail.com,Hyderabad,2024-01-16,Regular
12204,Gaurav Verma,gaurav.verma12204@mail.com,Delhi,2023-11-03,New
12205,Ritu Verma,ritu.verma12205@mail.com,Kolkata,2024-03-03,Regular
12206,Suresh Sharma,suresh.sharma12206@mail.com,Kolkata,2024-01-16,Premium
12207,Rahul Mukherjee,,Bangalore,2024-07-27,Regular
12208,Arjun Reddy,arjun.reddy12208@mail.com,Hyderabad,2024-04-18,Premium
12209,Gaurav Nair,gaurav.nair12209@mail.com,Mumbai,2023-07-22,Regular
12210,Nisha Kumar,nisha.kumar12210@mail.com,Bangalore,2024-07-17,Regular
12211,Deepak Gupta,deepak.gupta12211@mail.com,Bangalore,2023-06-13,Regular
12212,Isha Iyer,isha.iyer12212@mail.com,Mumbai,2023-08-30,New
12213,Gaurav Mehta,gaurav.mehta12213@mail.com,Pune,2023-06-06,Regular
12214,Amit Mehta,amit.mehta12214@mail.com,Mumbai,2023-09-18,New
12215,Ritu Mukherjee,ritu.mukherjee12215@mail.com,Chennai,2024-04-20,Unknown
12216,Naveen Pillai,naveen.pillai12216@mail.com,Mumbai,2024-05-26,Unknown
12217,Neha Mukherjee,neha.mukherjee12217@mail.com,Pune,2023-09-27,Premium
12218,Kavita Kapoor,kavita.kapoor12218@mail.com,Delhi,2024-06-30,Premium
12219,Suresh Joshi,suresh.joshi12219@mail.com,Bangalore,2024-08-23,Regular
12220,Kavita Patel,kavita.patel12220@mail.com,Mumbai,2023-11-01,Premium
12221,Arjun Kapoor,arjun.kapoor12221@mail.com,Bangalore,2023-12-01,Regular
12222,Arjun Singh,arjun.singh12222@mail.com,Hyderabad,2023-12-16,Regular
12223,Rohit Kumar,rohit.kumar12223@mail.com,Hyderabad,2024-03-19,Regular
12224,Meera Chopra,meera.chopra12224@mail.com,Ahmedabad,2023-10-13,Regular
12225,Suresh Singh,suresh.singh12225@mail.com,Delhi,2023-09-08,Regular
12226,Neha Nair,neha.nair12226@mail.com,Hyderabad,2023-12-19,Regular
12227,Arjun Kumar,,Delhi,2024-04-20,Regular
12228,Arjun Iyer,arjun.iyer12228@mail.com,Bangalore,2023-09-03,Regular
12229,Vivek Gupta,vivek.gupta12229@mail.com,Bangalore,2024-07-09,Unknown
12230,Ritu Sharma,ritu.sharma12230@mail.com,Unknown,2024-08-03,Premium
12231,Meera Banerjee,meera.banerjee12231@mail.com,Kolkata,2023-10-08,Regular
12232,Sanjay Desai,sanjay.desai12232@mail.com,Delhi,2024-04-11,New
12233,Isha Desai,isha.desai12233@mail.com,Pune,2023-11-13,New
12234,Rohit Malhotra,rohit.malhotra12234@mail.com,Chennai,2023-12-20,Regular
12235,Gaurav Gupta,gaurav.gupta12235@mail.com,Hyderabad,2024-01-21,Regular
12236,Manoj Kumar,manoj.kumar12236@mail.com,Bangalore,2024-01-14,Regular
12237,Ajay Banerjee,ajay.banerjee12237@mail.com,Hyderabad,2023-09-05,Regular
12238,Swati Gupta,swati.gupta12238@mail.com,Mumbai,2024-02-24,Premium
12239,Nisha Joshi,nisha.joshi12239@mail.com,Mumbai,2023-07-25,Premium
12240,Meera Banerjee,meera.banerjee12240@mail.com,Mumbai,2024-03-28,New
12241,Anita Reddy,anita.reddy12241@mail.com,Kolkata,2024-02-20,Regular
12242,Pooja Pillai,pooja.pillai12242@mail.com,Delhi,2024-03-07,New
12243,Shreya Gupta,shreya.gupta12243@mail.com,Chennai,2024-08-25,Regular
12244,Anita Pillai,anita.pillai12244@mail.com,Bangalore,2023-06-28,Regular
12245,Isha Nair,isha.nair12245@mail.com,Bangalore,2023-08-19,Regular
12246,Vivek Rao,vivek.rao12246@mail.com,Bangalore,2024-08-14,Regular
12247,Neha Mukherjee,neha.mukherjee12247@mail.com,Delhi,2023-06-06,Premium
12248,Vivek Rao,vivek.rao12248@mail.com,Hyderabad,2024-05-31,Premium
12249,Shreya Joshi,shreya.joshi12249@mail.com,Bangalore,2024-08-22,Regular
12250,Ajay Singh,ajay.singh12250@mail.com,Mumbai,2023-11-19,Unknown
12251,Naveen Sharma,naveen.sharma12251@mail.com,Pune,2024-07-29,Regular
12252,Anjali Banerjee,,Delhi,2024-06-28,Regular
12253,Divya Patel,divya.patel12253@mail.com,Ahmedabad,2023-12-11,New
12254,Karan Rao,karan.rao12254@mail.com,Mumbai,2023-10-13,Regular
12255,Anjali Chopra,anjali.chopra12255@mail.com,Kolkata,2023-08-17,Regular
12256,Shreya Kumar,shreya.kumar12256@mail.com,Hyderabad,2023-12-25,Regular
12257,Isha Chopra,isha.chopra12257@mail.com,Ahmedabad,2023-12-14,Regular
12258,Ritu Chopra,ritu.chopra12258@mail.com,Pune,2023-07-01,Regular
12259,Vivek Sharma,vivek.sharma12259@mail.com,Ahmedabad,2023-12-18,New
12260,Pooja Mukherjee,pooja.mukherjee12260@mail.com,Kolkata,2023-06-05,Regular
12261,Pallavi Gupta,pallavi.gupta12261@mail.com,Kolkata,2024-01-09,New
12262,Rahul Malhotra,rahul.malhotra12262@mail.com,Bangalore,2023-11-23,New
12263,Sneha Agarwal,sneha.agarwal12263@mail.com,Hyderabad,2024-03-31,New
12264,Vikram Nair,vikram.nair12264@mail.com,Chennai,2023-07-14,Premium
12265,Meera Mehta,meera.mehta12265@mail.com,Delhi,2024-06-03,New
12266,Anita Joshi,anita.joshi12266@mail.com,Hyderabad,2024-02-28,Regular
12267,Priya Nair,priya.nair12267@mail.com,Mumbai,2024-05-27,Premium
12268,Neha Iyer,neha.iyer12268@mail.com,Pune,2024-07-03,Premium
12269,Arjun Desai,arjun.desai12269@mail.com,Kolkata,2024-05-30,New
12270,Gaurav Mehta,gaurav.mehta12270@mail.com,Delhi,2023-10-01,Regular
12271,Sanjay Kapoor,sanjay.kapoor12271@mail.com,Kolkata,2024-01-07,Regular
12272,Neha Kumar,neha.kumar12272@mail.com,Hyderabad,2024-08-03,New
12273,Arjun Gupta,arjun.gupta12273@mail.com,Kolkata,2023-08-13,Regular
12274,Pallavi Desai,,Bangalore,2024-08-10,New
12275,Pooja Joshi,pooja.joshi12275@mail.com,Mumbai,2023-09-01,Regular
12276,Suresh Banerjee,suresh.banerjee12276@mail.com,Delhi,2024-07-10,New
12277,Arjun Verma,arjun.verma12277@mail.com,Delhi,2024-07-19,Regular
12278,Pooja Reddy,pooja.reddy12278@mail.com,Hyderabad,2024-02-29,Premium
12279,Neha Gupta,neha.gupta12279@mail.com,Bangalore,2023-07-11,Regular
12280,Suresh Mehta,suresh.mehta12280@mail.com,Bangalore,2023-12-03,Premium
12281,Gaurav Agarwal,gaurav.agarwal12281@mail.com,Ahmedabad,2023-10-15,Unknown
12282,Shreya Rao,shreya.rao12282@mail.com,Bangalore,2024-07-22,Premium
12283,Swati Singh,swati.singh12283@mail.com,Delhi,2024-01-23,Regular
12284,Rahul Rao,rahul.rao12284@mail.com,Ahmedabad,2023-07-28,Regular
12285,Vivek Joshi,vivek.joshi12285@mail.com,Bangalore,2024-03-01,Regular
12286,Nisha Sharma,nisha.sharma12286@mail.com,Hyderabad,2023-08-17,Regular
12287,Anita Mehta,anita.mehta12287@mail.com,Ahmedabad,2023-08-01,Regular
12288,Ritu Reddy,ritu.reddy12288@mail.com,Delhi,2024-02-26,Premium
12289,Priya Rao,priya.rao12289@mail.com,Mumbai,2023-12-11,Premium
12290,Anita Kumar,anita.kumar12290@mail.com,Bangalore,2024-06-06,Premium
12291,Neha Kapoor,neha.kapoor12291@mail.com,Pune,2023-09-29,Regular
12292,Pooja Kapoor,,Delhi,2024-04-04,Premium
12293,Deepak Nair,deepak.nair12293@mail.com,Pune,2023-08-06,Regular
12294,Shreya Chopra,shreya.chopra12294@mail.com,Mumbai,2024-03-09,New
12295,Ritu Reddy,,Bangalore,2023-12-13,Regular
12296,Neha Banerjee,neha.banerjee12296@mail.com,Delhi,2024-05-13,Regular
12297,Shreya Malhotra,shreya.malhotra12297@mail.com,Chennai,2024-08-14,Regular
12298,Suresh Singh,suresh.singh12298@mail.com,Bangalore,2023-09-19,New
12299,Deepak Agarwal,deepak.agarwal12299@mail.com,Hyderabad,2024-06-21,Premium
12300,Nisha Mukherjee,nisha.mukherjee12300@mail.com,Bangalore,2024-07-22,Premium
12301,Neha Chopra,neha.chopra12301@mail.com,Hyderabad,2023-09-02,Premium
12302,Vivek Sharma,vivek.sharma12302@mail.com,Kolkata,2024-07-31,New
12303,Amit Reddy,amit.reddy12303@mail.com,Hyderabad,2023-12-21,Premium
12304,Shreya Mehta,shreya.mehta12304@mail.com,Delhi,2023-11-04,Unknown
12305,Nisha Patel,nisha.patel12305@mail.com,Delhi,2023-08-29,Regular
12306,Pooja Mukherjee,pooja.mukherjee12306@mail.com,Ahmedabad,2023-12-15,Unknown
12307,Arjun Iyer,arjun.iyer12307@mail.com,Mumbai,2024-04-16,Premium
12308,Amit Patel,amit.patel12308@mail.com,Pune,2024-01-06,Regular
12309,Sanjay Mukherjee,sanjay.mukherjee12309@mail.com,Delhi,2023-11-12,Regular
12310,Ritu Kumar,ritu.kumar12310@mail.com,Bangalore,2023-10-08,Regular
12311,Pallavi Pillai,pallavi.pillai12311@mail.com,Mumbai,2024-06-08,Premium
12312,Pooja Malhotra,pooja.malhotra12312@mail.com,Kolkata,2024-02-28,Regular
12313,Shreya Rao,shreya.rao12313@mail.com,Mumbai,2024-01-05,Regular
12314,Ajay Gupta,ajay.gupta12314@mail.com,Bangalore,2024-04-29,Regular
12315,Rohit Agarwal,rohit.agarwal12315@mail.com,Ahmedabad,2023-11-28,Regular
12316,Rohit Verma,rohit.verma12316@mail.com,Delhi,2024-04-04,Regular
12317,Karan Mukherjee,karan.mukherjee12317@mail.com,Pune,2023-09-28,Regular
12318,Naveen Kumar,naveen.kumar12318@mail.com,Pune,2024-07-18,Regular
12319,Isha Verma,isha.verma12319@mail.com,Ahmedabad,2024-05-30,Regular
12320,Kavita Verma,kavita.verma12320@mail.com,Kolkata,2023-12-23,Regular
12321,Amit Malhotra,amit.malhotra12321@mail.com,Delhi,2024-08-29,Regular
12322,Priya Kumar,priya.kumar12322@mail.com,Kolkata,2023-11-28,Regular
12323,Sanjay Iyer,sanjay.iyer12323@mail.com,Kolkata,2023-09-04,New
12324,Vivek Joshi,vivek.joshi12324@mail.com,Bangalore,2024-05-22,Regular
12325,Manoj Kumar,manoj.kumar12325@mail.com,Bangalore,2023-11-27,Regular
12326,Divya Verma,divya.verma12326@mail.com,Delhi,2024-08-10,Regular
12327,Naveen Mukherjee,naveen.mukherjee12327@mail.com,Pune,2023-11-26,New
12328,Arjun Iyer,arjun.iyer12328@mail.com,Chennai,2023-09-22,Regular
12329,Anjali Reddy,anjali.reddy12329@mail.com,Kolkata,2024-04-04,Regular
12330,Pallavi Iyer,pallavi.iyer12330@mail.com,Chennai,2024-01-17,Regular
12331,Ravi Agarwal,ravi.agarwal12331@mail.com,Bangalore,2023-09-23,Regular
12332,Shreya Rao,shreya.rao12332@mail.com,Chennai,2023-10-06,Regular
12333,Manoj Singh,manoj.singh12333@mail.com,Hyderabad,2023-07-29,New
12334,Pallavi Agarwal,pallavi.agarwal12334@mail.com,Pune,2023-10-25,Premium
12335,Rohit Singh,rohit.singh12335@mail.com,Bangalore,2023-10-04,Regular
12336,Sanjay Patel,sanjay.patel12336@mail.com,Unknown,2024-04-08,Regular
12337,Pallavi Joshi,pallavi.joshi12337@mail.com,Mumbai,2024-07-03,Regular
12338,Pallavi Joshi,pallavi.joshi12338@mail.com,Kolkata,2023-11-17,Regular
12339,Meera Malhotra,meera.malhotra12339@mail.com,Mumbai,2024-04-08,Regular
12340,Rahul Iyer,rahul.iyer12340@mail.com,Pune,2023-12-16,Regular
12341,Priya Rao,priya.rao12341@mail.com,Chennai,2023-09-06,Premium
12342,Pallavi Nair,pallavi.nair12342@mail.com,Delhi,2024-01-21,Regular
12343,Kavita Nair,kavita.nair12343@mail.com,Ahmedabad,2024-02-14,Premium
12344,Meera Kumar,meera.kumar12344@mail.com,Hyderabad,2024-05-29,Premium
12345,Rohit Sharma,rohit.sharma12345@mail.com,Bangalore,2023-07-16,Premium
12346,Manoj Iyer,manoj.iyer12346@mail.com,Delhi,2023-11-02,Regular
12347,Ritu Joshi,ritu.joshi12347@mail.com,Hyderabad,2023-08-22,Premium
12348,Anita Desai,anita.desai12348@mail.com,Pune,2023-09-10,Regular
12349,Ravi Singh,ravi.singh12349@mail.com,Hyderabad,2023-11-17,Regular
12350,Pooja Kumar,pooja.kumar12350@mail.com,Delhi,2023-10-08,Regular
12351,Gaurav Malhotra,gaurav.malhotra12351@mail.com,Ahmedabad,2024-07-22,Regular
12352,Anjali Joshi,anjali.joshi12352@mail.com,Pune,2024-06-18,Regular
12353,Gaurav Gupta,gaurav.gupta12353@mail.com,Delhi,2024-03-24,Regular
12354,Rahul Iyer,rahul.iyer12354@mail.com,Bangalore,2023-08-05,Regular
12355,Ritu Kumar,ritu.kumar12355@mail.com,Mumbai,2024-06-02,Regular
12356,Gaurav Joshi,gaurav.joshi12356@mail.com,Hyderabad,2024-07-21,New
12357,Meera Desai,meera.desai12357@mail.com,Mumbai,2024-04-24,Premium
12358,Anjali Kapoor,anjali.kapoor12358@mail.com,Bangalore,2023-06-26,Regular
12359,Manoj Singh,manoj.singh12359@mail.com,Ahmedabad,2023-11-21,Regular
12360,Priya Mukherjee,priya.mukherjee12360@mail.com,Pune,2023-12-19,Premium
12361,Swati Singh,swati.singh12361@mail.com,Delhi,2023-10-06,Premium
12362,Anita Reddy,anita.reddy12362@mail.com,Bangalore,2023-07-15,New
12363,Pooja Joshi,pooja.joshi12363@mail.com,Kolkata,2024-04-10,Regular
12364,Pallavi Sharma,pallavi.sharma12364@mail.com,Ahmedabad,2024-05-21,Regular
12365,Sneha Mukherjee,sneha.mukherjee12365@mail.com,Chennai,2023-11-29,Regular
12366,Shreya Reddy,shreya.reddy12366@mail.com,Bangalore,2023-08-12,New
12367,Meera Desai,meera.desai12367@mail.com,Bangalore,2023-06-11,Regular
12368,Sanjay Mehta,sanjay.mehta12368@mail.com,Chennai,2024-08-24,Premium
12369,Swati Kumar,swati.kumar12369@mail.com,Delhi,2023-10-27,Unknown
12370,Karan Agarwal,,Ahmedabad,2023-06-07,Regular
12371,Anjali Chopra,anjali.chopra12371@mail.com,Pune,2024-04-09,Premium
12372,Suresh Kapoor,suresh.kapoor12372@mail.com,Bangalore,2024-01-05,Premium
12373,Arjun Malhotra,arjun.malhotra12373@mail.com,Delhi,2023-09-03,Regular
12374,Isha Joshi,isha.joshi12374@mail.com,Bangalore,2024-01-01,Regular
12375,Anjali Singh,anjali.singh12375@mail.com,Hyderabad,2024-03-20,Premium
12376,Arjun Malhotra,arjun.malhotra12376@mail.com,Delhi,2023-08-17,Regular
12377,Pooja Malhotra,pooja.malhotra12377@mail.com,Delhi,2024-05-08,Premium
12378,Swati Verma,swati.verma12378@mail.com,Bangalore,2024-01-07,Regular
12379,Vivek Banerjee,vivek.banerjee12379@mail.com,Pune,2023-09-08,Regular
12380,Priya Sharma,priya.sharma12380@mail.com,Chennai,2024-02-29,New
12381,Vivek Patel,vivek.patel12381@mail.com,Bangalore,2023-07-19,New
12382,Karan Reddy,karan.reddy12382@mail.com,Pune,2024-08-19,Regular
12383,Gaurav Kumar,gaurav.kumar12383@mail.com,Mumbai,2023-07-27,Regular
12384,Kavita Singh,kavita.singh12384@mail.com,Hyderabad,2024-07-11,Regular
12385,Manoj Agarwal,manoj.agarwal12385@mail.com,Ahmedabad,2024-07-30,Regular
12386,Sanjay Verma,sanjay.verma12386@mail.com,Kolkata,2023-11-07,Premium
12387,Kavita Gupta,kavita.gupta12387@mail.com,Mumbai,2023-08-12,Premium
12388,Anita Kumar,anita.kumar12388@mail.com,Chennai,2023-07-03,Regular
12389,Sneha Verma,sneha.verma12389@mail.com,Ahmedabad,2023-07-17,Regular
12390,Rohit Kapoor,rohit.kapoor12390@mail.com,Chennai,2024-05-19,Regular
12391,Swati Banerjee,swati.banerjee12391@mail.com,Unknown,2023-09-21,New
12392,Anita Kumar,anita.kumar12392@mail.com,Hyderabad,2023-11-26,New
12393,Sanjay Rao,sanjay.rao12393@mail.com,Mumbai,2023-11-12,Premium
12394,Karan Nair,karan.nair12394@mail.com,Hyderabad,2024-03-10,Premium
12395,Nisha Mukherjee,nisha.mukherjee12395@mail.com,Hyderabad,2024-01-17,Regular
12396,Divya Nair,divya.nair12396@mail.com,Delhi,2024-08-06,Regular
12397,Gaurav Chopra,gaurav.chopra12397@mail.com,Delhi,2024-07-22,Regular
12398,Sneha Banerjee,sneha.banerjee12398@mail.com,Kolkata,2023-12-21,Regular
12399,Sneha Kumar,sneha.kumar12399@mail.com,Mumbai,2023-08-19,Premium
12400,Anjali Singh,anjali.singh12400@mail.com,Mumbai,2024-03-03,Premium
12401,Manoj Kapoor,manoj.kapoor12401@mail.com,Mumbai,2024-01-31,Regular
12402,Sanjay Pillai,sanjay.pillai12402@mail.com,Ahmedabad,2023-07-19,Premium
12403,Rohit Gupta,rohit.gupta12403@mail.com,Hyderabad,2024-08-12,Premium
12404,Manoj Kapoor,manoj.kapoor12404@mail.com,Ahmedabad,2023-07-30,Regular
12405,Divya Mukherjee,divya.mukherjee12405@mail.com,Delhi,2024-05-20,Regular
12406,Deepak Singh,deepak.singh12406@mail.com,Kolkata,2023-12-06,Premium
12407,Anjali Joshi,anjali.joshi12407@mail.com,Mumbai,2023-11-13,Regular
12408,Anita Mehta,anita.mehta12408@mail.com,Pune,2024-04-04,Regular
12409,Swati Verma,swati.verma12409@mail.com,Bangalore,2024-08-15,Premium
12410,Anjali Malhotra,anjali.malhotra12410@mail.com,Kolkata,2023-11-03,Regular
12411,Meera Kumar,meera.kumar12411@mail.com,Ahmedabad,2024-05-17,Premium
12412,Rohit Verma,rohit.verma12412@mail.com,Kolkata,2023-07-09,New
12413,Kavita Reddy,kavita.reddy12413@mail.com,Kolkata,2023-10-03,Regular
12414,Sanjay Mukherjee,sanjay.mukherjee12414@mail.com,Mumbai,2023-10-28,Premium
12415,Ritu Kapoor,ritu.kapoor12415@mail.com,Unknown,2024-04-23,Regular
12416,Sneha Sharma,,Bangalore,2023-08-11,New
12417,Gaurav Sharma,gaurav.sharma12417@mail.com,Hyderabad,2023-10-17,Regular
12418,Ravi Banerjee,ravi.banerjee12418@mail.com,Delhi,2024-07-16,Regular
12419,Pooja Kapoor,pooja.kapoor12419@mail.com,Ahmedabad,2024-07-31,New
12420,Pallavi Nair,pallavi.nair12420@mail.com,Hyderabad,2024-01-15,Premium
12421,Nisha Joshi,nisha.joshi12421@mail.com,Kolkata,2023-12-24,Regular
12422,Rahul Kumar,rahul.kumar12422@mail.com,Pune,2023-10-28,Regular
12423,Meera Verma,meera.verma12423@mail.com,Kolkata,2024-03-18,Regular
12424,Vivek Reddy,vivek.reddy12424@mail.com,Ahmedabad,2023-12-30,New
12425,Rahul Malhotra,rahul.malhotra12425@mail.com,Pune,2023-06-25,Regular
12426,Vikram Kapoor,vikram.kapoor12426@mail.com,Hyderabad,2024-02-03,Regular
12427,Sanjay Joshi,sanjay.joshi12427@mail.com,Bangalore,2023-06-20,Regular
12428,Neha Kapoor,neha.kapoor12428@mail.com,Kolkata,2023-08-10,Regular
12429,Anita Reddy,anita.reddy12429@mail.com,Hyderabad,2023-09-29,Regular
12430,Ravi Iyer,ravi.iyer12430@mail.com,Ahmedabad,2024-02-01,New
12431,Neha Kapoor,neha.kapoor12431@mail.com,Delhi,2024-01-10,Regular
12432,Pooja Mehta,pooja.mehta12432@mail.com,Hyderabad,2024-07-30,Regular
12433,Sneha Gupta,sneha.gupta12433@mail.com,Hyderabad,2024-06-14,Regular
12434,Pallavi Patel,pallavi.patel12434@mail.com,Ahmedabad,2024-07-03,Premium
12435,Ajay Iyer,ajay.iyer12435@mail.com,Delhi,2023-11-25,Regular
12436,Anita Mukherjee,anita.mukherjee12436@mail.com,Chennai,2024-05-14,Premium
12437,Sneha Agarwal,sneha.agarwal12437@mail.com,Pune,2023-12-06,Premium
12438,Karan Sharma,karan.sharma12438@mail.com,Pune,2024-04-02,Regular
12439,Ajay Joshi,ajay.joshi12439@mail.com,Delhi,2024-06-30,Regular
12440,Swati Verma,swati.verma12440@mail.com,Mumbai,2023-07-31,Regular
12441,Rahul Iyer,rahul.iyer12441@mail.com,Chennai,2023-09-13,Unknown
12442,Rahul Reddy,rahul.reddy12442@mail.com,Delhi,2023-07-13,New
12443,Karan Kapoor,karan.kapoor12443@mail.com,Bangalore,2023-06-20,Regular
12444,Meera Patel,meera.patel12444@mail.com,Pune,2024-02-01,Regular
12445,Anita Mehta,anita.mehta12445@mail.com,Mumbai,2023-09-01,Regular
12446,Rahul Mehta,rahul.mehta12446@mail.com,Delhi,2024-07-20,Premium
12447,Sneha Joshi,sneha.joshi12447@mail.com,Kolkata,2024-01-31,Regular
12448,Shreya Desai,shreya.desai12448@mail.com,Kolkata,2024-03-30,Premium
12449,Rahul Chopra,rahul.chopra12449@mail.com,Bangalore,2024-04-05,Regular
12450,Gaurav Mehta,gaurav.mehta12450@mail.com,Hyderabad,2024-05-19,Regular
12451,Pooja Mukherjee,pooja.mukherjee12451@mail.com,Hyderabad,2024-07-31,New
12452,Meera Kapoor,meera.kapoor12452@mail.com,Kolkata,2024-02-23,Regular
12453,Swati Agarwal,swati.agarwal12453@mail.com,Chennai,2024-06-19,New
12454,Neha Desai,neha.desai12454@mail.com,Bangalore,2024-08-22,Regular
12455,Rohit Joshi,rohit.joshi12455@mail.com,Bangalore,2024-06-14,Regular
12456,Swati Mukherjee,swati.mukherjee12456@mail.com,Ahmedabad,2024-07-24,Regular
12457,Pallavi Desai,pallavi.desai12457@mail.com,Mumbai,2023-06-08,New
12458,Suresh Mehta,suresh.mehta12458@mail.com,Mumbai,2024-07-11,New
12459,Sanjay Agarwal,sanjay.agarwal12459@mail.com,Mumbai,2023-09-02,Premium
12460,Ajay Malhotra,ajay.malhotra12460@mail.com,Mumbai,2024-03-22,Regular
12461,Suresh Mehta,suresh.mehta12461@mail.com,Hyderabad,2024-06-12,Premium
12462,Rohit Gupta,rohit.gupta12462@mail.com,Mumbai,2024-01-26,Regular
12463,Isha Malhotra,isha.malhotra12463@mail.com,Delhi,2024-07-26,Premium
12464,Karan Banerjee,karan.banerjee12464@mail.com,Hyderabad,2024-06-18,Regular
12465,Sanjay Kumar,sanjay.kumar12465@mail.com,Unknown,2024-03-21,Regular
12466,Meera Singh,meera.singh12466@mail.com,Ahmedabad,2023-08-08,Premium
12467,Priya Mukherjee,priya.mukherjee12467@mail.com,Hyderabad,2024-07-28,Regular
12468,Kavita Mehta,kavita.mehta12468@mail.com,Hyderabad,2023-11-01,Regular
12469,Isha Agarwal,isha.agarwal12469@mail.com,Ahmedabad,2023-12-12,Premium
12470,Neha Agarwal,neha.agarwal12470@mail.com,Kolkata,2023-10-04,Regular
12471,Vivek Mehta,vivek.mehta12471@mail.com,Pune,2023-07-17,Regular
12472,Vivek Mehta,vivek.mehta12472@mail.com,Kolkata,2023-10-01,Regular
12473,Sneha Reddy,sneha.reddy12473@mail.com,Kolkata,2023-10-05,Regular
12474,Karan Nair,karan.nair12474@mail.com,Ahmedabad,2023-09-02,Regular
12475,Ajay Chopra,ajay.chopra12475@mail.com,Kolkata,2023-11-23,New
12476,Suresh Iyer,,Mumbai,2024-05-15,Regular
12477,Manoj Mehta,manoj.mehta12477@mail.com,Delhi,2024-03-01,New
12478,Priya Joshi,priya.joshi12478@mail.com,Mumbai,2023-09-05,Premium
12479,Ravi Iyer,ravi.iyer12479@mail.com,Bangalore,2024-01-01,Regular
12480,Suresh Iyer,suresh.iyer12480@mail.com,Chennai,2023-07-30,Regular
12481,Isha Kumar,isha.kumar12481@mail.com,Kolkata,2024-07-13,Regular
12482,Isha Kapoor,isha.kapoor12482@mail.com,Hyderabad,2023-08-28,Regular
12483,Manoj Iyer,manoj.iyer12483@mail.com,Pune,2023-07-28,New
12484,Swati Desai,swati.desai12484@mail.com,Unknown,2023-08-03,Regular
12485,Ritu Banerjee,ritu.banerjee12485@mail.com,Mumbai,2024-06-22,Regular
12486,Naveen Sharma,naveen.sharma12486@mail.com,Delhi,2023-09-15,Regular
12487,Rahul Banerjee,rahul.banerjee12487@mail.com,Ahmedabad,2024-04-29,Premium
12488,Sanjay Verma,sanjay.verma12488@mail.com,Ahmedabad,2023-06-08,Premium
12489,Anjali Reddy,anjali.reddy12489@mail.com,Pune,2024-02-18,Premium
12490,Vikram Chopra,vikram.chopra12490@mail.com,Bangalore,2023-10-14,Premium
12491,Pallavi Gupta,pallavi.gupta12491@mail.com,Delhi,2024-04-08,Regular
12492,Suresh Iyer,suresh.iyer12492@mail.com,Mumbai,2023-06-29,Premium
12493,Sneha Mukherjee,sneha.mukherjee12493@mail.com,Delhi,2023-10-17,Regular
12494,Priya Kapoor,priya.kapoor12494@mail.com,Ahmedabad,2023-07-21,New
12495,Manoj Kumar,manoj.kumar12495@mail.com,Ahmedabad,2024-06-16,Regular
12496,Anita Gupta,anita.gupta12496@mail.com,Pune,2024-02-09,Unknown
12497,Naveen Rao,naveen.rao12497@mail.com,Bangalore,2023-07-22,Regular
12498,Sanjay Agarwal,sanjay.agarwal12498@mail.com,Unknown,2024-05-18,Regular
12499,Manoj Gupta,manoj.gupta12499@mail.com,Hyderabad,2024-07-03,Regular
12500,Gaurav Malhotra,gaurav.malhotra12500@mail.com,Bangalore,2024-03-19,Unknown
12501,Arjun Desai,arjun.desai12501@mail.com,Ahmedabad,2023-06-16,Regular
12502,Rohit Kumar,rohit.kumar12502@mail.com,Hyderabad,2023-09-19,Unknown
12503,Manoj Gupta,manoj.gupta12503@mail.com,Bangalore,2023-07-26,Regular
12504,Shreya Patel,,Kolkata,2023-08-12,Regular
12505,Isha Iyer,isha.iyer12505@mail.com,Kolkata,2024-02-09,Regular
12506,Shreya Kumar,shreya.kumar12506@mail.com,Ahmedabad,2023-11-04,Regular
12507,Ajay Verma,ajay.verma12507@mail.com,Chennai,2023-09-03,Regular
12508,Anita Rao,anita.rao12508@mail.com,Chennai,2023-08-12,Unknown
12509,Suresh Verma,suresh.verma12509@mail.com,Ahmedabad,2024-08-26,Regular
12510,Vivek Joshi,vivek.joshi12510@mail.com,Pune,2023-09-24,New
12511,Naveen Verma,naveen.verma12511@mail.com,Hyderabad,2023-10-17,New
12512,Sneha Chopra,sneha.chopra12512@mail.com,Hyderabad,2023-07-25,Regular
12513,Rohit Patel,rohit.patel12513@mail.com,Bangalore,2024-03-03,New
12514,Ritu Banerjee,ritu.banerjee12514@mail.com,Kolkata,2024-02-01,Regular
12515,Divya Singh,divya.singh12515@mail.com,Delhi,2023-12-12,New
12516,Manoj Iyer,manoj.iyer12516@mail.com,Hyderabad,2024-01-11,Premium
12517,Rohit Sharma,rohit.sharma12517@mail.com,Ahmedabad,2024-04-13,Unknown
12518,Sanjay Mukherjee,sanjay.mukherjee12518@mail.com,Delhi,2024-04-07,New
12519,Pooja Iyer,pooja.iyer12519@mail.com,Chennai,2024-01-10,Regular
12520,Pooja Mukherjee,pooja.mukherjee12520@mail.com,Kolkata,2023-10-19,Regular
12521,Anita Rao,anita.rao12521@mail.com,Unknown,2024-08-17,Regular
12522,Rahul Kumar,rahul.kumar12522@mail.com,Hyderabad,2023-06-10,Regular
12523,Sanjay Desai,,Delhi,2023-07-27,Premium
12524,Rohit Patel,,Mumbai,2023-07-31,Regular
12525,Amit Chopra,amit.chopra12525@mail.com,Bangalore,2023-08-11,Premium
12526,Nisha Banerjee,nisha.banerjee12526@mail.com,Ahmedabad,2023-12-16,Regular
12527,Naveen Patel,naveen.patel12527@mail.com,Unknown,2023-10-11,Regular
12528,Naveen Mukherjee,naveen.mukherjee12528@mail.com,Chennai,2023-09-21,Regular
12529,Manoj Patel,manoj.patel12529@mail.com,Mumbai,2024-08-25,Regular
12530,Deepak Iyer,deepak.iyer12530@mail.com,Pune,2024-06-23,Unknown
12531,Vivek Iyer,vivek.iyer12531@mail.com,Hyderabad,2023-12-03,Regular
12532,Manoj Mehta,manoj.mehta12532@mail.com,Kolkata,2024-04-06,Regular
12533,Sanjay Malhotra,sanjay.malhotra12533@mail.com,Ahmedabad,2024-06-01,Regular
12534,Swati Kumar,swati.kumar12534@mail.com,Bangalore,2024-06-29,Regular
12535,Vivek Nair,vivek.nair12535@mail.com,Ahmedabad,2023-06-01,Regular
12536,Karan Patel,karan.patel12536@mail.com,Ahmedabad,2024-05-18,Regular
12537,Vivek Rao,vivek.rao12537@mail.com,Kolkata,2023-08-21,Unknown
12538,Kavita Patel,kavita.patel12538@mail.com,Bangalore,2023-07-19,New
12539,Sneha Banerjee,sneha.banerjee12539@mail.com,Mumbai,2024-01-01,New
12540,Neha Mukherjee,neha.mukherjee12540@mail.com,Hyderabad,2024-05-06,New
12541,Anjali Gupta,,Delhi,2023-10-14,Regular
12542,Karan Singh,karan.singh12542@mail.com,Ahmedabad,2023-06-16,Regular
12543,Gaurav Singh,,Kolkata,2023-11-27,Regular
12544,Deepak Joshi,deepak.joshi12544@mail.com,Hyderabad,2024-06-11,Regular
12545,Gaurav Iyer,gaurav.iyer12545@mail.com,Chennai,2024-06-06,Regular
12546,Manoj Malhotra,manoj.malhotra12546@mail.com,Delhi,2023-11-01,Regular
12547,Pooja Kumar,pooja.kumar12547@mail.com,Pune,2024-06-03,Premium
12548,Shreya Singh,shreya.singh12548@mail.com,Chennai,2023-11-27,Regular
12549,Anita Gupta,anita.gupta12549@mail.com,Pune,2024-06-18,Premium
12550,Manoj Kumar,manoj.kumar12550@mail.com,Kolkata,2024-05-26,Premium
12551,Vikram Singh,vikram.singh12551@mail.com,Chennai,2024-04-14,New
12552,Karan Iyer,karan.iyer12552@mail.com,Chennai,2024-01-26,Premium
12553,Neha Kumar,neha.kumar12553@mail.com,Hyderabad,2023-07-26,Premium
12554,Vikram Singh,vikram.singh12554@mail.com,Delhi,2024-08-16,Regular
12555,Gaurav Chopra,gaurav.chopra12555@mail.com,Bangalore,2023-08-17,Regular
12556,Swati Joshi,swati.joshi12556@mail.com,Bangalore,2023-10-10,Regular
12557,Suresh Verma,suresh.verma12557@mail.com,Mumbai,2023-07-22,Premium
12558,Amit Agarwal,amit.agarwal12558@mail.com,Bangalore,2023-10-06,Regular
12559,Nisha Mukherjee,nisha.mukherjee12559@mail.com,Chennai,2024-08-21,New
12560,Suresh Mukherjee,suresh.mukherjee12560@mail.com,Kolkata,2023-06-12,Unknown
12561,Pallavi Reddy,pallavi.reddy12561@mail.com,Mumbai,2023-09-02,Regular
12562,Swati Iyer,,Mumbai,2023-09-04,Regular
12563,Anjali Agarwal,anjali.agarwal12563@mail.com,Kolkata,2024-07-26,New
12564,Pallavi Agarwal,pallavi.agarwal12564@mail.com,Kolkata,2023-06-30,Regular
12565,Manoj Banerjee,,Unknown,2023-07-16,Premium
12566,Isha Pillai,isha.pillai12566@mail.com,Mumbai,2023-07-25,Premium
12567,Ajay Banerjee,ajay.banerjee12567@mail.com,Kolkata,2024-07-04,Premium
12568,Vikram Joshi,vikram.joshi12568@mail.com,Hyderabad,2023-07-21,Regular
12569,Karan Mehta,karan.mehta12569@mail.com,Pune,2024-04-17,Regular
12570,Karan Gupta,karan.gupta12570@mail.com,Mumbai,2024-01-28,New
12571,Karan Kumar,karan.kumar12571@mail.com,Ahmedabad,2024-07-04,Regular
12572,Divya Reddy,divya.reddy12572@mail.com,Kolkata,2024-03-09,Premium
12573,Vikram Singh,vikram.singh12573@mail.com,Delhi,2024-04-01,New
12574,Shreya Reddy,shreya.reddy12574@mail.com,Delhi,2023-11-21,Premium
12575,Sneha Kumar,sneha.kumar12575@mail.com,Bangalore,2024-03-07,Regular
12576,Manoj Agarwal,manoj.agarwal12576@mail.com,Hyderabad,2023-08-26,Premium
12577,Vikram Rao,vikram.rao12577@mail.com,Kolkata,2023-08-23,New
12578,Sanjay Kapoor,sanjay.kapoor12578@mail.com,Kolkata,2023-11-28,Unknown
12579,Ritu Desai,ritu.desai12579@mail.com,Pune,2024-01-10,Premium
12580,Isha Joshi,isha.joshi12580@mail.com,Bangalore,2023-11-12,Regular
12581,Vikram Chopra,vikram.chopra12581@mail.com,Mumbai,2024-02-01,New
12582,Naveen Agarwal,naveen.agarwal12582@mail.com,Chennai,2023-10-23,Premium
12583,Pallavi Nair,pallavi.nair12583@mail.com,Bangalore,2024-03-04,Unknown
12584,Isha Reddy,isha.reddy12584@mail.com,Kolkata,2024-07-19,Premium
12585,Vikram Reddy,vikram.reddy12585@mail.com,Pune,2023-12-11,Regular
12586,Sanjay Verma,sanjay.verma12586@mail.com,Kolkata,2024-07-11,Regular
12587,Pooja Verma,pooja.verma12587@mail.com,Mumbai,2023-06-02,Regular
12588,Shreya Malhotra,shreya.malhotra12588@mail.com,Chennai,2024-02-07,Regular
12589,Sneha Mehta,sneha.mehta12589@mail.com,Ahmedabad,2024-03-09,Regular
12590,Meera Patel,meera.patel12590@mail.com,Ahmedabad,2023-11-16,Premium
12591,Shreya Agarwal,shreya.agarwal12591@mail.com,Mumbai,2023-12-03,Unknown
12592,Nisha Kapoor,,Ahmedabad,2023-09-25,Premium
12593,Ajay Joshi,ajay.joshi12593@mail.com,Chennai,2024-06-30,Regular
12594,Ravi Desai,ravi.desai12594@mail.com,Delhi,2024-07-28,Regular
12595,Vivek Pillai,vivek.pillai12595@mail.com,Delhi,2024-05-06,Premium
12596,Pooja Agarwal,pooja.agarwal12596@mail.com,Hyderabad,2024-08-28,Regular
12597,Arjun Desai,arjun.desai12597@mail.com,Bangalore,2023-06-26,Regular
12598,Nisha Agarwal,nisha.agarwal12598@mail.com,Kolkata,2024-08-31,Regular
12599,Manoj Malhotra,manoj.malhotra12599@mail.com,Kolkata,2023-08-09,Regular
12600,Shreya Patel,shreya.patel12600@mail.com,Delhi,2023-09-15,Premium
12601,Vikram Joshi,vikram.joshi12601@mail.com,Bangalore,2024-08-31,Regular
12602,Divya Kumar,divya.kumar12602@mail.com,Chennai,2024-02-23,New
12603,Arjun Joshi,,Delhi,2023-06-04,Regular
12604,Ajay Singh,ajay.singh12604@mail.com,Ahmedabad,2024-03-22,Regular
12605,Manoj Malhotra,manoj.malhotra12605@mail.com,Chennai,2023-11-08,Regular
12606,Swati Pillai,swati.pillai12606@mail.com,Ahmedabad,2024-05-29,Regular
12607,Deepak Kumar,deepak.kumar12607@mail.com,Delhi,2023-10-11,Regular
12608,Naveen Singh,naveen.singh12608@mail.com,Ahmedabad,2023-09-01,Regular
12609,Sneha Reddy,sneha.reddy12609@mail.com,Mumbai,2024-07-30,Regular
12610,Shreya Reddy,shreya.reddy12610@mail.com,Kolkata,2023-06-30,Premium
12611,Kavita Iyer,kavita.iyer12611@mail.com,Kolkata,2024-03-10,Regular
12612,Rohit Kumar,rohit.kumar12612@mail.com,Delhi,2024-08-12,Premium
12613,Rohit Banerjee,rohit.banerjee12613@mail.com,Hyderabad,2024-08-29,Regular
12614,Priya Malhotra,priya.malhotra12614@mail.com,Unknown,2024-01-17,Regular
12615,Amit Chopra,amit.chopra12615@mail.com,Delhi,2024-08-28,Premium
12616,Kavita Mukherjee,kavita.mukherjee12616@mail.com,Delhi,2023-09-03,Regular
12617,Rohit Nair,rohit.nair12617@mail.com,Mumbai,2023-08-21,Regular
12618,Meera Kumar,meera.kumar12618@mail.com,Delhi,2023-06-17,Premium
12619,Gaurav Joshi,gaurav.joshi12619@mail.com,Pune,2024-05-23,Premium
12620,Anita Pillai,anita.pillai12620@mail.com,Bangalore,2024-08-14,Regular
12621,Neha Sharma,neha.sharma12621@mail.com,Chennai,2024-07-23,Regular
12622,Sanjay Mehta,sanjay.mehta12622@mail.com,Bangalore,2024-08-15,Regular
12623,Shreya Iyer,shreya.iyer12623@mail.com,Pune,2024-01-18,Premium
12624,Ravi Malhotra,ravi.malhotra12624@mail.com,Ahmedabad,2024-06-20,Regular
12625,Nisha Reddy,nisha.reddy12625@mail.com,Bangalore,2023-06-24,Regular
12626,Kavita Nair,kavita.nair12626@mail.com,Hyderabad,2023-10-11,Regular
12627,Anita Joshi,anita.joshi12627@mail.com,Delhi,2023-09-14,Regular
12628,Vikram Joshi,vikram.joshi12628@mail.com,Pune,2024-08-10,New
12629,Arjun Verma,arjun.verma12629@mail.com,Pune,2023-09-24,New
12630,Kavita Rao,kavita.rao12630@mail.com,Delhi,2023-09-07,New
12631,Rohit Malhotra,rohit.malhotra12631@mail.com,Bangalore,2024-07-20,Regular
12632,Vivek Nair,vivek.nair12632@mail.com,Mumbai,2024-07-30,New
12633,Rohit Sharma,rohit.sharma12633@mail.com,Ahmedabad,2024-06-19,Regular
12634,Vikram Sharma,vikram.sharma12634@mail.com,Mumbai,2023-10-03,New
12635,Rohit Joshi,rohit.joshi12635@mail.com,Chennai,2023-07-04,New
12636,Vivek Patel,vivek.patel12636@mail.com,Delhi,2023-11-23,Premium
12637,Manoj Patel,manoj.patel12637@mail.com,Delhi,2024-02-02,Regular
12638,Suresh Pillai,suresh.pillai12638@mail.com,Pune,2024-05-07,New
12639,Gaurav Singh,gaurav.singh12639@mail.com,Unknown,2023-08-01,Regular
12640,Anita Banerjee,anita.banerjee12640@mail.com,Chennai,2024-08-21,Regular
12641,Neha Nair,neha.nair12641@mail.com,Pune,2023-06-06,Regular
12642,Rohit Reddy,rohit.reddy12642@mail.com,Chennai,2024-05-07,Premium
12643,Manoj Singh,manoj.singh12643@mail.com,Chennai,2024-04-05,New
12644,Vikram Patel,vikram.patel12644@mail.com,Delhi,2024-07-24,Regular
12645,Ritu Reddy,ritu.reddy12645@mail.com,Bangalore,2023-06-04,Regular
12646,Vivek Chopra,vivek.chopra12646@mail.com,Delhi,2024-08-24,Regular
12647,Neha Reddy,neha.reddy12647@mail.com,Pune,2023-08-24,Regular
12648,Suresh Sharma,suresh.sharma12648@mail.com,Pune,2024-06-11,Regular
12649,Ajay Mehta,ajay.mehta12649@mail.com,Kolkata,2024-07-11,Regular
12650,Suresh Chopra,suresh.chopra12650@mail.com,Ahmedabad,2024-05-03,Regular
12651,Ajay Mehta,ajay.mehta12651@mail.com,Pune,2024-07-07,Regular
12652,Neha Kumar,neha.kumar12652@mail.com,Mumbai,2023-09-02,Regular
12653,Ajay Verma,ajay.verma12653@mail.com,Ahmedabad,2024-03-09,Regular
12654,Ravi Patel,ravi.patel12654@mail.com,Bangalore,2023-10-04,New
12655,Ravi Kumar,ravi.kumar12655@mail.com,Kolkata,2023-08-27,Premium
12656,Suresh Mehta,suresh.mehta12656@mail.com,Hyderabad,2024-01-07,Regular
12657,Ravi Nair,ravi.nair12657@mail.com,Mumbai,2024-06-12,Premium
12658,Meera Kapoor,meera.kapoor12658@mail.com,Bangalore,2023-08-22,Regular
12659,Sanjay Kumar,sanjay.kumar12659@mail.com,Hyderabad,2023-06-11,Unknown
12660,Sanjay Iyer,sanjay.iyer12660@mail.com,Kolkata,2024-05-16,Premium
12661,Pallavi Singh,pallavi.singh12661@mail.com,Kolkata,2023-09-20,Unknown
12662,Arjun Nair,arjun.nair12662@mail.com,Ahmedabad,2023-09-11,Regular
12663,Pallavi Nair,pallavi.nair12663@mail.com,Mumbai,2024-08-18,New
12664,Ritu Kapoor,ritu.kapoor12664@mail.com,Chennai,2024-05-30,Regular
12665,Sneha Chopra,sneha.chopra12665@mail.com,Pune,2024-07-23,Regular
12666,Shreya Chopra,shreya.chopra12666@mail.com,Pune,2024-01-02,New
12667,Ritu Iyer,ritu.iyer12667@mail.com,Chennai,2024-04-15,New
12668,Shreya Mehta,,Pune,2024-02-17,Regular
12669,Anjali Kapoor,anjali.kapoor12669@mail.com,Delhi,2023-11-01,Premium
12670,Manoj Verma,manoj.verma12670@mail.com,Chennai,2023-07-10,Premium
12671,Arjun Rao,arjun.rao12671@mail.com,Unknown,2023-10-09,Regular
12672,Kavita Banerjee,kavita.banerjee12672@mail.com,Pune,2023-12-11,Unknown
12673,Deepak Desai,deepak.desai12673@mail.com,Bangalore,2024-02-20,Unknown
12674,Ravi Kapoor,ravi.kapoor12674@mail.com,Pune,2024-02-12,New
12675,Suresh Gupta,suresh.gupta12675@mail.com,Mumbai,2024-06-06,Unknown
12676,Ritu Sharma,ritu.sharma12676@mail.com,Delhi,2024-02-29,Regular
12677,Vivek Malhotra,vivek.malhotra12677@mail.com,Mumbai,2023-09-22,Regular
12678,Manoj Sharma,manoj.sharma12678@mail.com,Kolkata,2023-12-10,Regular
12679,Neha Malhotra,neha.malhotra12679@mail.com,Chennai,2024-08-08,Regular
12680,Meera Patel,meera.patel12680@mail.com,Pune,2024-08-25,Premium
12681,Rohit Sharma,rohit.sharma12681@mail.com,Hyderabad,2024-01-18,Regular
12682,Ajay Agarwal,ajay.agarwal12682@mail.com,Chennai,2023-06-21,Premium
12683,Kavita Nair,,Pune,2024-06-20,New
12684,Pooja Desai,pooja.desai12684@mail.com,Chennai,2024-03-30,Regular
12685,Nisha Rao,nisha.rao12685@mail.com,Hyderabad,2024-01-28,Premium
12686,Anita Gupta,anita.gupta12686@mail.com,Kolkata,2024-08-28,New
12687,Anjali Kumar,anjali.kumar12687@mail.com,Ahmedabad,2023-11-16,Regular
12688,Priya Chopra,priya.chopra12688@mail.com,Ahmedabad,2024-03-20,Regular
12689,Deepak Kapoor,deepak.kapoor12689@mail.com,Ahmedabad,2023-06-13,Premium
12690,Ravi Verma,ravi.verma12690@mail.com,Bangalore,2024-07-29,Regular
12691,Divya Patel,divya.patel12691@mail.com,Kolkata,2024-06-05,Regular
12692,Ajay Patel,ajay.patel12692@mail.com,Kolkata,2024-03-22,New
12693,Ritu Mukherjee,ritu.mukherjee12693@mail.com,Bangalore,2024-08-03,Premium
12694,Anita Pillai,anita.pillai12694@mail.com,Mumbai,2023-08-18,Regular
12695,Ritu Nair,ritu.nair12695@mail.com,Ahmedabad,2024-01-21,Premium
12696,Kavita Kapoor,kavita.kapoor12696@mail.com,Chennai,2023-12-25,Regular
12697,Meera Nair,meera.nair12697@mail.com,Mumbai,2024-06-29,Regular
12698,Deepak Kumar,deepak.kumar12698@mail.com,Mumbai,2023-12-01,Unknown
12699,Sanjay Kapoor,sanjay.kapoor12699@mail.com,Bangalore,2024-04-11,Regular
12700,Anjali Agarwal,anjali.agarwal12700@mail.com,Bangalore,2023-09-27,Regular
12701,Pooja Sharma,pooja.sharma12701@mail.com,Bangalore,2024-05-13,Premium
12702,Shreya Agarwal,shreya.agarwal12702@mail.com,Hyderabad,2024-04-20,Regular
12703,Arjun Agarwal,arjun.agarwal12703@mail.com,Hyderabad,2023-12-12,Premium
12704,Nisha Singh,nisha.singh12704@mail.com,Mumbai,2023-06-01,Regular
12705,Isha Kapoor,isha.kapoor12705@mail.com,Bangalore,2024-04-18,Unknown
12706,Vivek Banerjee,vivek.banerjee12706@mail.com,Hyderabad,2024-01-19,Regular
12707,Meera Gupta,meera.gupta12707@mail.com,Chennai,2024-08-05,Regular
12708,Manoj Singh,manoj.singh12708@mail.com,Pune,2024-04-24,Premium
12709,Ravi Malhotra,ravi.malhotra12709@mail.com,Mumbai,2024-04-03,New
12710,Sanjay Chopra,sanjay.chopra12710@mail.com,Unknown,2024-03-12,Regular
12711,Manoj Sharma,manoj.sharma12711@mail.com,Bangalore,2023-09-08,Premium
12712,Ritu Kapoor,ritu.kapoor12712@mail.com,Kolkata,2024-04-29,Regular
12713,Gaurav Pillai,gaurav.pillai12713@mail.com,Hyderabad,2023-08-31,Regular
12714,Vikram Verma,vikram.verma12714@mail.com,Unknown,2024-08-22,Regular
12715,Isha Singh,isha.singh12715@mail.com,Delhi,2023-12-04,Regular
12716,Sanjay Sharma,sanjay.sharma12716@mail.com,Delhi,2023-12-10,Premium
12717,Pooja Chopra,pooja.chopra12717@mail.com,Pune,2024-08-06,Premium
12718,Deepak Malhotra,deepak.malhotra12718@mail.com,Chennai,2024-06-20,Regular
12719,Suresh Kumar,suresh.kumar12719@mail.com,Delhi,2024-07-28,Premium
12720,Sneha Joshi,sneha.joshi12720@mail.com,Ahmedabad,2023-10-06,Regular
12721,Rahul Singh,rahul.singh12721@mail.com,Delhi,2023-06-20,Regular
12722,Karan Malhotra,karan.malhotra12722@mail.com,Chennai,2023-07-08,Regular
12723,Isha Gupta,isha.gupta12723@mail.com,Bangalore,2023-06-26,New
12724,Divya Mukherjee,divya.mukherjee12724@mail.com,Bangalore,2023-12-14,Regular
12725,Rohit Malhotra,rohit.malhotra12725@mail.com,Bangalore,2024-08-30,Regular
12726,Anjali Singh,anjali.singh12726@mail.com,Delhi,2023-11-12,Premium
12727,Karan Desai,karan.desai12727@mail.com,Ahmedabad,2024-04-08,Regular
12728,Pooja Iyer,pooja.iyer12728@mail.com,Bangalore,2024-02-23,New
12729,Sneha Mehta,sneha.mehta12729@mail.com,Delhi,2024-02-26,Premium
12730,Vikram Chopra,vikram.chopra12730@mail.com,Hyderabad,2023-06-03,New
12731,Deepak Desai,deepak.desai12731@mail.com,Kolkata,2024-08-04,Premium
12732,Swati Nair,swati.nair12732@mail.com,Hyderabad,2024-06-09,Unknown
12733,Karan Mukherjee,karan.mukherjee12733@mail.com,Ahmedabad,2023-08-17,Unknown
12734,Anjali Banerjee,anjali.banerjee12734@mail.com,Kolkata,2023-11-15,Premium
12735,Deepak Singh,deepak.singh12735@mail.com,Chennai,2023-11-16,Premium
12736,Pooja Mehta,pooja.mehta12736@mail.com,Delhi,2024-03-18,New
12737,Sneha Kapoor,sneha.kapoor12737@mail.com,Chennai,2024-04-13,Regular
12738,Ajay Banerjee,ajay.banerjee12738@mail.com,Hyderabad,2023-12-23,Regular
12739,Pooja Kumar,pooja.kumar12739@mail.com,Ahmedabad,2023-12-27,Regular
12740,Vikram Verma,vikram.verma12740@mail.com,Hyderabad,2023-10-05,Premium
12741,Arjun Nair,arjun.nair12741@mail.com,Mumbai,2023-09-08,Regular
12742,Priya Pillai,priya.pillai12742@mail.com,Ahmedabad,2023-09-09,Premium
12743,Pooja Malhotra,pooja.malhotra12743@mail.com,Mumbai,2024-06-25,Premium
12744,Anjali Mukherjee,anjali.mukherjee12744@mail.com,Mumbai,2023-09-10,Regular
12745,Swati Gupta,swati.gupta12745@mail.com,Chennai,2023-10-19,Premium
12746,Shreya Malhotra,shreya.malhotra12746@mail.com,Hyderabad,2024-06-18,New
12747,Amit Kumar,amit.kumar12747@mail.com,Ahmedabad,2023-11-12,Regular
12748,Priya Banerjee,priya.banerjee12748@mail.com,Pune,2024-02-03,Premium
12749,Neha Patel,neha.patel12749@mail.com,Chennai,2023-12-14,Regular
12750,Ritu Joshi,ritu.joshi12750@mail.com,Hyderabad,2023-11-25,Regular
12751,Gaurav Desai,gaurav.desai12751@mail.com,Chennai,2024-06-02,Premium
12752,Sneha Chopra,sneha.chopra12752@mail.com,Unknown,2024-07-25,Regular
12753,Naveen Kumar,naveen.kumar12753@mail.com,Chennai,2024-08-31,Regular
12754,Pooja Kapoor,,Bangalore,2023-07-12,Premium
12755,Ajay Gupta,ajay.gupta12755@mail.com,Hyderabad,2024-02-19,Regular
12756,Suresh Kumar,suresh.kumar12756@mail.com,Ahmedabad,2023-08-17,Regular
12757,Gaurav Chopra,gaurav.chopra12757@mail.com,Chennai,2024-01-10,Premium
12758,Swati Malhotra,swati.malhotra12758@mail.com,Bangalore,2023-06-29,New
12759,Ravi Agarwal,ravi.agarwal12759@mail.com,Hyderabad,2024-02-05,Regular
12760,Priya Kapoor,priya.kapoor12760@mail.com,Bangalore,2024-05-13,Premium
12761,Swati Verma,swati.verma12761@mail.com,Delhi,2023-07-18,Regular
12762,Sneha Reddy,sneha.reddy12762@mail.com,Pune,2024-03-10,Regular
12763,Anita Reddy,anita.reddy12763@mail.com,Mumbai,2024-05-01,Regular
12764,Anita Singh,anita.singh12764@mail.com,Unknown,2023-09-24,Premium
12765,Suresh Joshi,suresh.joshi12765@mail.com,Chennai,2024-02-01,Premium
12766,Gaurav Singh,gaurav.singh12766@mail.com,Delhi,2024-01-14,Premium
12767,Rohit Mehta,rohit.mehta12767@mail.com,Delhi,2023-10-18,Regular
12768,Vikram Malhotra,vikram.malhotra12768@mail.com,Bangalore,2023-11-15,Premium
12769,Ravi Singh,,Kolkata,2024-06-13,Regular
12770,Isha Desai,isha.desai12770@mail.com,Hyderabad,2023-12-16,Regular
12771,Pooja Sharma,,Kolkata,2023-10-01,Regular
12772,Gaurav Patel,gaurav.patel12772@mail.com,Kolkata,2024-08-02,Regular
12773,Rohit Sharma,rohit.sharma12773@mail.com,Unknown,2023-07-01,Premium
12774,Ravi Kapoor,ravi.kapoor12774@mail.com,Chennai,2023-08-20,Premium
12775,Manoj Kapoor,manoj.kapoor12775@mail.com,Pune,2024-08-13,Regular
12776,Priya Kapoor,priya.kapoor12776@mail.com,Kolkata,2023-08-08,New
12777,Isha Verma,isha.verma12777@mail.com,Pune,2024-07-20,Unknown
12778,Kavita Banerjee,kavita.banerjee12778@mail.com,Chennai,2023-10-25,New
12779,Vivek Banerjee,vivek.banerjee12779@mail.com,Mumbai,2024-03-07,Regular
12780,Gaurav Verma,gaurav.verma12780@mail.com,Pune,2023-12-25,Regular
12781,Sneha Pillai,sneha.pillai12781@mail.com,Ahmedabad,2023-11-09,Premium
12782,Sneha Malhotra,sneha.malhotra12782@mail.com,Bangalore,2024-03-04,Regular
12783,Vikram Malhotra,vikram.malhotra12783@mail.com,Kolkata,2023-08-07,Regular
12784,Ravi Patel,ravi.patel12784@mail.com,Pune,2024-05-14,Regular
12785,Amit Malhotra,amit.malhotra12785@mail.com,Ahmedabad,2023-11-09,Regular
12786,Vikram Gupta,vikram.gupta12786@mail.com,Chennai,2023-07-09,Regular
12787,Priya Chopra,priya.chopra12787@mail.com,Chennai,2024-06-16,Regular
12788,Isha Desai,isha.desai12788@mail.com,Hyderabad,2024-06-05,Regular
12789,Isha Agarwal,isha.agarwal12789@mail.com,Kolkata,2024-06-15,New
12790,Arjun Chopra,arjun.chopra12790@mail.com,Mumbai,2023-09-29,Regular
12791,Nisha Banerjee,nisha.banerjee12791@mail.com,Ahmedabad,2024-03-07,New
12792,Pooja Pillai,pooja.pillai12792@mail.com,Ahmedabad,2024-03-04,Regular
12793,Anita Gupta,anita.gupta12793@mail.com,Hyderabad,2024-01-08,Regular
12794,Deepak Kapoor,deepak.kapoor12794@mail.com,Ahmedabad,2024-07-07,Premium
12795,Suresh Sharma,suresh.sharma12795@mail.com,Bangalore,2023-08-08,Regular
12796,Gaurav Desai,gaurav.desai12796@mail.com,Kolkata,2024-08-14,Regular
12797,Pooja Kapoor,pooja.kapoor12797@mail.com,Bangalore,2024-06-04,Regular
12798,Nisha Gupta,,Hyderabad,2023-10-07,Premium
12799,Ajay Gupta,ajay.gupta12799@mail.com,Chennai,2023-08-10,Regular
12800,Karan Singh,karan.singh12800@mail.com,Hyderabad,2023-11-17,Premium
12801,Arjun Singh,arjun.singh12801@mail.com,Kolkata,2024-01-13,Regular
12802,Meera Nair,meera.nair12802@mail.com,Mumbai,2023-06-02,Premium
12803,Nisha Singh,nisha.singh12803@mail.com,Bangalore,2024-04-16,Premium
12804,Manoj Rao,manoj.rao12804@mail.com,Delhi,2023-12-30,New
12805,Sanjay Verma,sanjay.verma12805@mail.com,Ahmedabad,2024-07-15,Regular
12806,Ritu Sharma,ritu.sharma12806@mail.com,Pune,2023-08-26,Premium
12807,Swati Sharma,swati.sharma12807@mail.com,Ahmedabad,2024-06-07,Regular
12808,Pallavi Malhotra,pallavi.malhotra12808@mail.com,Ahmedabad,2024-02-15,Regular
12809,Ravi Malhotra,ravi.malhotra12809@mail.com,Bangalore,2024-08-05,Regular
12810,Neha Chopra,neha.chopra12810@mail.com,Chennai,2024-06-08,Regular
12811,Vivek Mukherjee,vivek.mukherjee12811@mail.com,Delhi,2024-02-23,New
12812,Shreya Mukherjee,shreya.mukherjee12812@mail.com,Chennai,2024-07-09,Regular
12813,Rohit Kapoor,rohit.kapoor12813@mail.com,Pune,2023-06-08,New
12814,Naveen Malhotra,naveen.malhotra12814@mail.com,Kolkata,2023-09-19,Regular
12815,Sanjay Reddy,sanjay.reddy12815@mail.com,Bangalore,2023-08-20,Premium
12816,Vivek Patel,vivek.patel12816@mail.com,Mumbai,2024-04-11,Unknown
12817,Deepak Patel,deepak.patel12817@mail.com,Bangalore,2024-01-17,Regular
12818,Isha Rao,isha.rao12818@mail.com,Chennai,2023-11-01,Regular
12819,Deepak Desai,deepak.desai12819@mail.com,Ahmedabad,2024-08-07,Regular
12820,Rahul Desai,rahul.desai12820@mail.com,Ahmedabad,2023-11-16,Premium
12821,Priya Chopra,priya.chopra12821@mail.com,Mumbai,2023-09-11,Premium
12822,Manoj Mukherjee,manoj.mukherjee12822@mail.com,Chennai,2023-06-13,Premium
12823,Suresh Mukherjee,suresh.mukherjee12823@mail.com,Unknown,2024-08-26,Premium
12824,Isha Desai,isha.desai12824@mail.com,Bangalore,2023-12-20,Premium
12825,Vikram Malhotra,vikram.malhotra12825@mail.com,Mumbai,2023-12-23,Regular
12826,Swati Desai,swati.desai12826@mail.com,Kolkata,2023-11-17,Regular
12827,Ajay Joshi,ajay.joshi12827@mail.com,Ahmedabad,2023-07-22,New
12828,Ravi Sharma,ravi.sharma12828@mail.com,Kolkata,2024-01-15,Regular
12829,Vikram Verma,vikram.verma12829@mail.com,Hyderabad,2023-07-07,Regular
12830,Gaurav Iyer,gaurav.iyer12830@mail.com,Chennai,2023-07-06,Premium
12831,Vikram Rao,vikram.rao12831@mail.com,Unknown,2023-12-26,New
12832,Naveen Mehta,,Ahmedabad,2024-06-08,Regular
12833,Gaurav Kapoor,gaurav.kapoor12833@mail.com,Chennai,2023-08-18,New
12834,Ritu Mehta,ritu.mehta12834@mail.com,Hyderabad,2023-06-16,New
12835,Suresh Mukherjee,suresh.mukherjee12835@mail.com,Hyderabad,2024-04-22,Regular
12836,Isha Mukherjee,isha.mukherjee12836@mail.com,Ahmedabad,2024-08-04,Regular
12837,Neha Chopra,neha.chopra12837@mail.com,Chennai,2023-06-07,Regular
12838,Ajay Chopra,,Ahmedabad,2024-02-16,New
12839,Pooja Mukherjee,pooja.mukherjee12839@mail.com,Chennai,2023-06-10,New
12840,Vikram Malhotra,vikram.malhotra12840@mail.com,Hyderabad,2024-06-02,Premium
12841,Priya Nair,priya.nair12841@mail.com,Mumbai,2024-02-27,Premium
12842,Naveen Kumar,naveen.kumar12842@mail.com,Ahmedabad,2024-08-06,Regular
12843,Nisha Desai,nisha.desai12843@mail.com,Ahmedabad,2024-02-28,Regular
12844,Nisha Verma,nisha.verma12844@mail.com,Mumbai,2024-01-04,Premium
12845,Rahul Kumar,rahul.kumar12845@mail.com,Bangalore,2023-11-11,Premium
12846,Suresh Reddy,suresh.reddy12846@mail.com,Kolkata,2023-10-04,Premium
12847,Swati Joshi,swati.joshi12847@mail.com,Kolkata,2024-04-14,Premium
12848,Isha Agarwal,isha.agarwal12848@mail.com,Unknown,2024-08-08,New
12849,Naveen Mukherjee,naveen.mukherjee12849@mail.com,Delhi,2024-04-24,New
12850,Isha Patel,isha.patel12850@mail.com,Ahmedabad,2023-10-29,Premium
12851,Rohit Verma,,Kolkata,2024-03-07,Regular
12852,Vikram Desai,vikram.desai12852@mail.com,Bangalore,2024-04-30,Regular
12853,Vikram Gupta,vikram.gupta12853@mail.com,Delhi,2024-05-13,Premium
12854,Divya Mehta,divya.mehta12854@mail.com,Chennai,2024-03-04,Premium
12855,Ritu Desai,ritu.desai12855@mail.com,Ahmedabad,2024-05-26,Regular
12856,Arjun Rao,,Mumbai,2024-03-03,Premium
12857,Karan Patel,karan.patel12857@mail.com,Pune,2023-11-12,Regular
12858,Anjali Chopra,anjali.chopra12858@mail.com,Bangalore,2024-07-28,Regular
12859,Rahul Agarwal,rahul.agarwal12859@mail.com,Hyderabad,2023-06-09,Premium
12860,Nisha Reddy,nisha.reddy12860@mail.com,Bangalore,2024-04-19,Premium
12861,Amit Banerjee,amit.banerjee12861@mail.com,Mumbai,2024-03-17,Premium
12862,Ritu Reddy,,Bangalore,2024-04-28,Premium
12863,Pallavi Kapoor,pallavi.kapoor12863@mail.com,Hyderabad,2023-06-25,Regular
12864,Meera Singh,meera.singh12864@mail.com,Kolkata,2024-04-06,New
12865,Isha Malhotra,isha.malhotra12865@mail.com,Chennai,2024-01-19,New
12866,Arjun Desai,arjun.desai12866@mail.com,Kolkata,2024-07-05,Premium
12867,Deepak Desai,deepak.desai12867@mail.com,Hyderabad,2024-01-13,Regular
12868,Gaurav Rao,gaurav.rao12868@mail.com,Mumbai,2023-11-16,Regular
12869,Nisha Sharma,nisha.sharma12869@mail.com,Pune,2024-04-25,Regular
12870,Pooja Agarwal,pooja.agarwal12870@mail.com,Chennai,2024-07-25,Regular
12871,Rahul Reddy,rahul.reddy12871@mail.com,Mumbai,2023-07-03,Regular
12872,Sneha Singh,sneha.singh12872@mail.com,Delhi,2024-07-11,Regular
12873,Sneha Mehta,,Kolkata,2024-04-04,Regular
12874,Manoj Kapoor,manoj.kapoor12874@mail.com,Ahmedabad,2024-08-21,New
12875,Vivek Iyer,vivek.iyer12875@mail.com,Pune,2024-02-18,Regular
12876,Ravi Nair,ravi.nair12876@mail.com,Unknown,2024-08-12,Regular
12877,Vikram Kapoor,vikram.kapoor12877@mail.com,Pune,2023-09-20,Premium
12878,Rohit Pillai,rohit.pillai12878@mail.com,Pune,2024-05-27,New
12879,Manoj Nair,manoj.nair12879@mail.com,Mumbai,2023-12-19,Unknown
12880,Rohit Patel,rohit.patel12880@mail.com,Pune,2024-05-27,Premium
12881,Anita Verma,anita.verma12881@mail.com,Mumbai,2024-08-11,New
12882,Suresh Banerjee,,Delhi,2024-01-08,Premium
12883,Kavita Chopra,kavita.chopra12883@mail.com,Ahmedabad,2023-12-17,Regular
12884,Meera Verma,meera.verma12884@mail.com,Mumbai,2024-02-05,Regular
12885,Amit Desai,amit.desai12885@mail.com,Hyderabad,2023-06-07,New
12886,Sanjay Mukherjee,sanjay.mukherjee12886@mail.com,Mumbai,2024-08-01,New
12887,Kavita Iyer,kavita.iyer12887@mail.com,Ahmedabad,2024-05-23,New
12888,Deepak Pillai,deepak.pillai12888@mail.com,Ahmedabad,2023-06-14,Premium
12889,Meera Chopra,meera.chopra12889@mail.com,Chennai,2024-04-22,Unknown
12890,Vikram Malhotra,vikram.malhotra12890@mail.com,Pune,2024-03-21,Premium
12891,Meera Rao,meera.rao12891@mail.com,Kolkata,2024-01-18,Regular
12892,Divya Patel,divya.patel12892@mail.com,Hyderabad,2023-11-08,Premium
12893,Isha Sharma,isha.sharma12893@mail.com,Bangalore,2023-08-08,Premium
12894,Priya Patel,priya.patel12894@mail.com,Delhi,2024-01-11,New
12895,Anjali Kumar,anjali.kumar12895@mail.com,Mumbai,2024-08-16,Regular
12896,Naveen Chopra,naveen.chopra12896@mail.com,Mumbai,2023-10-29,Regular
12897,Amit Desai,amit.desai12897@mail.com,Chennai,2023-12-02,Regular
12898,Priya Reddy,priya.reddy12898@mail.com,Kolkata,2024-02-06,Premium
12899,Ajay Joshi,ajay.joshi12899@mail.com,Kolkata,2024-04-20,Regular
12900,Nisha Desai,nisha.desai12900@mail.com,Unknown,2024-07-20,Regular
12901,Ritu Banerjee,ritu.banerjee12901@mail.com,Pune,2023-08-31,Premium
12902,Rahul Iyer,rahul.iyer12902@mail.com,Chennai,2023-10-09,New
12903,Meera Nair,meera.nair12903@mail.com,Hyderabad,2024-01-27,Premium
12904,Suresh Chopra,suresh.chopra12904@mail.com,Mumbai,2024-05-17,Regular
12905,Sneha Iyer,sneha.iyer12905@mail.com,Ahmedabad,2024-03-28,Premium
12906,Kavita Kumar,kavita.kumar12906@mail.com,Pune,2023-10-03,Regular
12907,Priya Agarwal,priya.agarwal12907@mail.com,Pune,2023-07-01,Regular
12908,Kavita Rao,kavita.rao12908@mail.com,Mumbai,2023-07-18,New
12909,Anita Reddy,anita.reddy12909@mail.com,Hyderabad,2024-07-13,Regular
12910,Sanjay Agarwal,sanjay.agarwal12910@mail.com,Pune,2023-11-02,Regular
12911,Meera Kumar,meera.kumar12911@mail.com,Bangalore,2024-07-25,Regular
12912,Neha Iyer,neha.iyer12912@mail.com,Bangalore,2024-06-15,Regular
12913,Anita Agarwal,anita.agarwal12913@mail.com,Kolkata,2024-04-27,Premium
12914,Isha Singh,isha.singh12914@mail.com,Bangalore,2024-06-14,Regular
12915,Shreya Sharma,shreya.sharma12915@mail.com,Mumbai,2023-07-09,Unknown
12916,Pallavi Chopra,pallavi.chopra12916@mail.com,Kolkata,2023-09-14,Premium
12917,Suresh Sharma,suresh.sharma12917@mail.com,Hyderabad,2023-09-27,New
12918,Neha Chopra,neha.chopra12918@mail.com,Bangalore,2023-06-15,Unknown
12919,Amit Reddy,amit.reddy12919@mail.com,Delhi,2024-02-29,Regular
12920,Anita Joshi,anita.joshi12920@mail.com,Bangalore,2023-12-11,New
12921,Anjali Iyer,anjali.iyer12921@mail.com,Pune,2024-05-13,Regular
12922,Kavita Verma,kavita.verma12922@mail.com,Ahmedabad,2024-07-11,Regular
12923,Suresh Gupta,suresh.gupta12923@mail.com,Hyderabad,2023-10-05,Regular
12924,Pallavi Nair,pallavi.nair12924@mail.com,Chennai,2024-03-20,Regular
12925,Pooja Joshi,pooja.joshi12925@mail.com,Kolkata,2023-11-19,Premium
12926,Naveen Mehta,naveen.mehta12926@mail.com,Mumbai,2024-02-05,Premium
12927,Pallavi Agarwal,pallavi.agarwal12927@mail.com,Hyderabad,2023-12-31,Regular
12928,Pooja Chopra,pooja.chopra12928@mail.com,Pune,2023-10-26,New
12929,Sanjay Malhotra,sanjay.malhotra12929@mail.com,Pune,2023-11-21,Regular
12930,Vikram Mukherjee,vikram.mukherjee12930@mail.com,Pune,2023-08-18,Regular
12931,Shreya Mukherjee,shreya.mukherjee12931@mail.com,Bangalore,2023-07-23,Regular
12932,Deepak Malhotra,deepak.malhotra12932@mail.com,Delhi,2024-04-16,Regular
12933,Kavita Malhotra,,Pune,2023-10-05,Premium
12934,Meera Singh,meera.singh12934@mail.com,Chennai,2024-01-27,Regular
12935,Meera Patel,meera.patel12935@mail.com,Kolkata,2023-11-29,New
12936,Gaurav Agarwal,gaurav.agarwal12936@mail.com,Delhi,2024-01-23,Regular
12937,Vikram Chopra,vikram.chopra12937@mail.com,Unknown,2024-05-19,Regular
12938,Meera Kapoor,,Kolkata,2024-03-10,New
12939,Suresh Mukherjee,suresh.mukherjee12939@mail.com,Delhi,2023-08-07,New
12940,Ajay Verma,ajay.verma12940@mail.com,Ahmedabad,2023-09-03,Regular
12941,Naveen Gupta,naveen.gupta12941@mail.com,Kolkata,2023-10-30,Regular
12942,Sneha Desai,sneha.desai12942@mail.com,Bangalore,2024-03-26,Unknown
12943,Sanjay Mukherjee,sanjay.mukherjee12943@mail.com,Chennai,2024-08-07,Premium
12944,Deepak Chopra,deepak.chopra12944@mail.com,Chennai,2024-01-22,Unknown
12945,Nisha Banerjee,nisha.banerjee12945@mail.com,Delhi,2023-11-16,Regular
12946,Anita Joshi,anita.joshi12946@mail.com,Hyderabad,2023-12-23,Premium
12947,Priya Patel,priya.patel12947@mail.com,Delhi,2023-09-27,Regular
12948,Naveen Pillai,naveen.pillai12948@mail.com,Delhi,2023-10-19,Regular
12949,Ritu Iyer,ritu.iyer12949@mail.com,Mumbai,2023-07-02,New
12950,Amit Iyer,amit.iyer12950@mail.com,Mumbai,2023-12-23,Regular
12951,Nisha Patel,nisha.patel12951@mail.com,Hyderabad,2024-08-08,Regular
12952,Vikram Agarwal,vikram.agarwal12952@mail.com,Kolkata,2023-07-31,Regular
12953,Gaurav Kapoor,gaurav.kapoor12953@mail.com,Hyderabad,2023-10-28,Regular
12954,Gaurav Mehta,gaurav.mehta12954@mail.com,Chennai,2023-10-12,New
12955,Divya Sharma,divya.sharma12955@mail.com,Ahmedabad,2024-02-04,Premium
12956,Sanjay Sharma,sanjay.sharma12956@mail.com,Mumbai,2024-07-08,Regular
12957,Sneha Rao,sneha.rao12957@mail.com,Bangalore,2023-07-21,Unknown
12958,Vikram Verma,vikram.verma12958@mail.com,Ahmedabad,2023-08-22,New
12959,Amit Reddy,amit.reddy12959@mail.com,Bangalore,2024-01-22,New
12960,Deepak Patel,deepak.patel12960@mail.com,Delhi,2024-01-30,Premium
12961,Rahul Kapoor,rahul.kapoor12961@mail.com,Mumbai,2024-03-10,Premium
12962,Anjali Reddy,anjali.reddy12962@mail.com,Kolkata,2024-07-05,Regular
12963,Neha Verma,neha.verma12963@mail.com,Hyderabad,2024-05-29,Regular
12964,Anjali Malhotra,anjali.malhotra12964@mail.com,Bangalore,2023-07-05,Regular
12965,Arjun Gupta,arjun.gupta12965@mail.com,Ahmedabad,2024-08-31,Regular
12966,Ritu Patel,ritu.patel12966@mail.com,Ahmedabad,2024-02-22,Regular
12967,Karan Mukherjee,karan.mukherjee12967@mail.com,Delhi,2023-06-16,Regular
12968,Divya Desai,divya.desai12968@mail.com,Pune,2023-09-15,Regular
12969,Anita Desai,anita.desai12969@mail.com,Mumbai,2023-08-19,Regular
12970,Ravi Iyer,ravi.iyer12970@mail.com,Kolkata,2024-01-30,Regular
12971,Isha Iyer,isha.iyer12971@mail.com,Mumbai,2023-06-03,New
12972,Pallavi Gupta,pallavi.gupta12972@mail.com,Chennai,2024-07-08,Premium
12973,Ravi Malhotra,ravi.malhotra12973@mail.com,Kolkata,2024-04-02,Regular
12974,Shreya Singh,shreya.singh12974@mail.com,Bangalore,2024-01-28,Regular
12975,Pallavi Gupta,pallavi.gupta12975@mail.com,Bangalore,2023-08-13,Regular
12976,Meera Iyer,meera.iyer12976@mail.com,Ahmedabad,2024-08-17,Regular
12977,Kavita Sharma,kavita.sharma12977@mail.com,Hyderabad,2023-07-18,Regular
12978,Sneha Nair,sneha.nair12978@mail.com,Pune,2024-05-26,Regular
12979,Ajay Mehta,ajay.mehta12979@mail.com,Delhi,2024-07-04,New
12980,Rohit Singh,rohit.singh12980@mail.com,Hyderabad,2023-10-27,Regular
12981,Meera Sharma,meera.sharma12981@mail.com,Ahmedabad,2023-06-15,Unknown
12982,Kavita Reddy,kavita.reddy12982@mail.com,Chennai,2023-11-16,Regular
12983,Ritu Agarwal,ritu.agarwal12983@mail.com,Mumbai,2023-10-13,Regular
12984,Gaurav Singh,gaurav.singh12984@mail.com,Hyderabad,2023-07-14,Premium
12985,Sanjay Nair,sanjay.nair12985@mail.com,Pune,2024-03-13,Premium
12986,Meera Mukherjee,meera.mukherjee12986@mail.com,Mumbai,2023-08-14,Regular
12987,Manoj Iyer,,Delhi,2023-12-24,Regular
12988,Neha Pillai,neha.pillai12988@mail.com,Pune,2024-05-23,Premium
12989,Swati Kumar,swati.kumar12989@mail.com,Kolkata,2024-01-07,Regular
12990,Karan Kapoor,karan.kapoor12990@mail.com,Kolkata,2023-12-11,Regular
12991,Pooja Desai,pooja.desai12991@mail.com,Chennai,2024-01-14,New
12992,Amit Nair,amit.nair12992@mail.com,Kolkata,2024-03-13,Regular
12993,Pooja Kumar,pooja.kumar12993@mail.com,Chennai,2024-02-01,Premium
12994,Sanjay Verma,sanjay.verma12994@mail.com,Chennai,2024-01-22,Premium
12995,Gaurav Kumar,gaurav.kumar12995@mail.com,Chennai,2023-09-03,Regular
12996,Karan Kumar,karan.kumar12996@mail.com,Hyderabad,2023-07-11,Regular
12997,Pooja Chopra,pooja.chopra12997@mail.com,Mumbai,2024-02-29,Regular
12998,Ravi Chopra,,Bangalore,2024-03-15,Premium
12999,Priya Nair,priya.nair12999@mail.com,Delhi,2024-05-02,Regular
13000,Anita Nair,anita.nair13000@mail.com,Mumbai,2024-04-23,Regular
13001,Anjali Rao,anjali.rao11958@mail.com,Bangalore,2023-07-26,Regular
13002,Ravi Mehta,ravi.mehta12088@mail.com,Delhi,2024-05-28,Regular
13003,Vikram Banerjee,vikram.banerjee11395@mail.com,Kolkata,2023-06-05,Regular
13004,Pallavi Mehta,pallavi.mehta11521@mail.com,Ahmedabad,2024-03-21,Regular
13005,Ajay Chopra,ajay.chopra11099@mail.com,Bangalore,2024-07-17,Premium
13006,Rahul Rao,rahul.rao10394@mail.com,Kolkata,2024-03-10,Premium
13007,Ravi Chopra,ravi.chopra10029@mail.com,Chennai,2023-10-25,Regular
13008,Arjun Reddy,arjun.reddy10100@mail.com,Kolkata,2024-07-27,New
13009,Shreya Joshi,shreya.joshi10352@mail.com,Kolkata,2023-08-31,New
13010,Neha Chopra,neha.chopra12021@mail.com,Bangalore,2023-11-17,Regular
13011,Arjun Mehta,arjun.mehta11353@mail.com,Mumbai,2023-06-24,Regular
13012,Anita Desai,anita.desai11145@mail.com,Bangalore,2023-09-05,Regular
13013,Arjun Rao,,Mumbai,2024-03-03,Premium
13014,Manoj Pillai,manoj.pillai11226@mail.com,Kolkata,2023-12-22,New
13015,Manoj Verma,manoj.verma10298@mail.com,Mumbai,2024-05-10,Regular
13016,Priya Mukherjee,priya.mukherjee11786@mail.com,Bangalore,2024-03-07,Unknown
13017,Meera Mehta,meera.mehta10127@mail.com,Delhi,2023-07-03,Premium
13018,Swati Malhotra,swati.malhotra12758@mail.com,Bangalore,2023-06-29,New
13019,Sanjay Mukherjee,sanjay.mukherjee11597@mail.com,Kolkata,2023-12-13,Premium
13020,Vivek Malhotra,vivek.malhotra12028@mail.com,Bangalore,2023-07-22,Regular
13021,Pooja Chopra,pooja.chopra12997@mail.com,Mumbai,2024-02-29,Regular
13022,Rohit Kumar,rohit.kumar10682@mail.com,Bangalore,2023-08-16,Regular
13023,Pooja Nair,pooja.nair10046@mail.com,Hyderabad,2023-12-22,Regular
13024,Anita Verma,anita.verma11437@mail.com,Chennai,2023-09-03,Regular
13025,Priya Banerjee,priya.banerjee12748@mail.com,Pune,2024-02-03,Premium
13026,Ajay Mehta,ajay.mehta10302@mail.com,Kolkata,2023-06-06,Regular
13027,Ajay Mehta,ajay.mehta12649@mail.com,Kolkata,2024-07-11,Regular
13028,Sneha Agarwal,sneha.agarwal11608@mail.com,Mumbai,2024-05-01,Regular
13029,Vikram Chopra,vikram.chopra10637@mail.com,Kolkata,2024-01-17,Regular
13030,Neha Kapoor,neha.kapoor10548@mail.com,Chennai,2024-03-07,Regular
13031,Rahul Patel,rahul.patel11266@mail.com,Delhi,2024-04-23,Regular
13032,Ravi Desai,ravi.desai11271@mail.com,Hyderabad,2023-10-23,Unknown
13033,Ritu Mehta,ritu.mehta10679@mail.com,Delhi,2024-05-05,Premium
13034,Rohit Banerjee,rohit.banerjee12613@mail.com,Hyderabad,2024-08-29,Regular
13035,Pooja Kapoor,pooja.kapoor12157@mail.com,Mumbai,2024-03-01,Regular
13036,Vivek Mukherjee,vivek.mukherjee10706@mail.com,Kolkata,2024-06-30,Premium
13037,Naveen Mehta,naveen.mehta11509@mail.com,Unknown,2024-01-04,Regular
13038,Vikram Malhotra,vikram.malhotra10111@mail.com,Bangalore,2024-01-27,Premium
13039,Rahul Iyer,rahul.iyer12354@mail.com,Bangalore,2023-08-05,Regular
13040,Karan Pillai,karan.pillai12178@mail.com,Mumbai,2023-06-16,Regular
13041,Ritu Desai,ritu.desai12049@mail.com,Ahmedabad,2024-05-16,Regular
13042,Deepak Chopra,deepak.chopra10283@mail.com,Mumbai,2023-08-23,Regular
13043,Sanjay Mukherjee,sanjay.mukherjee11101@mail.com,Chennai,2024-06-06,Premium
13044,Ravi Chopra,ravi.chopra10561@mail.com,Mumbai,2023-10-13,Premium
13045,Deepak Banerjee,deepak.banerjee10564@mail.com,Bangalore,2024-04-01,Regular
13046,Swati Banerjee,swati.banerjee10578@mail.com,Mumbai,2024-02-02,Premium
13047,Nisha Joshi,nisha.joshi11820@mail.com,Mumbai,2023-08-24,New
13048,Rahul Mehta,rahul.mehta11951@mail.com,Chennai,2024-01-31,New
13049,Amit Sharma,amit.sharma11560@mail.com,Kolkata,2023-08-13,Regular
13050,Isha Malhotra,isha.malhotra10300@mail.com,Hyderabad,2024-05-25,New
13051,Kavita Gupta,kavita.gupta11923@mail.com,Chennai,2023-10-31,Regular
13052,Isha Rao,isha.rao11066@mail.com,Mumbai,2023-12-06,Regular
13053,Deepak Rao,deepak.rao12039@mail.com,Bangalore,2023-11-14,Regular
13054,Kavita Banerjee,kavita.banerjee10535@mail.com,Pune,2024-07-22,Regular
13055,Pallavi Nair,pallavi.nair12924@mail.com,Chennai,2024-03-20,Regular
13056,Gaurav Singh,gaurav.singh12766@mail.com,Delhi,2024-01-14,Premium
13057,Arjun Kumar,,Delhi,2024-04-20,Regular
13058,Pallavi Patel,pallavi.patel10274@mail.com,Hyderabad,2023-12-29,Regular
13059,Pooja Reddy,pooja.reddy10395@mail.com,Hyderabad,2024-03-19,Unknown
13060,Kavita Mehta,kavita.mehta10193@mail.com,Mumbai,2023-11-15,Premium
