delivery_id,order_id,expected_date,actual_date,delivery_status
600001,500001,2024-09-01,2024-09-04,Delayed
600002,500002,2023-12-15,2023-12-17,Delayed
600003,500003,2024-03-10,2024-03-14,Delayed
600004,500004,2023-10-14,2023-10-15,On-time
600005,500005,2023-11-24,2023-11-25,On-time
600006,500006,2023-09-25,2023-09-25,On-time
600007,500007,2023-12-19,2023-12-19,On-time
600008,500008,2024-07-12,2024-07-11,On-time
600009,500009,2024-01-15,2024-01-16,On-time
600010,500010,2024-03-26,2024-03-25,On-time
600011,500011,2023-11-22,\N,\N
600012,500012,2023-08-22,2023-08-28,Delayed
600013,500013,2023-08-30,2023-08-31,On-time
600014,500014,2023-06-28,2023-06-27,On-time
600015,500015,2023-06-09,2023-06-12,Delayed
600016,500016,2023-10-11,\N,Failed
600017,500017,2023-06-05,2023-06-04,On-time
600018,500018,2024-03-15,2024-03-16,On-time
600019,500019,2024-02-07,2024-02-08,On-time
600020,500020,2023-07-02,\N,Failed
600021,500021,2024-05-18,2024-05-17,On-time
600022,500022,2024-04-10,2024-04-10,On-time
600023,500023,2024-09-28,2024-09-28,On-time
600024,500024,2023-10-05,\N,\N
600025,500025,2024-07-10,2024-07-11,On-time
600026,500026,2024-08-02,2024-08-03,On-time
600027,500027,2023-09-17,2023-09-16,On-time
600028,500028,2023-10-31,2023-10-31,On-time
600029,500029,2024-05-19,2024-05-19,On-time
600030,500030,2024-03-08,2024-03-07,On-time
600031,500031,2023-07-18,2023-07-17,On-time
600032,500032,2023-12-26,\N,\N
600033,500033,2023-11-17,2023-11-16,On-time
600034,500034,2024-03-16,\N,Failed
600035,500035,2023-09-04,2023-09-04,On-time
600036,500036,2024-01-07,2024-01-06,On-time
600037,500037,2023-08-16,\N,\N
600038,500038,2023-10-17,2023-10-20,Delayed
600039,500039,2023-06-09,\N,Failed
600040,500040,2023-07-26,2023-08-01,Delayed
600041,500041,2024-02-13,2024-02-14,On-time
600042,500042,2024-05-03,2024-05-04,On-time
600043,500043,2023-09-11,2023-09-12,On-time
600044,500044,2024-04-06,2024-04-06,On-time
600045,500045,2024-04-17,2024-04-21,Delayed
600046,500046,2024-06-18,2024-06-18,On-time
600047,500047,2023-07-31,2023-07-30,On-time
600048,500048,2024-03-05,2024-03-06,On-time
600049,500049,2023-12-09,2023-12-09,On-time
600050,500050,2024-03-16,2024-03-17,On-time
600051,500051,2024-08-25,2024-08-26,On-time
600052,500052,2024-04-06,2024-04-05,On-time
600053,500053,2024-07-24,2024-07-30,Delayed
600054,500054,2024-01-25,2024-01-29,Delayed
600055,500055,2023-12-22,\N,\N
600056,500056,2023-10-27,2023-10-28,On-time
600057,500057,2023-09-17,2023-09-17,On-time
600058,500058,2024-08-03,2024-08-04,On-time
600059,500059,2024-07-26,2024-07-25,On-time
600060,500060,2024-07-04,2024-07-05,On-time
600061,500061,2024-01-09,\N,\N
600062,500062,2024-06-06,2024-06-05,On-time
600063,500063,2023-10-29,2023-10-30,On-time
600064,500064,2023-06-10,2023-06-11,On-time
600065,500065,2023-07-23,2023-07-26,Delayed
600066,500066,2024-07-30,2024-07-31,On-time
600067,500067,2023-06-22,2023-06-23,On-time
600068,500068,2023-06-29,2023-06-29,On-time
600069,500069,2023-06-28,2023-06-28,On-time
600070,500070,2024-05-26,2024-05-30,Delayed
600071,500071,2024-08-05,2024-08-04,On-time
600072,500072,2024-01-07,\N,Failed
600073,500073,2024-04-04,2024-04-10,Delayed
600074,500074,2024-07-30,2024-07-31,On-time
600075,500075,2024-07-22,2024-07-28,Delayed
600076,500076,2023-06-22,2023-06-23,On-time
600077,500077,2024-07-25,2024-07-28,Delayed
600078,500078,2023-07-30,2023-07-31,On-time
600079,500079,2023-07-06,2023-07-12,Delayed
600080,500080,2024-08-11,2024-08-10,On-time
600081,500081,2024-05-13,\N,\N
600082,500082,2024-04-11,2024-04-10,On-time
600083,500083,2024-04-06,2024-04-06,On-time
600084,500084,2023-07-31,2023-07-31,On-time
600085,500085,2023-11-28,2023-11-29,On-time
600086,500086,2023-12-18,2023-12-17,On-time
600087,500087,2023-09-03,2023-09-07,Delayed
600088,500088,2023-12-31,2023-12-30,On-time
600089,500089,2023-06-25,2023-06-25,On-time
600090,500090,2023-07-25,2023-07-24,On-time
600091,500091,2024-03-08,2024-03-09,On-time
600092,500092,2023-07-13,2023-07-14,On-time
600093,500093,2024-05-14,2024-05-14,On-time
600094,500094,2024-01-13,2024-01-15,Delayed
600095,500095,2024-02-05,2024-02-06,On-time
600096,500096,2023-11-14,2023-11-20,Delayed
600097,500097,2024-06-25,2024-06-24,On-time
600098,500098,2024-04-16,2024-04-16,On-time
600099,500099,2024-01-20,\N,Failed
600100,500100,2024-01-15,2024-01-16,On-time
600101,500101,2024-06-27,\N,\N
600102,500102,2023-06-03,2023-06-03,On-time
600103,500103,2024-02-21,2024-02-21,On-time
600104,500104,2024-03-05,\N,\N
600105,500105,2024-03-20,2024-03-21,On-time
600106,500106,2023-09-28,2023-10-01,Delayed
600107,500107,2024-07-06,\N,\N
600108,500108,2024-01-25,2024-01-25,On-time
600109,500109,2024-05-03,2024-05-03,On-time
600110,500110,2024-04-19,2024-04-19,On-time
600111,500111,2024-07-15,2024-07-14,On-time
600112,500112,2024-01-13,2024-01-12,On-time
600113,500113,2023-08-28,2023-08-27,On-time
600114,500114,2024-02-27,2024-02-29,Delayed
600115,500115,2024-02-17,2024-02-18,On-time
600116,500116,2023-06-25,2023-06-25,On-time
600117,500117,2023-12-11,2023-12-12,On-time
600118,500118,2024-03-10,2024-03-09,On-time
600119,500119,2023-08-16,2023-08-16,On-time
600120,500120,2024-08-07,\N,Failed
600121,500121,2024-05-31,2024-05-30,On-time
600122,500122,2023-11-13,2023-11-13,On-time
600123,500123,2023-12-09,2023-12-08,On-time
600124,500124,2024-05-27,2024-05-26,On-time
600125,500125,2023-09-26,\N,\N
600126,500126,2023-06-13,2023-06-17,Delayed
600127,500127,2023-07-23,2023-07-22,On-time
600128,500128,2023-07-25,2023-07-29,Delayed
600129,500129,2023-08-23,2023-08-23,On-time
600130,500130,2024-05-29,2024-05-29,On-time
600131,500131,2023-06-08,2023-06-08,On-time
600132,500132,2023-11-13,2023-11-12,On-time
600133,500133,2023-12-22,2023-12-21,On-time
600134,500134,2023-06-25,2023-06-25,On-time
600135,500135,2024-04-05,2024-04-04,On-time
600136,500136,2024-08-06,2024-08-07,On-time
600137,500137,2024-06-22,2024-06-21,On-time
600138,500138,2023-10-14,2023-10-20,Delayed
600139,500139,2024-01-15,2024-01-16,On-time
600140,500140,2024-09-28,2024-09-28,On-time
600141,500141,2023-08-29,\N,\N
600142,500142,2024-01-07,2024-01-07,On-time
600143,500143,2023-08-09,\N,Failed
600144,500144,2023-09-24,\N,\N
600145,500145,2024-08-21,2024-08-23,Delayed
600146,500146,2023-06-21,\N,\N
600147,500147,2024-01-18,2024-01-17,On-time
600148,500148,2024-03-11,2024-03-12,On-time
600149,500149,2024-09-01,2024-09-02,On-time
600150,500150,2024-01-16,2024-01-16,On-time
600151,500151,2023-12-31,2024-01-06,Delayed
600152,500152,2024-01-16,2024-01-22,Delayed
600153,500153,2023-11-18,2023-11-20,Delayed
600154,500154,2024-05-11,2024-05-10,On-time
600155,500155,2024-08-15,2024-08-14,On-time
600156,500156,2024-06-28,2024-06-28,On-time
600157,500157,2024-05-17,2024-05-16,On-time
600158,500158,2024-05-16,\N,\N
600159,500159,2024-06-19,2024-06-19,On-time
600160,500160,2024-01-28,2024-01-28,On-time
600161,500161,2024-05-26,2024-05-27,On-time
600162,500162,2023-10-30,2023-10-31,On-time
600163,500163,2024-02-04,2024-02-03,On-time
600164,500164,2023-11-10,2023-11-13,Delayed
600165,500165,2023-07-05,2023-07-10,Delayed
600166,500166,2023-12-12,2023-12-12,On-time
600167,500167,2023-12-11,2023-12-13,Delayed
600168,500168,2023-07-05,\N,Failed
600169,500169,2023-07-20,2023-07-21,On-time
600170,500170,2023-11-09,2023-11-10,On-time
600171,500171,2023-06-04,2023-06-06,Delayed
600172,500172,2024-06-18,2024-06-19,On-time
600173,500173,2024-04-16,2024-04-20,Delayed
600174,500174,2023-10-24,2023-10-30,Delayed
600175,500175,2023-12-22,2023-12-21,On-time
600176,500176,2023-10-11,2023-10-11,On-time
600177,500177,2023-10-28,2023-10-27,On-time
600178,500178,2023-09-15,2023-09-16,On-time
600179,500179,2023-12-13,2023-12-14,On-time
600180,500180,2024-07-20,2024-07-20,On-time
600181,500181,2024-06-26,2024-06-27,On-time
600182,500182,2023-07-22,2023-07-21,On-time
600183,500183,2024-05-28,2024-05-30,Delayed
600184,500184,2023-08-30,2023-08-30,On-time
600185,500185,2023-07-18,2023-07-17,On-time
600186,500186,2023-09-13,2023-09-15,Delayed
600187,500187,2024-04-18,\N,\N
600188,500188,2024-06-21,2024-06-20,On-time
600189,500189,2023-08-19,2023-08-21,Delayed
600190,500190,2024-01-03,\N,\N
600191,500191,2023-08-17,2023-08-17,On-time
600192,500192,2024-08-05,2024-08-04,On-time
600193,500193,2024-05-07,2024-05-06,On-time
600194,500194,2023-06-30,\N,\N
600195,500195,2023-08-04,2023-08-05,On-time
600196,500196,2024-08-29,2024-09-01,Delayed
600197,500197,2023-10-15,2023-10-14,On-time
600198,500198,2024-04-25,2024-04-25,On-time
600199,500199,2024-01-13,2024-01-13,On-time
600200,500200,2023-12-02,2023-12-08,Delayed
600201,500201,2023-12-15,2023-12-21,Delayed
600202,500202,2023-06-12,2023-06-18,Delayed
600203,500203,2024-04-02,2024-04-06,Delayed
600204,500204,2023-10-05,2023-10-04,On-time
600205,500205,2024-04-29,2024-05-04,Delayed
600206,500206,2024-07-29,\N,Failed
600207,500207,2024-03-03,2024-03-04,On-time
600208,500208,2024-02-24,2024-02-25,On-time
600209,500209,2023-09-26,2023-09-25,On-time
600210,500210,2023-10-04,2023-10-05,On-time
600211,500211,2023-08-23,2023-08-27,Delayed
600212,500212,2024-02-29,2024-02-29,On-time
600213,500213,2024-04-11,2024-04-13,Delayed
600214,500214,2024-03-18,\N,\N
600215,500215,2023-09-10,2023-09-10,On-time
600216,500216,2023-08-21,2023-08-21,On-time
600217,500217,2023-12-20,2023-12-19,On-time
600218,500218,2024-07-18,2024-07-22,Delayed
600219,500219,2024-08-23,2024-08-23,On-time
600220,500220,2024-08-29,2024-08-29,On-time
600221,500221,2024-09-22,2024-09-26,Delayed
600222,500222,2023-12-31,\N,Failed
600223,500223,2024-06-07,2024-06-07,On-time
600224,500224,2023-10-18,2023-10-17,On-time
600225,500225,2024-08-05,2024-08-05,On-time
600226,500226,2024-02-05,2024-02-11,Delayed
600227,500227,2024-07-10,2024-07-11,On-time
600228,500228,2024-06-26,2024-06-26,On-time
600229,500229,2024-06-08,2024-06-08,On-time
600230,500230,2024-07-16,2024-07-15,On-time
600231,500231,2023-08-10,\N,\N
600232,500232,2024-09-05,2024-09-04,On-time
600233,500233,2023-11-27,2023-11-26,On-time
600234,500234,2024-08-03,2024-08-03,On-time
600235,500235,2023-06-27,2023-06-27,On-time
600236,500236,2023-06-17,\N,Failed
600237,500237,2024-05-10,2024-05-09,On-time
600238,500238,2024-02-14,\N,\N
600239,500239,2023-12-18,2023-12-23,Delayed
600240,500240,2024-06-20,2024-06-20,On-time
600241,500241,2024-05-29,2024-05-29,On-time
600242,500242,2023-09-12,2023-09-12,On-time
600243,500243,2023-08-08,2023-08-07,On-time
600244,500244,2023-10-25,\N,Failed
600245,500245,2023-11-15,2023-11-14,On-time
600246,500246,2024-09-17,2024-09-17,On-time
600247,500247,2023-09-04,\N,\N
600248,500248,2024-08-23,2024-08-22,On-time
600249,500249,2024-07-17,2024-07-16,On-time
600250,500250,2024-03-30,2024-03-30,On-time
600251,500251,2024-04-25,2024-04-29,Delayed
600252,500252,2023-11-01,2023-11-05,Delayed
600253,500253,2023-07-19,2023-07-18,On-time
600254,500254,2024-03-08,2024-03-07,On-time
600255,500255,2024-09-30,2024-10-01,On-time
600256,500256,2023-09-20,\N,Failed
600257,500257,2024-02-02,2024-02-01,On-time
600258,500258,2024-03-12,2024-03-11,On-time
600259,500259,2024-02-13,2024-02-12,On-time
600260,500260,2024-02-16,2024-02-20,Delayed
600261,500261,2024-04-17,2024-04-23,Delayed
600262,500262,2024-05-22,\N,Failed
600263,500263,2024-05-30,\N,\N
600264,500264,2024-03-09,\N,Failed
600265,500265,2023-07-08,2023-07-08,On-time
600266,500266,2024-03-23,2024-03-24,On-time
600267,500267,2024-07-30,2024-07-30,On-time
600268,500268,2024-09-15,2024-09-16,On-time
600269,500269,2023-10-07,2023-10-08,On-time
600270,500270,2024-01-24,2024-01-23,On-time
600271,500271,2023-12-23,2023-12-24,On-time
600272,500272,2024-01-17,2024-01-23,Delayed
600273,500273,2024-07-17,2024-07-17,On-time
600274,500274,2024-06-20,2024-06-20,On-time
600275,500275,2024-09-09,2024-09-11,Delayed
600276,500276,2024-03-07,2024-03-07,On-time
600277,500277,2024-04-02,2024-04-02,On-time
600278,500278,2024-03-25,2024-03-25,On-time
600279,500279,2023-08-19,2023-08-20,On-time
600280,500280,2024-02-22,2024-02-23,On-time
600281,500281,2024-06-08,2024-06-09,On-time
600282,500282,2024-06-30,2024-07-01,On-time
600283,500283,2023-09-06,2023-09-05,On-time
600284,500284,2023-12-31,2023-12-31,On-time
600285,500285,2024-07-28,2024-07-27,On-time
600286,500286,2023-12-26,2023-12-27,On-time
600287,500287,2023-11-29,2023-11-30,On-time
600288,500288,2024-02-07,2024-02-11,Delayed
600289,500289,2023-08-30,2023-08-31,On-time
600290,500290,2024-01-18,2024-01-17,On-time
600291,500291,2024-09-03,2024-09-04,On-time
600292,500292,2024-07-22,2024-07-21,On-time
600293,500293,2024-07-22,2024-07-28,Delayed
600294,500294,2023-12-24,2023-12-23,On-time
600295,500295,2024-02-01,2024-01-31,On-time
600296,500296,2024-09-25,2024-09-26,On-time
600297,500297,2024-02-15,2024-02-14,On-time
600298,500298,2024-07-06,2024-07-07,On-time
600299,500299,2023-12-27,\N,Failed
600300,500300,2024-02-21,\N,\N
600301,500301,2023-06-10,2023-06-09,On-time
600302,500302,2024-04-18,2024-04-18,On-time
600303,500303,2024-05-15,2024-05-18,Delayed
600304,500304,2023-10-04,2023-10-03,On-time
600305,500305,2024-06-27,\N,Failed
600306,500306,2024-04-24,2024-04-23,On-time
600307,500307,2024-07-17,\N,\N
600308,500308,2024-07-14,2024-07-14,On-time
600309,500309,2023-09-15,2023-09-15,On-time
600310,500310,2023-12-06,2023-12-08,Delayed
600311,500311,2024-08-07,2024-08-08,On-time
600312,500312,2023-07-07,2023-07-08,On-time
600313,500313,2024-07-05,\N,\N
600314,500314,2023-10-18,2023-10-21,Delayed
600315,500315,2024-07-28,2024-07-27,On-time
600316,500316,2024-08-26,2024-08-26,On-time
600317,500317,2024-04-15,2024-04-21,Delayed
600318,500318,2024-01-03,2024-01-02,On-time
600319,500319,2023-06-29,2023-06-29,On-time
600320,500320,2024-08-10,2024-08-11,On-time
600321,500321,2024-06-03,2024-06-03,On-time
600322,500322,2024-04-17,2024-04-21,Delayed
600323,500323,2024-09-30,2024-10-06,Delayed
600324,500324,2024-08-21,2024-08-21,On-time
600325,500325,2023-10-10,2023-10-11,On-time
600326,500326,2024-03-07,2024-03-06,On-time
600327,500327,2024-07-29,2024-07-29,On-time
600328,500328,2023-07-02,2023-07-04,Delayed
600329,500329,2023-08-14,\N,Failed
600330,500330,2023-11-28,\N,Failed
600331,500331,2023-07-09,2023-07-10,On-time
600332,500332,2024-04-24,2024-04-23,On-time
600333,500333,2023-06-09,2023-06-09,On-time
600334,500334,2024-04-11,2024-04-10,On-time
600335,500335,2023-11-06,2023-11-12,Delayed
600336,500336,2023-06-22,2023-06-25,Delayed
600337,500337,2024-04-08,\N,Failed
600338,500338,2024-03-15,2024-03-16,On-time
600339,500339,2023-12-01,\N,\N
600340,500340,2023-08-23,2023-08-23,On-time
600341,500341,2024-01-08,2024-01-14,Delayed
600342,500342,2024-04-23,\N,\N
600343,500343,2024-01-28,2024-01-29,On-time
600344,500344,2024-06-07,2024-06-07,On-time
600345,500345,2023-12-03,2023-12-02,On-time
600346,500346,2024-02-19,2024-02-23,Delayed
600347,500347,2024-01-08,2024-01-07,On-time
600348,500348,2024-08-05,2024-08-06,On-time
600349,500349,2023-07-02,\N,Failed
600350,500350,2023-11-05,2023-11-11,Delayed
600351,500351,2024-08-09,2024-08-09,On-time
600352,500352,2023-10-11,2023-10-12,On-time
600353,500353,2023-10-24,2023-10-24,On-time
600354,500354,2024-07-06,2024-07-06,On-time
600355,500355,2023-06-22,2023-06-24,Delayed
600356,500356,2024-09-17,2024-09-20,Delayed
600357,500357,2024-03-26,2024-03-26,On-time
600358,500358,2023-08-15,2023-08-14,On-time
600359,500359,2023-10-09,2023-10-11,Delayed
600360,500360,2024-05-24,2024-05-23,On-time
600361,500361,2023-10-18,2023-10-23,Delayed
600362,500362,2024-05-08,2024-05-07,On-time
600363,500363,2023-10-29,2023-10-28,On-time
600364,500364,2024-10-01,2024-10-03,Delayed
600365,500365,2023-11-10,2023-11-15,Delayed
600366,500366,2024-01-23,2024-01-28,Delayed
600367,500367,2023-10-23,2023-10-22,On-time
600368,500368,2024-01-23,2024-01-24,On-time
600369,500369,2024-03-28,2024-03-28,On-time
600370,500370,2023-06-16,2023-06-15,On-time
600371,500371,2023-12-01,\N,Failed
600372,500372,2023-06-17,2023-06-18,On-time
600373,500373,2024-04-26,2024-04-28,Delayed
600374,500374,2023-07-01,2023-07-01,On-time
600375,500375,2024-03-22,2024-03-22,On-time
600376,500376,2024-08-04,2024-08-04,On-time
600377,500377,2023-11-26,2023-11-27,On-time
600378,500378,2024-03-18,2024-03-19,On-time
600379,500379,2024-07-18,2024-07-24,Delayed
600380,500380,2024-02-03,2024-02-03,On-time
600381,500381,2024-06-09,2024-06-10,On-time
600382,500382,2023-07-16,\N,\N
600383,500383,2024-08-02,2024-08-02,On-time
600384,500384,2024-06-25,2024-06-24,On-time
600385,500385,2024-09-28,2024-09-29,On-time
600386,500386,2024-03-27,\N,\N
600387,500387,2024-04-16,2024-04-17,On-time
600388,500388,2023-07-04,2023-07-04,On-time
600389,500389,2024-07-11,2024-07-11,On-time
600390,500390,2024-05-08,\N,\N
600391,500391,2024-08-31,\N,\N
600392,500392,2023-08-08,\N,\N
600393,500393,2023-12-19,2023-12-19,On-time
600394,500394,2024-02-19,2024-02-20,On-time
600395,500395,2023-08-22,2023-08-23,On-time
600396,500396,2024-03-24,2024-03-25,On-time
600397,500397,2024-06-10,2024-06-11,On-time
600398,500398,2023-06-15,2023-06-20,Delayed
600399,500399,2024-05-28,\N,Failed
600400,500400,2024-01-29,2024-01-30,On-time
600401,500401,2023-11-06,2023-11-06,On-time
600402,500402,2024-02-09,2024-02-09,On-time
600403,500403,2023-10-21,2023-10-22,On-time
600404,500404,2024-03-01,2024-02-29,On-time
600405,500405,2023-06-23,2023-06-22,On-time
600406,500406,2024-07-20,2024-07-19,On-time
600407,500407,2023-06-05,2023-06-05,On-time
600408,500408,2024-08-01,2024-08-01,On-time
600409,500409,2023-07-06,2023-07-05,On-time
600410,500410,2024-04-15,2024-04-15,On-time
600411,500411,2023-08-10,2023-08-13,Delayed
600412,500412,2024-05-11,2024-05-11,On-time
600413,500413,2024-07-02,2024-07-07,Delayed
600414,500414,2024-06-11,2024-06-13,Delayed
600415,500415,2024-09-27,2024-09-27,On-time
600416,500416,2023-10-29,2023-10-29,On-time
600417,500417,2023-08-17,2023-08-17,On-time
600418,500418,2023-06-09,2023-06-10,On-time
600419,500419,2024-07-07,2024-07-06,On-time
600420,500420,2023-08-15,2023-08-15,On-time
600421,500421,2023-09-01,\N,\N
600422,500422,2023-11-17,2023-11-17,On-time
600423,500423,2023-06-23,2023-06-28,Delayed
600424,500424,2023-07-12,2023-07-18,Delayed
600425,500425,2024-08-29,2024-08-30,On-time
600426,500426,2024-08-13,2024-08-13,On-time
600427,500427,2023-11-20,2023-11-19,On-time
600428,500428,2024-07-19,2024-07-19,On-time
600429,500429,2024-01-14,2024-01-13,On-time
600430,500430,2023-06-06,2023-06-06,On-time
600431,500431,2024-05-29,2024-05-30,On-time
600432,500432,2024-05-15,\N,Failed
600433,500433,2024-01-29,2024-01-29,On-time
600434,500434,2024-04-15,2024-04-14,On-time
600435,500435,2024-01-23,2024-01-24,On-time
600436,500436,2023-10-17,2023-10-22,Delayed
600437,500437,2024-07-26,2024-07-26,On-time
600438,500438,2024-03-01,2024-03-01,On-time
600439,500439,2023-07-22,2023-07-21,On-time
600440,500440,2023-08-22,2023-08-23,On-time
600441,500441,2023-11-21,\N,Failed
600442,500442,2024-05-22,2024-05-24,Delayed
600443,500443,2023-10-27,2023-10-27,On-time
600444,500444,2023-07-12,2023-07-12,On-time
600445,500445,2023-08-02,2023-08-02,On-time
600446,500446,2024-07-16,2024-07-20,Delayed
600447,500447,2023-06-22,2023-06-23,On-time
600448,500448,2024-06-02,2024-06-01,On-time
600449,500449,2024-09-27,2024-09-27,On-time
600450,500450,2024-01-09,2024-01-10,On-time
600451,500451,2023-07-05,\N,Failed
600452,500452,2024-01-09,2024-01-10,On-time
600453,500453,2023-06-25,2023-06-27,Delayed
600454,500454,2023-12-16,2023-12-17,On-time
600455,500455,2024-08-15,2024-08-15,On-time
600456,500456,2023-07-20,2023-07-21,On-time
600457,500457,2024-03-06,2024-03-05,On-time
600458,500458,2023-08-25,2023-08-26,On-time
600459,500459,2024-01-03,2024-01-03,On-time
600460,500460,2024-01-17,2024-01-18,On-time
600461,500461,2023-10-17,2023-10-19,Delayed
600462,500462,2024-01-16,2024-01-17,On-time
600463,500463,2024-06-27,2024-06-28,On-time
600464,500464,2024-09-28,2024-09-29,On-time
600465,500465,2023-12-26,\N,Failed
600466,500466,2024-05-16,2024-05-17,On-time
600467,500467,2024-03-18,2024-03-18,On-time
600468,500468,2024-08-27,\N,Failed
600469,500469,2024-02-03,2024-02-03,On-time
600470,500470,2024-04-07,\N,Failed
600471,500471,2023-06-29,2023-07-01,Delayed
600472,500472,2023-12-15,2023-12-16,On-time
600473,500473,2024-04-16,2024-04-22,Delayed
600474,500474,2024-02-03,2024-02-07,Delayed
600475,500475,2024-08-06,2024-08-07,On-time
600476,500476,2023-08-27,2023-08-26,On-time
600477,500477,2024-09-30,2024-10-05,Delayed
600478,500478,2024-07-13,2024-07-12,On-time
600479,500479,2024-07-24,2024-07-30,Delayed
600480,500480,2024-02-20,2024-02-19,On-time
600481,500481,2023-10-27,2023-10-27,On-time
600482,500482,2024-06-28,2024-06-27,On-time
600483,500483,2024-09-16,2024-09-17,On-time
600484,500484,2024-04-15,2024-04-16,On-time
600485,500485,2023-06-09,2023-06-10,On-time
600486,500486,2024-10-04,2024-10-03,On-time
600487,500487,2024-08-16,2024-08-15,On-time
600488,500488,2023-11-04,2023-11-09,Delayed
600489,500489,2024-07-15,2024-07-15,On-time
600490,500490,2023-11-30,2023-11-30,On-time
600491,500491,2024-04-01,\N,\N
600492,500492,2023-10-06,\N,Failed
600493,500493,2024-01-02,\N,\N
600494,500494,2024-08-11,\N,\N
600495,500495,2023-12-03,2023-12-04,On-time
600496,500496,2023-10-13,\N,Failed
600497,500497,2023-09-02,2023-09-01,On-time
600498,500498,2024-03-10,2024-03-11,On-time
600499,500499,2024-08-29,2024-08-28,On-time
600500,500500,2023-08-31,2023-08-31,On-time
600501,500501,2024-03-28,2024-03-29,On-time
600502,500502,2023-09-23,2023-09-26,Delayed
600503,500503,2023-09-23,2023-09-23,On-time
600504,500504,2023-09-09,2023-09-09,On-time
600505,500505,2024-01-16,\N,\N
600506,500506,2024-09-04,2024-09-05,On-time
600507,500507,2024-07-03,2024-07-02,On-time
600508,500508,2024-09-27,2024-09-26,On-time
600509,500509,2024-07-14,2024-07-19,Delayed
600510,500510,2024-04-30,2024-05-01,On-time
600511,500511,2024-01-06,2024-01-06,On-time
600512,500512,2024-06-20,2024-06-21,On-time
600513,500513,2023-11-23,2023-11-23,On-time
600514,500514,2024-03-31,2024-03-30,On-time
600515,500515,2023-07-20,2023-07-20,On-time
600516,500516,2023-08-19,2023-08-21,Delayed
600517,500517,2023-06-25,2023-06-24,On-time
600518,500518,2023-11-19,2023-11-19,On-time
600519,500519,2024-09-22,2024-09-22,On-time
600520,500520,2024-04-13,2024-04-19,Delayed
600521,500521,2023-09-28,2023-09-27,On-time
600522,500522,2024-08-25,2024-08-24,On-time
600523,500523,2023-06-28,2023-07-01,Delayed
600524,500524,2023-11-08,\N,\N
600525,500525,2024-07-14,2024-07-15,On-time
600526,500526,2024-09-08,\N,Failed
600527,500527,2024-02-03,2024-02-03,On-time
600528,500528,2023-06-12,2023-06-13,On-time
600529,500529,2023-09-03,2023-09-05,Delayed
600530,500530,2024-07-05,2024-07-04,On-time
600531,500531,2023-09-29,\N,Failed
600532,500532,2023-06-28,2023-06-30,Delayed
600533,500533,2024-05-19,2024-05-22,Delayed
600534,500534,2023-07-24,2023-07-24,On-time
600535,500535,2024-09-22,2024-09-21,On-time
600536,500536,2024-08-31,2024-08-31,On-time
600537,500537,2024-04-04,2024-04-08,Delayed
600538,500538,2023-07-05,2023-07-08,Delayed
600539,500539,2023-08-07,2023-08-09,Delayed
600540,500540,2023-09-11,2023-09-11,On-time
600541,500541,2024-09-14,2024-09-13,On-time
600542,500542,2024-07-09,2024-07-08,On-time
600543,500543,2024-07-21,2024-07-22,On-time
600544,500544,2024-03-13,2024-03-16,Delayed
600545,500545,2024-05-20,2024-05-23,Delayed
600546,500546,2024-01-09,2024-01-08,On-time
600547,500547,2024-03-05,2024-03-05,On-time
600548,500548,2024-09-08,2024-09-08,On-time
600549,500549,2023-11-22,2023-11-22,On-time
600550,500550,2023-06-08,2023-06-07,On-time
600551,500551,2024-06-02,2024-06-01,On-time
600552,500552,2023-11-11,2023-11-11,On-time
600553,500553,2024-06-24,2024-06-27,Delayed
600554,500554,2024-02-13,2024-02-15,Delayed
600555,500555,2024-04-09,\N,\N
600556,500556,2023-10-17,\N,Failed
600557,500557,2023-11-19,2023-11-19,On-time
600558,500558,2023-06-19,2023-06-20,On-time
600559,500559,2024-04-24,2024-04-24,On-time
600560,500560,2024-09-22,2024-09-23,On-time
600561,500561,2024-06-25,2024-06-25,On-time
600562,500562,2024-08-13,2024-08-18,Delayed
600563,500563,2023-09-20,2023-09-19,On-time
600564,500564,2024-08-02,\N,Failed
600565,500565,2024-08-12,2024-08-13,On-time
600566,500566,2024-04-20,2024-04-20,On-time
600567,500567,2023-07-20,2023-07-21,On-time
600568,500568,2024-03-03,2024-03-03,On-time
600569,500569,2023-12-18,\N,Failed
600570,500570,2024-08-06,2024-08-06,On-time
600571,500571,2024-06-06,2024-06-07,On-time
600572,500572,2024-08-20,2024-08-20,On-time
600573,500573,2024-03-20,2024-03-26,Delayed
600574,500574,2024-08-01,2024-07-31,On-time
600575,500575,2024-08-05,2024-08-06,On-time
600576,500576,2024-04-01,2024-04-02,On-time
600577,500577,2024-06-23,2024-06-24,On-time
600578,500578,2024-05-25,2024-05-25,On-time
600579,500579,2024-07-16,2024-07-16,On-time
600580,500580,2024-03-30,2024-04-01,Delayed
600581,500581,2023-09-11,2023-09-11,On-time
600582,500582,2023-11-29,2023-11-28,On-time
600583,500583,2024-01-13,2024-01-12,On-time
600584,500584,2023-11-30,2023-12-03,Delayed
600585,500585,2023-12-27,2023-12-28,On-time
600586,500586,2023-10-04,2023-10-03,On-time
600587,500587,2023-06-08,2023-06-07,On-time
600588,500588,2024-08-30,2024-08-31,On-time
600589,500589,2024-02-12,2024-02-13,On-time
600590,500590,2024-05-14,2024-05-15,On-time
600591,500591,2024-05-25,2024-05-30,Delayed
600592,500592,2023-09-15,2023-09-16,On-time
600593,500593,2024-01-28,2024-01-28,On-time
600594,500594,2024-06-24,2024-06-24,On-time
600595,500595,2024-08-27,2024-08-27,On-time
600596,500596,2024-08-05,2024-08-06,On-time
600597,500597,2023-11-23,2023-11-23,On-time
600598,500598,2023-10-05,2023-10-05,On-time
600599,500599,2024-04-14,2024-04-15,On-time
600600,500600,2024-05-02,2024-05-01,On-time
600601,500601,2023-06-13,2023-06-18,Delayed
600602,500602,2023-09-15,2023-09-21,Delayed
600603,500603,2023-08-10,2023-08-10,On-time
600604,500604,2023-09-21,\N,\N
600605,500605,2023-09-16,2023-09-17,On-time
600606,500606,2023-09-15,2023-09-18,Delayed
600607,500607,2024-03-08,2024-03-07,On-time
600608,500608,2024-03-13,\N,Failed
600609,500609,2023-10-23,2023-10-24,On-time
600610,500610,2023-06-28,2023-06-28,On-time
600611,500611,2024-07-21,2024-07-20,On-time
600612,500612,2023-09-06,2023-09-06,On-time
600613,500613,2024-01-03,2024-01-03,On-time
600614,500614,2023-10-13,2023-10-15,Delayed
600615,500615,2024-06-28,2024-06-29,On-time
600616,500616,2024-09-08,2024-09-08,On-time
600617,500617,2023-08-13,2023-08-14,On-time
600618,500618,2023-06-07,2023-06-06,On-time
600619,500619,2023-07-12,2023-07-12,On-time
600620,500620,2024-03-20,2024-03-24,Delayed
600621,500621,2023-06-25,2023-06-26,On-time
600622,500622,2024-01-02,2024-01-01,On-time
600623,500623,2024-04-26,2024-04-30,Delayed
600624,500624,2024-03-27,2024-03-27,On-time
600625,500625,2023-10-12,2023-10-15,Delayed
600626,500626,2024-06-08,\N,Failed
600627,500627,2024-01-08,2024-01-11,Delayed
600628,500628,2024-08-22,2024-08-28,Delayed
600629,500629,2024-06-10,2024-06-10,On-time
600630,500630,2024-03-16,2024-03-18,Delayed
600631,500631,2023-10-29,2023-10-31,Delayed
600632,500632,2024-02-28,2024-02-27,On-time
600633,500633,2023-10-17,2023-10-21,Delayed
600634,500634,2024-08-04,2024-08-05,On-time
600635,500635,2024-04-26,2024-04-26,On-time
600636,500636,2024-09-24,2024-09-24,On-time
600637,500637,2024-04-08,2024-04-09,On-time
600638,500638,2023-12-28,2023-12-29,On-time
600639,500639,2024-03-07,2024-03-12,Delayed
600640,500640,2024-08-27,\N,Failed
600641,500641,2023-09-20,2023-09-20,On-time
600642,500642,2024-08-26,2024-08-26,On-time
600643,500643,2024-09-09,2024-09-09,On-time
600644,500644,2024-09-16,2024-09-17,On-time
600645,500645,2024-06-03,2024-06-05,Delayed
600646,500646,2023-10-27,2023-10-28,On-time
600647,500647,2023-08-23,2023-08-22,On-time
600648,500648,2023-09-25,2023-09-26,On-time
600649,500649,2024-06-28,2024-06-29,On-time
600650,500650,2024-10-03,2024-10-02,On-time
600651,500651,2023-08-11,2023-08-10,On-time
600652,500652,2024-03-16,2024-03-19,Delayed
600653,500653,2024-02-22,\N,\N
600654,500654,2024-06-04,2024-06-05,On-time
600655,500655,2024-01-20,2024-01-21,On-time
600656,500656,2023-09-10,2023-09-11,On-time
600657,500657,2024-07-28,2024-07-27,On-time
600658,500658,2023-09-23,2023-09-23,On-time
600659,500659,2024-08-12,2024-08-12,On-time
600660,500660,2023-11-08,2023-11-08,On-time
600661,500661,2024-02-24,2024-02-27,Delayed
600662,500662,2023-09-24,2023-09-24,On-time
600663,500663,2023-06-15,2023-06-21,Delayed
600664,500664,2023-09-23,2023-09-23,On-time
600665,500665,2024-08-17,\N,\N
600666,500666,2023-09-07,2023-09-08,On-time
600667,500667,2024-07-15,2024-07-14,On-time
600668,500668,2024-09-13,2024-09-12,On-time
600669,500669,2023-07-26,2023-07-27,On-time
600670,500670,2023-07-22,2023-07-27,Delayed
600671,500671,2024-03-19,\N,Failed
600672,500672,2023-07-26,\N,Failed
600673,500673,2024-03-11,2024-03-11,On-time
600674,500674,2023-09-13,2023-09-13,On-time
600675,500675,2024-02-03,\N,Failed
600676,500676,2023-07-14,2023-07-17,Delayed
600677,500677,2024-01-10,2024-01-09,On-time
600678,500678,2023-11-26,2023-11-26,On-time
600679,500679,2023-07-22,2023-07-23,On-time
600680,500680,2024-07-19,2024-07-20,On-time
600681,500681,2023-12-20,2023-12-19,On-time
600682,500682,2024-07-18,2024-07-19,On-time
600683,500683,2024-07-20,2024-07-21,On-time
600684,500684,2024-01-21,2024-01-22,On-time
600685,500685,2024-04-17,2024-04-19,Delayed
600686,500686,2024-09-23,\N,Failed
600687,500687,2024-02-06,2024-02-06,On-time
600688,500688,2024-05-09,2024-05-09,On-time
600689,500689,2024-06-20,2024-06-22,Delayed
600690,500690,2024-06-08,2024-06-09,On-time
600691,500691,2024-06-10,2024-06-09,On-time
600692,500692,2024-07-06,\N,\N
600693,500693,2024-06-06,2024-06-06,On-time
600694,500694,2024-07-27,2024-07-30,Delayed
600695,500695,2023-09-05,2023-09-06,On-time
600696,500696,2024-01-23,2024-01-23,On-time
600697,500697,2023-10-21,2023-10-20,On-time
600698,500698,2024-06-02,\N,\N
600699,500699,2023-08-02,2023-08-01,On-time
600700,500700,2024-02-24,2024-02-29,Delayed
600701,500701,2024-08-19,2024-08-19,On-time
600702,500702,2024-05-14,2024-05-14,On-time
600703,500703,2024-06-24,2024-06-30,Delayed
600704,500704,2023-07-29,2023-07-28,On-time
600705,500705,2024-09-13,2024-09-12,On-time
600706,500706,2024-04-22,2024-04-22,On-time
600707,500707,2023-06-21,\N,\N
600708,500708,2024-02-27,2024-02-28,On-time
600709,500709,2023-06-07,2023-06-12,Delayed
600710,500710,2024-07-20,\N,\N
600711,500711,2024-02-20,2024-02-25,Delayed
600712,500712,2023-06-09,2023-06-09,On-time
600713,500713,2023-12-18,2023-12-17,On-time
600714,500714,2023-10-09,2023-10-08,On-time
600715,500715,2023-06-20,2023-06-19,On-time
600716,500716,2024-06-27,\N,\N
600717,500717,2023-10-31,2023-10-30,On-time
600718,500718,2024-03-30,2024-03-30,On-time
600719,500719,2024-08-14,2024-08-14,On-time
600720,500720,2024-05-23,2024-05-23,On-time
600721,500721,2024-06-11,2024-06-11,On-time
600722,500722,2024-03-28,2024-03-28,On-time
600723,500723,2024-04-03,\N,\N
600724,500724,2023-11-25,2023-11-25,On-time
600725,500725,2024-07-06,2024-07-05,On-time
600726,500726,2023-12-10,2023-12-10,On-time
600727,500727,2024-04-17,2024-04-17,On-time
600728,500728,2024-01-25,\N,Failed
600729,500729,2024-07-05,2024-07-08,Delayed
600730,500730,2024-02-14,2024-02-14,On-time
600731,500731,2023-07-28,2023-07-30,Delayed
600732,500732,2024-01-11,\N,\N
600733,500733,2023-06-18,2023-06-19,On-time
600734,500734,2024-01-26,2024-01-25,On-time
600735,500735,2024-08-23,2024-08-22,On-time
600736,500736,2023-07-18,2023-07-17,On-time
600737,500737,2023-09-04,2023-09-03,On-time
600738,500738,2024-05-31,2024-06-01,On-time
600739,500739,2024-01-23,2024-01-26,Delayed
600740,500740,2024-06-16,2024-06-21,Delayed
600741,500741,2024-01-13,2024-01-14,On-time
600742,500742,2023-09-13,2023-09-17,Delayed
600743,500743,2023-10-22,\N,Failed
600744,500744,2023-10-14,2023-10-13,On-time
600745,500745,2024-04-12,2024-04-13,On-time
600746,500746,2023-09-06,2023-09-06,On-time
600747,500747,2023-08-16,2023-08-18,Delayed
600748,500748,2023-12-23,2023-12-29,Delayed
600749,500749,2023-11-20,2023-11-20,On-time
600750,500750,2024-05-15,2024-05-16,On-time
600751,500751,2023-08-12,2023-08-15,Delayed
600752,500752,2024-01-30,2024-02-02,Delayed
600753,500753,2023-06-29,2023-06-29,On-time
600754,500754,2023-08-14,2023-08-15,On-time
600755,500755,2023-06-18,2023-06-19,On-time
600756,500756,2023-07-18,2023-07-19,On-time
600757,500757,2023-07-25,2023-07-25,On-time
600758,500758,2023-08-24,2023-08-28,Delayed
600759,500759,2024-03-26,2024-03-30,Delayed
600760,500760,2024-04-17,2024-04-19,Delayed
600761,500761,2023-11-14,\N,\N
600762,500762,2023-09-24,2023-09-25,On-time
600763,500763,2024-01-23,2024-01-22,On-time
600764,500764,2024-07-17,2024-07-17,On-time
600765,500765,2023-07-20,2023-07-20,On-time
600766,500766,2024-06-24,\N,Failed
600767,500767,2024-03-10,\N,Failed
600768,500768,2023-07-16,2023-07-19,Delayed
600769,500769,2023-12-06,2023-12-06,On-time
600770,500770,2023-10-23,2023-10-22,On-time
600771,500771,2023-08-20,2023-08-24,Delayed
600772,500772,2024-06-20,2024-06-24,Delayed
600773,500773,2024-06-05,2024-06-05,On-time
600774,500774,2023-09-16,2023-09-17,On-time
600775,500775,2024-08-24,2024-08-25,On-time
600776,500776,2023-08-21,2023-08-22,On-time
600777,500777,2024-08-06,2024-08-06,On-time
600778,500778,2024-04-11,2024-04-12,On-time
600779,500779,2024-05-06,2024-05-06,On-time
600780,500780,2023-12-02,2023-12-04,Delayed
600781,500781,2024-03-26,2024-03-27,On-time
600782,500782,2024-10-02,2024-10-03,On-time
600783,500783,2024-07-31,\N,\N
600784,500784,2024-04-09,\N,Failed
600785,500785,2024-02-16,2024-02-16,On-time
600786,500786,2024-08-16,2024-08-15,On-time
600787,500787,2024-09-01,\N,\N
600788,500788,2023-12-29,2023-12-30,On-time
600789,500789,2024-07-15,\N,Failed
600790,500790,2023-12-11,2023-12-11,On-time
600791,500791,2024-08-31,2024-09-01,On-time
600792,500792,2024-01-23,\N,\N
600793,500793,2024-05-11,2024-05-12,On-time
600794,500794,2024-03-31,2024-03-30,On-time
600795,500795,2024-05-27,2024-05-26,On-time
600796,500796,2024-03-24,2024-03-23,On-time
600797,500797,2023-06-26,2023-06-25,On-time
600798,500798,2023-11-20,2023-11-25,Delayed
600799,500799,2023-10-15,2023-10-15,On-time
600800,500800,2024-06-21,2024-06-21,On-time
600801,500801,2024-09-11,\N,\N
600802,500802,2024-07-11,2024-07-11,On-time
600803,500803,2024-05-01,2024-05-01,On-time
600804,500804,2023-06-23,2023-06-22,On-time
600805,500805,2023-12-17,\N,Failed
600806,500806,2024-07-20,2024-07-26,Delayed
600807,500807,2024-04-27,2024-04-27,On-time
600808,500808,2024-07-06,2024-07-08,Delayed
600809,500809,2024-02-17,2024-02-17,On-time
600810,500810,2023-09-18,2023-09-23,Delayed
600811,500811,2023-10-28,\N,Failed
600812,500812,2024-08-01,2024-08-04,Delayed
600813,500813,2024-05-13,\N,Failed
600814,500814,2024-08-02,2024-08-03,On-time
600815,500815,2024-07-08,2024-07-07,On-time
600816,500816,2023-06-06,2023-06-07,On-time
600817,500817,2023-11-27,2023-11-27,On-time
600818,500818,2023-12-04,2023-12-04,On-time
600819,500819,2024-05-29,2024-05-29,On-time
600820,500820,2024-03-13,2024-03-12,On-time
600821,500821,2024-07-27,2024-07-31,Delayed
600822,500822,2024-02-19,\N,Failed
600823,500823,2024-05-23,2024-05-24,On-time
600824,500824,2024-09-10,\N,Failed
600825,500825,2023-12-20,2023-12-20,On-time
600826,500826,2024-01-25,2024-01-26,On-time
600827,500827,2023-08-09,\N,\N
600828,500828,2024-08-30,\N,\N
600829,500829,2023-08-18,2023-08-18,On-time
600830,500830,2023-08-23,2023-08-22,On-time
600831,500831,2024-04-17,2024-04-22,Delayed
600832,500832,2023-11-06,2023-11-08,Delayed
600833,500833,2023-06-13,2023-06-14,On-time
600834,500834,2024-07-24,2024-07-24,On-time
600835,500835,2024-09-03,2024-09-09,Delayed
600836,500836,2024-03-12,2024-03-18,Delayed
600837,500837,2024-03-27,2024-03-27,On-time
600838,500838,2024-02-26,2024-02-27,On-time
600839,500839,2023-10-06,2023-10-05,On-time
600840,500840,2023-11-16,2023-11-15,On-time
600841,500841,2024-06-07,2024-06-06,On-time
600842,500842,2024-07-24,2024-07-24,On-time
600843,500843,2023-07-29,2023-07-31,Delayed
600844,500844,2023-06-19,2023-06-25,Delayed
600845,500845,2023-06-11,\N,\N
600846,500846,2024-09-12,2024-09-17,Delayed
600847,500847,2024-08-21,\N,\N
600848,500848,2024-08-02,2024-08-08,Delayed
600849,500849,2024-06-22,2024-06-22,On-time
600850,500850,2024-04-12,2024-04-11,On-time
600851,500851,2023-07-04,2023-07-03,On-time
600852,500852,2023-10-05,2023-10-06,On-time
600853,500853,2023-08-20,2023-08-21,On-time
600854,500854,2024-01-29,2024-01-28,On-time
600855,500855,2023-06-16,2023-06-15,On-time
600856,500856,2024-07-23,2024-07-22,On-time
600857,500857,2024-06-10,2024-06-16,Delayed
600858,500858,2024-09-26,2024-09-26,On-time
600859,500859,2024-01-30,2024-01-30,On-time
600860,500860,2024-04-29,2024-04-30,On-time
600861,500861,2023-10-15,2023-10-14,On-time
600862,500862,2024-03-09,2024-03-08,On-time
600863,500863,2023-11-29,2023-11-29,On-time
600864,500864,2024-08-04,2024-08-04,On-time
600865,500865,2023-06-18,\N,\N
600866,500866,2023-07-05,2023-07-05,On-time
600867,500867,2024-09-27,2024-09-28,On-time
600868,500868,2024-08-23,\N,Failed
600869,500869,2024-07-12,2024-07-12,On-time
600870,500870,2023-07-21,\N,\N
600871,500871,2023-10-15,\N,\N
600872,500872,2023-10-13,2023-10-13,On-time
600873,500873,2024-07-07,2024-07-06,On-time
600874,500874,2024-07-13,2024-07-17,Delayed
600875,500875,2024-04-08,2024-04-09,On-time
600876,500876,2024-08-25,2024-08-25,On-time
600877,500877,2023-10-08,2023-10-07,On-time
600878,500878,2023-08-28,2023-08-31,Delayed
600879,500879,2023-12-06,2023-12-05,On-time
600880,500880,2023-08-05,2023-08-04,On-time
600881,500881,2023-12-14,2023-12-13,On-time
600882,500882,2023-09-02,2023-09-06,Delayed
600883,500883,2024-07-24,2024-07-26,Delayed
600884,500884,2024-05-19,2024-05-19,On-time
600885,500885,2024-03-03,\N,\N
600886,500886,2023-10-23,2023-10-23,On-time
600887,500887,2024-02-23,2024-02-22,On-time
600888,500888,2024-09-23,2024-09-24,On-time
600889,500889,2024-07-28,2024-07-28,On-time
600890,500890,2024-06-01,2024-06-01,On-time
600891,500891,2024-01-11,\N,Failed
600892,500892,2023-12-20,2023-12-21,On-time
600893,500893,2023-09-27,2023-09-27,On-time
600894,500894,2023-10-13,2023-10-14,On-time
600895,500895,2024-08-14,\N,\N
600896,500896,2023-08-15,2023-08-16,On-time
600897,500897,2024-04-25,2024-04-29,Delayed
600898,500898,2024-09-24,2024-09-25,On-time
600899,500899,2024-08-28,2024-08-27,On-time
600900,500900,2023-08-27,2023-08-27,On-time
600901,500901,2023-07-24,2023-07-27,Delayed
600902,500902,2024-03-06,2024-03-06,On-time
600903,500903,2023-08-31,2023-08-30,On-time
600904,500904,2024-06-08,2024-06-09,On-time
600905,500905,2024-02-26,2024-02-27,On-time
600906,500906,2024-03-16,2024-03-21,Delayed
600907,500907,2024-01-22,2024-01-22,On-time
600908,500908,2024-04-13,2024-04-12,On-time
600909,500909,2024-08-23,2024-08-22,On-time
600910,500910,2024-07-23,2024-07-22,On-time
600911,500911,2023-06-10,2023-06-09,On-time
600912,500912,2023-08-31,\N,\N
600913,500913,2024-02-22,2024-02-21,On-time
600914,500914,2023-11-06,2023-11-06,On-time
600915,500915,2024-07-13,\N,\N
600916,500916,2024-05-25,2024-05-25,On-time
600917,500917,2024-04-10,2024-04-11,On-time
600918,500918,2024-03-17,2024-03-17,On-time
600919,500919,2023-10-23,2023-10-26,Delayed
600920,500920,2024-01-21,2024-01-21,On-time
600921,500921,2023-12-05,2023-12-04,On-time
600922,500922,2024-02-08,2024-02-09,On-time
600923,500923,2023-09-02,\N,\N
600924,500924,2023-12-24,2023-12-24,On-time
600925,500925,2024-07-04,2024-07-08,Delayed
600926,500926,2024-09-14,2024-09-17,Delayed
600927,500927,2024-07-30,2024-08-05,Delayed
600928,500928,2023-10-17,2023-10-17,On-time
600929,500929,2024-09-27,2024-10-01,Delayed
600930,500930,2023-09-14,2023-09-13,On-time
600931,500931,2024-09-13,2024-09-12,On-time
600932,500932,2024-03-02,2024-03-03,On-time
600933,500933,2024-02-03,2024-02-02,On-time
600934,500934,2024-06-03,2024-06-02,On-time
600935,500935,2023-11-01,2023-11-01,On-time
600936,500936,2024-01-07,\N,Failed
600937,500937,2024-06-26,2024-06-26,On-time
600938,500938,2023-11-11,2023-11-12,On-time
600939,500939,2024-02-26,2024-02-27,On-time
600940,500940,2023-10-27,2023-10-28,On-time
600941,500941,2023-09-01,2023-09-01,On-time
600942,500942,2024-08-16,\N,\N
600943,500943,2023-07-01,\N,Failed
600944,500944,2024-07-21,2024-07-22,On-time
600945,500945,2024-02-13,2024-02-13,On-time
600946,500946,2023-09-12,\N,Failed
600947,500947,2024-08-30,2024-08-29,On-time
600948,500948,2024-05-05,\N,\N
600949,500949,2024-05-17,2024-05-22,Delayed
600950,500950,2023-08-09,2023-08-09,On-time
600951,500951,2024-07-17,2024-07-16,On-time
600952,500952,2023-08-10,2023-08-10,On-time
600953,500953,2024-04-27,2024-04-27,On-time
600954,500954,2024-07-26,\N,\N
600955,500955,2023-09-26,2023-09-25,On-time
600956,500956,2024-06-13,2024-06-12,On-time
600957,500957,2024-04-29,2024-05-01,Delayed
600958,500958,2023-08-18,2023-08-17,On-time
600959,500959,2024-10-01,2024-10-03,Delayed
600960,500960,2023-08-13,2023-08-12,On-time
600961,500961,2024-05-11,2024-05-16,Delayed
600962,500962,2024-02-04,2024-02-03,On-time
600963,500963,2024-01-20,2024-01-21,On-time
600964,500964,2024-06-23,2024-06-23,On-time
600965,500965,2024-08-05,2024-08-05,On-time
600966,500966,2024-02-20,2024-02-19,On-time
600967,500967,2024-04-08,2024-04-09,On-time
600968,500968,2024-09-19,\N,Failed
600969,500969,2023-09-08,\N,\N
600970,500970,2023-06-27,2023-06-27,On-time
600971,500971,2023-10-09,2023-10-08,On-time
600972,500972,2024-05-25,2024-05-30,Delayed
600973,500973,2024-09-16,2024-09-17,On-time
600974,500974,2023-06-28,2023-07-02,Delayed
600975,500975,2023-12-29,2023-12-28,On-time
600976,500976,2023-11-01,2023-11-02,On-time
600977,500977,2024-01-02,2024-01-02,On-time
600978,500978,2024-06-29,\N,Failed
600979,500979,2024-09-17,2024-09-16,On-time
600980,500980,2023-06-09,2023-06-10,On-time
600981,500981,2024-04-23,\N,Failed
600982,500982,2023-11-10,2023-11-11,On-time
600983,500983,2024-03-17,2024-03-20,Delayed
600984,500984,2024-04-12,2024-04-11,On-time
600985,500985,2024-03-15,2024-03-16,On-time
600986,500986,2023-11-04,2023-11-04,On-time
600987,500987,2023-12-29,2024-01-04,Delayed
600988,500988,2024-04-24,2024-04-23,On-time
600989,500989,2023-11-24,2023-11-23,On-time
600990,500990,2023-09-23,2023-09-22,On-time
600991,500991,2024-02-02,\N,\N
600992,500992,2024-01-13,2024-01-18,Delayed
600993,500993,2023-07-19,\N,Failed
600994,500994,2024-04-12,2024-04-13,On-time
600995,500995,2023-12-08,2023-12-08,On-time
600996,500996,2024-03-30,2024-04-02,Delayed
600997,500997,2024-02-10,\N,\N
600998,500998,2023-09-24,2023-09-25,On-time
600999,500999,2023-09-23,2023-09-22,On-time
601000,501000,2023-10-06,2023-10-09,Delayed
601001,501001,2023-07-28,2023-07-29,On-time
601002,501002,2024-04-26,\N,\N
601003,501003,2024-08-14,2024-08-13,On-time
601004,501004,2023-11-14,2023-11-13,On-time
601005,501005,2024-02-10,2024-02-09,On-time
601006,501006,2023-09-04,2023-09-07,Delayed
601007,501007,2023-09-04,2023-09-04,On-time
601008,501008,2023-12-16,2023-12-16,On-time
601009,501009,2024-03-18,2024-03-23,Delayed
601010,501010,2024-05-18,2024-05-24,Delayed
601011,501011,2024-01-03,2024-01-02,On-time
601012,501012,2024-02-08,2024-02-08,On-time
601013,501013,2023-06-07,2023-06-07,On-time
601014,501014,2024-01-20,2024-01-20,On-time
601015,501015,2023-10-25,2023-10-25,On-time
601016,501016,2023-10-10,2023-10-09,On-time
601017,501017,2023-08-08,2023-08-07,On-time
601018,501018,2024-08-11,2024-08-10,On-time
601019,501019,2023-07-08,2023-07-08,On-time
601020,501020,2024-03-21,2024-03-26,Delayed
601021,501021,2024-06-15,2024-06-16,On-time
601022,501022,2024-02-26,2024-03-01,Delayed
601023,501023,2024-05-25,2024-05-26,On-time
601024,501024,2023-08-23,2023-08-28,Delayed
601025,501025,2024-06-27,2024-07-01,Delayed
601026,501026,2023-09-28,2023-09-28,On-time
601027,501027,2024-04-27,2024-04-27,On-time
601028,501028,2023-09-02,2023-09-03,On-time
601029,501029,2023-12-29,2023-12-28,On-time
601030,501030,2024-05-15,2024-05-16,On-time
601031,501031,2024-06-13,2024-06-17,Delayed
601032,501032,2024-09-06,2024-09-06,On-time
601033,501033,2024-07-07,2024-07-08,On-time
601034,501034,2023-11-27,2023-11-27,On-time
601035,501035,2023-12-06,2023-12-05,On-time
601036,501036,2024-01-30,2024-01-31,On-time
601037,501037,2024-07-04,2024-07-04,On-time
601038,501038,2023-10-23,2023-10-23,On-time
601039,501039,2024-06-14,2024-06-13,On-time
601040,501040,2023-12-06,\N,Failed
601041,501041,2024-05-03,\N,Failed
601042,501042,2024-07-23,2024-07-25,Delayed
601043,501043,2023-08-16,2023-08-22,Delayed
601044,501044,2023-12-21,2023-12-20,On-time
601045,501045,2024-07-16,2024-07-15,On-time
601046,501046,2024-01-06,2024-01-05,On-time
601047,501047,2024-09-14,2024-09-15,On-time
601048,501048,2023-09-27,2023-09-28,On-time
601049,501049,2024-04-16,2024-04-17,On-time
601050,501050,2024-06-24,\N,\N
601051,501051,2023-12-22,2023-12-21,On-time
601052,501052,2024-02-27,2024-02-26,On-time
601053,501053,2023-06-20,2023-06-19,On-time
601054,501054,2024-01-31,2024-01-31,On-time
601055,501055,2024-07-27,2024-08-01,Delayed
601056,501056,2024-04-16,2024-04-16,On-time
601057,501057,2024-09-10,2024-09-09,On-time
601058,501058,2024-02-16,2024-02-22,Delayed
601059,501059,2023-06-18,2023-06-19,On-time
601060,501060,2024-04-27,2024-04-27,On-time
601061,501061,2024-06-30,2024-06-29,On-time
601062,501062,2024-02-08,2024-02-07,On-time
601063,501063,2024-09-28,2024-10-03,Delayed
601064,501064,2024-03-31,2024-03-30,On-time
601065,501065,2024-05-08,2024-05-09,On-time
601066,501066,2023-07-17,\N,\N
601067,501067,2024-05-26,2024-05-25,On-time
601068,501068,2023-11-25,2023-11-25,On-time
601069,501069,2023-07-06,2023-07-07,On-time
601070,501070,2024-04-05,2024-04-06,On-time
601071,501071,2024-02-20,2024-02-19,On-time
601072,501072,2023-09-16,\N,\N
601073,501073,2024-05-03,2024-05-03,On-time
601074,501074,2024-09-15,2024-09-15,On-time
601075,501075,2024-02-08,2024-02-13,Delayed
601076,501076,2023-12-15,2023-12-21,Delayed
601077,501077,2023-07-31,2023-07-30,On-time
601078,501078,2024-07-30,2024-07-29,On-time
601079,501079,2023-11-12,\N,\N
601080,501080,2024-01-18,2024-01-17,On-time
601081,501081,2023-07-29,\N,\N
601082,501082,2024-03-21,2024-03-20,On-time
601083,501083,2024-01-25,\N,Failed
601084,501084,2024-03-15,2024-03-16,On-time
601085,501085,2023-11-23,2023-11-23,On-time
601086,501086,2023-11-07,2023-11-07,On-time
601087,501087,2024-03-07,2024-03-13,Delayed
601088,501088,2024-05-24,\N,Failed
601089,501089,2024-05-15,2024-05-21,Delayed
601090,501090,2024-05-25,2024-05-24,On-time
601091,501091,2024-01-02,2024-01-02,On-time
601092,501092,2024-08-12,2024-08-15,Delayed
601093,501093,2024-06-28,2024-06-28,On-time
601094,501094,2024-09-12,2024-09-11,On-time
601095,501095,2024-08-19,2024-08-20,On-time
601096,501096,2023-06-11,2023-06-11,On-time
601097,501097,2024-09-22,2024-09-21,On-time
601098,501098,2024-04-26,2024-04-25,On-time
601099,501099,2023-07-03,2023-07-09,Delayed
601100,501100,2024-06-14,2024-06-15,On-time
601101,501101,2024-09-18,2024-09-19,On-time
601102,501102,2024-08-18,2024-08-17,On-time
601103,501103,2024-01-03,2024-01-04,On-time
601104,501104,2024-06-12,2024-06-11,On-time
601105,501105,2023-09-27,\N,Failed
601106,501106,2023-09-16,2023-09-17,On-time
601107,501107,2024-05-26,2024-06-01,Delayed
601108,501108,2023-11-21,2023-11-22,On-time
601109,501109,2023-06-21,2023-06-22,On-time
601110,501110,2023-11-05,2023-11-06,On-time
601111,501111,2024-02-10,2024-02-09,On-time
601112,501112,2024-05-05,2024-05-05,On-time
601113,501113,2023-06-30,2023-06-30,On-time
601114,501114,2024-08-11,2024-08-17,Delayed
601115,501115,2024-02-19,2024-02-19,On-time
601116,501116,2024-03-26,2024-03-29,Delayed
601117,501117,2024-02-21,2024-02-22,On-time
601118,501118,2024-05-04,2024-05-05,On-time
601119,501119,2024-08-18,2024-08-18,On-time
601120,501120,2023-11-25,2023-11-26,On-time
601121,501121,2023-11-29,\N,Failed
601122,501122,2024-06-26,2024-06-27,On-time
601123,501123,2024-01-27,2024-01-28,On-time
601124,501124,2024-02-10,2024-02-16,Delayed
601125,501125,2024-04-17,2024-04-17,On-time
601126,501126,2023-06-05,2023-06-05,On-time
601127,501127,2024-08-07,2024-08-07,On-time
601128,501128,2023-09-19,\N,Failed
601129,501129,2023-10-20,\N,\N
601130,501130,2023-07-25,2023-07-27,Delayed
601131,501131,2024-03-20,2024-03-20,On-time
601132,501132,2024-04-13,\N,Failed
601133,501133,2023-10-12,2023-10-12,On-time
601134,501134,2024-10-04,2024-10-04,On-time
601135,501135,2024-05-07,2024-05-06,On-time
601136,501136,2024-06-27,2024-06-26,On-time
601137,501137,2023-11-15,2023-11-15,On-time
601138,501138,2023-12-23,2023-12-23,On-time
601139,501139,2024-09-03,\N,\N
601140,501140,2024-03-21,2024-03-22,On-time
601141,501141,2024-04-21,2024-04-21,On-time
601142,501142,2023-08-06,2023-08-07,On-time
601143,501143,2024-07-10,2024-07-10,On-time
601144,501144,2023-10-22,2023-10-21,On-time
601145,501145,2024-04-04,2024-04-04,On-time
601146,501146,2023-07-07,2023-07-06,On-time
601147,501147,2024-05-26,2024-05-30,Delayed
601148,501148,2024-05-19,2024-05-18,On-time
601149,501149,2024-07-02,2024-07-01,On-time
601150,501150,2024-04-30,2024-05-03,Delayed
601151,501151,2023-10-15,2023-10-19,Delayed
601152,501152,2023-12-13,2023-12-13,On-time
601153,501153,2023-08-14,2023-08-20,Delayed
601154,501154,2024-09-30,\N,\N
601155,501155,2023-08-30,\N,\N
601156,501156,2023-10-11,2023-10-11,On-time
601157,501157,2024-06-23,2024-06-29,Delayed
601158,501158,2023-08-22,2023-08-23,On-time
601159,501159,2023-06-05,2023-06-06,On-time
601160,501160,2024-04-14,2024-04-13,On-time
601161,501161,2024-09-11,2024-09-12,On-time
601162,501162,2024-10-07,2024-10-06,On-time
601163,501163,2023-07-21,2023-07-21,On-time
601164,501164,2023-06-29,2023-06-30,On-time
601165,501165,2024-04-27,2024-04-26,On-time
601166,501166,2024-01-30,2024-02-04,Delayed
601167,501167,2023-11-10,2023-11-11,On-time
601168,501168,2024-06-01,2024-06-01,On-time
601169,501169,2023-11-06,2023-11-07,On-time
601170,501170,2023-11-14,2023-11-15,On-time
601171,501171,2024-07-16,2024-07-17,On-time
601172,501172,2023-12-17,2023-12-17,On-time
601173,501173,2024-03-09,2024-03-14,Delayed
601174,501174,2023-12-02,2023-12-02,On-time
601175,501175,2023-10-17,2023-10-18,On-time
601176,501176,2024-05-05,2024-05-05,On-time
601177,501177,2023-10-02,\N,\N
601178,501178,2023-07-06,2023-07-07,On-time
601179,501179,2023-12-03,2023-12-08,Delayed
601180,501180,2024-06-19,2024-06-23,Delayed
601181,501181,2023-06-27,2023-06-28,On-time
601182,501182,2023-10-27,2023-10-29,Delayed
601183,501183,2023-09-10,2023-09-11,On-time
601184,501184,2023-10-08,\N,Failed
601185,501185,2024-02-22,2024-02-21,On-time
601186,501186,2023-07-06,2023-07-06,On-time
601187,501187,2024-08-17,2024-08-18,On-time
601188,501188,2023-12-25,2023-12-24,On-time
601189,501189,2023-06-07,2023-06-13,Delayed
601190,501190,2024-04-21,2024-04-21,On-time
601191,501191,2024-04-12,2024-04-12,On-time
601192,501192,2024-10-03,2024-10-03,On-time
601193,501193,2023-08-22,2023-08-23,On-time
601194,501194,2023-09-26,2023-09-30,Delayed
601195,501195,2024-06-02,2024-06-02,On-time
601196,501196,2023-10-24,\N,Failed
601197,501197,2023-06-26,\N,Failed
601198,501198,2023-11-26,2023-11-25,On-time
601199,501199,2024-02-25,2024-02-26,On-time
601200,501200,2023-10-27,2023-10-28,On-time
601201,501201,2024-01-22,2024-01-22,On-time
601202,501202,2024-01-14,\N,\N
601203,501203,2024-02-13,2024-02-13,On-time
601204,501204,2023-06-18,2023-06-21,Delayed
601205,501205,2024-01-28,2024-01-28,On-time
601206,501206,2023-12-13,2023-12-15,Delayed
601207,501207,2024-07-08,2024-07-08,On-time
601208,501208,2023-11-14,\N,\N
601209,501209,2024-06-16,2024-06-22,Delayed
601210,501210,2024-08-01,2024-07-31,On-time
601211,501211,2024-07-26,2024-07-29,Delayed
601212,501212,2024-05-13,2024-05-16,Delayed
601213,501213,2023-12-06,2023-12-06,On-time
601214,501214,2024-09-23,\N,Failed
601215,501215,2023-07-06,2023-07-05,On-time
601216,501216,2024-02-07,\N,Failed
601217,501217,2024-06-13,2024-06-13,On-time
601218,501218,2023-09-07,\N,\N
601219,501219,2023-12-23,2023-12-23,On-time
601220,501220,2024-01-08,2024-01-09,On-time
601221,501221,2023-06-27,2023-07-01,Delayed
601222,501222,2023-06-23,2023-06-28,Delayed
601223,501223,2023-09-29,2023-09-29,On-time
601224,501224,2023-11-16,2023-11-17,On-time
601225,501225,2023-08-05,2023-08-06,On-time
601226,501226,2024-06-18,2024-06-19,On-time
601227,501227,2023-06-24,\N,\N
601228,501228,2023-11-01,2023-10-31,On-time
601229,501229,2024-04-18,\N,\N
601230,501230,2023-08-10,2023-08-11,On-time
601231,501231,2023-08-31,\N,\N
601232,501232,2023-06-18,2023-06-18,On-time
601233,501233,2023-07-11,2023-07-14,Delayed
601234,501234,2024-01-26,2024-01-25,On-time
601235,501235,2024-04-20,\N,\N
601236,501236,2023-12-26,2023-12-29,Delayed
601237,501237,2023-08-19,2023-08-25,Delayed
601238,501238,2023-07-25,\N,\N
601239,501239,2023-07-12,2023-07-13,On-time
601240,501240,2024-06-11,2024-06-12,On-time
601241,501241,2024-04-09,2024-04-09,On-time
601242,501242,2024-06-06,2024-06-08,Delayed
601243,501243,2023-11-26,2023-11-26,On-time
601244,501244,2023-06-18,2023-06-23,Delayed
601245,501245,2024-07-09,2024-07-08,On-time
601246,501246,2024-08-09,2024-08-13,Delayed
601247,501247,2024-06-18,2024-06-23,Delayed
601248,501248,2023-12-05,2023-12-05,On-time
601249,501249,2023-11-03,2023-11-09,Delayed
601250,501250,2024-08-28,2024-08-27,On-time
601251,501251,2024-09-16,2024-09-16,On-time
601252,501252,2024-03-07,2024-03-07,On-time
601253,501253,2023-10-20,2023-10-21,On-time
601254,501254,2024-01-05,2024-01-09,Delayed
601255,501255,2023-11-24,2023-11-26,Delayed
601256,501256,2023-07-23,2023-07-24,On-time
601257,501257,2023-11-01,2023-10-31,On-time
601258,501258,2024-04-21,2024-04-21,On-time
601259,501259,2024-08-19,2024-08-19,On-time
601260,501260,2024-05-01,2024-04-30,On-time
601261,501261,2024-04-27,2024-04-26,On-time
601262,501262,2024-04-01,2024-04-01,On-time
601263,501263,2023-12-09,2023-12-09,On-time
601264,501264,2023-09-10,2023-09-13,Delayed
601265,501265,2024-07-26,2024-07-26,On-time
601266,501266,2023-07-03,2023-07-02,On-time
601267,501267,2024-08-12,2024-08-13,On-time
601268,501268,2024-02-23,2024-02-27,Delayed
601269,501269,2024-04-19,2024-04-20,On-time
601270,501270,2023-06-30,2023-06-29,On-time
601271,501271,2024-02-19,2024-02-20,On-time
601272,501272,2024-02-03,2024-02-06,Delayed
601273,501273,2024-02-16,2024-02-17,On-time
601274,501274,2024-07-04,\N,Failed
601275,501275,2023-06-15,2023-06-14,On-time
601276,501276,2023-10-24,\N,Failed
601277,501277,2024-01-05,2024-01-04,On-time
601278,501278,2024-06-18,2024-06-18,On-time
601279,501279,2024-01-31,2024-02-03,Delayed
601280,501280,2023-12-20,2023-12-20,On-time
601281,501281,2023-07-15,2023-07-15,On-time
601282,501282,2024-08-12,2024-08-11,On-time
601283,501283,2024-07-15,2024-07-20,Delayed
601284,501284,2024-09-26,\N,\N
601285,501285,2024-02-13,2024-02-13,On-time
601286,501286,2023-07-21,2023-07-22,On-time
601287,501287,2023-11-05,2023-11-04,On-time
601288,501288,2023-07-04,2023-07-03,On-time
601289,501289,2023-12-24,2023-12-26,Delayed
601290,501290,2024-08-26,2024-08-25,On-time
601291,501291,2024-02-10,2024-02-15,Delayed
601292,501292,2023-07-21,\N,\N
601293,501293,2024-05-08,2024-05-08,On-time
601294,501294,2024-07-28,2024-07-28,On-time
601295,501295,2024-02-17,2024-02-17,On-time
601296,501296,2024-06-23,2024-06-23,On-time
601297,501297,2023-12-05,2023-12-08,Delayed
601298,501298,2024-07-01,2024-07-02,On-time
601299,501299,2024-05-02,2024-05-02,On-time
601300,501300,2023-06-20,\N,Failed
601301,501301,2024-10-02,2024-10-06,Delayed
601302,501302,2024-03-11,2024-03-12,On-time
601303,501303,2024-08-02,2024-08-02,On-time
601304,501304,2023-12-13,2023-12-13,On-time
601305,501305,2024-01-20,2024-01-19,On-time
601306,501306,2024-02-19,2024-02-19,On-time
601307,501307,2024-09-13,2024-09-19,Delayed
601308,501308,2024-01-08,\N,Failed
601309,501309,2024-01-03,2024-01-03,On-time
601310,501310,2023-12-08,2023-12-09,On-time
601311,501311,2024-05-20,2024-05-21,On-time
601312,501312,2023-11-17,2023-11-17,On-time
601313,501313,2024-01-20,2024-01-19,On-time
601314,501314,2024-09-17,2024-09-17,On-time
601315,501315,2024-06-13,2024-06-12,On-time
601316,501316,2023-09-09,2023-09-09,On-time
601317,501317,2024-08-29,2024-08-30,On-time
601318,501318,2023-08-06,2023-08-07,On-time
601319,501319,2024-09-25,2024-09-26,On-time
601320,501320,2024-02-16,2024-02-17,On-time
601321,501321,2024-09-04,\N,\N
601322,501322,2024-04-19,2024-04-18,On-time
601323,501323,2024-03-31,2024-04-01,On-time
601324,501324,2024-05-16,2024-05-15,On-time
601325,501325,2023-12-10,\N,Failed
601326,501326,2023-06-23,2023-06-22,On-time
601327,501327,2024-03-03,2024-03-04,On-time
601328,501328,2024-09-29,2024-09-29,On-time
601329,501329,2023-07-21,2023-07-20,On-time
601330,501330,2024-08-05,\N,\N
601331,501331,2023-09-16,\N,\N
601332,501332,2023-12-25,2023-12-29,Delayed
601333,501333,2023-10-31,\N,Failed
601334,501334,2023-11-04,2023-11-05,On-time
601335,501335,2024-03-09,2024-03-09,On-time
601336,501336,2024-09-26,2024-09-25,On-time
601337,501337,2024-01-13,2024-01-12,On-time
601338,501338,2023-06-28,2023-06-27,On-time
601339,501339,2024-09-24,2024-09-25,On-time
601340,501340,2024-08-16,2024-08-18,Delayed
601341,501341,2024-02-07,2024-02-08,On-time
601342,501342,2024-04-23,2024-04-22,On-time
601343,501343,2024-04-04,2024-04-09,Delayed
601344,501344,2024-02-12,2024-02-11,On-time
601345,501345,2024-10-04,2024-10-04,On-time
601346,501346,2023-10-11,2023-10-17,Delayed
601347,501347,2023-12-01,2023-11-30,On-time
601348,501348,2024-05-03,2024-05-03,On-time
601349,501349,2023-11-22,\N,Failed
601350,501350,2024-05-22,2024-05-23,On-time
601351,501351,2024-07-16,2024-07-17,On-time
601352,501352,2023-12-22,\N,\N
601353,501353,2023-08-08,2023-08-08,On-time
601354,501354,2023-09-09,2023-09-14,Delayed
601355,501355,2024-06-10,2024-06-09,On-time
601356,501356,2024-08-09,2024-08-09,On-time
601357,501357,2024-09-08,2024-09-07,On-time
601358,501358,2023-12-24,\N,Failed
601359,501359,2024-06-13,2024-06-16,Delayed
601360,501360,2024-01-18,2024-01-18,On-time
601361,501361,2024-06-28,\N,Failed
601362,501362,2024-08-03,2024-08-09,Delayed
601363,501363,2023-09-23,2023-09-25,Delayed
601364,501364,2024-02-09,2024-02-08,On-time
601365,501365,2023-09-08,2023-09-07,On-time
601366,501366,2024-03-09,2024-03-13,Delayed
601367,501367,2023-09-10,2023-09-09,On-time
601368,501368,2023-10-16,2023-10-16,On-time
601369,501369,2023-06-25,\N,\N
601370,501370,2024-04-07,2024-04-07,On-time
601371,501371,2023-06-24,2023-06-24,On-time
601372,501372,2024-03-03,\N,Failed
601373,501373,2023-07-03,2023-07-02,On-time
601374,501374,2024-02-06,2024-02-11,Delayed
601375,501375,2024-04-19,\N,Failed
601376,501376,2023-08-25,2023-08-28,Delayed
601377,501377,2024-03-13,2024-03-12,On-time
601378,501378,2024-02-03,2024-02-04,On-time
601379,501379,2024-05-02,2024-05-03,On-time
601380,501380,2024-02-15,2024-02-14,On-time
601381,501381,2023-07-29,2023-07-29,On-time
601382,501382,2024-01-01,2023-12-31,On-time
601383,501383,2023-12-19,2023-12-18,On-time
601384,501384,2023-11-03,2023-11-07,Delayed
601385,501385,2023-11-16,2023-11-17,On-time
601386,501386,2023-06-10,2023-06-10,On-time
601387,501387,2023-10-08,2023-10-09,On-time
601388,501388,2024-07-12,2024-07-11,On-time
601389,501389,2023-12-07,2023-12-06,On-time
601390,501390,2024-02-17,2024-02-22,Delayed
601391,501391,2024-05-27,2024-05-29,Delayed
601392,501392,2023-12-25,2023-12-26,On-time
601393,501393,2023-10-17,\N,Failed
601394,501394,2024-01-16,2024-01-17,On-time
601395,501395,2023-12-03,2023-12-02,On-time
601396,501396,2023-09-20,2023-09-19,On-time
601397,501397,2024-05-11,\N,\N
601398,501398,2024-08-10,\N,Failed
601399,501399,2024-09-13,2024-09-16,Delayed
601400,501400,2023-11-08,\N,\N
601401,501401,2023-08-15,2023-08-16,On-time
601402,501402,2023-10-18,2023-10-18,On-time
601403,501403,2024-09-17,2024-09-17,On-time
601404,501404,2023-09-09,2023-09-08,On-time
601405,501405,2024-07-08,2024-07-11,Delayed
601406,501406,2024-04-25,2024-04-29,Delayed
601407,501407,2024-01-20,2024-01-21,On-time
601408,501408,2024-05-17,2024-05-22,Delayed
601409,501409,2023-10-10,2023-10-12,Delayed
601410,501410,2024-05-08,2024-05-10,Delayed
601411,501411,2024-02-23,2024-02-27,Delayed
601412,501412,2023-09-01,2023-08-31,On-time
601413,501413,2024-03-04,2024-03-03,On-time
601414,501414,2023-11-02,2023-11-08,Delayed
601415,501415,2023-06-21,2023-06-26,Delayed
601416,501416,2024-09-25,2024-09-25,On-time
601417,501417,2024-02-16,2024-02-15,On-time
601418,501418,2024-05-21,2024-05-22,On-time
601419,501419,2024-02-13,2024-02-12,On-time
601420,501420,2024-05-14,2024-05-15,On-time
601421,501421,2024-01-23,2024-01-23,On-time
601422,501422,2023-09-27,\N,\N
601423,501423,2024-01-24,2024-01-23,On-time
601424,501424,2023-07-16,2023-07-16,On-time
601425,501425,2023-09-07,2023-09-06,On-time
601426,501426,2024-07-29,2024-07-29,On-time
601427,501427,2024-09-02,2024-09-08,Delayed
601428,501428,2023-09-21,2023-09-20,On-time
601429,501429,2023-12-16,2023-12-17,On-time
601430,501430,2024-04-04,2024-04-03,On-time
601431,501431,2024-01-19,2024-01-18,On-time
601432,501432,2024-01-18,2024-01-20,Delayed
601433,501433,2024-07-06,2024-07-12,Delayed
601434,501434,2023-10-24,\N,Failed
601435,501435,2024-01-07,2024-01-07,On-time
601436,501436,2024-05-16,2024-05-15,On-time
601437,501437,2024-06-06,2024-06-08,Delayed
601438,501438,2024-04-02,2024-04-02,On-time
601439,501439,2024-04-20,2024-04-19,On-time
601440,501440,2024-09-05,\N,Failed
601441,501441,2023-10-08,2023-10-13,Delayed
601442,501442,2024-04-22,2024-04-28,Delayed
601443,501443,2023-11-29,2023-11-30,On-time
601444,501444,2023-10-20,2023-10-19,On-time
601445,501445,2024-07-29,\N,Failed
601446,501446,2024-04-26,2024-04-26,On-time
601447,501447,2023-06-09,2023-06-10,On-time
601448,501448,2024-05-15,2024-05-19,Delayed
601449,501449,2024-01-13,2024-01-13,On-time
601450,501450,2023-10-12,2023-10-12,On-time
601451,501451,2024-01-02,2024-01-03,On-time
601452,501452,2023-08-01,2023-08-01,On-time
601453,501453,2024-10-01,2024-09-30,On-time
601454,501454,2024-07-29,2024-07-30,On-time
601455,501455,2023-10-16,2023-10-15,On-time
601456,501456,2023-10-09,2023-10-12,Delayed
601457,501457,2024-08-22,2024-08-25,Delayed
601458,501458,2024-07-10,2024-07-16,Delayed
601459,501459,2023-11-10,2023-11-10,On-time
601460,501460,2023-10-04,2023-10-05,On-time
601461,501461,2024-05-13,2024-05-12,On-time
601462,501462,2023-11-17,2023-11-17,On-time
601463,501463,2024-01-14,2024-01-13,On-time
601464,501464,2024-03-05,2024-03-06,On-time
601465,501465,2024-01-14,2024-01-19,Delayed
601466,501466,2024-02-06,\N,Failed
601467,501467,2023-10-13,2023-10-14,On-time
601468,501468,2023-09-23,2023-09-22,On-time
601469,501469,2023-06-07,2023-06-07,On-time
601470,501470,2024-05-17,\N,Failed
601471,501471,2024-07-30,2024-07-30,On-time
601472,501472,2024-01-15,\N,Failed
601473,501473,2024-07-22,\N,\N
601474,501474,2024-07-22,2024-07-21,On-time
601475,501475,2023-10-23,2023-10-24,On-time
601476,501476,2024-01-09,2024-01-08,On-time
601477,501477,2023-12-22,2023-12-21,On-time
601478,501478,2024-02-07,2024-02-08,On-time
601479,501479,2024-03-28,2024-03-29,On-time
601480,501480,2023-09-05,2023-09-06,On-time
601481,501481,2024-04-25,\N,Failed
601482,501482,2024-03-11,2024-03-10,On-time
601483,501483,2024-08-01,2024-08-07,Delayed
601484,501484,2024-05-14,2024-05-15,On-time
601485,501485,2024-04-21,2024-04-26,Delayed
601486,501486,2024-07-14,2024-07-15,On-time
601487,501487,2023-08-17,2023-08-23,Delayed
601488,501488,2024-03-24,2024-03-24,On-time
601489,501489,2023-06-17,2023-06-18,On-time
601490,501490,2023-11-12,2023-11-13,On-time
601491,501491,2024-09-04,2024-09-04,On-time
601492,501492,2024-02-28,2024-02-27,On-time
601493,501493,2023-12-11,2023-12-11,On-time
601494,501494,2023-12-27,2023-12-28,On-time
601495,501495,2024-06-03,2024-06-06,Delayed
601496,501496,2023-06-10,2023-06-11,On-time
601497,501497,2024-05-06,\N,Failed
601498,501498,2024-05-17,2024-05-18,On-time
601499,501499,2024-04-01,\N,Failed
601500,501500,2023-10-19,\N,Failed
601501,501501,2023-06-19,\N,\N
601502,501502,2024-03-26,\N,\N
601503,501503,2024-07-17,2024-07-17,On-time
601504,501504,2023-08-30,2023-08-31,On-time
601505,501505,2024-02-14,2024-02-17,Delayed
601506,501506,2024-02-13,2024-02-13,On-time
601507,501507,2024-03-15,2024-03-17,Delayed
601508,501508,2024-03-16,2024-03-16,On-time
601509,501509,2024-09-08,\N,\N
601510,501510,2024-08-15,2024-08-14,On-time
601511,501511,2023-12-30,2023-12-30,On-time
601512,501512,2024-05-07,2024-05-07,On-time
601513,501513,2024-03-24,2024-03-26,Delayed
601514,501514,2023-11-15,2023-11-15,On-time
601515,501515,2024-09-15,2024-09-16,On-time
601516,501516,2024-04-19,2024-04-18,On-time
601517,501517,2023-11-04,2023-11-03,On-time
601518,501518,2024-01-22,\N,\N
601519,501519,2023-07-02,2023-07-03,On-time
601520,501520,2024-08-28,2024-08-30,Delayed
601521,501521,2024-03-02,2024-03-03,On-time
601522,501522,2023-06-26,2023-06-25,On-time
601523,501523,2023-12-24,2023-12-24,On-time
601524,501524,2024-03-08,2024-03-12,Delayed
601525,501525,2023-06-26,2023-07-02,Delayed
601526,501526,2024-09-14,2024-09-20,Delayed
601527,501527,2023-10-04,\N,\N
601528,501528,2024-04-20,2024-04-21,On-time
601529,501529,2024-07-19,2024-07-18,On-time
601530,501530,2023-07-03,2023-07-08,Delayed
601531,501531,2023-10-15,2023-10-14,On-time
601532,501532,2024-02-06,2024-02-06,On-time
601533,501533,2023-11-13,2023-11-15,Delayed
601534,501534,2023-08-05,2023-08-06,On-time
601535,501535,2024-06-30,\N,\N
601536,501536,2023-08-03,\N,Failed
601537,501537,2024-09-25,2024-09-24,On-time
601538,501538,2024-02-03,2024-02-06,Delayed
601539,501539,2023-06-24,2023-06-23,On-time
601540,501540,2023-12-07,2023-12-06,On-time
601541,501541,2024-04-13,2024-04-12,On-time
601542,501542,2024-01-11,2024-01-12,On-time
601543,501543,2024-04-01,\N,Failed
601544,501544,2023-07-28,2023-07-27,On-time
601545,501545,2023-10-24,2023-10-25,On-time
601546,501546,2024-05-09,2024-05-14,Delayed
601547,501547,2024-01-12,2024-01-12,On-time
601548,501548,2023-09-18,2023-09-19,On-time
601549,501549,2024-07-05,2024-07-06,On-time
601550,501550,2024-09-22,2024-09-27,Delayed
601551,501551,2024-08-08,2024-08-08,On-time
601552,501552,2024-07-04,2024-07-03,On-time
601553,501553,2023-11-11,2023-11-10,On-time
601554,501554,2024-01-07,2024-01-08,On-time
601555,501555,2024-04-12,2024-04-13,On-time
601556,501556,2024-01-23,2024-01-23,On-time
601557,501557,2024-03-10,2024-03-11,On-time
601558,501558,2024-01-09,2024-01-10,On-time
601559,501559,2023-11-10,2023-11-11,On-time
601560,501560,2023-09-03,2023-09-03,On-time
601561,501561,2024-09-04,\N,Failed
601562,501562,2023-08-04,2023-08-03,On-time
601563,501563,2024-02-17,\N,\N
601564,501564,2024-02-05,2024-02-06,On-time
601565,501565,2024-09-18,2024-09-18,On-time
601566,501566,2023-11-27,2023-11-27,On-time
601567,501567,2023-12-29,2023-12-29,On-time
601568,501568,2024-05-12,2024-05-15,Delayed
601569,501569,2024-03-18,2024-03-17,On-time
601570,501570,2023-08-24,2023-08-25,On-time
601571,501571,2023-07-01,2023-07-07,Delayed
601572,501572,2023-08-27,2023-08-27,On-time
601573,501573,2024-08-16,2024-08-17,On-time
601574,501574,2024-04-01,2024-04-02,On-time
601575,501575,2024-08-26,2024-08-25,On-time
601576,501576,2024-09-15,2024-09-15,On-time
601577,501577,2024-05-19,\N,\N
601578,501578,2023-12-23,2023-12-25,Delayed
601579,501579,2023-09-23,2023-09-22,On-time
601580,501580,2024-01-24,\N,\N
601581,501581,2024-09-04,2024-09-04,On-time
601582,501582,2023-11-30,2023-11-30,On-time
601583,501583,2024-08-28,2024-08-28,On-time
601584,501584,2024-01-24,2024-01-24,On-time
601585,501585,2023-11-29,2023-11-30,On-time
601586,501586,2024-04-25,2024-04-24,On-time
601587,501587,2024-01-02,2024-01-02,On-time
601588,501588,2024-04-25,\N,Failed
601589,501589,2024-01-29,\N,\N
601590,501590,2023-12-11,\N,Failed
601591,501591,2024-09-01,\N,Failed
601592,501592,2023-10-05,2023-10-11,Delayed
601593,501593,2023-06-18,2023-06-17,On-time
601594,501594,2023-09-08,2023-09-08,On-time
601595,501595,2024-04-23,\N,\N
601596,501596,2024-09-30,2024-09-30,On-time
601597,501597,2023-09-06,\N,\N
601598,501598,2023-10-16,2023-10-17,On-time
601599,501599,2024-09-19,2024-09-18,On-time
601600,501600,2024-07-26,2024-07-25,On-time
601601,501601,2024-02-17,2024-02-17,On-time
601602,501602,2023-07-31,\N,Failed
601603,501603,2023-07-28,2023-07-27,On-time
601604,501604,2023-07-12,2023-07-18,Delayed
601605,501605,2024-08-02,2024-08-01,On-time
601606,501606,2024-07-21,2024-07-25,Delayed
601607,501607,2024-08-31,2024-09-01,On-time
601608,501608,2023-07-05,2023-07-06,On-time
601609,501609,2024-03-27,2024-03-27,On-time
601610,501610,2023-11-13,2023-11-12,On-time
601611,501611,2024-08-17,2024-08-21,Delayed
601612,501612,2023-10-14,2023-10-15,On-time
601613,501613,2024-03-26,\N,\N
601614,501614,2024-05-10,2024-05-10,On-time
601615,501615,2023-07-03,2023-07-06,Delayed
601616,501616,2023-07-22,2023-07-22,On-time
601617,501617,2024-08-05,2024-08-05,On-time
601618,501618,2024-07-16,\N,Failed
601619,501619,2024-07-01,2024-07-07,Delayed
601620,501620,2024-04-30,2024-05-03,Delayed
601621,501621,2023-08-05,2023-08-04,On-time
601622,501622,2023-11-18,2023-11-19,On-time
601623,501623,2024-07-18,2024-07-17,On-time
601624,501624,2023-12-25,2023-12-25,On-time
601625,501625,2024-05-06,2024-05-05,On-time
601626,501626,2024-03-22,\N,\N
601627,501627,2024-08-22,2024-08-23,On-time
601628,501628,2024-03-09,2024-03-08,On-time
601629,501629,2024-01-18,\N,\N
601630,501630,2024-07-19,\N,\N
601631,501631,2024-06-28,2024-06-28,On-time
601632,501632,2023-07-18,2023-07-21,Delayed
601633,501633,2024-05-09,2024-05-11,Delayed
601634,501634,2023-06-18,2023-06-17,On-time
601635,501635,2024-07-06,2024-07-05,On-time
601636,501636,2024-04-20,\N,\N
601637,501637,2024-01-09,\N,\N
601638,501638,2023-07-16,2023-07-15,On-time
601639,501639,2023-12-31,\N,Failed
601640,501640,2023-06-08,2023-06-08,On-time
601641,501641,2023-07-07,2023-07-08,On-time
601642,501642,2023-11-06,2023-11-06,On-time
601643,501643,2023-07-14,2023-07-14,On-time
601644,501644,2024-09-27,2024-09-29,Delayed
601645,501645,2024-03-05,2024-03-05,On-time
601646,501646,2024-06-16,2024-06-17,On-time
601647,501647,2023-06-05,2023-06-05,On-time
601648,501648,2024-08-23,\N,\N
601649,501649,2023-10-09,2023-10-08,On-time
601650,501650,2023-10-12,2023-10-17,Delayed
601651,501651,2023-11-18,\N,\N
601652,501652,2024-01-09,2024-01-10,On-time
601653,501653,2023-12-14,2023-12-17,Delayed
601654,501654,2024-04-21,\N,Failed
601655,501655,2024-05-08,2024-05-07,On-time
601656,501656,2024-04-26,\N,\N
601657,501657,2023-11-22,2023-11-23,On-time
601658,501658,2024-08-15,2024-08-18,Delayed
601659,501659,2024-05-06,2024-05-11,Delayed
601660,501660,2024-07-14,\N,Failed
601661,501661,2023-08-23,\N,\N
601662,501662,2024-08-04,2024-08-05,On-time
601663,501663,2023-07-06,2023-07-06,On-time
601664,501664,2023-07-15,2023-07-15,On-time
601665,501665,2023-08-16,\N,\N
601666,501666,2023-10-11,\N,Failed
601667,501667,2024-06-25,2024-06-24,On-time
601668,501668,2023-11-17,\N,Failed
601669,501669,2024-07-02,2024-07-01,On-time
601670,501670,2024-05-30,\N,Failed
601671,501671,2024-05-08,2024-05-11,Delayed
601672,501672,2023-09-03,2023-09-03,On-time
601673,501673,2023-10-03,2023-10-03,On-time
601674,501674,2023-11-22,\N,\N
601675,501675,2023-06-20,2023-06-19,On-time
601676,501676,2023-12-17,2023-12-16,On-time
601677,501677,2024-01-21,2024-01-27,Delayed
601678,501678,2024-03-08,2024-03-10,Delayed
601679,501679,2024-03-12,2024-03-11,On-time
601680,501680,2024-01-27,\N,Failed
601681,501681,2023-09-03,2023-09-03,On-time
601682,501682,2023-07-16,2023-07-19,Delayed
601683,501683,2023-06-25,2023-06-26,On-time
601684,501684,2024-08-12,2024-08-11,On-time
601685,501685,2023-11-19,\N,\N
601686,501686,2024-08-26,2024-08-27,On-time
601687,501687,2024-08-04,\N,\N
601688,501688,2023-06-30,2023-07-01,On-time
601689,501689,2023-07-29,2023-07-30,On-time
601690,501690,2023-10-04,2023-10-04,On-time
601691,501691,2024-07-01,2024-07-01,On-time
601692,501692,2023-11-30,2023-11-30,On-time
601693,501693,2023-08-05,2023-08-05,On-time
601694,501694,2024-04-30,2024-05-05,Delayed
601695,501695,2023-11-27,2023-12-02,Delayed
601696,501696,2024-07-09,2024-07-08,On-time
601697,501697,2024-06-08,\N,\N
601698,501698,2024-03-17,\N,\N
601699,501699,2023-09-12,\N,\N
601700,501700,2023-09-17,2023-09-18,On-time
601701,501701,2024-02-25,2024-02-25,On-time
601702,501702,2023-06-14,2023-06-13,On-time
601703,501703,2023-10-13,2023-10-12,On-time
601704,501704,2023-07-27,2023-07-29,Delayed
601705,501705,2024-06-29,2024-06-29,On-time
601706,501706,2024-06-11,2024-06-15,Delayed
601707,501707,2023-10-07,2023-10-08,On-time
601708,501708,2023-12-01,2023-12-07,Delayed
601709,501709,2024-06-27,2024-06-29,Delayed
601710,501710,2024-08-16,2024-08-15,On-time
601711,501711,2024-07-25,2024-07-26,On-time
601712,501712,2024-05-20,2024-05-20,On-time
601713,501713,2023-11-03,\N,\N
601714,501714,2024-03-14,2024-03-14,On-time
601715,501715,2024-04-05,\N,Failed
601716,501716,2024-10-02,2024-10-01,On-time
601717,501717,2023-11-12,2023-11-14,Delayed
601718,501718,2024-09-23,2024-09-22,On-time
601719,501719,2024-01-17,2024-01-16,On-time
601720,501720,2023-09-09,2023-09-08,On-time
601721,501721,2023-06-16,2023-06-20,Delayed
601722,501722,2023-08-04,2023-08-05,On-time
601723,501723,2023-06-12,2023-06-12,On-time
601724,501724,2023-06-08,2023-06-08,On-time
601725,501725,2024-05-26,2024-06-01,Delayed
601726,501726,2024-06-23,\N,\N
601727,501727,2024-06-16,2024-06-16,On-time
601728,501728,2024-03-14,2024-03-17,Delayed
601729,501729,2024-04-24,2024-04-25,On-time
601730,501730,2024-03-02,2024-03-02,On-time
601731,501731,2023-11-10,2023-11-09,On-time
601732,501732,2023-06-05,2023-06-06,On-time
601733,501733,2023-10-09,2023-10-12,Delayed
601734,501734,2024-07-11,2024-07-10,On-time
601735,501735,2024-04-22,2024-04-21,On-time
601736,501736,2024-07-27,2024-07-29,Delayed
601737,501737,2024-08-13,2024-08-14,On-time
601738,501738,2024-01-22,\N,Failed
601739,501739,2024-01-07,2024-01-08,On-time
601740,501740,2024-05-23,2024-05-23,On-time
601741,501741,2024-07-03,\N,Failed
601742,501742,2024-01-05,2024-01-04,On-time
601743,501743,2023-11-29,2023-11-28,On-time
601744,501744,2024-03-05,\N,\N
601745,501745,2023-09-08,2023-09-13,Delayed
601746,501746,2024-06-26,2024-06-25,On-time
601747,501747,2023-09-29,\N,Failed
601748,501748,2024-02-20,2024-02-21,On-time
601749,501749,2024-01-26,2024-01-25,On-time
601750,501750,2024-05-17,2024-05-16,On-time
601751,501751,2023-12-05,2023-12-06,On-time
601752,501752,2023-12-18,2023-12-19,On-time
601753,501753,2024-06-25,2024-06-26,On-time
601754,501754,2024-06-04,2024-06-03,On-time
601755,501755,2023-07-16,2023-07-17,On-time
601756,501756,2024-04-03,2024-04-08,Delayed
601757,501757,2023-11-19,2023-11-20,On-time
601758,501758,2024-03-13,2024-03-15,Delayed
601759,501759,2024-02-26,2024-02-26,On-time
601760,501760,2023-09-26,\N,\N
601761,501761,2024-04-16,2024-04-15,On-time
601762,501762,2024-10-02,\N,\N
601763,501763,2023-06-19,2023-06-20,On-time
601764,501764,2023-09-18,\N,\N
601765,501765,2023-12-14,2023-12-13,On-time
601766,501766,2024-06-21,2024-06-21,On-time
601767,501767,2024-05-16,2024-05-16,On-time
601768,501768,2024-08-09,2024-08-09,On-time
601769,501769,2024-07-03,2024-07-09,Delayed
601770,501770,2024-07-01,2024-07-02,On-time
601771,501771,2023-10-05,2023-10-05,On-time
601772,501772,2023-09-06,2023-09-06,On-time
601773,501773,2024-01-26,\N,Failed
601774,501774,2024-08-22,2024-08-22,On-time
601775,501775,2024-02-25,\N,\N
601776,501776,2024-02-02,2024-02-02,On-time
601777,501777,2023-12-24,\N,\N
601778,501778,2023-07-11,2023-07-11,On-time
601779,501779,2024-09-06,2024-09-05,On-time
601780,501780,2023-08-17,2023-08-18,On-time
601781,501781,2023-10-12,2023-10-12,On-time
601782,501782,2023-10-18,\N,\N
601783,501783,2024-05-31,2024-05-30,On-time
601784,501784,2023-12-05,2023-12-05,On-time
601785,501785,2024-04-06,2024-04-06,On-time
601786,501786,2024-05-28,\N,Failed
601787,501787,2024-03-24,\N,Failed
601788,501788,2024-04-15,2024-04-15,On-time
601789,501789,2023-07-20,\N,Failed
601790,501790,2024-02-12,2024-02-16,Delayed
601791,501791,2023-10-27,2023-11-01,Delayed
601792,501792,2024-01-25,\N,Failed
601793,501793,2024-06-24,2024-06-24,On-time
601794,501794,2023-09-24,2023-09-24,On-time
601795,501795,2024-05-25,\N,\N
601796,501796,2024-01-25,2024-01-28,Delayed
601797,501797,2024-05-10,2024-05-11,On-time
601798,501798,2023-11-30,2023-11-29,On-time
601799,501799,2024-06-30,2024-06-29,On-time
601800,501800,2024-03-30,\N,\N
601801,501801,2024-03-27,\N,Failed
601802,501802,2024-06-19,2024-06-23,Delayed
601803,501803,2024-04-13,2024-04-12,On-time
601804,501804,2024-04-06,2024-04-06,On-time
601805,501805,2024-03-13,2024-03-13,On-time
601806,501806,2024-04-24,2024-04-24,On-time
601807,501807,2024-05-19,2024-05-20,On-time
601808,501808,2024-01-21,2024-01-21,On-time
601809,501809,2024-09-01,\N,\N
601810,501810,2023-09-10,2023-09-10,On-time
601811,501811,2023-10-01,2023-10-06,Delayed
601812,501812,2024-02-08,\N,Failed
601813,501813,2024-07-04,\N,\N
601814,501814,2024-03-27,2024-04-02,Delayed
601815,501815,2023-10-11,2023-10-10,On-time
601816,501816,2023-11-22,2023-11-26,Delayed
601817,501817,2023-09-19,\N,\N
601818,501818,2024-08-11,\N,\N
601819,501819,2024-07-15,2024-07-18,Delayed
601820,501820,2023-07-13,2023-07-14,On-time
601821,501821,2024-06-08,2024-06-09,On-time
601822,501822,2024-08-26,2024-08-27,On-time
601823,501823,2024-01-25,2024-01-27,Delayed
601824,501824,2024-07-28,2024-07-27,On-time
601825,501825,2024-07-02,2024-07-03,On-time
601826,501826,2024-07-26,2024-07-26,On-time
601827,501827,2023-12-01,2023-12-03,Delayed
601828,501828,2024-10-01,2024-10-01,On-time
601829,501829,2024-02-17,2024-02-21,Delayed
601830,501830,2024-03-14,\N,\N
601831,501831,2023-10-04,2023-10-09,Delayed
601832,501832,2024-09-08,2024-09-09,On-time
601833,501833,2024-01-24,2024-01-24,On-time
601834,501834,2024-01-08,\N,\N
601835,501835,2023-09-10,2023-09-10,On-time
601836,501836,2024-06-09,2024-06-08,On-time
601837,501837,2023-07-24,2023-07-24,On-time
601838,501838,2024-06-14,2024-06-13,On-time
601839,501839,2024-05-28,\N,Failed
601840,501840,2024-05-22,2024-05-27,Delayed
601841,501841,2023-07-04,2023-07-03,On-time
601842,501842,2023-11-15,2023-11-14,On-time
601843,501843,2023-11-04,2023-11-04,On-time
601844,501844,2023-10-05,2023-10-06,On-time
601845,501845,2023-10-06,2023-10-07,On-time
601846,501846,2023-11-10,2023-11-09,On-time
601847,501847,2023-08-11,2023-08-10,On-time
601848,501848,2024-08-11,2024-08-10,On-time
601849,501849,2023-07-08,2023-07-08,On-time
601850,501850,2023-11-19,2023-11-21,Delayed
601851,501851,2024-02-10,2024-02-09,On-time
601852,501852,2023-09-06,2023-09-05,On-time
601853,501853,2024-04-25,2024-04-28,Delayed
601854,501854,2023-11-10,2023-11-11,On-time
601855,501855,2024-06-30,2024-07-01,On-time
601856,501856,2024-05-18,2024-05-19,On-time
601857,501857,2023-06-10,2023-06-10,On-time
601858,501858,2023-12-21,2023-12-20,On-time
601859,501859,2023-08-31,2023-09-04,Delayed
601860,501860,2024-03-15,2024-03-15,On-time
601861,501861,2024-04-28,2024-04-28,On-time
601862,501862,2023-06-29,\N,\N
601863,501863,2023-06-07,2023-06-07,On-time
601864,501864,2024-08-19,\N,Failed
601865,501865,2024-03-08,2024-03-09,On-time
601866,501866,2023-07-11,\N,\N
601867,501867,2023-11-25,2023-11-26,On-time
601868,501868,2023-11-16,2023-11-17,On-time
601869,501869,2024-02-21,2024-02-21,On-time
601870,501870,2023-11-19,\N,\N
601871,501871,2024-05-15,2024-05-15,On-time
601872,501872,2024-08-13,2024-08-14,On-time
601873,501873,2023-11-08,\N,Failed
601874,501874,2023-11-30,2023-11-29,On-time
601875,501875,2024-06-29,2024-06-30,On-time
601876,501876,2024-06-13,2024-06-17,Delayed
601877,501877,2024-06-01,2024-06-01,On-time
601878,501878,2024-09-06,2024-09-05,On-time
601879,501879,2024-09-28,\N,Failed
601880,501880,2023-07-21,2023-07-21,On-time
601881,501881,2024-09-04,2024-09-04,On-time
601882,501882,2024-01-25,2024-01-29,Delayed
601883,501883,2023-06-18,2023-06-19,On-time
601884,501884,2023-12-29,2023-12-30,On-time
601885,501885,2023-10-18,2023-10-17,On-time
601886,501886,2024-02-27,2024-02-27,On-time
601887,501887,2023-11-17,2023-11-18,On-time
601888,501888,2023-08-24,2023-08-25,On-time
601889,501889,2024-07-11,2024-07-11,On-time
601890,501890,2024-02-02,2024-02-02,On-time
601891,501891,2024-04-26,2024-04-26,On-time
601892,501892,2023-09-07,2023-09-06,On-time
601893,501893,2024-08-17,2024-08-23,Delayed
601894,501894,2024-06-23,2024-06-22,On-time
601895,501895,2023-08-02,\N,Failed
601896,501896,2023-11-17,\N,Failed
601897,501897,2023-09-06,\N,Failed
601898,501898,2024-07-24,2024-07-25,On-time
601899,501899,2024-07-29,2024-07-28,On-time
601900,501900,2023-08-11,2023-08-11,On-time
601901,501901,2023-10-26,2023-10-25,On-time
601902,501902,2023-10-10,2023-10-15,Delayed
601903,501903,2023-06-22,2023-06-23,On-time
601904,501904,2024-06-14,2024-06-15,On-time
601905,501905,2023-12-12,\N,Failed
601906,501906,2023-11-21,2023-11-21,On-time
601907,501907,2024-09-05,2024-09-06,On-time
601908,501908,2023-08-16,2023-08-16,On-time
601909,501909,2023-12-11,\N,\N
601910,501910,2024-03-16,2024-03-15,On-time
601911,501911,2023-06-29,\N,Failed
601912,501912,2023-08-08,2023-08-08,On-time
601913,501913,2023-06-21,2023-06-21,On-time
601914,501914,2023-11-20,2023-11-19,On-time
601915,501915,2023-09-02,2023-09-01,On-time
601916,501916,2024-08-25,2024-08-30,Delayed
601917,501917,2024-06-29,2024-06-28,On-time
601918,501918,2024-07-24,2024-07-25,On-time
601919,501919,2024-07-06,2024-07-05,On-time
601920,501920,2023-10-28,2023-10-27,On-time
601921,501921,2024-01-21,2024-01-22,On-time
601922,501922,2024-09-22,2024-09-22,On-time
601923,501923,2024-01-02,2024-01-03,On-time
601924,501924,2024-06-25,\N,\N
601925,501925,2023-07-05,2023-07-04,On-time
601926,501926,2024-02-09,2024-02-08,On-time
601927,501927,2024-09-30,\N,Failed
601928,501928,2024-10-03,\N,Failed
601929,501929,2023-11-17,2023-11-16,On-time
601930,501930,2024-07-02,2024-07-01,On-time
601931,501931,2023-10-13,2023-10-14,On-time
601932,501932,2023-09-28,2023-09-28,On-time
601933,501933,2023-10-23,2023-10-22,On-time
601934,501934,2024-03-25,2024-03-24,On-time
601935,501935,2023-11-30,2023-11-29,On-time
601936,501936,2024-03-16,2024-03-17,On-time
601937,501937,2023-12-10,\N,\N
601938,501938,2024-05-13,2024-05-13,On-time
601939,501939,2024-09-04,2024-09-10,Delayed
601940,501940,2023-06-17,\N,Failed
601941,501941,2023-08-21,2023-08-20,On-time
601942,501942,2023-11-02,2023-11-01,On-time
601943,501943,2023-11-23,2023-11-23,On-time
601944,501944,2024-01-15,2024-01-16,On-time
601945,501945,2024-01-02,2024-01-01,On-time
601946,501946,2023-12-10,2023-12-10,On-time
601947,501947,2024-04-02,2024-04-02,On-time
601948,501948,2024-09-19,\N,Failed
601949,501949,2023-07-15,2023-07-16,On-time
601950,501950,2023-11-17,2023-11-16,On-time
601951,501951,2023-10-18,2023-10-19,On-time
601952,501952,2023-08-11,\N,\N
601953,501953,2023-07-15,2023-07-15,On-time
601954,501954,2023-08-01,\N,Failed
601955,501955,2024-08-25,2024-08-26,On-time
601956,501956,2024-06-19,\N,Failed
601957,501957,2024-03-29,2024-03-31,Delayed
601958,501958,2024-07-26,2024-07-27,On-time
601959,501959,2024-08-13,2024-08-14,On-time
601960,501960,2024-04-01,2024-04-01,On-time
601961,501961,2024-07-31,\N,Failed
601962,501962,2024-01-11,2024-01-11,On-time
601963,501963,2023-08-21,2023-08-21,On-time
601964,501964,2024-01-23,2024-01-22,On-time
601965,501965,2024-02-16,2024-02-15,On-time
601966,501966,2023-12-04,2023-12-05,On-time
601967,501967,2023-12-22,2023-12-26,Delayed
601968,501968,2024-06-15,\N,Failed
601969,501969,2024-01-06,2024-01-08,Delayed
601970,501970,2024-07-08,\N,Failed
601971,501971,2023-06-25,2023-06-25,On-time
601972,501972,2024-08-06,2024-08-12,Delayed
601973,501973,2024-08-02,2024-08-01,On-time
601974,501974,2024-04-07,2024-04-06,On-time
601975,501975,2023-10-07,2023-10-11,Delayed
601976,501976,2023-09-10,2023-09-11,On-time
601977,501977,2024-08-20,2024-08-19,On-time
601978,501978,2024-10-01,2024-10-06,Delayed
601979,501979,2024-10-03,2024-10-04,On-time
601980,501980,2024-02-15,2024-02-15,On-time
601981,501981,2024-03-05,2024-03-04,On-time
601982,501982,2023-10-15,2023-10-16,On-time
601983,501983,2023-06-14,2023-06-15,On-time
601984,501984,2023-10-31,2023-10-31,On-time
601985,501985,2023-08-09,2023-08-09,On-time
601986,501986,2023-06-17,2023-06-16,On-time
601987,501987,2024-09-11,2024-09-10,On-time
601988,501988,2024-08-12,2024-08-13,On-time
601989,501989,2024-01-19,2024-01-20,On-time
601990,501990,2024-08-12,2024-08-12,On-time
601991,501991,2024-06-26,2024-06-26,On-time
601992,501992,2024-03-09,\N,\N
601993,501993,2023-07-11,\N,Failed
601994,501994,2024-01-10,2024-01-09,On-time
601995,501995,2024-06-25,2024-06-24,On-time
601996,501996,2024-05-23,2024-05-22,On-time
601997,501997,2024-02-29,2024-03-04,Delayed
601998,501998,2023-09-30,2023-10-02,Delayed
601999,501999,2024-04-14,2024-04-13,On-time
602000,502000,2024-02-25,2024-02-26,On-time
602001,502001,2024-06-20,2024-06-19,On-time
602002,502002,2023-11-09,2023-11-10,On-time
602003,502003,2023-07-05,2023-07-06,On-time
602004,502004,2024-04-24,2024-04-24,On-time
602005,502005,2023-07-11,2023-07-14,Delayed
602006,502006,2024-05-30,2024-05-30,On-time
602007,502007,2024-05-16,2024-05-16,On-time
602008,502008,2024-07-04,2024-07-04,On-time
602009,502009,2024-01-02,2024-01-01,On-time
602010,502010,2023-11-02,\N,\N
602011,502011,2024-03-04,\N,Failed
602012,502012,2023-09-07,2023-09-13,Delayed
602013,502013,2023-10-09,2023-10-08,On-time
602014,502014,2023-09-04,2023-09-05,On-time
602015,502015,2024-08-18,\N,\N
602016,502016,2023-08-31,2023-09-01,On-time
602017,502017,2024-01-24,2024-01-25,On-time
602018,502018,2023-10-07,2023-10-11,Delayed
602019,502019,2024-07-26,2024-07-26,On-time
602020,502020,2023-12-28,2024-01-03,Delayed
602021,502021,2023-07-17,2023-07-17,On-time
602022,502022,2024-08-08,2024-08-07,On-time
602023,502023,2023-12-28,2023-12-28,On-time
602024,502024,2023-09-04,\N,\N
602025,502025,2023-08-11,2023-08-11,On-time
602026,502026,2024-08-12,2024-08-12,On-time
602027,502027,2023-08-19,2023-08-19,On-time
602028,502028,2023-10-03,\N,Failed
602029,502029,2023-11-30,2023-12-01,On-time
602030,502030,2023-06-08,2023-06-07,On-time
602031,502031,2023-09-19,\N,Failed
602032,502032,2023-10-10,2023-10-11,On-time
602033,502033,2024-06-30,2024-06-30,On-time
602034,502034,2024-03-03,2024-03-06,Delayed
602035,502035,2023-11-22,2023-11-23,On-time
602036,502036,2024-07-20,\N,\N
602037,502037,2023-11-10,2023-11-11,On-time
602038,502038,2023-06-17,2023-06-19,Delayed
602039,502039,2024-04-17,2024-04-17,On-time
602040,502040,2024-04-06,2024-04-05,On-time
602041,502041,2023-09-21,2023-09-20,On-time
602042,502042,2024-07-09,2024-07-08,On-time
602043,502043,2023-06-23,2023-06-23,On-time
602044,502044,2024-02-12,2024-02-13,On-time
602045,502045,2024-04-25,2024-04-26,On-time
602046,502046,2024-07-21,2024-07-20,On-time
602047,502047,2024-09-13,2024-09-14,On-time
602048,502048,2023-06-20,2023-06-21,On-time
602049,502049,2024-08-08,\N,\N
602050,502050,2023-11-22,\N,Failed
602051,502051,2024-05-16,\N,\N
602052,502052,2024-03-14,2024-03-13,On-time
602053,502053,2023-08-28,2023-09-01,Delayed
602054,502054,2023-07-28,2023-07-28,On-time
602055,502055,2024-07-27,2024-08-01,Delayed
602056,502056,2024-02-29,2024-03-01,On-time
602057,502057,2024-05-18,2024-05-24,Delayed
602058,502058,2024-06-03,2024-06-04,On-time
602059,502059,2024-07-15,2024-07-14,On-time
602060,502060,2023-10-12,\N,\N
602061,502061,2024-08-12,2024-08-16,Delayed
602062,502062,2024-06-13,2024-06-13,On-time
602063,502063,2023-08-31,2023-09-06,Delayed
602064,502064,2024-03-06,2024-03-07,On-time
602065,502065,2023-10-12,\N,Failed
602066,502066,2024-01-04,2024-01-05,On-time
602067,502067,2023-07-21,2023-07-21,On-time
602068,502068,2024-04-21,\N,\N
602069,502069,2023-07-27,2023-07-27,On-time
602070,502070,2023-10-16,2023-10-17,On-time
602071,502071,2023-12-08,2023-12-09,On-time
602072,502072,2024-02-11,2024-02-11,On-time
602073,502073,2024-06-20,2024-06-19,On-time
602074,502074,2024-04-19,2024-04-20,On-time
602075,502075,2024-02-08,\N,Failed
602076,502076,2023-08-30,2023-08-30,On-time
602077,502077,2023-08-12,2023-08-11,On-time
602078,502078,2023-08-01,2023-08-01,On-time
602079,502079,2024-04-29,\N,Failed
602080,502080,2023-06-18,\N,\N
602081,502081,2024-05-03,2024-05-02,On-time
602082,502082,2023-12-01,2023-12-02,On-time
602083,502083,2024-01-17,2024-01-16,On-time
602084,502084,2024-04-16,2024-04-18,Delayed
602085,502085,2024-06-12,2024-06-11,On-time
602086,502086,2023-09-18,2023-09-18,On-time
602087,502087,2024-06-17,2024-06-19,Delayed
602088,502088,2023-08-07,2023-08-08,On-time
602089,502089,2023-12-30,2024-01-03,Delayed
602090,502090,2024-07-18,2024-07-18,On-time
602091,502091,2023-11-30,2023-12-01,On-time
602092,502092,2023-11-11,2023-11-11,On-time
602093,502093,2023-11-07,\N,\N
602094,502094,2024-03-05,2024-03-05,On-time
602095,502095,2024-01-27,2024-01-26,On-time
602096,502096,2024-05-24,\N,\N
602097,502097,2023-08-03,2023-08-03,On-time
602098,502098,2024-04-26,2024-04-25,On-time
602099,502099,2023-07-30,2023-07-31,On-time
602100,502100,2023-09-09,2023-09-12,Delayed
602101,502101,2023-11-20,2023-11-21,On-time
602102,502102,2023-12-30,2024-01-02,Delayed
602103,502103,2023-06-19,2023-06-19,On-time
602104,502104,2023-08-24,2023-08-30,Delayed
602105,502105,2024-01-26,\N,Failed
602106,502106,2024-06-18,2024-06-19,On-time
602107,502107,2023-11-29,2023-11-30,On-time
602108,502108,2023-06-17,\N,Failed
602109,502109,2023-07-25,2023-07-24,On-time
602110,502110,2024-09-02,2024-09-01,On-time
602111,502111,2023-10-20,2023-10-21,On-time
602112,502112,2023-06-28,\N,\N
602113,502113,2024-03-19,2024-03-19,On-time
602114,502114,2024-08-29,2024-08-28,On-time
602115,502115,2023-06-20,2023-06-19,On-time
602116,502116,2023-08-22,2023-08-22,On-time
602117,502117,2024-03-10,\N,Failed
602118,502118,2024-06-05,2024-06-04,On-time
602119,502119,2024-05-09,2024-05-11,Delayed
602120,502120,2023-11-12,2023-11-13,On-time
602121,502121,2024-05-02,\N,\N
602122,502122,2024-01-29,2024-01-29,On-time
602123,502123,2023-12-31,2023-12-31,On-time
602124,502124,2024-08-27,2024-08-28,On-time
602125,502125,2023-07-11,2023-07-10,On-time
602126,502126,2024-05-18,2024-05-18,On-time
602127,502127,2023-07-12,2023-07-13,On-time
602128,502128,2024-02-09,2024-02-10,On-time
602129,502129,2024-03-18,2024-03-18,On-time
602130,502130,2023-12-17,2023-12-16,On-time
602131,502131,2023-07-01,2023-06-30,On-time
602132,502132,2023-10-25,2023-10-24,On-time
602133,502133,2023-10-19,2023-10-22,Delayed
602134,502134,2024-03-29,2024-03-30,On-time
602135,502135,2023-11-22,2023-11-23,On-time
602136,502136,2023-09-20,2023-09-26,Delayed
602137,502137,2024-07-31,2024-08-01,On-time
602138,502138,2024-06-10,2024-06-10,On-time
602139,502139,2024-07-08,2024-07-07,On-time
602140,502140,2023-07-25,2023-07-26,On-time
602141,502141,2023-12-26,2023-12-28,Delayed
602142,502142,2023-09-29,2023-09-28,On-time
602143,502143,2024-05-01,2024-04-30,On-time
602144,502144,2023-09-23,2023-09-24,On-time
602145,502145,2023-07-22,2023-07-26,Delayed
602146,502146,2023-12-03,2023-12-03,On-time
602147,502147,2023-10-02,2023-10-01,On-time
602148,502148,2024-08-14,2024-08-18,Delayed
602149,502149,2023-08-22,2023-08-23,On-time
602150,502150,2024-07-14,2024-07-13,On-time
602151,502151,2023-07-27,2023-07-31,Delayed
602152,502152,2023-06-12,2023-06-12,On-time
602153,502153,2023-07-22,\N,\N
602154,502154,2023-09-26,2023-10-01,Delayed
602155,502155,2023-10-03,2023-10-03,On-time
602156,502156,2024-08-21,\N,\N
602157,502157,2024-07-21,2024-07-25,Delayed
602158,502158,2023-11-28,\N,Failed
602159,502159,2023-07-25,2023-07-25,On-time
602160,502160,2023-11-17,2023-11-16,On-time
602161,502161,2024-01-01,2023-12-31,On-time
602162,502162,2023-09-29,2023-10-04,Delayed
602163,502163,2023-06-10,2023-06-10,On-time
602164,502164,2023-08-17,\N,\N
602165,502165,2024-04-16,2024-04-17,On-time
602166,502166,2023-12-19,2023-12-18,On-time
602167,502167,2024-01-23,\N,\N
602168,502168,2024-06-02,2024-06-03,On-time
602169,502169,2023-11-03,2023-11-02,On-time
602170,502170,2023-09-26,2023-09-26,On-time
602171,502171,2024-02-09,2024-02-10,On-time
602172,502172,2023-12-10,2023-12-10,On-time
602173,502173,2023-09-27,2023-09-26,On-time
602174,502174,2024-07-24,2024-07-25,On-time
602175,502175,2023-08-09,2023-08-09,On-time
602176,502176,2023-08-08,2023-08-12,Delayed
602177,502177,2023-08-23,2023-08-23,On-time
602178,502178,2024-08-10,2024-08-10,On-time
602179,502179,2023-06-14,\N,\N
602180,502180,2023-10-14,2023-10-20,Delayed
602181,502181,2024-07-27,2024-07-26,On-time
602182,502182,2024-04-18,\N,Failed
602183,502183,2023-12-29,2023-12-30,On-time
602184,502184,2023-08-19,2023-08-18,On-time
602185,502185,2023-07-08,2023-07-09,On-time
602186,502186,2023-07-04,\N,Failed
602187,502187,2023-10-30,2023-11-03,Delayed
602188,502188,2023-07-10,2023-07-09,On-time
602189,502189,2023-09-19,2023-09-20,On-time
602190,502190,2023-10-17,\N,Failed
602191,502191,2023-08-07,\N,\N
602192,502192,2024-06-29,2024-06-28,On-time
602193,502193,2023-07-07,2023-07-06,On-time
602194,502194,2023-08-24,2023-08-23,On-time
602195,502195,2024-07-06,2024-07-06,On-time
602196,502196,2024-09-10,2024-09-09,On-time
602197,502197,2024-02-20,2024-02-20,On-time
602198,502198,2023-08-17,2023-08-19,Delayed
602199,502199,2023-06-17,2023-06-21,Delayed
602200,502200,2024-03-10,2024-03-09,On-time
602201,502201,2023-06-19,2023-06-18,On-time
602202,502202,2024-01-18,2024-01-17,On-time
602203,502203,2023-07-29,2023-07-28,On-time
602204,502204,2023-06-16,\N,\N
602205,502205,2024-02-08,2024-02-08,On-time
602206,502206,2023-07-04,2023-07-04,On-time
602207,502207,2024-08-05,2024-08-06,On-time
602208,502208,2023-12-01,\N,Failed
602209,502209,2023-11-18,2023-11-17,On-time
602210,502210,2024-06-29,2024-06-30,On-time
602211,502211,2023-12-03,2023-12-03,On-time
602212,502212,2024-09-28,2024-09-28,On-time
602213,502213,2024-03-31,2024-03-30,On-time
602214,502214,2023-11-10,2023-11-11,On-time
602215,502215,2024-03-10,2024-03-10,On-time
602216,502216,2023-07-26,2023-07-25,On-time
602217,502217,2024-03-27,2024-03-28,On-time
602218,502218,2023-07-27,2023-07-28,On-time
602219,502219,2023-07-26,2023-07-27,On-time
602220,502220,2024-08-19,2024-08-19,On-time
602221,502221,2023-09-30,\N,\N
602222,502222,2024-03-23,\N,Failed
602223,502223,2023-06-30,2023-06-30,On-time
602224,502224,2024-09-08,2024-09-09,On-time
602225,502225,2023-09-18,2023-09-19,On-time
602226,502226,2024-09-11,2024-09-12,On-time
602227,502227,2023-06-21,2023-06-22,On-time
602228,502228,2023-09-15,2023-09-20,Delayed
602229,502229,2024-04-02,2024-04-03,On-time
602230,502230,2023-09-18,2023-09-17,On-time
602231,502231,2024-09-01,2024-09-07,Delayed
602232,502232,2024-04-30,2024-05-03,Delayed
602233,502233,2023-06-17,2023-06-18,On-time
602234,502234,2024-05-11,2024-05-12,On-time
602235,502235,2023-07-21,2023-07-22,On-time
602236,502236,2024-05-16,2024-05-15,On-time
602237,502237,2023-10-26,2023-10-29,Delayed
602238,502238,2024-05-14,\N,\N
602239,502239,2023-11-09,2023-11-10,On-time
602240,502240,2023-07-23,2023-07-26,Delayed
602241,502241,2024-05-11,2024-05-13,Delayed
602242,502242,2023-10-08,2023-10-09,On-time
602243,502243,2023-08-29,2023-08-29,On-time
602244,502244,2024-08-15,\N,Failed
602245,502245,2024-08-02,2024-08-01,On-time
602246,502246,2023-12-20,2023-12-21,On-time
602247,502247,2023-12-17,2023-12-18,On-time
602248,502248,2024-09-22,2024-09-22,On-time
602249,502249,2024-08-08,2024-08-09,On-time
602250,502250,2023-06-05,\N,\N
602251,502251,2023-08-27,2023-08-26,On-time
602252,502252,2023-10-13,2023-10-13,On-time
602253,502253,2024-05-29,2024-06-01,Delayed
602254,502254,2023-10-15,2023-10-14,On-time
602255,502255,2024-04-07,2024-04-06,On-time
602256,502256,2024-04-03,2024-04-04,On-time
602257,502257,2023-09-08,\N,\N
602258,502258,2024-03-04,2024-03-03,On-time
602259,502259,2024-09-15,2024-09-19,Delayed
602260,502260,2023-11-28,2023-11-29,On-time
602261,502261,2024-01-21,\N,Failed
602262,502262,2023-09-05,2023-09-11,Delayed
602263,502263,2024-04-28,2024-04-29,On-time
602264,502264,2024-07-14,2024-07-17,Delayed
602265,502265,2023-12-08,\N,Failed
602266,502266,2023-11-03,2023-11-07,Delayed
602267,502267,2023-08-15,2023-08-15,On-time
602268,502268,2024-08-16,2024-08-16,On-time
602269,502269,2023-12-10,2023-12-15,Delayed
602270,502270,2024-04-29,2024-04-29,On-time
602271,502271,2023-10-01,\N,Failed
602272,502272,2024-06-19,2024-06-18,On-time
602273,502273,2024-03-28,2024-03-28,On-time
602274,502274,2023-12-16,\N,Failed
602275,502275,2023-07-02,2023-07-01,On-time
602276,502276,2024-01-16,2024-01-20,Delayed
602277,502277,2024-09-29,2024-09-28,On-time
602278,502278,2023-12-07,2023-12-08,On-time
602279,502279,2024-09-20,2024-09-20,On-time
602280,502280,2023-06-30,2023-06-29,On-time
602281,502281,2023-07-27,2023-07-28,On-time
602282,502282,2024-01-31,2024-01-30,On-time
602283,502283,2024-01-10,2024-01-11,On-time
602284,502284,2024-02-10,\N,Failed
602285,502285,2024-06-13,2024-06-13,On-time
602286,502286,2024-03-31,\N,\N
602287,502287,2024-07-01,2024-07-06,Delayed
602288,502288,2024-02-28,2024-02-27,On-time
602289,502289,2024-01-17,\N,Failed
602290,502290,2023-12-08,2023-12-07,On-time
602291,502291,2023-06-24,2023-06-24,On-time
602292,502292,2023-10-26,2023-10-27,On-time
602293,502293,2023-07-07,2023-07-08,On-time
602294,502294,2023-10-21,2023-10-22,On-time
602295,502295,2023-10-05,2023-10-10,Delayed
602296,502296,2023-11-02,2023-11-01,On-time
602297,502297,2024-03-10,2024-03-10,On-time
602298,502298,2023-07-04,2023-07-04,On-time
602299,502299,2024-03-15,2024-03-21,Delayed
602300,502300,2023-09-14,2023-09-16,Delayed
602301,502301,2024-08-08,\N,\N
602302,502302,2023-09-06,\N,Failed
602303,502303,2024-02-20,2024-02-19,On-time
602304,502304,2024-07-27,2024-07-26,On-time
602305,502305,2024-09-15,2024-09-15,On-time
602306,502306,2024-05-01,2024-05-02,On-time
602307,502307,2023-11-15,2023-11-14,On-time
602308,502308,2023-12-29,2023-12-29,On-time
602309,502309,2024-08-01,2024-08-01,On-time
602310,502310,2024-04-14,2024-04-19,Delayed
602311,502311,2023-09-03,\N,Failed
602312,502312,2023-11-13,2023-11-13,On-time
602313,502313,2024-08-02,\N,\N
602314,502314,2024-09-10,2024-09-11,On-time
602315,502315,2024-08-09,2024-08-13,Delayed
602316,502316,2024-01-13,2024-01-12,On-time
602317,502317,2023-08-25,2023-08-24,On-time
602318,502318,2023-08-14,\N,\N
602319,502319,2024-07-24,2024-07-29,Delayed
602320,502320,2024-05-11,2024-05-10,On-time
602321,502321,2024-07-23,2024-07-25,Delayed
602322,502322,2024-09-22,2024-09-23,On-time
602323,502323,2023-07-13,2023-07-17,Delayed
602324,502324,2023-06-14,2023-06-15,On-time
602325,502325,2024-03-14,2024-03-14,On-time
602326,502326,2024-02-11,2024-02-10,On-time
602327,502327,2024-09-28,2024-09-28,On-time
602328,502328,2023-10-10,\N,Failed
602329,502329,2023-10-22,2023-10-21,On-time
602330,502330,2024-02-19,2024-02-23,Delayed
602331,502331,2024-03-05,\N,Failed
602332,502332,2024-02-09,2024-02-10,On-time
602333,502333,2024-03-07,2024-03-12,Delayed
602334,502334,2024-01-18,\N,Failed
602335,502335,2024-01-10,2024-01-11,On-time
602336,502336,2023-12-04,\N,\N
602337,502337,2023-08-31,2023-08-30,On-time
602338,502338,2024-06-15,2024-06-14,On-time
602339,502339,2023-12-30,2023-12-31,On-time
602340,502340,2023-11-12,2023-11-13,On-time
602341,502341,2024-05-11,2024-05-10,On-time
602342,502342,2024-06-07,2024-06-12,Delayed
602343,502343,2023-07-19,2023-07-20,On-time
602344,502344,2024-02-02,2024-02-02,On-time
602345,502345,2024-07-16,2024-07-17,On-time
602346,502346,2024-03-08,2024-03-08,On-time
602347,502347,2024-06-27,2024-06-29,Delayed
602348,502348,2024-06-08,2024-06-13,Delayed
602349,502349,2024-06-14,2024-06-14,On-time
602350,502350,2024-04-30,2024-04-30,On-time
602351,502351,2024-09-06,2024-09-09,Delayed
602352,502352,2023-06-24,2023-06-28,Delayed
602353,502353,2023-06-17,2023-06-18,On-time
602354,502354,2023-09-20,2023-09-20,On-time
602355,502355,2024-02-27,2024-02-28,On-time
602356,502356,2023-09-25,2023-09-24,On-time
602357,502357,2024-03-15,2024-03-14,On-time
602358,502358,2023-07-25,2023-07-26,On-time
602359,502359,2024-07-07,2024-07-12,Delayed
602360,502360,2024-08-23,2024-08-23,On-time
602361,502361,2023-08-12,2023-08-15,Delayed
602362,502362,2023-11-15,2023-11-16,On-time
602363,502363,2023-07-24,2023-07-24,On-time
602364,502364,2023-11-05,2023-11-05,On-time
602365,502365,2023-09-25,\N,Failed
602366,502366,2023-10-29,2023-10-29,On-time
602367,502367,2024-05-22,2024-05-21,On-time
602368,502368,2023-08-31,2023-08-30,On-time
602369,502369,2023-06-19,2023-06-18,On-time
602370,502370,2024-09-04,2024-09-03,On-time
602371,502371,2023-06-20,2023-06-23,Delayed
602372,502372,2024-05-12,2024-05-13,On-time
602373,502373,2023-08-03,2023-08-05,Delayed
602374,502374,2024-08-10,\N,\N
602375,502375,2024-02-04,2024-02-05,On-time
602376,502376,2024-08-25,2024-08-25,On-time
602377,502377,2023-12-20,2023-12-20,On-time
602378,502378,2024-09-26,2024-09-25,On-time
602379,502379,2023-10-20,\N,Failed
602380,502380,2023-09-28,2023-09-29,On-time
602381,502381,2024-04-25,2024-04-24,On-time
602382,502382,2024-06-24,2024-06-25,On-time
602383,502383,2024-01-19,2024-01-20,On-time
602384,502384,2023-11-14,2023-11-13,On-time
602385,502385,2024-09-25,2024-09-24,On-time
602386,502386,2023-09-05,2023-09-08,Delayed
602387,502387,2024-08-30,2024-09-04,Delayed
602388,502388,2023-08-09,2023-08-13,Delayed
602389,502389,2024-06-11,\N,Failed
602390,502390,2024-06-16,\N,\N
602391,502391,2024-03-31,2024-03-31,On-time
602392,502392,2023-12-22,\N,Failed
602393,502393,2024-03-02,2024-03-02,On-time
602394,502394,2024-05-29,2024-05-30,On-time
602395,502395,2024-07-13,2024-07-12,On-time
602396,502396,2023-08-09,2023-08-09,On-time
602397,502397,2024-02-17,\N,\N
602398,502398,2024-02-16,2024-02-17,On-time
602399,502399,2024-06-17,2024-06-16,On-time
602400,502400,2023-06-11,2023-06-11,On-time
602401,502401,2023-12-13,\N,\N
602402,502402,2023-09-24,2023-09-23,On-time
602403,502403,2023-08-20,2023-08-21,On-time
602404,502404,2024-05-02,2024-05-01,On-time
602405,502405,2024-07-20,2024-07-19,On-time
602406,502406,2023-07-09,2023-07-13,Delayed
602407,502407,2023-08-04,2023-08-05,On-time
602408,502408,2024-07-02,2024-07-03,On-time
602409,502409,2023-08-21,\N,Failed
602410,502410,2023-07-25,2023-07-26,On-time
602411,502411,2024-04-06,2024-04-07,On-time
602412,502412,2023-06-19,2023-06-21,Delayed
602413,502413,2024-03-07,2024-03-06,On-time
602414,502414,2024-01-23,2024-01-24,On-time
602415,502415,2023-07-11,\N,\N
602416,502416,2024-03-24,2024-03-24,On-time
602417,502417,2023-08-23,\N,\N
602418,502418,2024-03-17,2024-03-22,Delayed
602419,502419,2023-07-17,2023-07-23,Delayed
602420,502420,2024-03-15,2024-03-19,Delayed
602421,502421,2024-03-02,2024-03-06,Delayed
602422,502422,2024-05-24,2024-05-28,Delayed
602423,502423,2024-06-08,2024-06-08,On-time
602424,502424,2024-08-09,2024-08-08,On-time
602425,502425,2023-08-16,\N,Failed
602426,502426,2023-10-04,\N,\N
602427,502427,2024-08-18,2024-08-19,On-time
602428,502428,2024-05-16,2024-05-16,On-time
602429,502429,2024-09-25,\N,Failed
602430,502430,2024-04-13,2024-04-13,On-time
602431,502431,2024-01-13,2024-01-15,Delayed
602432,502432,2024-08-05,2024-08-04,On-time
602433,502433,2023-06-19,2023-06-20,On-time
602434,502434,2024-09-05,2024-09-05,On-time
602435,502435,2023-07-01,2023-06-30,On-time
602436,502436,2024-06-21,2024-06-22,On-time
602437,502437,2024-03-21,\N,Failed
602438,502438,2024-04-05,2024-04-04,On-time
602439,502439,2024-05-21,\N,\N
602440,502440,2023-08-20,2023-08-23,Delayed
602441,502441,2024-08-08,2024-08-08,On-time
602442,502442,2024-04-15,2024-04-20,Delayed
602443,502443,2024-03-24,2024-03-23,On-time
602444,502444,2024-08-29,\N,Failed
602445,502445,2023-12-20,2023-12-20,On-time
602446,502446,2023-09-11,2023-09-12,On-time
602447,502447,2023-08-14,2023-08-14,On-time
602448,502448,2023-12-10,\N,\N
602449,502449,2023-09-25,\N,Failed
602450,502450,2024-09-11,\N,Failed
602451,502451,2023-06-23,2023-06-23,On-time
602452,502452,2024-08-23,2024-08-29,Delayed
602453,502453,2024-09-19,2024-09-20,On-time
602454,502454,2024-07-12,2024-07-17,Delayed
602455,502455,2023-12-21,2023-12-21,On-time
602456,502456,2024-01-07,2024-01-08,On-time
602457,502457,2023-07-27,2023-07-26,On-time
602458,502458,2024-02-28,2024-02-29,On-time
602459,502459,2023-11-26,2023-11-27,On-time
602460,502460,2023-09-14,2023-09-15,On-time
602461,502461,2023-09-04,2023-09-03,On-time
602462,502462,2023-11-29,2023-11-28,On-time
602463,502463,2023-09-25,2023-09-24,On-time
602464,502464,2024-06-18,2024-06-19,On-time
602465,502465,2024-09-04,2024-09-04,On-time
602466,502466,2023-11-22,2023-11-21,On-time
602467,502467,2023-07-08,\N,\N
602468,502468,2024-02-13,2024-02-13,On-time
602469,502469,2024-01-14,\N,\N
602470,502470,2024-02-06,\N,Failed
602471,502471,2024-09-12,2024-09-12,On-time
602472,502472,2024-03-04,2024-03-10,Delayed
602473,502473,2023-07-02,2023-07-01,On-time
602474,502474,2024-08-19,2024-08-19,On-time
602475,502475,2024-09-21,2024-09-20,On-time
602476,502476,2023-12-17,2023-12-18,On-time
602477,502477,2024-02-04,2024-02-07,Delayed
602478,502478,2024-07-23,\N,\N
602479,502479,2023-11-18,2023-11-22,Delayed
602480,502480,2023-10-18,2023-10-17,On-time
602481,502481,2024-07-04,2024-07-04,On-time
602482,502482,2023-08-16,2023-08-18,Delayed
602483,502483,2023-10-17,2023-10-16,On-time
602484,502484,2024-05-28,2024-05-28,On-time
602485,502485,2024-09-03,2024-09-02,On-time
602486,502486,2023-08-31,2023-09-01,On-time
602487,502487,2024-04-06,2024-04-07,On-time
602488,502488,2023-10-24,2023-10-28,Delayed
602489,502489,2024-01-15,2024-01-14,On-time
602490,502490,2024-06-18,\N,Failed
602491,502491,2024-02-15,2024-02-15,On-time
602492,502492,2023-11-02,2023-11-01,On-time
602493,502493,2023-12-12,2023-12-11,On-time
602494,502494,2023-11-30,\N,Failed
602495,502495,2024-01-12,\N,\N
602496,502496,2023-07-26,2023-07-25,On-time
602497,502497,2024-06-04,2024-06-05,On-time
602498,502498,2023-12-02,2023-12-02,On-time
602499,502499,2024-06-20,\N,\N
602500,502500,2024-05-01,2024-04-30,On-time
602501,502501,2024-06-29,2024-06-29,On-time
602502,502502,2024-03-05,2024-03-05,On-time
602503,502503,2024-01-05,2024-01-07,Delayed
602504,502504,2023-06-23,\N,Failed
602505,502505,2024-09-25,\N,Failed
602506,502506,2024-03-30,2024-03-30,On-time
602507,502507,2024-02-16,\N,\N
602508,502508,2023-12-19,2023-12-18,On-time
602509,502509,2023-12-06,2023-12-05,On-time
602510,502510,2023-08-29,2023-08-29,On-time
602511,502511,2024-02-19,2024-02-19,On-time
602512,502512,2024-08-21,\N,Failed
602513,502513,2024-06-17,2024-06-22,Delayed
602514,502514,2023-11-23,2023-11-23,On-time
602515,502515,2024-04-10,2024-04-10,On-time
602516,502516,2024-03-23,2024-03-23,On-time
602517,502517,2023-08-17,2023-08-17,On-time
602518,502518,2023-08-05,2023-08-04,On-time
602519,502519,2024-05-09,\N,Failed
602520,502520,2024-05-21,2024-05-25,Delayed
602521,502521,2024-01-25,2024-01-25,On-time
602522,502522,2023-08-10,2023-08-11,On-time
602523,502523,2024-07-20,2024-07-19,On-time
602524,502524,2024-03-12,2024-03-12,On-time
602525,502525,2024-08-29,2024-08-28,On-time
602526,502526,2024-08-02,2024-08-02,On-time
602527,502527,2023-07-04,\N,Failed
602528,502528,2024-03-11,2024-03-11,On-time
602529,502529,2024-03-23,2024-03-22,On-time
602530,502530,2023-07-12,2023-07-16,Delayed
602531,502531,2023-08-26,2023-08-25,On-time
602532,502532,2024-04-29,\N,\N
602533,502533,2024-06-03,2024-06-02,On-time
602534,502534,2024-08-28,2024-09-03,Delayed
602535,502535,2024-01-22,2024-01-21,On-time
602536,502536,2023-08-08,\N,Failed
602537,502537,2024-06-17,2024-06-16,On-time
602538,502538,2024-08-28,\N,\N
602539,502539,2024-05-15,2024-05-14,On-time
602540,502540,2024-06-13,2024-06-12,On-time
602541,502541,2023-12-22,2023-12-21,On-time
602542,502542,2023-08-13,2023-08-13,On-time
602543,502543,2024-08-17,2024-08-20,Delayed
602544,502544,2024-03-07,2024-03-07,On-time
602545,502545,2023-12-16,2023-12-17,On-time
602546,502546,2024-08-30,2024-08-29,On-time
602547,502547,2023-07-03,2023-07-07,Delayed
602548,502548,2024-04-29,2024-04-28,On-time
602549,502549,2024-01-27,2024-01-28,On-time
602550,502550,2024-03-10,2024-03-16,Delayed
602551,502551,2024-03-30,2024-03-30,On-time
602552,502552,2024-09-29,2024-09-30,On-time
602553,502553,2024-07-04,2024-07-03,On-time
602554,502554,2023-12-19,2023-12-20,On-time
602555,502555,2024-02-16,2024-02-15,On-time
602556,502556,2024-02-24,2024-02-24,On-time
602557,502557,2023-06-07,\N,\N
602558,502558,2024-03-15,2024-03-14,On-time
602559,502559,2024-02-29,2024-02-28,On-time
602560,502560,2023-06-24,2023-06-23,On-time
602561,502561,2024-06-07,2024-06-07,On-time
602562,502562,2024-02-27,2024-02-29,Delayed
602563,502563,2024-07-16,2024-07-15,On-time
602564,502564,2024-09-17,2024-09-17,On-time
602565,502565,2023-06-30,2023-06-29,On-time
602566,502566,2024-01-26,2024-01-27,On-time
602567,502567,2023-09-12,2023-09-13,On-time
602568,502568,2024-06-04,\N,Failed
602569,502569,2023-08-27,\N,\N
602570,502570,2024-08-31,2024-08-30,On-time
602571,502571,2023-11-03,2023-11-04,On-time
602572,502572,2023-12-09,2023-12-11,Delayed
602573,502573,2024-02-04,2024-02-10,Delayed
602574,502574,2024-05-16,2024-05-17,On-time
602575,502575,2023-08-14,2023-08-18,Delayed
602576,502576,2024-02-14,2024-02-14,On-time
602577,502577,2023-08-20,2023-08-21,On-time
602578,502578,2024-07-22,\N,Failed
602579,502579,2024-05-05,2024-05-06,On-time
602580,502580,2023-10-25,2023-10-24,On-time
602581,502581,2023-07-20,2023-07-20,On-time
602582,502582,2024-04-21,2024-04-22,On-time
602583,502583,2024-08-27,2024-08-30,Delayed
602584,502584,2023-09-11,2023-09-14,Delayed
602585,502585,2024-06-25,2024-06-30,Delayed
602586,502586,2024-03-10,2024-03-11,On-time
602587,502587,2024-03-08,2024-03-08,On-time
602588,502588,2023-11-29,2023-11-28,On-time
602589,502589,2024-05-16,2024-05-22,Delayed
602590,502590,2024-06-29,2024-06-30,On-time
602591,502591,2023-09-10,\N,Failed
602592,502592,2024-05-12,\N,\N
602593,502593,2024-04-19,2024-04-24,Delayed
602594,502594,2023-06-26,2023-07-02,Delayed
602595,502595,2024-03-01,2024-02-29,On-time
602596,502596,2023-06-19,2023-06-20,On-time
602597,502597,2024-07-01,2024-07-01,On-time
602598,502598,2024-09-15,2024-09-16,On-time
602599,502599,2024-02-17,2024-02-16,On-time
602600,502600,2024-03-25,2024-03-24,On-time
602601,502601,2024-04-06,2024-04-09,Delayed
602602,502602,2023-11-18,2023-11-17,On-time
602603,502603,2024-02-27,2024-02-27,On-time
602604,502604,2024-05-20,2024-05-21,On-time
602605,502605,2023-06-19,2023-06-18,On-time
602606,502606,2024-05-12,2024-05-12,On-time
602607,502607,2024-09-02,2024-09-03,On-time
602608,502608,2024-04-09,2024-04-10,On-time
602609,502609,2024-06-24,2024-06-23,On-time
602610,502610,2024-01-22,2024-01-22,On-time
602611,502611,2023-07-21,2023-07-22,On-time
602612,502612,2024-01-30,2024-01-30,On-time
602613,502613,2024-05-13,2024-05-15,Delayed
602614,502614,2023-09-12,2023-09-13,On-time
602615,502615,2024-07-13,2024-07-14,On-time
602616,502616,2023-06-22,2023-06-26,Delayed
602617,502617,2024-07-07,2024-07-13,Delayed
602618,502618,2023-08-08,2023-08-12,Delayed
602619,502619,2024-01-17,2024-01-18,On-time
602620,502620,2024-08-22,\N,Failed
602621,502621,2023-12-13,2023-12-14,On-time
602622,502622,2023-10-07,2023-10-08,On-time
602623,502623,2023-11-16,2023-11-15,On-time
602624,502624,2024-03-19,2024-03-23,Delayed
602625,502625,2024-04-20,2024-04-20,On-time
602626,502626,2023-09-19,2023-09-25,Delayed
602627,502627,2023-10-26,2023-10-25,On-time
602628,502628,2024-07-25,2024-07-26,On-time
602629,502629,2024-02-29,2024-02-28,On-time
602630,502630,2023-09-08,\N,\N
602631,502631,2023-09-21,2023-09-20,On-time
602632,502632,2023-10-01,2023-10-02,On-time
602633,502633,2023-07-03,2023-07-03,On-time
602634,502634,2024-02-22,2024-02-22,On-time
602635,502635,2024-04-26,\N,Failed
602636,502636,2024-02-06,2024-02-07,On-time
602637,502637,2024-01-08,2024-01-11,Delayed
602638,502638,2023-12-07,\N,\N
602639,502639,2024-05-25,2024-05-24,On-time
602640,502640,2024-01-26,2024-01-27,On-time
602641,502641,2024-01-16,2024-01-21,Delayed
602642,502642,2023-09-20,2023-09-20,On-time
602643,502643,2024-09-03,2024-09-03,On-time
602644,502644,2023-09-11,2023-09-10,On-time
602645,502645,2024-06-22,\N,Failed
602646,502646,2024-03-14,2024-03-15,On-time
602647,502647,2024-02-14,2024-02-18,Delayed
602648,502648,2023-09-23,2023-09-22,On-time
602649,502649,2023-06-24,2023-06-26,Delayed
602650,502650,2024-03-09,2024-03-09,On-time
602651,502651,2023-08-02,2023-08-02,On-time
602652,502652,2024-07-31,2024-07-31,On-time
602653,502653,2024-02-22,2024-02-21,On-time
602654,502654,2023-10-05,2023-10-04,On-time
602655,502655,2023-08-11,2023-08-16,Delayed
602656,502656,2024-09-07,2024-09-06,On-time
602657,502657,2023-10-24,2023-10-29,Delayed
602658,502658,2023-10-16,2023-10-17,On-time
602659,502659,2024-09-28,2024-10-02,Delayed
602660,502660,2023-11-21,2023-11-21,On-time
602661,502661,2024-07-28,2024-07-27,On-time
602662,502662,2024-03-04,2024-03-03,On-time
602663,502663,2023-11-05,2023-11-05,On-time
602664,502664,2024-05-29,2024-05-29,On-time
602665,502665,2024-01-29,2024-01-28,On-time
602666,502666,2024-05-13,\N,Failed
602667,502667,2023-09-04,2023-09-04,On-time
602668,502668,2024-08-17,2024-08-18,On-time
602669,502669,2023-10-05,2023-10-05,On-time
602670,502670,2024-01-08,2024-01-11,Delayed
602671,502671,2024-03-11,\N,Failed
602672,502672,2024-05-22,2024-05-23,On-time
602673,502673,2024-01-02,\N,\N
602674,502674,2024-01-11,2024-01-10,On-time
602675,502675,2024-07-18,2024-07-19,On-time
602676,502676,2024-08-18,2024-08-21,Delayed
602677,502677,2024-01-17,2024-01-16,On-time
602678,502678,2023-11-02,2023-11-02,On-time
602679,502679,2024-01-23,2024-01-28,Delayed
602680,502680,2023-07-06,2023-07-07,On-time
602681,502681,2024-03-03,2024-03-03,On-time
602682,502682,2024-09-17,2024-09-17,On-time
602683,502683,2024-05-08,2024-05-07,On-time
602684,502684,2024-02-27,2024-03-01,Delayed
602685,502685,2023-09-21,2023-09-20,On-time
602686,502686,2024-08-22,2024-08-21,On-time
602687,502687,2024-03-23,2024-03-23,On-time
602688,502688,2024-06-13,\N,Failed
602689,502689,2024-07-15,2024-07-15,On-time
602690,502690,2023-09-21,2023-09-24,Delayed
602691,502691,2024-08-07,2024-08-08,On-time
602692,502692,2023-12-29,2023-12-29,On-time
602693,502693,2023-06-07,2023-06-08,On-time
602694,502694,2023-08-29,2023-08-29,On-time
602695,502695,2023-12-28,2023-12-29,On-time
602696,502696,2024-06-16,2024-06-16,On-time
602697,502697,2024-06-20,2024-06-25,Delayed
602698,502698,2023-08-07,2023-08-12,Delayed
602699,502699,2023-10-06,\N,Failed
602700,502700,2024-04-26,2024-04-25,On-time
602701,502701,2024-09-03,2024-09-02,On-time
602702,502702,2024-05-16,2024-05-22,Delayed
602703,502703,2024-03-26,2024-04-01,Delayed
602704,502704,2024-09-27,2024-09-27,On-time
602705,502705,2023-06-24,2023-06-23,On-time
602706,502706,2023-11-03,2023-11-02,On-time
602707,502707,2024-01-05,2024-01-04,On-time
602708,502708,2023-07-02,2023-07-04,Delayed
602709,502709,2023-07-05,\N,\N
602710,502710,2024-05-02,2024-05-02,On-time
602711,502711,2024-07-18,2024-07-18,On-time
602712,502712,2023-09-23,2023-09-25,Delayed
602713,502713,2024-08-06,2024-08-11,Delayed
602714,502714,2023-12-07,\N,Failed
602715,502715,2023-10-20,2023-10-20,On-time
602716,502716,2024-08-16,2024-08-17,On-time
602717,502717,2024-01-12,2024-01-15,Delayed
602718,502718,2024-02-19,2024-02-20,On-time
602719,502719,2023-07-18,2023-07-17,On-time
602720,502720,2024-04-14,\N,\N
602721,502721,2024-06-28,\N,Failed
602722,502722,2024-09-15,2024-09-16,On-time
602723,502723,2024-04-11,2024-04-13,Delayed
602724,502724,2023-12-29,2023-12-30,On-time
602725,502725,2024-09-03,2024-09-03,On-time
602726,502726,2023-09-16,\N,Failed
602727,502727,2024-03-11,2024-03-11,On-time
602728,502728,2023-11-14,2023-11-19,Delayed
602729,502729,2024-05-26,2024-05-27,On-time
602730,502730,2024-10-05,2024-10-05,On-time
602731,502731,2024-09-18,2024-09-19,On-time
602732,502732,2023-06-08,2023-06-13,Delayed
602733,502733,2023-08-10,\N,Failed
602734,502734,2023-10-02,2023-10-03,On-time
602735,502735,2024-09-08,2024-09-07,On-time
602736,502736,2024-06-14,\N,Failed
602737,502737,2023-08-14,2023-08-17,Delayed
602738,502738,2023-09-05,2023-09-04,On-time
602739,502739,2023-10-02,2023-10-03,On-time
602740,502740,2024-02-19,\N,Failed
602741,502741,2023-07-16,2023-07-17,On-time
602742,502742,2024-03-31,2024-04-03,Delayed
602743,502743,2023-12-29,2023-12-28,On-time
602744,502744,2023-10-20,\N,Failed
602745,502745,2024-05-04,2024-05-03,On-time
602746,502746,2024-04-09,2024-04-10,On-time
602747,502747,2024-09-22,2024-09-23,On-time
602748,502748,2024-06-11,\N,\N
602749,502749,2024-01-27,2024-01-28,On-time
602750,502750,2024-02-28,2024-02-29,On-time
602751,502751,2023-11-25,2023-11-24,On-time
602752,502752,2023-07-18,2023-07-20,Delayed
602753,502753,2023-06-06,2023-06-06,On-time
602754,502754,2024-07-04,2024-07-09,Delayed
602755,502755,2024-03-27,2024-03-26,On-time
602756,502756,2024-04-13,2024-04-14,On-time
602757,502757,2024-03-04,2024-03-04,On-time
602758,502758,2023-10-31,2023-11-01,On-time
602759,502759,2023-07-28,2023-07-27,On-time
602760,502760,2024-03-10,2024-03-11,On-time
602761,502761,2023-09-14,2023-09-18,Delayed
602762,502762,2023-10-17,2023-10-17,On-time
602763,502763,2024-06-02,2024-06-04,Delayed
602764,502764,2024-02-13,2024-02-12,On-time
602765,502765,2024-05-01,2024-05-01,On-time
602766,502766,2023-12-22,2023-12-22,On-time
602767,502767,2023-10-17,\N,Failed
602768,502768,2023-11-30,\N,Failed
602769,502769,2023-07-12,\N,\N
602770,502770,2024-08-16,2024-08-17,On-time
602771,502771,2024-01-23,2024-01-23,On-time
602772,502772,2024-02-04,2024-02-09,Delayed
602773,502773,2024-03-15,2024-03-14,On-time
602774,502774,2024-03-21,2024-03-22,On-time
602775,502775,2024-05-03,\N,Failed
602776,502776,2023-08-31,2023-09-05,Delayed
602777,502777,2023-07-27,2023-07-26,On-time
602778,502778,2024-05-03,2024-05-03,On-time
602779,502779,2024-08-05,\N,\N
602780,502780,2023-09-26,2023-09-27,On-time
602781,502781,2023-07-28,2023-07-27,On-time
602782,502782,2024-07-30,2024-08-05,Delayed
602783,502783,2024-06-02,2024-06-06,Delayed
602784,502784,2023-11-27,2023-11-27,On-time
602785,502785,2023-10-20,\N,\N
602786,502786,2023-09-14,2023-09-14,On-time
602787,502787,2023-11-25,\N,Failed
602788,502788,2024-05-06,2024-05-06,On-time
602789,502789,2023-08-15,\N,\N
602790,502790,2024-07-22,2024-07-23,On-time
602791,502791,2024-08-17,\N,\N
602792,502792,2024-07-01,2024-07-01,On-time
602793,502793,2024-09-10,2024-09-13,Delayed
602794,502794,2024-07-30,2024-07-31,On-time
602795,502795,2024-03-09,2024-03-08,On-time
602796,502796,2023-08-27,2023-08-31,Delayed
602797,502797,2024-05-17,2024-05-17,On-time
602798,502798,2023-10-25,2023-10-25,On-time
602799,502799,2023-09-03,2023-09-04,On-time
602800,502800,2023-07-05,2023-07-05,On-time
602801,502801,2024-07-11,2024-07-12,On-time
602802,502802,2024-09-22,\N,\N
602803,502803,2024-01-25,2024-01-25,On-time
602804,502804,2023-11-30,\N,\N
602805,502805,2024-01-15,2024-01-15,On-time
602806,502806,2024-01-05,2024-01-09,Delayed
602807,502807,2023-10-20,2023-10-20,On-time
602808,502808,2023-11-26,2023-11-26,On-time
602809,502809,2023-11-20,2023-11-19,On-time
602810,502810,2023-08-12,\N,\N
602811,502811,2023-11-09,2023-11-09,On-time
602812,502812,2024-06-04,2024-06-03,On-time
602813,502813,2023-11-21,2023-11-20,On-time
602814,502814,2024-06-11,2024-06-10,On-time
602815,502815,2023-10-13,2023-10-13,On-time
602816,502816,2024-04-24,2024-04-23,On-time
602817,502817,2023-08-04,2023-08-04,On-time
602818,502818,2024-07-25,\N,\N
602819,502819,2023-12-12,2023-12-13,On-time
602820,502820,2024-06-11,2024-06-12,On-time
602821,502821,2024-05-18,2024-05-18,On-time
602822,502822,2024-08-25,\N,\N
602823,502823,2024-09-17,2024-09-19,Delayed
602824,502824,2023-09-08,\N,Failed
602825,502825,2024-04-06,\N,Failed
602826,502826,2024-07-07,2024-07-06,On-time
602827,502827,2024-07-01,2024-06-30,On-time
602828,502828,2024-09-25,2024-09-25,On-time
602829,502829,2024-05-25,2024-05-24,On-time
602830,502830,2024-09-10,2024-09-10,On-time
602831,502831,2024-06-17,2024-06-17,On-time
602832,502832,2024-08-27,2024-08-26,On-time
602833,502833,2023-11-11,2023-11-13,Delayed
602834,502834,2023-08-26,2023-08-28,Delayed
602835,502835,2024-07-23,2024-07-24,On-time
602836,502836,2024-08-24,2024-08-30,Delayed
602837,502837,2023-06-17,2023-06-18,On-time
602838,502838,2023-09-14,2023-09-13,On-time
602839,502839,2023-12-20,2023-12-21,On-time
602840,502840,2024-04-23,2024-04-22,On-time
602841,502841,2024-02-19,\N,Failed
602842,502842,2024-06-07,\N,\N
602843,502843,2024-09-24,2024-09-24,On-time
602844,502844,2023-07-29,2023-08-04,Delayed
602845,502845,2023-08-31,2023-09-01,On-time
602846,502846,2023-06-16,2023-06-16,On-time
602847,502847,2024-04-21,2024-04-22,On-time
602848,502848,2023-07-26,2023-07-29,Delayed
602849,502849,2023-09-30,2023-10-06,Delayed
602850,502850,2023-09-24,\N,Failed
602851,502851,2023-11-04,2023-11-03,On-time
602852,502852,2024-01-20,\N,\N
602853,502853,2024-02-07,2024-02-07,On-time
602854,502854,2024-07-20,2024-07-19,On-time
602855,502855,2024-02-09,2024-02-08,On-time
602856,502856,2024-08-03,\N,Failed
602857,502857,2023-12-07,2023-12-06,On-time
602858,502858,2023-09-30,2023-10-05,Delayed
602859,502859,2023-12-18,2023-12-17,On-time
602860,502860,2023-10-20,2023-10-19,On-time
602861,502861,2023-07-08,2023-07-13,Delayed
602862,502862,2023-10-09,2023-10-10,On-time
602863,502863,2024-07-16,2024-07-18,Delayed
602864,502864,2023-10-02,2023-10-03,On-time
602865,502865,2024-06-11,2024-06-10,On-time
602866,502866,2023-07-02,2023-07-01,On-time
602867,502867,2024-01-16,2024-01-17,On-time
602868,502868,2024-04-21,2024-04-22,On-time
602869,502869,2024-04-01,2024-04-01,On-time
602870,502870,2024-08-05,2024-08-05,On-time
602871,502871,2024-03-29,2024-04-02,Delayed
602872,502872,2023-10-23,2023-10-26,Delayed
602873,502873,2023-11-19,2023-11-18,On-time
602874,502874,2023-06-13,2023-06-16,Delayed
602875,502875,2024-02-12,2024-02-11,On-time
602876,502876,2024-03-10,2024-03-15,Delayed
602877,502877,2023-06-16,2023-06-17,On-time
602878,502878,2023-09-30,2023-10-01,On-time
602879,502879,2023-07-24,2023-07-26,Delayed
602880,502880,2024-07-07,\N,Failed
602881,502881,2024-02-23,2024-02-23,On-time
602882,502882,2024-05-19,2024-05-18,On-time
602883,502883,2023-10-01,2023-10-05,Delayed
602884,502884,2024-05-06,2024-05-06,On-time
602885,502885,2024-07-29,2024-08-02,Delayed
602886,502886,2023-08-07,2023-08-06,On-time
602887,502887,2024-07-31,2024-08-05,Delayed
602888,502888,2024-03-17,\N,Failed
602889,502889,2024-09-04,2024-09-04,On-time
602890,502890,2023-09-01,2023-09-02,On-time
602891,502891,2024-08-22,2024-08-23,On-time
602892,502892,2024-09-04,2024-09-03,On-time
602893,502893,2024-03-06,2024-03-05,On-time
602894,502894,2024-02-13,2024-02-13,On-time
602895,502895,2024-03-02,2024-03-04,Delayed
602896,502896,2024-04-19,2024-04-19,On-time
602897,502897,2024-03-08,2024-03-07,On-time
602898,502898,2024-03-10,2024-03-09,On-time
602899,502899,2024-09-05,2024-09-05,On-time
602900,502900,2024-08-29,\N,Failed
602901,502901,2023-08-21,2023-08-20,On-time
602902,502902,2024-01-01,\N,Failed
602903,502903,2023-06-09,2023-06-09,On-time
602904,502904,2024-03-03,2024-03-04,On-time
602905,502905,2024-06-06,2024-06-10,Delayed
602906,502906,2024-03-15,2024-03-15,On-time
602907,502907,2024-07-04,2024-07-05,On-time
602908,502908,2024-05-25,2024-05-27,Delayed
602909,502909,2024-03-08,2024-03-09,On-time
602910,502910,2023-12-27,2023-12-27,On-time
602911,502911,2023-11-25,\N,Failed
602912,502912,2024-08-09,2024-08-09,On-time
602913,502913,2024-04-29,2024-04-29,On-time
602914,502914,2024-09-19,2024-09-25,Delayed
602915,502915,2024-06-08,2024-06-11,Delayed
602916,502916,2024-09-22,2024-09-22,On-time
602917,502917,2023-06-30,2023-07-01,On-time
602918,502918,2023-11-18,\N,Failed
602919,502919,2024-09-20,2024-09-23,Delayed
602920,502920,2024-02-06,2024-02-05,On-time
602921,502921,2024-05-04,2024-05-04,On-time
602922,502922,2023-09-17,2023-09-16,On-time
602923,502923,2024-09-03,2024-09-04,On-time
602924,502924,2024-07-30,\N,Failed
602925,502925,2024-05-25,\N,Failed
602926,502926,2023-08-25,\N,Failed
602927,502927,2023-07-11,\N,\N
602928,502928,2023-06-18,2023-06-17,On-time
602929,502929,2023-11-03,\N,\N
602930,502930,2023-10-01,2023-10-01,On-time
602931,502931,2023-07-29,2023-07-30,On-time
602932,502932,2024-03-17,2024-03-17,On-time
602933,502933,2024-05-07,2024-05-11,Delayed
602934,502934,2024-09-18,2024-09-19,On-time
602935,502935,2023-12-20,2023-12-21,On-time
602936,502936,2024-03-20,2024-03-21,On-time
602937,502937,2024-02-01,2024-02-03,Delayed
602938,502938,2023-06-23,2023-06-22,On-time
602939,502939,2023-11-28,2023-11-29,On-time
602940,502940,2023-07-04,\N,\N
602941,502941,2024-04-10,2024-04-10,On-time
602942,502942,2023-08-19,2023-08-20,On-time
602943,502943,2024-04-24,2024-04-24,On-time
602944,502944,2024-02-25,2024-02-29,Delayed
602945,502945,2023-11-30,2023-12-03,Delayed
602946,502946,2024-08-20,2024-08-23,Delayed
602947,502947,2024-09-07,\N,\N
602948,502948,2024-06-15,2024-06-15,On-time
602949,502949,2023-09-25,2023-09-24,On-time
602950,502950,2024-07-30,2024-07-31,On-time
602951,502951,2023-12-22,2023-12-22,On-time
602952,502952,2024-05-23,2024-05-28,Delayed
602953,502953,2023-11-12,2023-11-13,On-time
602954,502954,2024-09-04,2024-09-04,On-time
602955,502955,2023-09-05,2023-09-06,On-time
602956,502956,2023-10-11,2023-10-10,On-time
602957,502957,2024-06-14,2024-06-15,On-time
602958,502958,2023-12-06,2023-12-05,On-time
602959,502959,2023-11-26,2023-11-30,Delayed
602960,502960,2024-04-26,2024-04-25,On-time
602961,502961,2023-06-29,2023-07-01,Delayed
602962,502962,2023-07-20,2023-07-22,Delayed
602963,502963,2024-06-13,2024-06-13,On-time
602964,502964,2023-09-09,2023-09-08,On-time
602965,502965,2023-11-26,2023-11-28,Delayed
602966,502966,2024-04-12,2024-04-11,On-time
602967,502967,2023-09-02,2023-09-01,On-time
602968,502968,2023-08-05,\N,\N
602969,502969,2024-03-17,2024-03-16,On-time
602970,502970,2024-06-19,2024-06-18,On-time
602971,502971,2024-05-05,2024-05-06,On-time
602972,502972,2023-07-31,2023-07-30,On-time
602973,502973,2023-10-12,2023-10-12,On-time
602974,502974,2023-10-16,2023-10-15,On-time
602975,502975,2023-11-06,\N,Failed
602976,502976,2023-10-25,\N,Failed
602977,502977,2024-05-22,2024-05-21,On-time
602978,502978,2024-01-23,2024-01-24,On-time
602979,502979,2024-08-08,2024-08-07,On-time
602980,502980,2023-11-24,2023-11-24,On-time
602981,502981,2023-08-09,\N,\N
602982,502982,2023-12-22,2023-12-22,On-time
602983,502983,2024-09-04,2024-09-07,Delayed
602984,502984,2024-06-12,\N,Failed
602985,502985,2023-08-12,\N,\N
602986,502986,2023-12-31,2023-12-31,On-time
602987,502987,2024-02-22,2024-02-21,On-time
602988,502988,2024-06-01,2024-06-01,On-time
602989,502989,2024-02-15,2024-02-14,On-time
602990,502990,2024-07-23,2024-07-27,Delayed
602991,502991,2024-05-12,2024-05-12,On-time
602992,502992,2024-02-15,2024-02-16,On-time
602993,502993,2024-06-07,\N,Failed
602994,502994,2024-01-05,2024-01-04,On-time
602995,502995,2024-05-31,\N,\N
602996,502996,2023-11-26,2023-11-27,On-time
602997,502997,2024-05-21,2024-05-21,On-time
602998,502998,2024-05-17,2024-05-16,On-time
602999,502999,2024-02-27,\N,\N
603000,503000,2024-05-21,2024-05-21,On-time
603001,503001,2023-10-14,2023-10-16,Delayed
603002,503002,2024-06-02,2024-06-02,On-time
603003,503003,2023-07-12,2023-07-17,Delayed
603004,503004,2023-10-28,2023-10-27,On-time
603005,503005,2023-08-31,2023-09-01,On-time
603006,503006,2023-10-05,\N,Failed
603007,503007,2023-10-12,2023-10-11,On-time
603008,503008,2023-07-27,2023-07-31,Delayed
603009,503009,2024-09-24,2024-09-23,On-time
603010,503010,2023-11-18,2023-11-18,On-time
603011,503011,2024-03-24,2024-03-25,On-time
603012,503012,2024-06-05,2024-06-04,On-time
603013,503013,2023-10-28,2023-10-27,On-time
603014,503014,2023-09-30,2023-10-06,Delayed
603015,503015,2024-02-04,2024-02-04,On-time
603016,503016,2024-06-12,2024-06-12,On-time
603017,503017,2024-01-03,2024-01-07,Delayed
603018,503018,2023-12-30,2023-12-30,On-time
603019,503019,2024-02-29,2024-03-06,Delayed
603020,503020,2023-09-22,\N,Failed
603021,503021,2024-05-23,2024-05-22,On-time
603022,503022,2024-03-10,2024-03-10,On-time
603023,503023,2023-11-27,2023-12-02,Delayed
603024,503024,2023-09-11,\N,\N
603025,503025,2023-07-07,2023-07-12,Delayed
603026,503026,2024-06-12,2024-06-13,On-time
603027,503027,2023-11-28,2023-11-27,On-time
603028,503028,2023-07-09,2023-07-15,Delayed
603029,503029,2024-09-01,2024-09-07,Delayed
603030,503030,2023-09-30,2023-09-29,On-time
603031,503031,2024-09-28,2024-09-28,On-time
603032,503032,2024-09-05,2024-09-05,On-time
603033,503033,2024-05-31,\N,\N
603034,503034,2024-06-06,2024-06-05,On-time
603035,503035,2024-09-14,2024-09-13,On-time
603036,503036,2024-07-19,2024-07-19,On-time
603037,503037,2023-10-10,2023-10-10,On-time
603038,503038,2024-06-21,2024-06-22,On-time
603039,503039,2023-07-11,2023-07-14,Delayed
603040,503040,2024-08-11,2024-08-11,On-time
603041,503041,2024-07-01,2024-07-02,On-time
603042,503042,2024-01-30,2024-02-04,Delayed
603043,503043,2023-12-12,2023-12-13,On-time
603044,503044,2024-10-04,2024-10-03,On-time
603045,503045,2023-11-12,2023-11-11,On-time
603046,503046,2024-02-17,2024-02-22,Delayed
603047,503047,2023-09-20,2023-09-19,On-time
603048,503048,2023-09-29,2023-09-29,On-time
603049,503049,2024-06-21,2024-06-20,On-time
603050,503050,2024-01-14,2024-01-13,On-time
603051,503051,2024-09-04,2024-09-05,On-time
603052,503052,2023-11-07,2023-11-07,On-time
603053,503053,2024-06-11,2024-06-10,On-time
603054,503054,2023-09-22,2023-09-23,On-time
603055,503055,2023-12-03,2023-12-04,On-time
603056,503056,2024-06-21,2024-06-20,On-time
603057,503057,2023-09-02,2023-09-04,Delayed
603058,503058,2024-04-29,2024-04-30,On-time
603059,503059,2023-08-25,2023-08-25,On-time
603060,503060,2023-07-11,2023-07-17,Delayed
603061,503061,2024-09-08,2024-09-13,Delayed
603062,503062,2024-04-25,2024-04-30,Delayed
603063,503063,2023-09-18,2023-09-22,Delayed
603064,503064,2023-09-18,2023-09-19,On-time
603065,503065,2023-11-22,2023-11-22,On-time
603066,503066,2024-06-24,2024-06-29,Delayed
603067,503067,2023-11-10,\N,Failed
603068,503068,2024-06-03,2024-06-03,On-time
603069,503069,2024-04-13,2024-04-16,Delayed
603070,503070,2024-06-14,2024-06-15,On-time
603071,503071,2024-03-21,\N,Failed
603072,503072,2023-08-20,2023-08-23,Delayed
603073,503073,2024-04-12,2024-04-12,On-time
603074,503074,2023-09-02,\N,Failed
603075,503075,2023-10-05,\N,\N
603076,503076,2023-11-23,2023-11-24,On-time
603077,503077,2024-03-18,2024-03-24,Delayed
603078,503078,2024-03-06,2024-03-06,On-time
603079,503079,2023-09-28,2023-09-29,On-time
603080,503080,2024-06-02,2024-06-02,On-time
603081,503081,2023-10-05,2023-10-06,On-time
603082,503082,2023-09-07,2023-09-07,On-time
603083,503083,2024-06-08,2024-06-09,On-time
603084,503084,2024-02-28,\N,Failed
603085,503085,2024-03-03,2024-03-06,Delayed
603086,503086,2024-02-02,\N,Failed
603087,503087,2024-05-09,2024-05-09,On-time
603088,503088,2024-01-02,2024-01-07,Delayed
603089,503089,2023-10-25,2023-10-25,On-time
603090,503090,2024-08-22,2024-08-21,On-time
603091,503091,2024-02-16,2024-02-22,Delayed
603092,503092,2023-11-20,\N,Failed
603093,503093,2024-02-15,2024-02-14,On-time
603094,503094,2023-07-23,2023-07-24,On-time
603095,503095,2024-04-02,2024-04-05,Delayed
603096,503096,2024-08-04,2024-08-03,On-time
603097,503097,2024-07-15,2024-07-14,On-time
603098,503098,2023-06-18,2023-06-18,On-time
603099,503099,2024-04-06,2024-04-06,On-time
603100,503100,2024-05-09,2024-05-08,On-time
603101,503101,2024-02-03,2024-02-04,On-time
603102,503102,2024-08-21,2024-08-20,On-time
603103,503103,2023-11-07,2023-11-06,On-time
603104,503104,2024-08-13,2024-08-14,On-time
603105,503105,2024-08-29,2024-08-28,On-time
603106,503106,2023-12-30,2023-12-29,On-time
603107,503107,2023-07-06,2023-07-09,Delayed
603108,503108,2023-12-15,2023-12-14,On-time
603109,503109,2024-09-02,2024-09-02,On-time
603110,503110,2024-01-11,2024-01-15,Delayed
603111,503111,2024-02-13,2024-02-16,Delayed
603112,503112,2023-09-16,\N,\N
603113,503113,2023-12-29,2023-12-29,On-time
603114,503114,2024-10-06,2024-10-06,On-time
603115,503115,2024-08-14,2024-08-13,On-time
603116,503116,2024-05-27,2024-06-02,Delayed
603117,503117,2024-01-30,2024-01-29,On-time
603118,503118,2024-05-21,2024-05-20,On-time
603119,503119,2023-08-19,2023-08-22,Delayed
603120,503120,2024-04-27,2024-05-03,Delayed
603121,503121,2023-10-15,2023-10-14,On-time
603122,503122,2024-01-08,2024-01-12,Delayed
603123,503123,2024-05-19,\N,\N
603124,503124,2023-06-12,2023-06-12,On-time
603125,503125,2024-01-21,2024-01-21,On-time
603126,503126,2023-07-10,2023-07-10,On-time
603127,503127,2024-01-07,2024-01-06,On-time
603128,503128,2024-05-01,2024-05-02,On-time
603129,503129,2024-06-27,2024-06-27,On-time
603130,503130,2024-06-12,2024-06-13,On-time
603131,503131,2024-01-03,2024-01-05,Delayed
603132,503132,2023-06-21,2023-06-21,On-time
603133,503133,2024-02-28,2024-02-28,On-time
603134,503134,2023-12-24,2023-12-27,Delayed
603135,503135,2023-10-26,\N,Failed
603136,503136,2024-07-23,2024-07-22,On-time
603137,503137,2024-06-02,2024-06-06,Delayed
603138,503138,2023-08-05,\N,Failed
603139,503139,2024-06-23,2024-06-22,On-time
603140,503140,2023-09-21,\N,Failed
603141,503141,2023-12-31,\N,\N
603142,503142,2024-03-26,2024-03-30,Delayed
603143,503143,2024-03-10,2024-03-11,On-time
603144,503144,2024-06-05,2024-06-07,Delayed
603145,503145,2023-06-24,2023-06-28,Delayed
603146,503146,2024-04-13,2024-04-14,On-time
603147,503147,2024-03-04,2024-03-05,On-time
603148,503148,2023-12-29,2023-12-31,Delayed
603149,503149,2023-12-22,2023-12-23,On-time
603150,503150,2024-03-28,2024-03-27,On-time
603151,503151,2024-03-25,2024-03-24,On-time
603152,503152,2024-07-14,2024-07-15,On-time
603153,503153,2023-09-26,2023-09-25,On-time
603154,503154,2024-07-14,2024-07-14,On-time
603155,503155,2024-07-03,2024-07-03,On-time
603156,503156,2023-11-13,2023-11-13,On-time
603157,503157,2024-08-06,2024-08-05,On-time
603158,503158,2024-05-29,2024-05-28,On-time
603159,503159,2024-01-19,2024-01-19,On-time
603160,503160,2024-01-12,2024-01-15,Delayed
603161,503161,2023-12-19,2023-12-18,On-time
603162,503162,2024-05-24,2024-05-24,On-time
603163,503163,2024-01-27,2024-01-26,On-time
603164,503164,2024-02-21,2024-02-25,Delayed
603165,503165,2024-06-08,2024-06-11,Delayed
603166,503166,2024-04-10,2024-04-10,On-time
603167,503167,2024-05-19,2024-05-23,Delayed
603168,503168,2024-09-22,2024-09-25,Delayed
603169,503169,2024-06-29,2024-06-29,On-time
603170,503170,2023-11-12,2023-11-13,On-time
603171,503171,2023-06-16,\N,Failed
603172,503172,2023-12-06,2023-12-06,On-time
603173,503173,2024-02-05,2024-02-06,On-time
603174,503174,2023-07-13,2023-07-12,On-time
603175,503175,2023-08-27,2023-08-27,On-time
603176,503176,2024-05-24,2024-05-23,On-time
603177,503177,2024-06-10,2024-06-10,On-time
603178,503178,2023-11-27,2023-11-26,On-time
603179,503179,2024-02-18,\N,Failed
603180,503180,2024-09-16,2024-09-15,On-time
603181,503181,2023-09-19,2023-09-18,On-time
603182,503182,2023-08-28,2023-08-29,On-time
603183,503183,2023-12-04,2023-12-05,On-time
603184,503184,2024-02-25,\N,Failed
603185,503185,2024-02-15,2024-02-16,On-time
603186,503186,2024-04-12,2024-04-18,Delayed
603187,503187,2024-05-07,\N,Failed
603188,503188,2024-07-19,2024-07-20,On-time
603189,503189,2023-10-29,2023-11-02,Delayed
603190,503190,2024-07-24,2024-07-25,On-time
603191,503191,2023-07-17,\N,Failed
603192,503192,2023-12-20,2023-12-20,On-time
603193,503193,2023-09-19,2023-09-20,On-time
603194,503194,2024-03-27,2024-03-26,On-time
603195,503195,2024-05-14,2024-05-19,Delayed
603196,503196,2023-09-15,\N,Failed
603197,503197,2024-04-28,\N,Failed
603198,503198,2024-04-23,2024-04-28,Delayed
603199,503199,2024-06-06,2024-06-06,On-time
603200,503200,2024-03-27,2024-03-27,On-time
603201,503201,2023-12-06,\N,\N
603202,503202,2024-04-16,2024-04-18,Delayed
603203,503203,2024-01-01,2024-01-01,On-time
603204,503204,2024-04-16,\N,\N
603205,503205,2024-01-09,2024-01-11,Delayed
603206,503206,2023-07-10,2023-07-09,On-time
603207,503207,2024-01-11,2024-01-12,On-time
603208,503208,2024-02-18,2024-02-22,Delayed
603209,503209,2024-06-09,\N,Failed
603210,503210,2024-09-26,2024-10-02,Delayed
603211,503211,2023-08-05,2023-08-05,On-time
603212,503212,2024-02-22,2024-02-21,On-time
603213,503213,2024-01-05,2024-01-04,On-time
603214,503214,2023-07-27,2023-08-02,Delayed
603215,503215,2024-03-26,2024-03-27,On-time
603216,503216,2024-01-20,2024-01-19,On-time
603217,503217,2023-09-27,2023-09-28,On-time
603218,503218,2024-05-29,2024-06-04,Delayed
603219,503219,2023-09-28,2023-10-04,Delayed
603220,503220,2024-08-19,2024-08-19,On-time
603221,503221,2024-02-11,2024-02-14,Delayed
603222,503222,2024-08-13,\N,Failed
603223,503223,2024-04-21,2024-04-21,On-time
603224,503224,2023-06-18,2023-06-17,On-time
603225,503225,2023-07-03,2023-07-03,On-time
603226,503226,2024-05-25,2024-05-25,On-time
603227,503227,2023-12-03,2023-12-04,On-time
603228,503228,2023-12-31,2024-01-04,Delayed
603229,503229,2024-01-27,2024-01-26,On-time
603230,503230,2024-02-10,2024-02-12,Delayed
603231,503231,2024-06-10,2024-06-12,Delayed
603232,503232,2023-06-26,2023-06-25,On-time
603233,503233,2023-06-13,\N,Failed
603234,503234,2024-05-15,2024-05-15,On-time
603235,503235,2023-07-15,2023-07-15,On-time
603236,503236,2023-10-26,2023-11-01,Delayed
603237,503237,2024-04-14,\N,\N
603238,503238,2024-08-21,2024-08-21,On-time
603239,503239,2024-10-04,2024-10-05,On-time
603240,503240,2023-12-10,2023-12-16,Delayed
603241,503241,2024-01-11,\N,Failed
603242,503242,2024-06-27,\N,\N
603243,503243,2023-10-21,2023-10-24,Delayed
603244,503244,2023-07-31,\N,\N
603245,503245,2024-05-24,2024-05-27,Delayed
603246,503246,2023-10-07,2023-10-07,On-time
603247,503247,2024-05-05,2024-05-04,On-time
603248,503248,2023-07-05,2023-07-06,On-time
603249,503249,2024-09-21,2024-09-20,On-time
603250,503250,2023-10-26,2023-10-25,On-time
603251,503251,2024-05-08,2024-05-07,On-time
603252,503252,2024-01-31,2024-02-03,Delayed
603253,503253,2024-02-27,2024-02-28,On-time
603254,503254,2024-04-04,2024-04-05,On-time
603255,503255,2024-10-01,2024-10-02,On-time
603256,503256,2023-09-07,2023-09-07,On-time
603257,503257,2023-07-13,2023-07-19,Delayed
603258,503258,2024-07-26,2024-07-25,On-time
603259,503259,2024-02-21,2024-02-22,On-time
603260,503260,2023-11-11,2023-11-13,Delayed
603261,503261,2024-02-12,2024-02-16,Delayed
603262,503262,2023-07-15,2023-07-16,On-time
603263,503263,2023-07-03,2023-07-04,On-time
603264,503264,2024-06-18,2024-06-17,On-time
603265,503265,2024-08-24,2024-08-24,On-time
603266,503266,2023-07-24,2023-07-25,On-time
603267,503267,2024-05-01,2024-05-05,Delayed
603268,503268,2023-07-26,2023-07-26,On-time
603269,503269,2024-07-01,\N,Failed
603270,503270,2024-08-19,2024-08-18,On-time
603271,503271,2024-04-10,2024-04-10,On-time
603272,503272,2024-04-20,2024-04-24,Delayed
603273,503273,2024-01-15,2024-01-20,Delayed
603274,503274,2024-06-19,2024-06-18,On-time
603275,503275,2023-07-14,2023-07-14,On-time
603276,503276,2023-06-21,2023-06-20,On-time
603277,503277,2024-07-04,2024-07-05,On-time
603278,503278,2024-05-03,2024-05-04,On-time
603279,503279,2024-05-27,2024-05-27,On-time
603280,503280,2023-10-13,2023-10-12,On-time
603281,503281,2024-07-21,2024-07-22,On-time
603282,503282,2024-02-14,2024-02-16,Delayed
603283,503283,2024-01-12,2024-01-11,On-time
603284,503284,2023-10-10,\N,Failed
603285,503285,2023-06-13,2023-06-13,On-time
603286,503286,2023-06-06,2023-06-06,On-time
603287,503287,2024-09-29,2024-09-29,On-time
603288,503288,2023-12-06,2023-12-06,On-time
603289,503289,2024-03-27,2024-03-28,On-time
603290,503290,2024-04-21,2024-04-24,Delayed
603291,503291,2023-11-11,\N,Failed
603292,503292,2024-08-14,\N,Failed
603293,503293,2024-07-19,2024-07-25,Delayed
603294,503294,2023-08-09,2023-08-10,On-time
603295,503295,2023-07-24,2023-07-25,On-time
603296,503296,2023-11-04,\N,\N
603297,503297,2023-06-27,2023-06-27,On-time
603298,503298,2024-07-26,2024-07-27,On-time
603299,503299,2024-01-01,2024-01-02,On-time
603300,503300,2024-04-11,2024-04-10,On-time
603301,503301,2023-11-27,2023-11-26,On-time
603302,503302,2024-01-01,2023-12-31,On-time
603303,503303,2024-09-22,2024-09-21,On-time
603304,503304,2023-07-22,2023-07-22,On-time
603305,503305,2023-09-10,2023-09-09,On-time
603306,503306,2024-09-15,2024-09-15,On-time
603307,503307,2023-11-02,2023-11-03,On-time
603308,503308,2023-09-02,\N,\N
603309,503309,2024-02-02,2024-02-08,Delayed
603310,503310,2024-04-22,2024-04-26,Delayed
603311,503311,2023-07-17,2023-07-18,On-time
603312,503312,2024-02-05,2024-02-04,On-time
603313,503313,2023-10-25,2023-10-25,On-time
603314,503314,2023-10-17,2023-10-17,On-time
603315,503315,2024-08-31,2024-09-06,Delayed
603316,503316,2024-02-28,\N,Failed
603317,503317,2023-07-26,2023-07-25,On-time
603318,503318,2023-07-14,2023-07-13,On-time
603319,503319,2024-08-11,2024-08-11,On-time
603320,503320,2024-10-06,2024-10-06,On-time
603321,503321,2024-06-25,\N,\N
603322,503322,2023-12-12,2023-12-13,On-time
603323,503323,2024-09-21,2024-09-20,On-time
603324,503324,2024-02-04,2024-02-07,Delayed
603325,503325,2024-04-08,\N,\N
603326,503326,2023-06-11,2023-06-10,On-time
603327,503327,2024-05-11,2024-05-16,Delayed
603328,503328,2024-05-27,2024-05-26,On-time
603329,503329,2023-07-30,\N,Failed
603330,503330,2023-08-06,2023-08-07,On-time
603331,503331,2024-03-03,2024-03-03,On-time
603332,503332,2024-01-30,2024-01-31,On-time
603333,503333,2024-03-13,2024-03-12,On-time
603334,503334,2024-03-18,2024-03-18,On-time
603335,503335,2024-05-09,2024-05-10,On-time
603336,503336,2023-12-20,2023-12-20,On-time
603337,503337,2024-01-31,2024-02-01,On-time
603338,503338,2023-10-19,2023-10-20,On-time
603339,503339,2023-12-25,2023-12-24,On-time
603340,503340,2024-08-14,2024-08-14,On-time
603341,503341,2023-12-10,\N,\N
603342,503342,2024-07-29,2024-08-04,Delayed
603343,503343,2024-07-27,2024-07-28,On-time
603344,503344,2024-05-20,2024-05-22,Delayed
603345,503345,2024-01-13,2024-01-14,On-time
603346,503346,2024-03-19,2024-03-19,On-time
603347,503347,2023-10-27,2023-10-26,On-time
603348,503348,2023-12-26,2023-12-27,On-time
603349,503349,2024-08-17,2024-08-16,On-time
603350,503350,2024-09-26,\N,Failed
603351,503351,2023-10-25,2023-10-30,Delayed
603352,503352,2023-10-11,\N,Failed
603353,503353,2024-08-10,2024-08-09,On-time
603354,503354,2024-09-12,2024-09-13,On-time
603355,503355,2023-10-22,2023-10-24,Delayed
603356,503356,2023-12-12,2023-12-15,Delayed
603357,503357,2023-10-24,2023-10-24,On-time
603358,503358,2024-08-20,2024-08-20,On-time
603359,503359,2023-09-01,2023-08-31,On-time
603360,503360,2023-06-15,2023-06-16,On-time
603361,503361,2024-01-13,\N,Failed
603362,503362,2023-07-27,2023-07-28,On-time
603363,503363,2023-06-11,2023-06-12,On-time
603364,503364,2023-09-25,2023-09-26,On-time
603365,503365,2023-08-13,2023-08-17,Delayed
603366,503366,2023-06-30,2023-07-04,Delayed
603367,503367,2023-08-06,2023-08-05,On-time
603368,503368,2023-08-16,2023-08-17,On-time
603369,503369,2024-04-14,2024-04-14,On-time
603370,503370,2024-09-28,2024-09-28,On-time
603371,503371,2024-09-16,2024-09-20,Delayed
603372,503372,2024-05-25,2024-05-25,On-time
603373,503373,2024-09-28,2024-09-29,On-time
603374,503374,2023-07-20,2023-07-22,Delayed
603375,503375,2023-11-18,2023-11-19,On-time
603376,503376,2024-09-22,\N,\N
603377,503377,2024-03-21,2024-03-25,Delayed
603378,503378,2023-11-24,2023-11-25,On-time
603379,503379,2024-01-13,2024-01-12,On-time
603380,503380,2023-07-30,2023-07-31,On-time
603381,503381,2024-06-03,2024-06-02,On-time
603382,503382,2023-07-24,2023-07-24,On-time
603383,503383,2023-12-02,2023-12-01,On-time
603384,503384,2024-05-09,2024-05-09,On-time
603385,503385,2024-05-31,\N,Failed
603386,503386,2024-07-21,2024-07-21,On-time
603387,503387,2023-06-04,2023-06-04,On-time
603388,503388,2024-02-27,2024-02-27,On-time
603389,503389,2024-09-15,2024-09-16,On-time
603390,503390,2023-12-02,2023-12-01,On-time
603391,503391,2024-09-03,\N,\N
603392,503392,2024-07-24,2024-07-23,On-time
603393,503393,2023-12-22,2023-12-25,Delayed
603394,503394,2024-05-24,2024-05-25,On-time
603395,503395,2023-07-14,2023-07-17,Delayed
603396,503396,2024-03-24,2024-03-29,Delayed
603397,503397,2023-06-10,2023-06-11,On-time
603398,503398,2023-07-17,2023-07-21,Delayed
603399,503399,2024-08-21,2024-08-22,On-time
603400,503400,2023-08-17,2023-08-17,On-time
603401,503401,2024-09-22,2024-09-25,Delayed
603402,503402,2024-05-11,2024-05-15,Delayed
603403,503403,2024-09-23,2024-09-27,Delayed
603404,503404,2024-04-10,2024-04-09,On-time
603405,503405,2023-08-04,2023-08-05,On-time
603406,503406,2023-08-10,2023-08-10,On-time
603407,503407,2024-04-13,\N,\N
603408,503408,2024-06-24,2024-06-24,On-time
603409,503409,2023-06-25,2023-06-25,On-time
603410,503410,2024-07-11,2024-07-10,On-time
603411,503411,2024-07-04,2024-07-05,On-time
603412,503412,2023-10-17,2023-10-17,On-time
603413,503413,2024-04-04,2024-04-04,On-time
603414,503414,2024-09-17,\N,Failed
603415,503415,2024-06-08,2024-06-13,Delayed
603416,503416,2024-06-23,\N,Failed
603417,503417,2024-06-16,2024-06-17,On-time
603418,503418,2024-06-19,2024-06-20,On-time
603419,503419,2023-06-30,2023-06-29,On-time
603420,503420,2024-03-05,2024-03-05,On-time
603421,503421,2024-06-13,2024-06-15,Delayed
603422,503422,2023-06-08,2023-06-08,On-time
603423,503423,2023-10-13,2023-10-14,On-time
603424,503424,2023-11-16,2023-11-15,On-time
603425,503425,2024-08-07,2024-08-06,On-time
603426,503426,2024-09-23,2024-09-22,On-time
603427,503427,2023-11-30,2023-12-06,Delayed
603428,503428,2024-03-21,2024-03-21,On-time
603429,503429,2023-06-09,2023-06-13,Delayed
603430,503430,2023-06-17,2023-06-19,Delayed
603431,503431,2024-05-09,\N,Failed
603432,503432,2024-08-31,2024-09-05,Delayed
603433,503433,2023-07-28,2023-07-29,On-time
603434,503434,2024-07-31,\N,\N
603435,503435,2024-05-27,\N,Failed
603436,503436,2024-04-14,2024-04-15,On-time
603437,503437,2023-07-30,2023-07-30,On-time
603438,503438,2024-05-03,2024-05-04,On-time
603439,503439,2023-07-07,2023-07-07,On-time
603440,503440,2024-05-04,2024-05-03,On-time
603441,503441,2024-08-05,2024-08-04,On-time
603442,503442,2024-07-08,2024-07-08,On-time
603443,503443,2023-06-09,2023-06-09,On-time
603444,503444,2024-02-02,2024-02-01,On-time
603445,503445,2023-07-09,2023-07-11,Delayed
603446,503446,2024-03-04,\N,\N
603447,503447,2023-08-28,2023-08-28,On-time
603448,503448,2023-10-29,2023-10-30,On-time
603449,503449,2024-08-12,2024-08-16,Delayed
603450,503450,2024-05-23,2024-05-22,On-time
603451,503451,2024-05-09,2024-05-10,On-time
603452,503452,2024-07-25,2024-07-26,On-time
603453,503453,2024-09-17,2024-09-18,On-time
603454,503454,2024-01-15,2024-01-21,Delayed
603455,503455,2023-12-20,2023-12-19,On-time
603456,503456,2023-08-25,2023-08-24,On-time
603457,503457,2024-05-04,2024-05-03,On-time
603458,503458,2024-04-21,\N,Failed
603459,503459,2023-07-13,2023-07-12,On-time
603460,503460,2023-11-04,\N,\N
603461,503461,2024-08-19,2024-08-23,Delayed
603462,503462,2024-08-07,2024-08-07,On-time
603463,503463,2023-10-20,2023-10-21,On-time
603464,503464,2024-06-29,2024-06-30,On-time
603465,503465,2024-02-16,\N,Failed
603466,503466,2024-01-19,\N,Failed
603467,503467,2023-09-26,2023-09-26,On-time
603468,503468,2024-06-04,2024-06-04,On-time
603469,503469,2024-07-14,\N,Failed
603470,503470,2023-11-18,2023-11-19,On-time
603471,503471,2023-10-09,2023-10-13,Delayed
603472,503472,2024-01-30,2024-01-30,On-time
603473,503473,2024-03-13,2024-03-16,Delayed
603474,503474,2023-12-15,2023-12-16,On-time
603475,503475,2024-08-21,2024-08-21,On-time
603476,503476,2023-08-26,2023-08-27,On-time
603477,503477,2024-09-14,\N,\N
603478,503478,2024-04-14,\N,Failed
603479,503479,2024-07-07,2024-07-06,On-time
603480,503480,2023-09-29,2023-09-28,On-time
603481,503481,2024-06-26,2024-06-27,On-time
603482,503482,2024-07-11,2024-07-10,On-time
603483,503483,2024-07-19,2024-07-19,On-time
603484,503484,2023-10-02,2023-10-02,On-time
603485,503485,2023-12-17,\N,Failed
603486,503486,2024-02-20,2024-02-19,On-time
603487,503487,2024-06-25,2024-06-28,Delayed
603488,503488,2023-09-20,2023-09-20,On-time
603489,503489,2024-02-03,2024-02-04,On-time
603490,503490,2024-09-22,2024-09-21,On-time
603491,503491,2023-09-20,\N,Failed
603492,503492,2024-07-24,\N,Failed
603493,503493,2024-05-01,2024-04-30,On-time
603494,503494,2024-01-28,2024-01-29,On-time
603495,503495,2024-03-01,2024-03-01,On-time
603496,503496,2023-06-22,2023-06-23,On-time
603497,503497,2024-03-12,2024-03-15,Delayed
603498,503498,2024-04-30,2024-05-06,Delayed
603499,503499,2024-08-15,2024-08-18,Delayed
603500,503500,2024-05-01,\N,Failed
603501,503501,2023-11-03,2023-11-04,On-time
603502,503502,2024-04-08,\N,Failed
603503,503503,2023-08-29,2023-08-30,On-time
603504,503504,2023-11-06,2023-11-07,On-time
603505,503505,2024-06-05,2024-06-04,On-time
603506,503506,2024-01-12,\N,Failed
603507,503507,2024-05-28,2024-05-28,On-time
603508,503508,2024-09-27,2024-09-30,Delayed
603509,503509,2023-09-12,2023-09-12,On-time
603510,503510,2023-06-15,2023-06-19,Delayed
603511,503511,2024-08-24,2024-08-30,Delayed
603512,503512,2024-08-13,2024-08-16,Delayed
603513,503513,2024-02-02,2024-02-03,On-time
603514,503514,2024-01-17,2024-01-16,On-time
603515,503515,2024-01-30,2024-01-29,On-time
603516,503516,2024-06-20,2024-06-25,Delayed
603517,503517,2024-04-27,2024-04-27,On-time
603518,503518,2023-07-30,2023-07-31,On-time
603519,503519,2024-05-02,2024-05-06,Delayed
603520,503520,2023-12-01,2023-12-02,On-time
603521,503521,2023-11-22,2023-11-21,On-time
603522,503522,2024-09-01,2024-08-31,On-time
603523,503523,2024-10-05,2024-10-05,On-time
603524,503524,2024-09-16,2024-09-21,Delayed
603525,503525,2024-09-17,2024-09-18,On-time
603526,503526,2024-03-24,2024-03-27,Delayed
603527,503527,2023-12-28,2023-12-31,Delayed
603528,503528,2024-06-05,\N,\N
603529,503529,2024-09-03,2024-09-04,On-time
603530,503530,2024-02-27,2024-02-26,On-time
603531,503531,2023-08-07,\N,Failed
603532,503532,2024-08-21,2024-08-24,Delayed
603533,503533,2024-05-10,2024-05-15,Delayed
603534,503534,2024-04-09,2024-04-09,On-time
603535,503535,2024-08-08,\N,\N
603536,503536,2024-05-20,2024-05-25,Delayed
603537,503537,2024-03-07,2024-03-06,On-time
603538,503538,2024-03-22,2024-03-23,On-time
603539,503539,2024-06-13,2024-06-15,Delayed
603540,503540,2024-02-23,2024-02-22,On-time
603541,503541,2023-12-12,2023-12-13,On-time
603542,503542,2023-08-22,2023-08-21,On-time
603543,503543,2024-02-15,2024-02-14,On-time
603544,503544,2023-06-29,2023-06-30,On-time
603545,503545,2024-02-08,2024-02-08,On-time
603546,503546,2024-09-26,2024-09-27,On-time
603547,503547,2024-05-29,2024-05-29,On-time
603548,503548,2024-07-17,\N,Failed
603549,503549,2023-11-05,2023-11-08,Delayed
603550,503550,2024-01-11,2024-01-12,On-time
603551,503551,2024-06-15,2024-06-16,On-time
603552,503552,2023-07-25,2023-07-25,On-time
603553,503553,2024-05-31,2024-06-03,Delayed
603554,503554,2024-05-05,2024-05-05,On-time
603555,503555,2024-03-13,2024-03-16,Delayed
603556,503556,2024-07-29,2024-08-04,Delayed
603557,503557,2024-05-08,2024-05-07,On-time
603558,503558,2024-04-20,2024-04-21,On-time
603559,503559,2024-01-18,2024-01-19,On-time
603560,503560,2024-07-07,2024-07-06,On-time
603561,503561,2023-11-11,2023-11-12,On-time
603562,503562,2023-08-12,2023-08-13,On-time
603563,503563,2023-08-21,2023-08-20,On-time
603564,503564,2023-11-24,2023-11-24,On-time
603565,503565,2024-06-21,2024-06-25,Delayed
603566,503566,2024-08-24,2024-08-24,On-time
603567,503567,2024-09-24,2024-09-25,On-time
603568,503568,2024-04-26,2024-04-28,Delayed
603569,503569,2024-08-12,2024-08-15,Delayed
603570,503570,2024-03-10,2024-03-16,Delayed
603571,503571,2024-06-29,2024-07-03,Delayed
603572,503572,2023-12-20,2023-12-23,Delayed
603573,503573,2023-11-18,2023-11-18,On-time
603574,503574,2024-08-15,2024-08-15,On-time
603575,503575,2023-08-06,2023-08-05,On-time
603576,503576,2024-01-21,2024-01-22,On-time
603577,503577,2024-08-30,\N,\N
603578,503578,2023-09-18,2023-09-19,On-time
603579,503579,2023-10-11,2023-10-13,Delayed
603580,503580,2024-01-10,2024-01-10,On-time
603581,503581,2023-12-15,2023-12-18,Delayed
603582,503582,2024-05-07,2024-05-08,On-time
603583,503583,2024-04-23,2024-04-24,On-time
603584,503584,2024-07-06,2024-07-07,On-time
603585,503585,2024-01-29,\N,Failed
603586,503586,2024-05-10,2024-05-10,On-time
603587,503587,2024-06-12,2024-06-13,On-time
603588,503588,2024-09-14,2024-09-18,Delayed
603589,503589,2024-09-15,2024-09-14,On-time
603590,503590,2024-06-21,2024-06-23,Delayed
603591,503591,2024-03-01,2024-03-01,On-time
603592,503592,2024-05-22,2024-05-23,On-time
603593,503593,2024-07-01,2024-07-01,On-time
603594,503594,2024-04-26,2024-04-25,On-time
603595,503595,2023-11-03,2023-11-04,On-time
603596,503596,2024-05-31,\N,\N
603597,503597,2024-05-24,2024-05-25,On-time
603598,503598,2024-01-17,2024-01-17,On-time
603599,503599,2023-07-12,2023-07-11,On-time
603600,503600,2023-12-03,\N,Failed
603601,503601,2023-10-07,2023-10-08,On-time
603602,503602,2023-10-10,2023-10-09,On-time
603603,503603,2023-08-05,2023-08-08,Delayed
603604,503604,2023-06-12,2023-06-12,On-time
603605,503605,2023-06-09,2023-06-08,On-time
603606,503606,2023-08-15,\N,\N
603607,503607,2024-05-13,2024-05-13,On-time
603608,503608,2024-01-28,2024-01-29,On-time
603609,503609,2024-09-27,2024-09-27,On-time
603610,503610,2023-09-16,2023-09-19,Delayed
603611,503611,2023-09-23,2023-09-23,On-time
603612,503612,2023-09-29,\N,\N
603613,503613,2023-09-22,2023-09-23,On-time
603614,503614,2024-02-27,2024-02-28,On-time
603615,503615,2024-01-14,2024-01-15,On-time
603616,503616,2023-11-30,2023-12-01,On-time
603617,503617,2023-12-27,2023-12-31,Delayed
603618,503618,2024-08-11,2024-08-10,On-time
603619,503619,2023-12-08,2023-12-08,On-time
603620,503620,2024-05-24,2024-05-25,On-time
603621,503621,2024-09-26,\N,Failed
603622,503622,2024-08-21,\N,Failed
603623,503623,2024-06-23,\N,\N
603624,503624,2024-05-22,2024-05-23,On-time
603625,503625,2023-06-25,2023-06-25,On-time
603626,503626,2024-03-27,2024-03-28,On-time
603627,503627,2023-06-26,2023-06-26,On-time
603628,503628,2023-07-05,2023-07-05,On-time
603629,503629,2023-09-10,2023-09-10,On-time
603630,503630,2024-09-12,2024-09-12,On-time
603631,503631,2024-09-08,2024-09-13,Delayed
603632,503632,2024-04-14,2024-04-13,On-time
603633,503633,2024-05-21,2024-05-22,On-time
603634,503634,2024-01-05,2024-01-04,On-time
603635,503635,2023-08-19,2023-08-18,On-time
603636,503636,2023-11-30,\N,Failed
603637,503637,2024-03-01,2024-03-02,On-time
603638,503638,2023-10-28,2023-10-29,On-time
603639,503639,2024-04-25,2024-04-25,On-time
603640,503640,2024-04-20,2024-04-25,Delayed
603641,503641,2024-01-02,2024-01-06,Delayed
603642,503642,2024-07-29,2024-07-29,On-time
603643,503643,2024-03-19,2024-03-20,On-time
603644,503644,2024-03-27,2024-03-27,On-time
603645,503645,2023-08-19,2023-08-18,On-time
603646,503646,2024-04-21,2024-04-21,On-time
603647,503647,2024-07-21,\N,Failed
603648,503648,2024-01-04,2024-01-03,On-time
603649,503649,2024-03-19,2024-03-18,On-time
603650,503650,2024-02-06,2024-02-05,On-time
603651,503651,2024-05-20,2024-05-21,On-time
603652,503652,2024-07-15,2024-07-16,On-time
603653,503653,2023-12-06,2023-12-05,On-time
603654,503654,2024-07-31,2024-08-05,Delayed
603655,503655,2024-09-30,2024-09-29,On-time
603656,503656,2023-07-30,\N,Failed
603657,503657,2023-08-08,2023-08-12,Delayed
603658,503658,2024-06-07,2024-06-08,On-time
603659,503659,2023-06-16,2023-06-16,On-time
603660,503660,2023-10-08,2023-10-08,On-time
603661,503661,2024-03-03,2024-03-09,Delayed
603662,503662,2024-02-25,2024-02-25,On-time
603663,503663,2024-05-21,2024-05-22,On-time
603664,503664,2023-06-27,\N,Failed
603665,503665,2023-10-27,2023-10-28,On-time
603666,503666,2024-01-04,2024-01-04,On-time
603667,503667,2024-06-22,\N,\N
603668,503668,2024-01-23,\N,Failed
603669,503669,2023-10-30,\N,Failed
603670,503670,2024-06-08,2024-06-07,On-time
603671,503671,2024-02-21,2024-02-21,On-time
603672,503672,2024-05-10,2024-05-09,On-time
603673,503673,2024-01-10,2024-01-16,Delayed
603674,503674,2023-10-28,\N,\N
603675,503675,2023-12-30,2023-12-29,On-time
603676,503676,2024-09-05,2024-09-04,On-time
603677,503677,2024-09-27,2024-09-28,On-time
603678,503678,2023-10-20,2023-10-24,Delayed
603679,503679,2024-06-15,2024-06-16,On-time
603680,503680,2024-03-03,2024-03-04,On-time
603681,503681,2024-07-11,2024-07-14,Delayed
603682,503682,2023-07-02,2023-07-04,Delayed
603683,503683,2023-12-15,2023-12-15,On-time
603684,503684,2023-11-03,2023-11-02,On-time
603685,503685,2024-04-04,2024-04-05,On-time
603686,503686,2024-05-19,2024-05-19,On-time
603687,503687,2023-07-27,2023-08-01,Delayed
603688,503688,2024-01-26,2024-01-25,On-time
603689,503689,2023-07-12,\N,Failed
603690,503690,2024-09-23,2024-09-22,On-time
603691,503691,2024-06-22,2024-06-26,Delayed
603692,503692,2023-11-20,2023-11-20,On-time
603693,503693,2024-04-21,2024-04-22,On-time
603694,503694,2023-09-05,2023-09-04,On-time
603695,503695,2024-04-10,2024-04-09,On-time
603696,503696,2024-07-10,2024-07-15,Delayed
603697,503697,2023-11-25,2023-11-30,Delayed
603698,503698,2024-03-15,2024-03-16,On-time
603699,503699,2024-09-29,2024-10-03,Delayed
603700,503700,2024-01-30,2024-01-30,On-time
603701,503701,2023-09-19,2023-09-18,On-time
603702,503702,2024-06-09,2024-06-08,On-time
603703,503703,2024-06-21,2024-06-22,On-time
603704,503704,2024-02-26,2024-02-27,On-time
603705,503705,2023-08-26,2023-08-26,On-time
603706,503706,2023-06-19,2023-06-20,On-time
603707,503707,2024-01-18,2024-01-17,On-time
603708,503708,2024-04-08,2024-04-09,On-time
603709,503709,2023-06-16,\N,\N
603710,503710,2023-06-08,2023-06-09,On-time
603711,503711,2024-07-08,\N,\N
603712,503712,2023-11-18,2023-11-18,On-time
603713,503713,2024-06-21,2024-06-21,On-time
603714,503714,2024-08-07,2024-08-06,On-time
603715,503715,2024-09-01,2024-08-31,On-time
603716,503716,2024-09-16,2024-09-21,Delayed
603717,503717,2024-03-22,2024-03-23,On-time
603718,503718,2024-02-01,2024-02-02,On-time
603719,503719,2024-05-25,2024-05-24,On-time
603720,503720,2023-11-21,2023-11-20,On-time
603721,503721,2024-02-06,\N,\N
603722,503722,2024-08-04,\N,Failed
603723,503723,2023-11-27,2023-11-26,On-time
603724,503724,2024-07-09,2024-07-15,Delayed
603725,503725,2023-11-24,2023-11-23,On-time
603726,503726,2024-07-31,2024-08-01,On-time
603727,503727,2023-09-19,2023-09-20,On-time
603728,503728,2024-04-09,\N,Failed
603729,503729,2024-07-09,2024-07-08,On-time
603730,503730,2023-07-28,2023-07-27,On-time
603731,503731,2024-07-06,2024-07-06,On-time
603732,503732,2024-08-08,2024-08-09,On-time
603733,503733,2024-08-05,\N,\N
603734,503734,2023-09-10,2023-09-14,Delayed
603735,503735,2024-04-10,\N,Failed
603736,503736,2023-07-11,2023-07-14,Delayed
603737,503737,2024-07-11,2024-07-16,Delayed
603738,503738,2024-07-23,\N,\N
603739,503739,2023-10-30,2023-10-29,On-time
603740,503740,2024-10-01,2024-09-30,On-time
603741,503741,2024-02-07,2024-02-08,On-time
603742,503742,2024-10-02,2024-10-01,On-time
603743,503743,2024-01-17,\N,Failed
603744,503744,2023-09-16,2023-09-16,On-time
603745,503745,2024-02-20,2024-02-20,On-time
603746,503746,2023-06-28,2023-06-29,On-time
603747,503747,2023-07-12,2023-07-11,On-time
603748,503748,2023-08-14,2023-08-14,On-time
603749,503749,2024-04-12,2024-04-11,On-time
603750,503750,2023-07-12,2023-07-12,On-time
603751,503751,2023-07-24,2023-07-23,On-time
603752,503752,2024-05-08,2024-05-10,Delayed
603753,503753,2023-07-06,2023-07-05,On-time
603754,503754,2023-08-28,\N,\N
603755,503755,2023-10-24,2023-10-24,On-time
603756,503756,2023-08-19,2023-08-18,On-time
603757,503757,2024-07-07,2024-07-11,Delayed
603758,503758,2024-03-04,2024-03-05,On-time
603759,503759,2024-06-22,2024-06-21,On-time
603760,503760,2023-12-03,2023-12-03,On-time
603761,503761,2024-04-19,2024-04-19,On-time
603762,503762,2023-10-23,2023-10-22,On-time
603763,503763,2024-07-12,2024-07-13,On-time
603764,503764,2023-09-14,\N,\N
603765,503765,2024-09-28,2024-09-29,On-time
603766,503766,2024-04-30,2024-04-29,On-time
603767,503767,2023-09-17,2023-09-18,On-time
603768,503768,2023-08-17,\N,Failed
603769,503769,2024-08-14,2024-08-15,On-time
603770,503770,2024-05-28,2024-05-28,On-time
603771,503771,2024-07-20,\N,Failed
603772,503772,2023-08-08,\N,Failed
603773,503773,2023-12-09,2023-12-08,On-time
603774,503774,2024-08-11,2024-08-12,On-time
603775,503775,2024-07-03,2024-07-07,Delayed
603776,503776,2024-09-20,\N,Failed
603777,503777,2024-04-02,2024-04-01,On-time
603778,503778,2023-09-16,2023-09-17,On-time
603779,503779,2023-09-08,\N,Failed
603780,503780,2023-09-24,2023-09-25,On-time
603781,503781,2024-08-25,2024-08-26,On-time
603782,503782,2024-09-14,2024-09-13,On-time
603783,503783,2023-12-09,2023-12-10,On-time
603784,503784,2023-11-09,2023-11-09,On-time
603785,503785,2024-05-13,2024-05-14,On-time
603786,503786,2024-06-14,2024-06-14,On-time
603787,503787,2024-10-01,2024-10-05,Delayed
603788,503788,2023-06-27,2023-06-27,On-time
603789,503789,2024-09-28,2024-10-03,Delayed
603790,503790,2023-09-25,2023-09-24,On-time
603791,503791,2024-07-11,\N,Failed
603792,503792,2023-09-19,\N,\N
603793,503793,2023-08-17,2023-08-16,On-time
603794,503794,2023-08-07,2023-08-11,Delayed
603795,503795,2024-06-25,\N,Failed
603796,503796,2024-02-10,2024-02-11,On-time
603797,503797,2024-09-25,2024-09-25,On-time
603798,503798,2023-12-21,2023-12-22,On-time
603799,503799,2023-07-30,2023-07-30,On-time
603800,503800,2024-01-11,2024-01-13,Delayed
603801,503801,2023-09-06,\N,Failed
603802,503802,2024-03-08,2024-03-07,On-time
603803,503803,2023-09-10,\N,Failed
603804,503804,2024-06-16,\N,Failed
603805,503805,2024-01-08,2024-01-08,On-time
603806,503806,2024-07-21,2024-07-22,On-time
603807,503807,2023-07-01,2023-06-30,On-time
603808,503808,2024-06-07,2024-06-08,On-time
603809,503809,2023-11-08,2023-11-07,On-time
603810,503810,2023-12-21,2023-12-22,On-time
603811,503811,2024-01-12,2024-01-16,Delayed
603812,503812,2024-09-13,2024-09-15,Delayed
603813,503813,2023-12-08,2023-12-08,On-time
603814,503814,2023-07-02,2023-07-02,On-time
603815,503815,2024-08-04,2024-08-05,On-time
603816,503816,2024-07-19,2024-07-20,On-time
603817,503817,2024-04-30,2024-04-30,On-time
603818,503818,2023-11-22,\N,Failed
603819,503819,2023-10-23,2023-10-22,On-time
603820,503820,2024-01-04,2024-01-06,Delayed
603821,503821,2024-04-18,2024-04-17,On-time
603822,503822,2024-03-28,2024-03-27,On-time
603823,503823,2023-11-03,2023-11-03,On-time
603824,503824,2024-04-02,\N,\N
603825,503825,2024-03-15,\N,Failed
603826,503826,2023-06-22,2023-06-23,On-time
603827,503827,2023-08-26,\N,\N
603828,503828,2023-06-29,\N,\N
603829,503829,2023-08-03,2023-08-02,On-time
603830,503830,2023-07-17,2023-07-18,On-time
603831,503831,2023-11-29,2023-11-28,On-time
603832,503832,2024-07-23,2024-07-23,On-time
603833,503833,2024-06-13,2024-06-13,On-time
603834,503834,2024-02-26,2024-02-27,On-time
603835,503835,2023-09-21,2023-09-22,On-time
603836,503836,2024-02-20,2024-02-20,On-time
603837,503837,2023-08-30,2023-09-01,Delayed
603838,503838,2023-10-17,\N,Failed
603839,503839,2023-06-13,2023-06-14,On-time
603840,503840,2023-09-01,2023-09-04,Delayed
603841,503841,2024-03-05,\N,Failed
603842,503842,2024-03-02,2024-03-02,On-time
603843,503843,2024-04-24,2024-04-25,On-time
603844,503844,2024-09-26,2024-09-25,On-time
603845,503845,2024-01-24,2024-01-28,Delayed
603846,503846,2024-04-27,2024-04-26,On-time
603847,503847,2024-01-15,2024-01-19,Delayed
603848,503848,2023-10-15,2023-10-18,Delayed
603849,503849,2024-05-06,\N,Failed
603850,503850,2024-04-08,2024-04-11,Delayed
603851,503851,2023-07-07,\N,\N
603852,503852,2024-10-03,2024-10-03,On-time
603853,503853,2023-07-09,2023-07-08,On-time
603854,503854,2024-05-11,2024-05-12,On-time
603855,503855,2024-07-24,2024-07-25,On-time
603856,503856,2023-10-11,2023-10-11,On-time
603857,503857,2024-08-19,2024-08-18,On-time
603858,503858,2024-02-28,2024-03-04,Delayed
603859,503859,2024-08-27,2024-08-28,On-time
603860,503860,2023-11-08,2023-11-07,On-time
603861,503861,2024-02-02,2024-02-01,On-time
603862,503862,2023-07-08,\N,Failed
603863,503863,2024-07-26,2024-07-25,On-time
603864,503864,2023-09-11,2023-09-12,On-time
603865,503865,2023-11-14,\N,\N
603866,503866,2023-11-13,2023-11-14,On-time
603867,503867,2024-09-11,2024-09-13,Delayed
603868,503868,2023-06-08,2023-06-07,On-time
603869,503869,2024-06-25,2024-06-24,On-time
603870,503870,2024-09-12,2024-09-14,Delayed
603871,503871,2023-12-30,\N,Failed
603872,503872,2023-09-09,2023-09-10,On-time
603873,503873,2024-04-12,2024-04-11,On-time
603874,503874,2024-09-15,2024-09-15,On-time
603875,503875,2024-01-10,2024-01-11,On-time
603876,503876,2024-09-25,2024-09-25,On-time
603877,503877,2024-09-25,\N,Failed
603878,503878,2024-02-10,2024-02-15,Delayed
603879,503879,2024-04-23,2024-04-23,On-time
603880,503880,2023-07-06,2023-07-11,Delayed
603881,503881,2024-03-20,2024-03-19,On-time
603882,503882,2024-03-27,2024-03-26,On-time
603883,503883,2023-07-04,2023-07-07,Delayed
603884,503884,2024-01-28,2024-01-28,On-time
603885,503885,2024-02-19,2024-02-18,On-time
603886,503886,2024-01-02,2024-01-08,Delayed
603887,503887,2024-01-26,2024-01-26,On-time
603888,503888,2024-08-30,2024-09-02,Delayed
603889,503889,2024-05-31,2024-05-30,On-time
603890,503890,2024-02-07,2024-02-12,Delayed
603891,503891,2024-01-11,2024-01-11,On-time
603892,503892,2024-01-16,2024-01-17,On-time
603893,503893,2024-05-18,2024-05-19,On-time
603894,503894,2024-02-10,2024-02-11,On-time
603895,503895,2023-11-11,2023-11-12,On-time
603896,503896,2023-12-05,2023-12-06,On-time
603897,503897,2023-07-11,2023-07-10,On-time
603898,503898,2024-04-29,2024-04-29,On-time
603899,503899,2024-06-14,\N,Failed
603900,503900,2024-02-06,2024-02-12,Delayed
603901,503901,2024-02-10,2024-02-12,Delayed
603902,503902,2024-06-20,2024-06-20,On-time
603903,503903,2024-02-16,\N,Failed
603904,503904,2024-04-27,2024-04-26,On-time
603905,503905,2024-03-22,2024-03-27,Delayed
603906,503906,2023-12-07,2023-12-06,On-time
603907,503907,2024-06-03,2024-06-03,On-time
603908,503908,2023-12-12,2023-12-18,Delayed
603909,503909,2024-05-07,2024-05-08,On-time
603910,503910,2024-04-30,2024-05-01,On-time
603911,503911,2023-09-24,2023-09-23,On-time
603912,503912,2024-06-05,2024-06-11,Delayed
603913,503913,2023-12-23,2023-12-26,Delayed
603914,503914,2023-11-12,2023-11-11,On-time
603915,503915,2024-04-06,2024-04-09,Delayed
603916,503916,2024-10-06,2024-10-07,On-time
603917,503917,2024-09-02,2024-09-08,Delayed
603918,503918,2024-03-14,2024-03-13,On-time
603919,503919,2023-12-03,2023-12-02,On-time
603920,503920,2024-09-06,2024-09-05,On-time
603921,503921,2023-12-14,2023-12-19,Delayed
603922,503922,2023-08-17,2023-08-18,On-time
603923,503923,2023-06-23,2023-06-29,Delayed
603924,503924,2024-01-19,2024-01-18,On-time
603925,503925,2024-08-26,2024-08-31,Delayed
603926,503926,2023-06-30,2023-06-29,On-time
603927,503927,2023-09-11,2023-09-12,On-time
603928,503928,2024-04-26,2024-04-27,On-time
603929,503929,2024-06-05,2024-06-05,On-time
603930,503930,2024-09-06,\N,Failed
603931,503931,2023-06-20,2023-06-23,Delayed
603932,503932,2024-06-09,2024-06-08,On-time
603933,503933,2024-08-14,\N,\N
603934,503934,2024-03-16,2024-03-21,Delayed
603935,503935,2023-09-02,2023-09-01,On-time
603936,503936,2024-05-07,2024-05-08,On-time
603937,503937,2023-10-02,\N,Failed
603938,503938,2024-02-18,2024-02-19,On-time
603939,503939,2023-07-14,\N,\N
603940,503940,2024-08-04,\N,\N
603941,503941,2023-10-25,2023-10-28,Delayed
603942,503942,2024-09-19,2024-09-18,On-time
603943,503943,2023-07-22,2023-07-23,On-time
603944,503944,2024-02-05,2024-02-05,On-time
603945,503945,2023-06-27,\N,Failed
603946,503946,2024-01-11,2024-01-10,On-time
603947,503947,2024-01-29,\N,\N
603948,503948,2023-06-19,\N,\N
603949,503949,2024-06-15,2024-06-16,On-time
603950,503950,2023-09-06,\N,\N
603951,503951,2023-12-21,2023-12-26,Delayed
603952,503952,2024-01-12,2024-01-12,On-time
603953,503953,2024-05-28,2024-05-27,On-time
603954,503954,2024-06-03,2024-06-04,On-time
603955,503955,2024-04-27,2024-04-30,Delayed
603956,503956,2024-08-13,2024-08-13,On-time
603957,503957,2023-10-07,2023-10-06,On-time
603958,503958,2023-11-20,2023-11-26,Delayed
603959,503959,2024-03-20,2024-03-21,On-time
603960,503960,2024-03-25,2024-03-31,Delayed
603961,503961,2024-07-31,2024-08-05,Delayed
603962,503962,2023-08-13,2023-08-12,On-time
603963,503963,2024-07-18,2024-07-17,On-time
603964,503964,2023-07-04,2023-07-03,On-time
603965,503965,2023-12-06,2023-12-08,Delayed
603966,503966,2024-03-08,\N,\N
603967,503967,2024-04-20,2024-04-23,Delayed
603968,503968,2023-06-10,2023-06-11,On-time
603969,503969,2024-05-01,2024-04-30,On-time
603970,503970,2023-09-19,2023-09-18,On-time
603971,503971,2024-02-07,2024-02-08,On-time
603972,503972,2024-02-24,2024-02-23,On-time
603973,503973,2024-02-14,2024-02-13,On-time
603974,503974,2023-12-02,2023-12-05,Delayed
603975,503975,2024-08-23,2024-08-23,On-time
603976,503976,2024-08-31,2024-09-02,Delayed
603977,503977,2024-09-20,2024-09-20,On-time
603978,503978,2023-11-14,2023-11-15,On-time
603979,503979,2024-06-16,2024-06-17,On-time
603980,503980,2024-07-29,2024-08-01,Delayed
603981,503981,2024-04-06,\N,\N
603982,503982,2024-03-26,2024-03-25,On-time
603983,503983,2024-08-20,2024-08-20,On-time
603984,503984,2024-01-31,\N,\N
603985,503985,2023-10-04,2023-10-08,Delayed
603986,503986,2023-06-08,2023-06-07,On-time
603987,503987,2023-07-21,2023-07-20,On-time
603988,503988,2024-03-07,\N,\N
603989,503989,2024-06-28,2024-06-27,On-time
603990,503990,2023-09-23,2023-09-24,On-time
603991,503991,2023-08-03,2023-08-02,On-time
603992,503992,2023-10-05,2023-10-04,On-time
603993,503993,2023-09-13,2023-09-14,On-time
603994,503994,2023-06-09,\N,\N
603995,503995,2024-08-11,2024-08-12,On-time
603996,503996,2023-08-29,2023-08-30,On-time
603997,503997,2023-07-15,\N,\N
603998,503998,2023-07-03,\N,\N
603999,503999,2024-04-04,2024-04-05,On-time
604000,504000,2023-09-19,2023-09-18,On-time
604001,504001,2024-06-13,2024-06-18,Delayed
604002,504002,2024-01-07,2024-01-06,On-time
604003,504003,2023-12-18,\N,Failed
604004,504004,2023-10-28,2023-10-28,On-time
604005,504005,2023-06-08,2023-06-11,Delayed
604006,504006,2024-04-19,2024-04-18,On-time
604007,504007,2024-02-17,2024-02-17,On-time
604008,504008,2023-12-15,2023-12-14,On-time
604009,504009,2023-11-08,2023-11-07,On-time
604010,504010,2023-06-29,\N,Failed
604011,504011,2024-08-17,2024-08-20,Delayed
604012,504012,2024-05-27,2024-05-27,On-time
604013,504013,2023-07-28,2023-07-29,On-time
604014,504014,2023-10-19,2023-10-18,On-time
604015,504015,2024-03-29,2024-04-04,Delayed
604016,504016,2023-08-12,2023-08-11,On-time
604017,504017,2023-07-11,2023-07-12,On-time
604018,504018,2024-05-30,2024-05-31,On-time
604019,504019,2023-10-14,2023-10-15,On-time
604020,504020,2024-01-21,2024-01-22,On-time
604021,504021,2024-07-25,2024-07-28,Delayed
604022,504022,2024-09-29,2024-10-02,Delayed
604023,504023,2024-01-01,2024-01-01,On-time
604024,504024,2024-02-08,2024-02-09,On-time
604025,504025,2023-06-05,\N,\N
604026,504026,2023-12-26,2023-12-25,On-time
604027,504027,2024-01-15,2024-01-15,On-time
604028,504028,2024-09-24,2024-09-23,On-time
604029,504029,2023-07-02,2023-07-05,Delayed
604030,504030,2024-03-02,2024-03-03,On-time
604031,504031,2023-11-03,2023-11-04,On-time
604032,504032,2024-07-26,2024-07-26,On-time
604033,504033,2023-09-12,2023-09-11,On-time
604034,504034,2024-06-25,2024-06-25,On-time
604035,504035,2023-09-24,2023-09-28,Delayed
604036,504036,2023-10-25,2023-10-26,On-time
604037,504037,2024-06-14,2024-06-15,On-time
604038,504038,2023-10-02,2023-10-03,On-time
604039,504039,2024-06-23,2024-06-23,On-time
604040,504040,2023-11-26,2023-11-25,On-time
604041,504041,2023-06-25,2023-06-24,On-time
604042,504042,2024-03-04,2024-03-03,On-time
604043,504043,2024-04-19,2024-04-25,Delayed
604044,504044,2023-06-16,2023-06-21,Delayed
604045,504045,2024-04-07,2024-04-06,On-time
604046,504046,2023-06-15,2023-06-16,On-time
604047,504047,2023-10-29,2023-10-30,On-time
604048,504048,2024-09-15,2024-09-15,On-time
604049,504049,2023-08-28,2023-08-28,On-time
604050,504050,2024-05-26,2024-05-30,Delayed
604051,504051,2023-06-12,2023-06-15,Delayed
604052,504052,2023-06-25,2023-06-25,On-time
604053,504053,2023-12-04,2023-12-04,On-time
604054,504054,2024-08-13,2024-08-14,On-time
604055,504055,2024-04-02,2024-04-02,On-time
604056,504056,2023-09-10,\N,Failed
604057,504057,2023-08-03,\N,\N
604058,504058,2024-02-12,2024-02-12,On-time
604059,504059,2024-01-26,\N,\N
604060,504060,2023-11-23,2023-11-26,Delayed
604061,504061,2023-08-25,2023-08-26,On-time
604062,504062,2024-06-21,2024-06-25,Delayed
604063,504063,2023-08-25,2023-08-25,On-time
604064,504064,2023-07-01,\N,\N
604065,504065,2023-08-18,2023-08-19,On-time
604066,504066,2023-12-13,2023-12-13,On-time
604067,504067,2024-01-15,2024-01-15,On-time
604068,504068,2024-04-17,2024-04-17,On-time
604069,504069,2023-12-03,2023-12-09,Delayed
604070,504070,2023-08-08,2023-08-14,Delayed
604071,504071,2023-06-10,2023-06-09,On-time
604072,504072,2024-05-29,2024-06-04,Delayed
604073,504073,2024-03-05,2024-03-11,Delayed
604074,504074,2023-09-16,2023-09-17,On-time
604075,504075,2024-02-15,2024-02-21,Delayed
604076,504076,2024-08-28,2024-08-28,On-time
604077,504077,2024-07-03,2024-07-03,On-time
604078,504078,2024-07-22,2024-07-22,On-time
604079,504079,2023-07-12,2023-07-13,On-time
604080,504080,2024-07-07,2024-07-10,Delayed
604081,504081,2024-03-02,2024-03-01,On-time
604082,504082,2024-01-08,2024-01-13,Delayed
604083,504083,2024-02-01,\N,Failed
604084,504084,2024-06-16,2024-06-15,On-time
604085,504085,2024-02-24,2024-02-23,On-time
604086,504086,2024-03-31,\N,\N
604087,504087,2023-11-14,2023-11-17,Delayed
604088,504088,2024-03-19,2024-03-20,On-time
604089,504089,2023-06-17,2023-06-16,On-time
604090,504090,2024-04-04,2024-04-04,On-time
604091,504091,2023-10-23,2023-10-28,Delayed
604092,504092,2023-10-30,\N,Failed
604093,504093,2024-07-19,2024-07-25,Delayed
604094,504094,2024-07-05,2024-07-05,On-time
604095,504095,2024-03-30,2024-03-29,On-time
604096,504096,2023-10-13,2023-10-12,On-time
604097,504097,2023-07-11,2023-07-13,Delayed
604098,504098,2024-07-11,2024-07-10,On-time
604099,504099,2023-12-30,\N,\N
604100,504100,2023-07-12,2023-07-17,Delayed
604101,504101,2023-12-05,\N,\N
604102,504102,2024-01-31,\N,\N
604103,504103,2023-12-18,\N,Failed
604104,504104,2023-06-10,2023-06-10,On-time
604105,504105,2024-08-03,2024-08-04,On-time
604106,504106,2024-03-14,2024-03-15,On-time
604107,504107,2023-07-03,2023-07-03,On-time
604108,504108,2023-07-18,2023-07-18,On-time
604109,504109,2024-09-30,2024-09-30,On-time
604110,504110,2024-03-01,2024-02-29,On-time
604111,504111,2023-07-23,2023-07-22,On-time
604112,504112,2024-04-17,2024-04-22,Delayed
604113,504113,2023-12-29,2023-12-28,On-time
604114,504114,2024-03-26,2024-03-27,On-time
604115,504115,2024-03-08,2024-03-07,On-time
604116,504116,2024-09-08,2024-09-09,On-time
604117,504117,2023-12-24,\N,Failed
604118,504118,2024-07-10,\N,Failed
604119,504119,2024-08-30,2024-08-29,On-time
604120,504120,2023-12-14,\N,Failed
604121,504121,2024-07-18,2024-07-18,On-time
604122,504122,2024-04-20,2024-04-21,On-time
604123,504123,2023-09-17,2023-09-18,On-time
604124,504124,2023-12-02,2023-12-07,Delayed
604125,504125,2024-08-31,2024-09-06,Delayed
604126,504126,2024-05-06,\N,\N
604127,504127,2024-04-25,2024-04-24,On-time
604128,504128,2024-05-02,2024-05-01,On-time
604129,504129,2023-08-26,2023-08-25,On-time
604130,504130,2023-12-12,2023-12-13,On-time
604131,504131,2024-01-27,2024-01-28,On-time
604132,504132,2024-04-17,2024-04-19,Delayed
604133,504133,2024-04-14,\N,Failed
604134,504134,2023-06-28,2023-07-01,Delayed
604135,504135,2023-09-07,2023-09-08,On-time
604136,504136,2024-08-16,2024-08-16,On-time
604137,504137,2023-10-09,2023-10-08,On-time
604138,504138,2024-03-27,2024-03-26,On-time
604139,504139,2023-06-12,2023-06-17,Delayed
604140,504140,2023-06-17,2023-06-18,On-time
604141,504141,2023-10-28,2023-10-28,On-time
604142,504142,2023-06-13,\N,\N
604143,504143,2024-09-01,2024-08-31,On-time
604144,504144,2023-11-19,2023-11-20,On-time
604145,504145,2024-01-07,2024-01-06,On-time
604146,504146,2023-10-12,2023-10-15,Delayed
604147,504147,2023-10-29,2023-11-03,Delayed
604148,504148,2023-08-16,\N,\N
604149,504149,2024-02-08,2024-02-09,On-time
604150,504150,2023-07-05,\N,\N
604151,504151,2023-06-12,2023-06-18,Delayed
604152,504152,2024-10-03,2024-10-03,On-time
604153,504153,2023-09-30,2023-09-29,On-time
604154,504154,2023-12-11,2023-12-12,On-time
604155,504155,2024-06-06,2024-06-09,Delayed
604156,504156,2024-01-20,2024-01-20,On-time
604157,504157,2023-10-16,2023-10-16,On-time
604158,504158,2023-07-18,2023-07-20,Delayed
604159,504159,2024-07-17,2024-07-23,Delayed
604160,504160,2023-11-05,2023-11-06,On-time
604161,504161,2023-08-24,2023-08-23,On-time
604162,504162,2023-12-03,2023-12-09,Delayed
604163,504163,2023-06-20,2023-06-21,On-time
604164,504164,2023-06-07,2023-06-09,Delayed
604165,504165,2024-01-12,2024-01-11,On-time
604166,504166,2024-08-27,\N,Failed
604167,504167,2023-12-29,\N,Failed
604168,504168,2023-07-20,2023-07-19,On-time
604169,504169,2023-12-21,\N,\N
604170,504170,2023-09-24,2023-09-23,On-time
604171,504171,2023-06-13,\N,\N
604172,504172,2023-10-29,2023-10-28,On-time
604173,504173,2024-09-06,2024-09-07,On-time
604174,504174,2023-10-22,2023-10-23,On-time
604175,504175,2023-12-08,2023-12-07,On-time
604176,504176,2024-02-17,2024-02-18,On-time
604177,504177,2024-05-14,2024-05-13,On-time
604178,504178,2023-11-16,2023-11-17,On-time
604179,504179,2024-01-13,2024-01-12,On-time
604180,504180,2024-07-14,2024-07-14,On-time
604181,504181,2023-11-11,2023-11-11,On-time
604182,504182,2023-06-23,\N,\N
604183,504183,2024-03-27,2024-03-26,On-time
604184,504184,2023-10-18,2023-10-17,On-time
604185,504185,2023-11-17,2023-11-17,On-time
604186,504186,2024-01-01,2024-01-02,On-time
604187,504187,2024-01-15,2024-01-16,On-time
604188,504188,2024-06-03,2024-06-09,Delayed
604189,504189,2024-07-22,2024-07-28,Delayed
604190,504190,2024-03-02,2024-03-01,On-time
604191,504191,2024-07-26,2024-07-27,On-time
604192,504192,2024-01-23,2024-01-22,On-time
604193,504193,2024-06-15,2024-06-17,Delayed
604194,504194,2024-08-27,2024-08-28,On-time
604195,504195,2023-07-20,2023-07-21,On-time
604196,504196,2024-04-07,\N,\N
604197,504197,2023-11-20,2023-11-25,Delayed
604198,504198,2023-06-28,2023-06-29,On-time
604199,504199,2023-11-01,2023-10-31,On-time
604200,504200,2024-09-26,\N,Failed
604201,504201,2024-04-26,2024-04-26,On-time
604202,504202,2024-04-23,2024-04-22,On-time
604203,504203,2024-08-25,2024-08-25,On-time
604204,504204,2024-01-21,2024-01-24,Delayed
604205,504205,2023-09-06,2023-09-05,On-time
604206,504206,2023-09-22,2023-09-27,Delayed
604207,504207,2024-05-13,2024-05-15,Delayed
604208,504208,2024-06-17,2024-06-18,On-time
604209,504209,2023-08-08,2023-08-09,On-time
604210,504210,2023-11-22,2023-11-22,On-time
604211,504211,2024-09-20,2024-09-24,Delayed
604212,504212,2024-06-15,2024-06-21,Delayed
604213,504213,2023-06-29,2023-06-28,On-time
604214,504214,2024-06-16,2024-06-15,On-time
604215,504215,2024-08-06,2024-08-11,Delayed
604216,504216,2023-07-30,2023-07-29,On-time
604217,504217,2024-05-10,2024-05-11,On-time
604218,504218,2023-11-06,2023-11-05,On-time
604219,504219,2023-08-16,2023-08-15,On-time
604220,504220,2024-04-29,\N,\N
604221,504221,2024-04-27,2024-05-01,Delayed
604222,504222,2023-07-05,2023-07-06,On-time
604223,504223,2023-09-15,2023-09-15,On-time
604224,504224,2024-08-30,2024-08-29,On-time
604225,504225,2023-11-12,2023-11-13,On-time
604226,504226,2024-07-12,2024-07-12,On-time
604227,504227,2023-07-05,2023-07-09,Delayed
604228,504228,2023-07-15,2023-07-14,On-time
604229,504229,2023-08-21,2023-08-22,On-time
604230,504230,2024-08-03,2024-08-02,On-time
604231,504231,2024-01-16,2024-01-15,On-time
604232,504232,2023-06-13,\N,Failed
604233,504233,2024-08-07,2024-08-08,On-time
604234,504234,2024-09-03,2024-09-03,On-time
604235,504235,2023-12-13,2023-12-12,On-time
604236,504236,2024-02-15,2024-02-14,On-time
604237,504237,2024-01-27,2024-01-28,On-time
604238,504238,2023-07-09,2023-07-08,On-time
604239,504239,2024-03-02,2024-03-01,On-time
604240,504240,2023-11-19,2023-11-20,On-time
604241,504241,2024-06-05,2024-06-05,On-time
604242,504242,2023-10-24,2023-10-25,On-time
604243,504243,2024-03-31,2024-04-01,On-time
604244,504244,2023-08-30,\N,Failed
604245,504245,2023-11-16,2023-11-16,On-time
604246,504246,2023-12-05,2023-12-06,On-time
604247,504247,2024-05-14,2024-05-14,On-time
604248,504248,2024-06-15,\N,Failed
604249,504249,2024-06-09,2024-06-14,Delayed
604250,504250,2024-05-08,2024-05-09,On-time
604251,504251,2024-05-09,2024-05-11,Delayed
604252,504252,2023-06-13,2023-06-15,Delayed
604253,504253,2023-07-04,2023-07-10,Delayed
604254,504254,2024-01-20,\N,\N
604255,504255,2024-05-07,2024-05-08,On-time
604256,504256,2024-05-05,2024-05-05,On-time
604257,504257,2024-09-03,2024-09-04,On-time
604258,504258,2024-06-11,2024-06-13,Delayed
604259,504259,2024-07-22,2024-07-21,On-time
604260,504260,2024-06-14,2024-06-16,Delayed
604261,504261,2023-09-12,2023-09-13,On-time
604262,504262,2024-05-07,2024-05-06,On-time
604263,504263,2023-06-10,2023-06-11,On-time
604264,504264,2024-04-09,2024-04-11,Delayed
604265,504265,2023-06-08,2023-06-08,On-time
604266,504266,2024-04-22,2024-04-26,Delayed
604267,504267,2023-11-03,2023-11-02,On-time
604268,504268,2024-08-26,2024-08-27,On-time
604269,504269,2023-11-28,2023-11-28,On-time
604270,504270,2023-12-22,2023-12-24,Delayed
604271,504271,2023-10-21,2023-10-21,On-time
604272,504272,2024-01-05,2024-01-04,On-time
604273,504273,2024-01-27,2024-01-26,On-time
604274,504274,2024-08-23,\N,Failed
604275,504275,2023-12-12,2023-12-13,On-time
604276,504276,2024-06-27,2024-06-29,Delayed
604277,504277,2023-12-30,2024-01-01,Delayed
604278,504278,2023-09-11,2023-09-10,On-time
604279,504279,2024-06-08,2024-06-09,On-time
604280,504280,2024-05-24,2024-05-24,On-time
604281,504281,2024-08-19,2024-08-19,On-time
604282,504282,2023-08-04,\N,Failed
604283,504283,2023-08-10,2023-08-10,On-time
604284,504284,2024-05-29,2024-06-03,Delayed
604285,504285,2024-06-25,2024-06-28,Delayed
604286,504286,2024-10-01,2024-10-02,On-time
604287,504287,2023-11-10,2023-11-13,Delayed
604288,504288,2024-07-12,2024-07-15,Delayed
604289,504289,2024-07-20,2024-07-25,Delayed
604290,504290,2023-09-25,2023-10-01,Delayed
604291,504291,2024-09-11,2024-09-11,On-time
604292,504292,2023-09-17,2023-09-17,On-time
604293,504293,2024-06-23,2024-06-23,On-time
604294,504294,2023-06-28,\N,Failed
604295,504295,2024-03-06,2024-03-05,On-time
604296,504296,2024-09-16,2024-09-17,On-time
604297,504297,2023-07-17,\N,Failed
604298,504298,2023-11-25,2023-11-26,On-time
604299,504299,2023-12-17,\N,\N
604300,504300,2024-06-22,\N,\N
604301,504301,2024-01-07,2024-01-08,On-time
604302,504302,2023-06-27,2023-06-29,Delayed
604303,504303,2024-05-17,2024-05-18,On-time
604304,504304,2023-06-20,2023-06-24,Delayed
604305,504305,2023-09-15,\N,\N
604306,504306,2023-08-06,2023-08-06,On-time
604307,504307,2024-03-13,2024-03-13,On-time
604308,504308,2023-12-14,2023-12-15,On-time
604309,504309,2024-05-06,2024-05-11,Delayed
604310,504310,2023-09-30,2023-10-01,On-time
604311,504311,2024-09-25,2024-09-28,Delayed
604312,504312,2024-09-05,2024-09-04,On-time
604313,504313,2023-09-29,2023-09-28,On-time
604314,504314,2024-07-11,2024-07-16,Delayed
604315,504315,2024-01-14,2024-01-13,On-time
604316,504316,2024-03-18,2024-03-22,Delayed
604317,504317,2023-07-31,\N,Failed
604318,504318,2024-08-06,2024-08-05,On-time
604319,504319,2024-08-10,2024-08-09,On-time
604320,504320,2024-03-07,2024-03-07,On-time
604321,504321,2024-02-18,2024-02-19,On-time
604322,504322,2023-08-01,2023-08-05,Delayed
604323,504323,2024-01-28,2024-01-27,On-time
604324,504324,2024-04-12,2024-04-11,On-time
604325,504325,2024-03-13,2024-03-12,On-time
604326,504326,2024-02-01,2024-02-02,On-time
604327,504327,2024-08-17,2024-08-22,Delayed
604328,504328,2024-03-09,2024-03-08,On-time
604329,504329,2023-06-06,2023-06-07,On-time
604330,504330,2023-12-17,2023-12-18,On-time
604331,504331,2023-07-10,2023-07-09,On-time
604332,504332,2023-12-05,2023-12-06,On-time
604333,504333,2023-09-08,\N,Failed
604334,504334,2024-01-19,\N,\N
604335,504335,2023-09-17,2023-09-17,On-time
604336,504336,2024-05-27,2024-06-02,Delayed
604337,504337,2023-09-12,\N,Failed
604338,504338,2023-06-17,2023-06-20,Delayed
604339,504339,2024-06-04,\N,Failed
604340,504340,2024-03-19,2024-03-18,On-time
604341,504341,2023-06-30,2023-06-29,On-time
604342,504342,2023-09-16,2023-09-18,Delayed
604343,504343,2023-09-05,2023-09-04,On-time
604344,504344,2024-04-08,2024-04-09,On-time
604345,504345,2023-12-24,2023-12-23,On-time
604346,504346,2024-01-27,\N,\N
604347,504347,2024-09-06,2024-09-07,On-time
604348,504348,2024-02-13,2024-02-19,Delayed
604349,504349,2024-01-23,2024-01-22,On-time
604350,504350,2024-08-21,2024-08-22,On-time
604351,504351,2024-01-24,2024-01-25,On-time
604352,504352,2023-09-30,2023-09-29,On-time
604353,504353,2024-06-03,\N,Failed
604354,504354,2023-07-12,2023-07-12,On-time
604355,504355,2023-06-14,2023-06-13,On-time
604356,504356,2023-07-15,\N,\N
604357,504357,2023-09-27,\N,Failed
604358,504358,2024-06-25,2024-06-28,Delayed
604359,504359,2024-01-30,2024-01-31,On-time
604360,504360,2024-03-08,2024-03-08,On-time
604361,504361,2023-07-10,\N,Failed
604362,504362,2024-04-18,2024-04-20,Delayed
604363,504363,2024-05-18,2024-05-17,On-time
604364,504364,2024-03-28,2024-03-29,On-time
604365,504365,2024-05-12,2024-05-11,On-time
604366,504366,2024-03-16,\N,Failed
604367,504367,2024-08-19,2024-08-21,Delayed
604368,504368,2024-05-13,2024-05-18,Delayed
604369,504369,2023-10-31,2023-10-30,On-time
604370,504370,2024-02-10,2024-02-15,Delayed
604371,504371,2023-12-04,2023-12-03,On-time
604372,504372,2024-04-12,2024-04-13,On-time
604373,504373,2023-08-01,2023-07-31,On-time
604374,504374,2024-09-14,2024-09-14,On-time
604375,504375,2023-09-14,2023-09-15,On-time
604376,504376,2024-03-28,2024-03-28,On-time
604377,504377,2024-09-27,\N,\N
604378,504378,2024-07-08,2024-07-07,On-time
604379,504379,2023-09-02,2023-09-01,On-time
604380,504380,2023-06-14,2023-06-15,On-time
604381,504381,2023-11-20,\N,Failed
604382,504382,2023-10-12,2023-10-12,On-time
604383,504383,2024-05-19,\N,Failed
604384,504384,2024-07-15,2024-07-15,On-time
604385,504385,2024-07-24,2024-07-29,Delayed
604386,504386,2024-04-16,2024-04-17,On-time
604387,504387,2023-06-22,2023-06-22,On-time
604388,504388,2024-01-14,\N,Failed
604389,504389,2023-10-16,2023-10-20,Delayed
604390,504390,2024-08-26,2024-08-28,Delayed
604391,504391,2024-02-16,\N,\N
604392,504392,2023-07-30,2023-07-29,On-time
604393,504393,2023-07-09,2023-07-10,On-time
604394,504394,2024-03-31,2024-04-02,Delayed
604395,504395,2024-05-19,2024-05-24,Delayed
604396,504396,2024-05-23,\N,Failed
604397,504397,2024-10-01,\N,Failed
604398,504398,2023-06-22,2023-06-23,On-time
604399,504399,2023-07-29,2023-07-29,On-time
604400,504400,2024-01-12,2024-01-12,On-time
604401,504401,2024-08-02,2024-08-01,On-time
604402,504402,2023-08-14,2023-08-15,On-time
604403,504403,2024-09-08,2024-09-07,On-time
604404,504404,2023-08-10,2023-08-11,On-time
604405,504405,2023-12-24,2023-12-25,On-time
604406,504406,2024-05-20,2024-05-20,On-time
604407,504407,2023-09-27,2023-09-27,On-time
604408,504408,2024-09-30,\N,\N
604409,504409,2024-03-16,2024-03-16,On-time
604410,504410,2024-06-24,2024-06-27,Delayed
604411,504411,2024-01-13,2024-01-14,On-time
604412,504412,2024-08-24,2024-08-24,On-time
604413,504413,2023-08-07,2023-08-07,On-time
604414,504414,2023-08-21,2023-08-26,Delayed
604415,504415,2024-09-25,2024-09-24,On-time
604416,504416,2023-08-02,2023-08-08,Delayed
604417,504417,2023-06-10,2023-06-09,On-time
604418,504418,2024-07-17,2024-07-18,On-time
604419,504419,2024-01-08,2024-01-10,Delayed
604420,504420,2023-11-01,2023-11-01,On-time
604421,504421,2024-03-13,2024-03-13,On-time
604422,504422,2023-06-17,2023-06-19,Delayed
604423,504423,2023-11-02,2023-11-03,On-time
604424,504424,2024-03-07,2024-03-07,On-time
604425,504425,2023-08-24,2023-08-25,On-time
604426,504426,2023-07-03,2023-07-03,On-time
604427,504427,2024-07-12,\N,Failed
604428,504428,2024-05-11,2024-05-10,On-time
604429,504429,2024-08-31,2024-09-01,On-time
604430,504430,2024-06-30,2024-06-30,On-time
604431,504431,2023-09-09,2023-09-09,On-time
604432,504432,2023-08-08,2023-08-14,Delayed
604433,504433,2024-05-08,2024-05-08,On-time
604434,504434,2023-07-07,2023-07-07,On-time
604435,504435,2023-11-11,2023-11-11,On-time
604436,504436,2023-12-23,2023-12-23,On-time
604437,504437,2023-08-11,2023-08-10,On-time
604438,504438,2023-10-29,2023-10-30,On-time
604439,504439,2024-07-24,2024-07-23,On-time
604440,504440,2023-09-10,\N,Failed
604441,504441,2023-07-18,2023-07-17,On-time
604442,504442,2023-11-24,2023-11-23,On-time
604443,504443,2024-04-23,2024-04-24,On-time
604444,504444,2024-08-21,2024-08-24,Delayed
604445,504445,2023-11-24,2023-11-27,Delayed
604446,504446,2023-06-21,\N,Failed
604447,504447,2024-04-05,2024-04-09,Delayed
604448,504448,2023-09-18,\N,\N
604449,504449,2023-10-28,2023-10-28,On-time
604450,504450,2024-03-01,2024-02-29,On-time
604451,504451,2024-03-19,2024-03-24,Delayed
604452,504452,2024-02-08,2024-02-11,Delayed
604453,504453,2024-05-10,2024-05-10,On-time
604454,504454,2023-11-11,2023-11-12,On-time
604455,504455,2024-01-26,\N,Failed
604456,504456,2024-01-30,2024-01-29,On-time
604457,504457,2024-09-02,2024-09-06,Delayed
604458,504458,2024-09-23,2024-09-24,On-time
604459,504459,2024-01-11,2024-01-11,On-time
604460,504460,2023-09-06,2023-09-05,On-time
604461,504461,2024-06-16,2024-06-17,On-time
604462,504462,2024-09-14,2024-09-13,On-time
604463,504463,2023-11-08,2023-11-08,On-time
604464,504464,2024-09-27,2024-09-26,On-time
604465,504465,2024-04-08,2024-04-09,On-time
604466,504466,2024-02-27,2024-02-27,On-time
604467,504467,2023-07-31,\N,Failed
604468,504468,2023-06-10,2023-06-10,On-time
604469,504469,2024-08-02,\N,\N
604470,504470,2024-05-14,2024-05-14,On-time
604471,504471,2024-01-13,2024-01-12,On-time
604472,504472,2024-09-21,\N,Failed
604473,504473,2024-02-20,2024-02-19,On-time
604474,504474,2024-04-04,\N,Failed
604475,504475,2024-08-08,\N,\N
604476,504476,2023-08-19,2023-08-20,On-time
604477,504477,2024-07-29,2024-07-28,On-time
604478,504478,2023-07-03,\N,Failed
604479,504479,2024-02-04,2024-02-04,On-time
604480,504480,2023-08-15,\N,\N
604481,504481,2024-07-16,2024-07-16,On-time
604482,504482,2024-04-18,2024-04-19,On-time
604483,504483,2024-01-25,2024-01-25,On-time
604484,504484,2023-12-08,2023-12-08,On-time
604485,504485,2024-02-24,2024-02-29,Delayed
604486,504486,2024-10-05,2024-10-08,Delayed
604487,504487,2023-12-12,2023-12-13,On-time
604488,504488,2023-08-14,2023-08-15,On-time
604489,504489,2024-06-04,2024-06-05,On-time
604490,504490,2024-05-01,2024-05-02,On-time
604491,504491,2024-02-09,2024-02-15,Delayed
604492,504492,2023-11-04,2023-11-05,On-time
604493,504493,2023-06-28,2023-06-27,On-time
604494,504494,2024-09-15,\N,\N
604495,504495,2023-10-20,2023-10-25,Delayed
604496,504496,2024-05-03,\N,Failed
604497,504497,2024-04-12,2024-04-15,Delayed
604498,504498,2024-02-19,2024-02-19,On-time
604499,504499,2023-09-24,2023-09-28,Delayed
604500,504500,2024-07-25,2024-07-24,On-time
604501,504501,2024-08-15,2024-08-14,On-time
604502,504502,2024-01-17,2024-01-16,On-time
604503,504503,2023-09-24,\N,\N
604504,504504,2024-09-12,2024-09-17,Delayed
604505,504505,2024-02-02,2024-02-07,Delayed
604506,504506,2023-08-15,2023-08-14,On-time
604507,504507,2023-12-02,2023-12-02,On-time
604508,504508,2024-03-27,2024-03-26,On-time
604509,504509,2024-05-07,2024-05-06,On-time
604510,504510,2024-06-03,\N,Failed
604511,504511,2023-11-15,2023-11-15,On-time
604512,504512,2024-04-09,2024-04-09,On-time
604513,504513,2023-10-26,\N,\N
604514,504514,2024-07-30,2024-07-30,On-time
604515,504515,2024-08-18,\N,Failed
604516,504516,2024-03-30,2024-03-29,On-time
604517,504517,2023-11-04,\N,\N
604518,504518,2024-05-08,2024-05-07,On-time
604519,504519,2023-10-23,2023-10-28,Delayed
604520,504520,2024-06-17,2024-06-20,Delayed
604521,504521,2023-12-19,2023-12-19,On-time
604522,504522,2024-07-24,2024-07-28,Delayed
604523,504523,2024-09-14,2024-09-18,Delayed
604524,504524,2024-04-23,2024-04-26,Delayed
604525,504525,2023-11-14,2023-11-13,On-time
604526,504526,2024-10-01,2024-09-30,On-time
604527,504527,2024-07-14,2024-07-13,On-time
604528,504528,2024-09-12,2024-09-12,On-time
604529,504529,2024-05-27,2024-05-27,On-time
604530,504530,2024-03-28,2024-03-29,On-time
604531,504531,2023-11-24,2023-11-25,On-time
604532,504532,2023-10-17,2023-10-16,On-time
604533,504533,2023-09-13,2023-09-16,Delayed
604534,504534,2023-09-25,\N,Failed
604535,504535,2023-06-10,\N,Failed
604536,504536,2024-07-24,2024-07-24,On-time
604537,504537,2024-06-30,2024-07-05,Delayed
604538,504538,2023-06-14,2023-06-14,On-time
604539,504539,2023-09-02,2023-09-03,On-time
604540,504540,2023-08-29,2023-08-28,On-time
604541,504541,2024-05-16,2024-05-17,On-time
604542,504542,2023-07-27,2023-07-31,Delayed
604543,504543,2023-11-17,2023-11-16,On-time
604544,504544,2023-06-28,2023-06-28,On-time
604545,504545,2024-05-16,2024-05-16,On-time
604546,504546,2024-01-17,2024-01-17,On-time
604547,504547,2023-09-15,2023-09-21,Delayed
604548,504548,2024-05-04,2024-05-09,Delayed
604549,504549,2024-04-24,2024-04-24,On-time
604550,504550,2023-08-19,2023-08-20,On-time
604551,504551,2024-04-25,2024-04-25,On-time
604552,504552,2024-05-24,2024-05-23,On-time
604553,504553,2024-06-03,2024-06-04,On-time
604554,504554,2023-06-29,2023-06-28,On-time
604555,504555,2023-12-09,2023-12-09,On-time
604556,504556,2023-10-31,2023-11-01,On-time
604557,504557,2024-04-17,\N,Failed
604558,504558,2023-12-06,2023-12-07,On-time
604559,504559,2024-08-10,2024-08-09,On-time
604560,504560,2023-10-24,\N,Failed
604561,504561,2024-03-08,2024-03-09,On-time
604562,504562,2024-08-22,2024-08-23,On-time
604563,504563,2024-06-24,2024-06-23,On-time
604564,504564,2023-12-17,2023-12-22,Delayed
604565,504565,2023-11-30,2023-12-02,Delayed
604566,504566,2023-10-05,2023-10-09,Delayed
604567,504567,2023-08-01,2023-07-31,On-time
604568,504568,2023-10-18,2023-10-19,On-time
604569,504569,2024-03-15,2024-03-15,On-time
604570,504570,2024-03-24,2024-03-25,On-time
604571,504571,2024-04-05,2024-04-05,On-time
604572,504572,2023-12-02,2023-12-01,On-time
604573,504573,2024-05-13,\N,Failed
604574,504574,2024-03-19,2024-03-19,On-time
604575,504575,2024-05-08,\N,Failed
604576,504576,2024-07-03,2024-07-06,Delayed
604577,504577,2024-04-13,2024-04-12,On-time
604578,504578,2023-10-07,2023-10-13,Delayed
604579,504579,2024-07-03,2024-07-03,On-time
604580,504580,2023-09-13,2023-09-12,On-time
604581,504581,2023-12-05,2023-12-05,On-time
604582,504582,2024-03-16,2024-03-22,Delayed
604583,504583,2023-12-21,2023-12-22,On-time
604584,504584,2023-11-07,2023-11-09,Delayed
604585,504585,2024-05-31,\N,\N
604586,504586,2023-07-28,2023-08-02,Delayed
604587,504587,2024-01-21,2024-01-27,Delayed
604588,504588,2023-07-19,\N,Failed
604589,504589,2024-04-03,2024-04-03,On-time
604590,504590,2024-05-03,\N,Failed
604591,504591,2024-08-30,2024-08-30,On-time
604592,504592,2024-01-12,\N,Failed
604593,504593,2024-02-07,\N,\N
604594,504594,2023-08-31,2023-08-30,On-time
604595,504595,2023-12-25,2023-12-25,On-time
604596,504596,2023-11-20,2023-11-21,On-time
604597,504597,2023-12-29,2023-12-30,On-time
604598,504598,2024-02-20,2024-02-19,On-time
604599,504599,2023-11-11,2023-11-14,Delayed
604600,504600,2023-07-25,\N,Failed
604601,504601,2024-05-02,2024-05-01,On-time
604602,504602,2024-04-15,2024-04-14,On-time
604603,504603,2023-09-23,2023-09-24,On-time
604604,504604,2023-08-06,\N,\N
604605,504605,2024-07-08,2024-07-08,On-time
604606,504606,2024-09-21,\N,\N
604607,504607,2023-09-05,2023-09-06,On-time
604608,504608,2023-10-24,\N,Failed
604609,504609,2023-08-25,2023-08-24,On-time
604610,504610,2023-12-07,2023-12-07,On-time
604611,504611,2024-03-13,2024-03-12,On-time
604612,504612,2023-06-10,\N,Failed
604613,504613,2024-10-03,2024-10-02,On-time
604614,504614,2023-12-07,2023-12-08,On-time
604615,504615,2024-05-30,2024-06-03,Delayed
604616,504616,2024-04-21,2024-04-23,Delayed
604617,504617,2024-05-31,2024-05-30,On-time
604618,504618,2023-08-13,2023-08-14,On-time
604619,504619,2024-09-05,2024-09-09,Delayed
604620,504620,2023-12-27,2024-01-02,Delayed
604621,504621,2023-12-23,2023-12-24,On-time
604622,504622,2024-06-13,2024-06-12,On-time
604623,504623,2024-03-25,2024-03-26,On-time
604624,504624,2024-03-15,2024-03-19,Delayed
604625,504625,2023-11-07,\N,Failed
604626,504626,2024-03-15,\N,\N
604627,504627,2023-08-01,2023-08-03,Delayed
604628,504628,2023-11-28,2023-12-01,Delayed
604629,504629,2024-08-28,\N,\N
604630,504630,2024-04-26,2024-04-27,On-time
604631,504631,2024-04-16,2024-04-15,On-time
604632,504632,2024-03-08,2024-03-12,Delayed
604633,504633,2024-04-30,2024-05-01,On-time
604634,504634,2023-08-28,2023-08-27,On-time
604635,504635,2024-07-23,\N,Failed
604636,504636,2023-07-23,2023-07-23,On-time
604637,504637,2024-08-10,2024-08-11,On-time
604638,504638,2024-03-03,2024-03-04,On-time
604639,504639,2024-04-18,2024-04-19,On-time
604640,504640,2024-07-25,2024-07-29,Delayed
604641,504641,2023-10-29,2023-11-04,Delayed
604642,504642,2023-08-12,2023-08-12,On-time
604643,504643,2024-04-12,\N,Failed
604644,504644,2023-09-30,2023-10-01,On-time
604645,504645,2024-09-21,2024-09-20,On-time
604646,504646,2024-02-23,2024-02-23,On-time
604647,504647,2023-07-25,2023-07-26,On-time
604648,504648,2023-09-28,2023-09-28,On-time
604649,504649,2024-04-25,2024-04-24,On-time
604650,504650,2024-06-26,2024-06-30,Delayed
604651,504651,2024-03-12,2024-03-11,On-time
604652,504652,2024-02-20,2024-02-21,On-time
604653,504653,2024-06-11,2024-06-15,Delayed
604654,504654,2024-09-05,2024-09-06,On-time
604655,504655,2023-08-19,2023-08-18,On-time
604656,504656,2024-07-13,2024-07-13,On-time
604657,504657,2024-06-13,2024-06-13,On-time
604658,504658,2024-07-03,\N,Failed
604659,504659,2024-04-19,\N,Failed
604660,504660,2024-08-23,2024-08-23,On-time
604661,504661,2023-06-26,2023-07-01,Delayed
604662,504662,2023-08-21,2023-08-20,On-time
604663,504663,2024-01-08,2024-01-09,On-time
604664,504664,2023-12-26,2023-12-25,On-time
604665,504665,2024-02-09,\N,\N
604666,504666,2023-10-03,2023-10-07,Delayed
604667,504667,2024-08-01,2024-08-05,Delayed
604668,504668,2023-10-26,2023-10-26,On-time
604669,504669,2023-09-08,\N,\N
604670,504670,2024-04-24,2024-04-25,On-time
604671,504671,2024-06-16,2024-06-15,On-time
604672,504672,2024-03-06,2024-03-05,On-time
604673,504673,2024-07-06,2024-07-05,On-time
604674,504674,2024-03-15,2024-03-16,On-time
604675,504675,2024-07-01,2024-07-02,On-time
604676,504676,2023-09-26,2023-09-30,Delayed
604677,504677,2024-09-07,2024-09-08,On-time
604678,504678,2024-08-29,2024-08-28,On-time
604679,504679,2024-03-03,2024-03-04,On-time
604680,504680,2024-02-03,2024-02-04,On-time
604681,504681,2024-02-11,2024-02-11,On-time
604682,504682,2024-06-09,2024-06-09,On-time
604683,504683,2024-04-23,2024-04-24,On-time
604684,504684,2024-03-10,2024-03-14,Delayed
604685,504685,2024-07-09,2024-07-13,Delayed
604686,504686,2024-06-03,2024-06-02,On-time
604687,504687,2024-02-17,\N,\N
604688,504688,2023-10-29,2023-10-28,On-time
604689,504689,2024-08-19,2024-08-22,Delayed
604690,504690,2024-01-11,2024-01-12,On-time
604691,504691,2023-09-03,\N,\N
604692,504692,2024-03-22,2024-03-26,Delayed
604693,504693,2024-05-19,2024-05-19,On-time
604694,504694,2024-07-25,2024-07-24,On-time
604695,504695,2024-06-28,2024-07-01,Delayed
604696,504696,2023-07-18,2023-07-17,On-time
604697,504697,2023-09-16,\N,\N
604698,504698,2023-11-06,2023-11-05,On-time
604699,504699,2023-10-15,2023-10-14,On-time
604700,504700,2023-07-15,2023-07-19,Delayed
604701,504701,2023-11-03,2023-11-08,Delayed
604702,504702,2024-04-02,2024-04-03,On-time
604703,504703,2024-09-01,2024-09-01,On-time
604704,504704,2024-05-30,2024-05-29,On-time
604705,504705,2024-05-09,2024-05-10,On-time
604706,504706,2024-07-16,2024-07-16,On-time
604707,504707,2023-12-28,2023-12-27,On-time
604708,504708,2024-02-28,2024-02-28,On-time
604709,504709,2023-10-05,\N,\N
604710,504710,2023-12-09,2023-12-14,Delayed
604711,504711,2023-12-27,2023-12-26,On-time
604712,504712,2024-06-16,2024-06-16,On-time
604713,504713,2024-08-28,2024-08-27,On-time
604714,504714,2024-08-20,\N,Failed
604715,504715,2023-11-17,2023-11-18,On-time
604716,504716,2024-05-18,2024-05-18,On-time
604717,504717,2024-05-10,2024-05-13,Delayed
604718,504718,2024-02-17,2024-02-16,On-time
604719,504719,2023-12-09,\N,\N
604720,504720,2023-11-16,2023-11-20,Delayed
604721,504721,2024-01-23,2024-01-24,On-time
604722,504722,2024-09-04,2024-09-04,On-time
604723,504723,2024-09-30,2024-09-29,On-time
604724,504724,2024-02-27,2024-02-26,On-time
604725,504725,2024-04-25,2024-04-26,On-time
604726,504726,2024-09-07,\N,Failed
604727,504727,2024-05-14,2024-05-19,Delayed
604728,504728,2024-02-10,2024-02-11,On-time
604729,504729,2024-07-06,2024-07-05,On-time
604730,504730,2023-08-27,\N,Failed
604731,504731,2023-09-21,2023-09-22,On-time
604732,504732,2024-02-11,2024-02-10,On-time
604733,504733,2024-03-13,\N,Failed
604734,504734,2024-09-30,\N,\N
604735,504735,2023-11-02,2023-11-06,Delayed
604736,504736,2024-02-05,2024-02-06,On-time
604737,504737,2024-01-05,2024-01-04,On-time
604738,504738,2023-08-16,2023-08-21,Delayed
604739,504739,2023-12-16,2023-12-22,Delayed
604740,504740,2024-07-15,2024-07-16,On-time
604741,504741,2023-09-04,\N,Failed
604742,504742,2023-09-01,2023-09-02,On-time
604743,504743,2024-02-06,2024-02-07,On-time
604744,504744,2024-07-26,\N,Failed
604745,504745,2024-04-04,2024-04-04,On-time
604746,504746,2023-10-22,\N,Failed
604747,504747,2024-09-23,2024-09-28,Delayed
604748,504748,2023-12-09,2023-12-09,On-time
604749,504749,2023-09-23,\N,\N
604750,504750,2023-11-02,2023-11-03,On-time
604751,504751,2024-07-21,2024-07-21,On-time
604752,504752,2024-04-11,2024-04-10,On-time
604753,504753,2024-04-07,2024-04-12,Delayed
604754,504754,2024-05-03,\N,\N
604755,504755,2024-04-28,2024-04-27,On-time
604756,504756,2023-11-19,\N,Failed
604757,504757,2024-07-26,2024-07-29,Delayed
604758,504758,2024-04-27,2024-05-01,Delayed
604759,504759,2024-08-02,2024-08-02,On-time
604760,504760,2023-11-11,2023-11-15,Delayed
604761,504761,2023-07-29,2023-07-29,On-time
604762,504762,2023-07-12,\N,Failed
604763,504763,2024-01-24,2024-01-24,On-time
604764,504764,2023-08-27,2023-08-27,On-time
604765,504765,2024-06-22,2024-06-23,On-time
604766,504766,2023-08-27,2023-08-26,On-time
604767,504767,2024-07-31,2024-08-01,On-time
604768,504768,2024-09-14,2024-09-13,On-time
604769,504769,2024-01-20,2024-01-21,On-time
604770,504770,2023-11-30,\N,Failed
604771,504771,2023-09-29,2023-09-30,On-time
604772,504772,2023-11-18,2023-11-18,On-time
604773,504773,2023-09-05,2023-09-06,On-time
604774,504774,2023-07-07,2023-07-06,On-time
604775,504775,2024-05-02,2024-05-07,Delayed
604776,504776,2023-09-28,2023-09-27,On-time
604777,504777,2024-08-28,2024-08-27,On-time
604778,504778,2023-08-22,2023-08-21,On-time
604779,504779,2023-09-22,2023-09-23,On-time
604780,504780,2024-08-08,2024-08-08,On-time
604781,504781,2023-07-04,2023-07-04,On-time
604782,504782,2024-10-06,2024-10-08,Delayed
604783,504783,2023-12-04,2023-12-05,On-time
604784,504784,2024-09-14,\N,Failed
604785,504785,2024-09-21,2024-09-20,On-time
604786,504786,2024-09-04,2024-09-03,On-time
604787,504787,2024-04-11,2024-04-10,On-time
604788,504788,2023-10-24,2023-10-26,Delayed
604789,504789,2024-06-25,2024-06-24,On-time
604790,504790,2024-01-27,2024-01-27,On-time
604791,504791,2023-12-18,2023-12-21,Delayed
604792,504792,2024-08-16,\N,Failed
604793,504793,2024-05-16,\N,Failed
604794,504794,2023-06-21,2023-06-20,On-time
604795,504795,2023-06-11,2023-06-10,On-time
604796,504796,2024-04-28,2024-04-28,On-time
604797,504797,2023-09-27,2023-09-26,On-time
604798,504798,2023-12-04,2023-12-06,Delayed
604799,504799,2023-11-06,2023-11-05,On-time
604800,504800,2024-04-12,2024-04-13,On-time
604801,504801,2023-12-21,2023-12-20,On-time
604802,504802,2024-03-06,2024-03-07,On-time
604803,504803,2024-09-27,\N,\N
604804,504804,2023-07-02,2023-07-01,On-time
604805,504805,2023-10-09,2023-10-10,On-time
604806,504806,2024-01-22,2024-01-21,On-time
604807,504807,2024-03-15,2024-03-16,On-time
604808,504808,2023-07-05,2023-07-09,Delayed
604809,504809,2023-09-08,2023-09-07,On-time
604810,504810,2024-09-01,2024-09-02,On-time
604811,504811,2023-12-01,2023-12-02,On-time
604812,504812,2023-12-13,2023-12-12,On-time
604813,504813,2023-08-02,2023-08-05,Delayed
604814,504814,2023-08-23,2023-08-24,On-time
604815,504815,2024-05-25,2024-05-27,Delayed
604816,504816,2023-09-07,2023-09-08,On-time
604817,504817,2023-08-09,\N,Failed
604818,504818,2024-08-04,2024-08-05,On-time
604819,504819,2024-01-05,2024-01-05,On-time
604820,504820,2024-05-20,2024-05-20,On-time
604821,504821,2023-11-15,2023-11-14,On-time
604822,504822,2023-10-01,2023-10-01,On-time
604823,504823,2023-08-30,2023-08-29,On-time
604824,504824,2024-06-25,2024-06-25,On-time
604825,504825,2024-04-28,2024-04-27,On-time
604826,504826,2024-02-01,2024-01-31,On-time
604827,504827,2023-09-23,\N,Failed
604828,504828,2024-09-30,\N,\N
604829,504829,2023-06-07,2023-06-08,On-time
604830,504830,2023-06-30,2023-07-03,Delayed
604831,504831,2023-06-23,2023-06-23,On-time
604832,504832,2024-06-09,2024-06-12,Delayed
604833,504833,2023-08-07,2023-08-07,On-time
604834,504834,2023-11-15,2023-11-19,Delayed
604835,504835,2024-07-01,2024-07-02,On-time
604836,504836,2024-05-28,2024-06-02,Delayed
604837,504837,2023-11-03,2023-11-09,Delayed
604838,504838,2024-01-17,\N,\N
604839,504839,2023-08-04,2023-08-05,On-time
604840,504840,2023-07-11,2023-07-10,On-time
604841,504841,2023-06-29,2023-06-29,On-time
604842,504842,2024-04-27,2024-04-28,On-time
604843,504843,2024-02-09,\N,Failed
604844,504844,2023-12-27,\N,Failed
604845,504845,2024-03-26,2024-03-25,On-time
604846,504846,2024-03-28,2024-03-28,On-time
604847,504847,2024-10-05,2024-10-06,On-time
604848,504848,2023-10-07,2023-10-07,On-time
604849,504849,2024-06-24,2024-06-23,On-time
604850,504850,2024-03-29,2024-03-28,On-time
604851,504851,2023-09-08,2023-09-08,On-time
604852,504852,2024-02-02,2024-02-03,On-time
604853,504853,2024-06-25,\N,Failed
604854,504854,2024-02-04,2024-02-05,On-time
604855,504855,2024-05-23,2024-05-24,On-time
604856,504856,2024-04-16,2024-04-17,On-time
604857,504857,2024-05-03,2024-05-02,On-time
604858,504858,2024-08-22,2024-08-21,On-time
604859,504859,2024-02-05,2024-02-07,Delayed
604860,504860,2024-09-20,\N,Failed
604861,504861,2024-02-12,2024-02-15,Delayed
604862,504862,2023-11-07,2023-11-06,On-time
604863,504863,2023-07-11,2023-07-11,On-time
604864,504864,2024-04-21,2024-04-27,Delayed
604865,504865,2024-10-03,\N,Failed
604866,504866,2024-02-09,2024-02-11,Delayed
604867,504867,2023-12-06,2023-12-07,On-time
604868,504868,2023-06-15,2023-06-14,On-time
604869,504869,2023-09-21,2023-09-22,On-time
604870,504870,2023-08-04,2023-08-04,On-time
604871,504871,2024-07-31,\N,Failed
604872,504872,2024-04-11,\N,\N
604873,504873,2023-06-20,2023-06-20,On-time
604874,504874,2024-08-24,2024-08-24,On-time
604875,504875,2023-09-04,2023-09-05,On-time
604876,504876,2023-12-25,2023-12-31,Delayed
604877,504877,2023-08-17,2023-08-16,On-time
604878,504878,2024-01-18,2024-01-19,On-time
604879,504879,2024-08-25,\N,\N
604880,504880,2023-07-12,\N,\N
604881,504881,2023-07-13,2023-07-12,On-time
604882,504882,2023-08-26,2023-08-28,Delayed
604883,504883,2023-08-11,2023-08-13,Delayed
604884,504884,2024-05-30,2024-06-02,Delayed
604885,504885,2024-02-27,2024-02-26,On-time
604886,504886,2023-12-19,2023-12-20,On-time
604887,504887,2024-06-09,\N,\N
604888,504888,2024-08-03,\N,Failed
604889,504889,2024-06-17,2024-06-16,On-time
604890,504890,2024-06-27,2024-06-27,On-time
604891,504891,2024-07-14,2024-07-15,On-time
604892,504892,2023-06-15,\N,Failed
604893,504893,2024-01-28,2024-01-28,On-time
604894,504894,2023-06-14,2023-06-15,On-time
604895,504895,2024-04-03,2024-04-08,Delayed
604896,504896,2024-06-17,2024-06-17,On-time
604897,504897,2024-09-26,2024-09-25,On-time
604898,504898,2024-03-29,2024-03-28,On-time
604899,504899,2024-02-26,2024-02-27,On-time
604900,504900,2024-01-21,2024-01-21,On-time
604901,504901,2023-09-22,2023-09-21,On-time
604902,504902,2024-04-06,2024-04-05,On-time
604903,504903,2023-10-19,2023-10-21,Delayed
604904,504904,2023-06-12,2023-06-13,On-time
604905,504905,2023-11-04,2023-11-06,Delayed
604906,504906,2024-08-22,2024-08-21,On-time
604907,504907,2024-04-09,2024-04-08,On-time
604908,504908,2023-12-31,2023-12-31,On-time
604909,504909,2023-06-15,2023-06-15,On-time
604910,504910,2023-07-23,2023-07-28,Delayed
604911,504911,2023-09-30,2023-10-06,Delayed
604912,504912,2024-08-17,\N,\N
604913,504913,2023-10-09,2023-10-12,Delayed
604914,504914,2023-07-28,2023-08-01,Delayed
604915,504915,2024-07-04,2024-07-10,Delayed
604916,504916,2023-07-30,2023-07-30,On-time
604917,504917,2023-07-08,2023-07-08,On-time
604918,504918,2024-03-22,2024-03-27,Delayed
604919,504919,2024-02-07,\N,\N
604920,504920,2024-01-31,2024-02-01,On-time
604921,504921,2024-05-23,2024-05-24,On-time
604922,504922,2023-11-12,2023-11-13,On-time
604923,504923,2023-11-06,2023-11-05,On-time
604924,504924,2023-07-19,2023-07-19,On-time
604925,504925,2023-08-13,\N,Failed
604926,504926,2024-03-14,2024-03-15,On-time
604927,504927,2024-08-25,2024-08-24,On-time
604928,504928,2023-07-14,2023-07-13,On-time
604929,504929,2024-02-21,2024-02-20,On-time
604930,504930,2024-09-17,2024-09-18,On-time
604931,504931,2023-10-09,2023-10-13,Delayed
604932,504932,2024-09-09,2024-09-10,On-time
604933,504933,2024-06-04,2024-06-03,On-time
604934,504934,2023-08-18,2023-08-18,On-time
604935,504935,2023-11-01,2023-11-02,On-time
604936,504936,2023-09-29,2023-09-30,On-time
604937,504937,2024-02-28,2024-02-29,On-time
604938,504938,2024-05-29,2024-05-29,On-time
604939,504939,2024-05-06,2024-05-06,On-time
604940,504940,2024-06-09,2024-06-08,On-time
604941,504941,2024-07-17,2024-07-18,On-time
604942,504942,2024-08-22,2024-08-23,On-time
604943,504943,2024-02-26,2024-02-25,On-time
604944,504944,2023-10-03,2023-10-06,Delayed
604945,504945,2024-02-20,2024-02-21,On-time
604946,504946,2023-10-14,2023-10-13,On-time
604947,504947,2023-06-15,2023-06-14,On-time
604948,504948,2023-11-01,\N,Failed
604949,504949,2023-11-30,2023-11-30,On-time
604950,504950,2023-08-20,2023-08-21,On-time
604951,504951,2024-05-31,2024-05-31,On-time
604952,504952,2023-11-28,2023-11-27,On-time
604953,504953,2024-05-09,2024-05-10,On-time
604954,504954,2024-03-10,2024-03-11,On-time
604955,504955,2023-11-19,2023-11-19,On-time
604956,504956,2024-10-03,2024-10-08,Delayed
604957,504957,2023-08-30,2023-08-29,On-time
604958,504958,2023-11-13,\N,Failed
604959,504959,2024-06-06,2024-06-09,Delayed
604960,504960,2024-08-03,2024-08-06,Delayed
604961,504961,2024-05-08,2024-05-07,On-time
604962,504962,2023-07-18,2023-07-18,On-time
604963,504963,2023-10-05,2023-10-06,On-time
604964,504964,2024-03-16,2024-03-16,On-time
604965,504965,2024-05-08,2024-05-09,On-time
604966,504966,2024-08-20,2024-08-20,On-time
604967,504967,2024-09-16,2024-09-15,On-time
604968,504968,2024-07-31,2024-08-04,Delayed
604969,504969,2023-11-07,2023-11-07,On-time
604970,504970,2024-07-24,\N,\N
604971,504971,2023-10-17,2023-10-16,On-time
604972,504972,2023-11-26,2023-11-26,On-time
604973,504973,2024-04-03,\N,Failed
604974,504974,2023-06-04,2023-06-05,On-time
604975,504975,2024-08-14,2024-08-13,On-time
604976,504976,2023-09-05,2023-09-04,On-time
604977,504977,2024-08-17,2024-08-18,On-time
604978,504978,2023-11-05,\N,Failed
604979,504979,2023-12-09,2023-12-13,Delayed
604980,504980,2023-07-09,2023-07-10,On-time
604981,504981,2024-02-29,2024-02-29,On-time
604982,504982,2024-01-27,2024-01-30,Delayed
604983,504983,2023-12-13,2023-12-13,On-time
604984,504984,2023-10-19,2023-10-18,On-time
604985,504985,2023-12-13,2023-12-13,On-time
604986,504986,2023-08-13,2023-08-13,On-time
604987,504987,2023-08-15,2023-08-15,On-time
604988,504988,2024-01-25,2024-01-26,On-time
604989,504989,2024-07-02,\N,Failed
604990,504990,2024-05-10,2024-05-10,On-time
604991,504991,2024-09-17,2024-09-16,On-time
604992,504992,2023-12-27,2023-12-28,On-time
604993,504993,2024-07-18,2024-07-17,On-time
604994,504994,2023-10-02,2023-10-02,On-time
604995,504995,2024-06-10,2024-06-12,Delayed
604996,504996,2023-11-03,2023-11-04,On-time
604997,504997,2023-06-23,2023-06-22,On-time
604998,504998,2023-08-08,2023-08-10,Delayed
604999,504999,2023-06-08,2023-06-11,Delayed
605000,505000,2023-12-10,2023-12-11,On-time
605001,505001,2024-06-26,2024-06-26,On-time
605002,505002,2023-12-26,2023-12-27,On-time
605003,505003,2023-08-12,2023-08-13,On-time
605004,505004,2024-04-28,2024-05-02,Delayed
605005,505005,2023-09-01,2023-09-02,On-time
605006,505006,2023-10-04,2023-10-04,On-time
605007,505007,2023-06-07,2023-06-08,On-time
605008,505008,2023-08-22,2023-08-21,On-time
605009,505009,2024-04-12,\N,\N
605010,505010,2023-12-12,2023-12-11,On-time
605011,505011,2023-11-18,\N,\N
605012,505012,2023-07-06,2023-07-05,On-time
605013,505013,2024-07-23,2024-07-24,On-time
605014,505014,2023-08-19,\N,Failed
605015,505015,2023-07-20,2023-07-22,Delayed
605016,505016,2023-12-09,2023-12-10,On-time
605017,505017,2024-09-24,2024-09-24,On-time
605018,505018,2023-08-07,2023-08-06,On-time
605019,505019,2024-05-27,2024-05-28,On-time
605020,505020,2024-01-28,\N,\N
605021,505021,2024-05-06,2024-05-05,On-time
605022,505022,2023-08-08,2023-08-09,On-time
605023,505023,2023-09-20,\N,Failed
605024,505024,2024-01-12,\N,Failed
605025,505025,2024-07-09,2024-07-08,On-time
605026,505026,2023-09-25,\N,Failed
605027,505027,2023-06-28,2023-06-27,On-time
605028,505028,2024-09-14,2024-09-14,On-time
605029,505029,2023-10-22,2023-10-23,On-time
605030,505030,2024-02-15,2024-02-14,On-time
605031,505031,2023-07-02,2023-07-08,Delayed
605032,505032,2024-09-21,2024-09-27,Delayed
605033,505033,2024-09-12,2024-09-12,On-time
605034,505034,2024-08-22,2024-08-21,On-time
605035,505035,2023-07-29,2023-07-29,On-time
605036,505036,2023-09-15,2023-09-16,On-time
605037,505037,2023-10-18,2023-10-19,On-time
605038,505038,2023-07-18,2023-07-19,On-time
605039,505039,2024-01-15,\N,\N
605040,505040,2023-12-17,2023-12-16,On-time
605041,505041,2023-09-19,2023-09-19,On-time
605042,505042,2024-01-18,2024-01-17,On-time
605043,505043,2023-10-25,2023-10-25,On-time
605044,505044,2023-09-01,\N,\N
605045,505045,2023-10-31,2023-11-05,Delayed
605046,505046,2023-10-22,2023-10-22,On-time
605047,505047,2023-08-08,2023-08-14,Delayed
605048,505048,2024-08-17,2024-08-18,On-time
605049,505049,2023-09-19,\N,Failed
605050,505050,2024-01-26,2024-01-27,On-time
605051,505051,2024-08-12,2024-08-12,On-time
605052,505052,2024-07-17,\N,Failed
605053,505053,2023-12-12,2023-12-11,On-time
605054,505054,2024-05-27,\N,Failed
605055,505055,2023-10-12,2023-10-12,On-time
605056,505056,2023-09-26,2023-09-26,On-time
605057,505057,2024-03-08,2024-03-09,On-time
605058,505058,2023-06-10,2023-06-10,On-time
605059,505059,2024-06-28,2024-06-27,On-time
605060,505060,2024-01-10,2024-01-11,On-time
605061,505061,2023-06-13,2023-06-14,On-time
605062,505062,2023-11-23,2023-11-29,Delayed
605063,505063,2024-03-28,2024-04-01,Delayed
605064,505064,2024-05-17,2024-05-19,Delayed
605065,505065,2023-11-19,2023-11-18,On-time
605066,505066,2024-06-08,2024-06-10,Delayed
605067,505067,2024-08-22,2024-08-22,On-time
605068,505068,2024-09-08,2024-09-09,On-time
605069,505069,2023-09-15,2023-09-19,Delayed
605070,505070,2024-08-31,2024-09-01,On-time
605071,505071,2024-07-12,2024-07-14,Delayed
605072,505072,2024-01-03,2024-01-03,On-time
605073,505073,2024-05-06,\N,\N
605074,505074,2024-04-11,\N,Failed
605075,505075,2024-07-25,2024-07-24,On-time
605076,505076,2024-02-14,2024-02-15,On-time
605077,505077,2024-08-20,2024-08-19,On-time
605078,505078,2024-07-03,\N,\N
605079,505079,2023-08-24,2023-08-24,On-time
605080,505080,2024-09-09,\N,Failed
605081,505081,2024-06-28,\N,\N
605082,505082,2024-06-26,2024-06-26,On-time
605083,505083,2024-03-22,2024-03-27,Delayed
605084,505084,2024-05-24,2024-05-23,On-time
605085,505085,2024-07-07,2024-07-08,On-time
605086,505086,2023-09-11,2023-09-10,On-time
605087,505087,2024-07-05,\N,Failed
605088,505088,2024-08-18,\N,Failed
605089,505089,2024-02-28,2024-02-29,On-time
605090,505090,2024-06-13,2024-06-13,On-time
605091,505091,2024-01-11,2024-01-10,On-time
605092,505092,2024-03-31,2024-03-30,On-time
605093,505093,2024-07-16,\N,\N
605094,505094,2024-02-07,2024-02-06,On-time
605095,505095,2024-02-15,2024-02-14,On-time
605096,505096,2024-01-28,\N,Failed
605097,505097,2023-08-08,2023-08-14,Delayed
605098,505098,2024-08-04,\N,Failed
605099,505099,2024-02-25,\N,Failed
605100,505100,2023-09-08,2023-09-13,Delayed
605101,505101,2023-07-15,2023-07-15,On-time
605102,505102,2024-08-14,2024-08-15,On-time
605103,505103,2023-11-30,2023-12-01,On-time
605104,505104,2024-05-31,2024-05-31,On-time
605105,505105,2024-08-12,2024-08-13,On-time
605106,505106,2024-04-19,2024-04-23,Delayed
605107,505107,2023-08-03,2023-08-04,On-time
605108,505108,2023-08-01,2023-07-31,On-time
605109,505109,2024-04-16,2024-04-21,Delayed
605110,505110,2024-06-02,2024-06-01,On-time
605111,505111,2024-01-17,\N,Failed
605112,505112,2024-05-24,2024-05-30,Delayed
605113,505113,2024-06-01,\N,\N
605114,505114,2024-06-09,2024-06-08,On-time
605115,505115,2023-09-10,2023-09-09,On-time
605116,505116,2023-06-28,2023-06-29,On-time
605117,505117,2024-08-10,2024-08-15,Delayed
605118,505118,2023-09-20,2023-09-21,On-time
605119,505119,2024-04-01,\N,Failed
605120,505120,2023-11-14,2023-11-16,Delayed
605121,505121,2023-10-29,2023-10-29,On-time
605122,505122,2023-07-01,2023-07-05,Delayed
605123,505123,2024-09-11,\N,Failed
605124,505124,2023-08-21,\N,Failed
605125,505125,2024-10-05,2024-10-08,Delayed
605126,505126,2023-07-30,2023-07-31,On-time
605127,505127,2023-10-08,2023-10-09,On-time
605128,505128,2024-03-06,2024-03-10,Delayed
605129,505129,2024-05-25,2024-05-26,On-time
605130,505130,2024-05-08,2024-05-09,On-time
605131,505131,2024-06-09,2024-06-10,On-time
605132,505132,2024-01-30,2024-01-29,On-time
605133,505133,2024-08-26,\N,\N
605134,505134,2023-09-10,2023-09-11,On-time
605135,505135,2024-06-21,2024-06-20,On-time
605136,505136,2023-12-28,2023-12-28,On-time
605137,505137,2024-06-08,2024-06-08,On-time
605138,505138,2024-05-19,2024-05-19,On-time
605139,505139,2024-07-10,2024-07-11,On-time
605140,505140,2024-03-02,2024-03-01,On-time
605141,505141,2024-08-13,2024-08-19,Delayed
605142,505142,2023-08-05,2023-08-06,On-time
605143,505143,2023-11-25,2023-11-24,On-time
605144,505144,2024-08-21,2024-08-27,Delayed
605145,505145,2024-06-12,2024-06-13,On-time
605146,505146,2023-07-07,2023-07-13,Delayed
605147,505147,2024-08-29,2024-09-04,Delayed
605148,505148,2024-03-29,\N,\N
605149,505149,2024-09-11,2024-09-12,On-time
605150,505150,2024-06-14,2024-06-14,On-time
605151,505151,2023-07-20,2023-07-19,On-time
605152,505152,2024-04-23,2024-04-24,On-time
605153,505153,2023-08-31,2023-09-01,On-time
605154,505154,2023-10-08,2023-10-07,On-time
605155,505155,2024-08-30,2024-09-03,Delayed
605156,505156,2024-04-12,2024-04-12,On-time
605157,505157,2024-04-05,2024-04-04,On-time
605158,505158,2023-07-12,2023-07-13,On-time
605159,505159,2024-04-06,2024-04-09,Delayed
605160,505160,2023-10-11,2023-10-16,Delayed
605161,505161,2023-12-15,2023-12-15,On-time
605162,505162,2023-08-04,2023-08-04,On-time
605163,505163,2024-05-23,2024-05-22,On-time
605164,505164,2024-02-01,2024-02-06,Delayed
605165,505165,2024-08-30,2024-08-30,On-time
605166,505166,2023-07-08,2023-07-07,On-time
605167,505167,2023-11-09,2023-11-09,On-time
605168,505168,2023-08-13,2023-08-13,On-time
605169,505169,2023-08-04,2023-08-03,On-time
605170,505170,2024-07-19,\N,\N
605171,505171,2024-03-04,2024-03-05,On-time
605172,505172,2023-09-04,2023-09-07,Delayed
605173,505173,2024-09-01,2024-08-31,On-time
605174,505174,2023-07-20,2023-07-21,On-time
605175,505175,2024-01-18,\N,Failed
605176,505176,2024-02-09,2024-02-10,On-time
605177,505177,2023-09-13,2023-09-14,On-time
605178,505178,2023-09-27,2023-09-29,Delayed
605179,505179,2024-01-08,2024-01-10,Delayed
605180,505180,2024-08-29,\N,Failed
605181,505181,2024-10-04,2024-10-03,On-time
605182,505182,2023-08-24,\N,Failed
605183,505183,2024-07-14,2024-07-16,Delayed
605184,505184,2024-05-20,2024-05-19,On-time
605185,505185,2024-09-06,2024-09-06,On-time
605186,505186,2024-01-13,2024-01-13,On-time
605187,505187,2024-01-27,2024-01-28,On-time
605188,505188,2023-12-28,2023-12-28,On-time
605189,505189,2024-05-29,\N,Failed
605190,505190,2024-01-05,2024-01-05,On-time
605191,505191,2024-06-22,2024-06-21,On-time
605192,505192,2024-02-24,2024-02-24,On-time
605193,505193,2024-04-24,\N,\N
605194,505194,2024-03-24,2024-03-26,Delayed
605195,505195,2024-09-16,2024-09-22,Delayed
605196,505196,2023-10-19,2023-10-18,On-time
605197,505197,2023-09-09,2023-09-10,On-time
605198,505198,2024-03-28,2024-03-28,On-time
605199,505199,2023-12-04,2023-12-04,On-time
605200,505200,2023-11-08,2023-11-14,Delayed
605201,505201,2024-04-04,\N,\N
605202,505202,2023-08-23,\N,Failed
605203,505203,2023-10-12,\N,\N
605204,505204,2024-03-09,\N,Failed
605205,505205,2024-02-01,\N,Failed
605206,505206,2024-10-02,\N,\N
605207,505207,2024-03-11,2024-03-11,On-time
605208,505208,2024-08-20,\N,\N
605209,505209,2024-02-02,2024-02-01,On-time
605210,505210,2023-11-25,2023-11-25,On-time
605211,505211,2023-11-20,2023-11-21,On-time
605212,505212,2023-11-10,2023-11-14,Delayed
605213,505213,2024-07-08,2024-07-08,On-time
605214,505214,2023-12-17,2023-12-17,On-time
605215,505215,2023-09-27,2023-10-02,Delayed
605216,505216,2024-03-09,2024-03-10,On-time
605217,505217,2023-12-07,2023-12-13,Delayed
605218,505218,2024-01-08,\N,Failed
605219,505219,2023-06-30,2023-06-29,On-time
605220,505220,2023-07-08,2023-07-07,On-time
605221,505221,2023-08-25,2023-08-24,On-time
605222,505222,2023-11-09,2023-11-10,On-time
605223,505223,2024-05-06,\N,Failed
605224,505224,2023-06-19,2023-06-18,On-time
605225,505225,2023-08-18,\N,Failed
605226,505226,2024-04-09,2024-04-10,On-time
605227,505227,2024-02-17,2024-02-20,Delayed
605228,505228,2024-10-04,2024-10-05,On-time
605229,505229,2024-03-22,2024-03-23,On-time
605230,505230,2023-08-09,2023-08-08,On-time
605231,505231,2024-08-13,2024-08-15,Delayed
605232,505232,2024-03-13,2024-03-13,On-time
605233,505233,2024-01-29,2024-01-29,On-time
605234,505234,2024-04-05,2024-04-11,Delayed
605235,505235,2024-06-19,2024-06-19,On-time
605236,505236,2023-10-14,2023-10-20,Delayed
605237,505237,2024-08-06,2024-08-11,Delayed
605238,505238,2024-09-27,\N,Failed
605239,505239,2024-08-23,2024-08-22,On-time
605240,505240,2023-12-24,2023-12-24,On-time
605241,505241,2023-08-09,2023-08-13,Delayed
605242,505242,2023-06-15,\N,\N
605243,505243,2023-11-20,2023-11-20,On-time
605244,505244,2024-02-29,2024-02-28,On-time
605245,505245,2024-03-08,2024-03-08,On-time
605246,505246,2024-08-25,2024-08-27,Delayed
605247,505247,2023-12-17,\N,Failed
605248,505248,2023-07-12,2023-07-11,On-time
605249,505249,2024-05-05,2024-05-04,On-time
605250,505250,2023-11-05,2023-11-06,On-time
605251,505251,2023-08-27,2023-08-27,On-time
605252,505252,2024-03-04,2024-03-03,On-time
605253,505253,2024-05-25,\N,\N
605254,505254,2023-09-21,2023-09-20,On-time
605255,505255,2024-10-02,2024-10-01,On-time
605256,505256,2023-08-06,\N,\N
605257,505257,2024-05-20,2024-05-26,Delayed
605258,505258,2024-03-07,2024-03-06,On-time
605259,505259,2023-09-28,2023-09-28,On-time
605260,505260,2023-06-30,2023-06-29,On-time
605261,505261,2023-12-13,2023-12-13,On-time
605262,505262,2023-11-09,2023-11-09,On-time
605263,505263,2024-04-21,2024-04-21,On-time
605264,505264,2024-02-07,\N,Failed
605265,505265,2023-09-11,2023-09-13,Delayed
605266,505266,2023-08-17,2023-08-18,On-time
605267,505267,2023-09-10,2023-09-16,Delayed
605268,505268,2024-04-15,2024-04-14,On-time
605269,505269,2023-09-15,2023-09-16,On-time
605270,505270,2024-01-13,2024-01-14,On-time
605271,505271,2024-08-13,2024-08-13,On-time
605272,505272,2024-01-24,2024-01-24,On-time
605273,505273,2024-01-13,2024-01-12,On-time
605274,505274,2024-05-26,2024-05-26,On-time
605275,505275,2023-08-29,2023-08-30,On-time
605276,505276,2024-08-03,2024-08-05,Delayed
605277,505277,2024-06-10,2024-06-10,On-time
605278,505278,2024-03-31,2024-03-31,On-time
605279,505279,2023-07-03,2023-07-02,On-time
605280,505280,2024-09-17,2024-09-16,On-time
605281,505281,2023-09-05,2023-09-05,On-time
605282,505282,2024-08-11,2024-08-11,On-time
605283,505283,2024-06-05,2024-06-09,Delayed
605284,505284,2024-02-28,2024-03-04,Delayed
605285,505285,2023-09-24,2023-09-30,Delayed
605286,505286,2024-05-22,2024-05-21,On-time
605287,505287,2023-07-08,2023-07-08,On-time
605288,505288,2024-07-27,\N,\N
605289,505289,2024-04-03,\N,\N
605290,505290,2024-04-30,2024-05-01,On-time
605291,505291,2024-01-06,\N,Failed
605292,505292,2023-07-11,2023-07-14,Delayed
605293,505293,2024-04-29,2024-04-30,On-time
605294,505294,2024-03-27,2024-03-26,On-time
605295,505295,2023-09-21,2023-09-22,On-time
605296,505296,2024-04-25,2024-04-25,On-time
605297,505297,2024-04-21,2024-04-27,Delayed
605298,505298,2024-02-23,2024-02-22,On-time
605299,505299,2024-07-24,2024-07-24,On-time
605300,505300,2023-08-22,2023-08-21,On-time
605301,505301,2023-10-13,2023-10-14,On-time
605302,505302,2024-01-13,2024-01-19,Delayed
605303,505303,2023-10-18,2023-10-24,Delayed
605304,505304,2024-08-15,2024-08-15,On-time
605305,505305,2023-09-14,\N,\N
605306,505306,2023-12-02,2023-12-01,On-time
605307,505307,2024-03-05,2024-03-05,On-time
605308,505308,2024-10-03,2024-10-03,On-time
605309,505309,2024-09-17,2024-09-16,On-time
605310,505310,2024-07-03,\N,Failed
605311,505311,2023-08-12,\N,\N
605312,505312,2023-10-08,2023-10-13,Delayed
605313,505313,2024-04-22,\N,Failed
605314,505314,2023-10-27,2023-10-26,On-time
605315,505315,2024-02-10,2024-02-10,On-time
605316,505316,2024-06-06,2024-06-07,On-time
605317,505317,2024-06-04,2024-06-04,On-time
605318,505318,2024-03-01,2024-02-29,On-time
605319,505319,2023-06-21,2023-06-27,Delayed
605320,505320,2023-07-29,2023-07-28,On-time
605321,505321,2023-07-25,2023-07-25,On-time
605322,505322,2024-06-05,2024-06-06,On-time
605323,505323,2024-05-29,2024-05-30,On-time
605324,505324,2024-06-18,2024-06-17,On-time
605325,505325,2024-02-21,2024-02-21,On-time
605326,505326,2023-08-26,2023-08-27,On-time
605327,505327,2024-03-23,2024-03-22,On-time
605328,505328,2024-03-10,2024-03-11,On-time
605329,505329,2023-12-29,2023-12-29,On-time
605330,505330,2024-03-07,2024-03-06,On-time
605331,505331,2023-11-18,2023-11-17,On-time
605332,505332,2024-01-01,2023-12-31,On-time
605333,505333,2024-05-19,2024-05-18,On-time
605334,505334,2024-06-22,2024-06-22,On-time
605335,505335,2023-07-10,2023-07-11,On-time
605336,505336,2024-02-16,2024-02-17,On-time
605337,505337,2024-04-25,\N,\N
605338,505338,2024-05-21,\N,\N
605339,505339,2024-05-09,2024-05-08,On-time
605340,505340,2023-06-29,\N,\N
605341,505341,2023-10-04,2023-10-05,On-time
605342,505342,2024-03-17,\N,Failed
605343,505343,2024-08-06,2024-08-05,On-time
605344,505344,2023-08-24,2023-08-25,On-time
605345,505345,2024-01-10,2024-01-09,On-time
605346,505346,2023-09-14,2023-09-14,On-time
605347,505347,2024-01-08,2024-01-07,On-time
605348,505348,2023-09-17,2023-09-19,Delayed
605349,505349,2024-01-01,2024-01-02,On-time
605350,505350,2024-06-27,2024-06-26,On-time
605351,505351,2024-09-04,2024-09-05,On-time
605352,505352,2024-02-20,2024-02-20,On-time
605353,505353,2023-06-17,2023-06-23,Delayed
605354,505354,2023-06-06,2023-06-06,On-time
605355,505355,2023-12-14,2023-12-17,Delayed
605356,505356,2024-07-21,2024-07-22,On-time
605357,505357,2023-12-26,2023-12-27,On-time
605358,505358,2023-06-21,2023-06-26,Delayed
605359,505359,2023-12-24,2023-12-23,On-time
605360,505360,2024-06-23,\N,Failed
605361,505361,2024-03-20,2024-03-21,On-time
605362,505362,2024-05-18,\N,\N
605363,505363,2023-09-16,2023-09-16,On-time
605364,505364,2023-12-08,2023-12-07,On-time
605365,505365,2023-12-01,2023-12-02,On-time
605366,505366,2024-06-03,2024-06-06,Delayed
605367,505367,2024-08-02,2024-08-07,Delayed
605368,505368,2024-01-01,2023-12-31,On-time
605369,505369,2024-04-29,2024-04-29,On-time
605370,505370,2024-10-02,2024-10-03,On-time
605371,505371,2024-06-16,2024-06-17,On-time
605372,505372,2023-10-18,2023-10-22,Delayed
605373,505373,2023-08-27,2023-08-26,On-time
605374,505374,2024-04-16,2024-04-17,On-time
605375,505375,2023-07-17,2023-07-18,On-time
605376,505376,2023-12-13,\N,Failed
605377,505377,2023-09-29,\N,\N
605378,505378,2023-08-30,2023-08-30,On-time
605379,505379,2023-11-02,2023-11-02,On-time
605380,505380,2024-02-20,2024-02-19,On-time
605381,505381,2023-09-22,2023-09-23,On-time
605382,505382,2023-06-27,2023-06-27,On-time
605383,505383,2024-10-01,2024-09-30,On-time
605384,505384,2024-07-03,2024-07-02,On-time
605385,505385,2024-09-26,2024-09-25,On-time
605386,505386,2023-08-24,2023-08-24,On-time
605387,505387,2023-09-10,\N,Failed
605388,505388,2024-02-01,2024-02-06,Delayed
605389,505389,2024-08-26,2024-08-26,On-time
605390,505390,2023-06-27,2023-06-27,On-time
605391,505391,2023-07-28,2023-07-29,On-time
605392,505392,2023-06-25,2023-06-24,On-time
605393,505393,2024-07-07,2024-07-08,On-time
605394,505394,2024-08-20,2024-08-22,Delayed
605395,505395,2024-09-11,2024-09-12,On-time
605396,505396,2024-05-02,2024-05-01,On-time
605397,505397,2024-01-25,2024-01-26,On-time
605398,505398,2023-11-30,\N,Failed
605399,505399,2024-07-05,2024-07-06,On-time
605400,505400,2023-10-16,2023-10-17,On-time
605401,505401,2023-10-28,2023-10-28,On-time
605402,505402,2023-08-15,2023-08-14,On-time
605403,505403,2024-02-28,2024-02-29,On-time
605404,505404,2023-06-06,2023-06-07,On-time
605405,505405,2024-08-13,2024-08-13,On-time
605406,505406,2024-05-11,\N,\N
605407,505407,2024-08-27,\N,\N
605408,505408,2023-10-22,2023-10-22,On-time
605409,505409,2023-06-17,\N,Failed
605410,505410,2023-08-28,2023-08-29,On-time
605411,505411,2024-07-26,2024-07-26,On-time
605412,505412,2023-07-11,2023-07-10,On-time
605413,505413,2024-03-04,2024-03-07,Delayed
605414,505414,2023-10-14,2023-10-15,On-time
605415,505415,2024-01-09,\N,Failed
605416,505416,2024-07-02,2024-07-03,On-time
605417,505417,2024-04-11,2024-04-11,On-time
605418,505418,2024-01-24,2024-01-27,Delayed
605419,505419,2024-04-02,2024-04-03,On-time
605420,505420,2024-09-10,\N,\N
605421,505421,2024-01-17,2024-01-20,Delayed
605422,505422,2024-08-30,2024-08-29,On-time
605423,505423,2023-08-31,2023-09-01,On-time
605424,505424,2024-04-03,2024-04-09,Delayed
605425,505425,2023-11-01,2023-11-07,Delayed
605426,505426,2024-09-07,2024-09-09,Delayed
605427,505427,2024-02-27,\N,\N
605428,505428,2024-01-07,2024-01-08,On-time
605429,505429,2023-07-13,2023-07-12,On-time
605430,505430,2023-07-10,2023-07-11,On-time
605431,505431,2023-07-01,2023-07-01,On-time
605432,505432,2024-05-07,2024-05-11,Delayed
605433,505433,2024-04-14,2024-04-15,On-time
605434,505434,2023-08-01,2023-08-07,Delayed
605435,505435,2024-04-23,2024-04-29,Delayed
605436,505436,2023-12-04,2023-12-05,On-time
605437,505437,2023-12-18,\N,\N
605438,505438,2024-05-01,2024-04-30,On-time
605439,505439,2024-03-22,2024-03-22,On-time
605440,505440,2024-06-23,2024-06-23,On-time
605441,505441,2024-09-22,\N,\N
605442,505442,2024-08-19,2024-08-19,On-time
605443,505443,2023-11-18,2023-11-19,On-time
605444,505444,2023-09-20,\N,\N
605445,505445,2024-02-14,2024-02-15,On-time
605446,505446,2023-08-15,2023-08-19,Delayed
605447,505447,2024-05-11,2024-05-16,Delayed
605448,505448,2024-01-10,2024-01-16,Delayed
605449,505449,2023-10-29,\N,\N
605450,505450,2024-04-14,2024-04-13,On-time
605451,505451,2023-11-19,2023-11-24,Delayed
605452,505452,2024-03-14,2024-03-14,On-time
605453,505453,2024-08-13,2024-08-18,Delayed
605454,505454,2023-07-07,2023-07-08,On-time
605455,505455,2024-08-05,\N,\N
605456,505456,2024-08-13,2024-08-12,On-time
605457,505457,2023-10-15,2023-10-15,On-time
605458,505458,2023-09-02,2023-09-02,On-time
605459,505459,2024-01-26,2024-01-30,Delayed
605460,505460,2024-10-03,2024-10-08,Delayed
605461,505461,2023-07-16,2023-07-15,On-time
605462,505462,2024-02-04,2024-02-05,On-time
605463,505463,2024-05-20,2024-05-24,Delayed
605464,505464,2024-05-08,\N,\N
605465,505465,2023-09-24,2023-09-26,Delayed
605466,505466,2024-08-07,2024-08-06,On-time
605467,505467,2024-06-20,\N,Failed
605468,505468,2023-06-21,2023-06-26,Delayed
605469,505469,2023-12-07,2023-12-12,Delayed
605470,505470,2024-01-25,2024-01-25,On-time
605471,505471,2024-01-29,2024-01-28,On-time
605472,505472,2023-06-25,2023-06-25,On-time
605473,505473,2023-07-06,2023-07-09,Delayed
605474,505474,2024-04-25,2024-04-28,Delayed
605475,505475,2023-08-13,\N,Failed
605476,505476,2023-10-07,2023-10-06,On-time
605477,505477,2023-11-18,2023-11-19,On-time
605478,505478,2023-11-18,2023-11-20,Delayed
605479,505479,2024-03-13,2024-03-13,On-time
605480,505480,2024-03-11,2024-03-10,On-time
605481,505481,2024-04-17,2024-04-16,On-time
605482,505482,2024-04-09,2024-04-09,On-time
605483,505483,2023-09-24,\N,\N
605484,505484,2023-10-03,2023-10-03,On-time
605485,505485,2024-04-16,2024-04-21,Delayed
605486,505486,2024-01-19,2024-01-20,On-time
605487,505487,2024-08-19,2024-08-20,On-time
605488,505488,2024-01-30,2024-01-30,On-time
605489,505489,2024-02-16,\N,Failed
605490,505490,2023-12-08,2023-12-09,On-time
605491,505491,2024-04-08,2024-04-08,On-time
605492,505492,2024-03-09,2024-03-09,On-time
605493,505493,2023-11-24,\N,\N
605494,505494,2024-02-17,2024-02-18,On-time
605495,505495,2024-07-15,2024-07-15,On-time
605496,505496,2023-09-12,2023-09-18,Delayed
605497,505497,2024-03-20,2024-03-20,On-time
605498,505498,2023-10-12,2023-10-16,Delayed
605499,505499,2023-08-07,2023-08-06,On-time
605500,505500,2024-03-01,2024-03-06,Delayed
605501,505501,2024-06-21,\N,\N
605502,505502,2024-02-22,2024-02-21,On-time
605503,505503,2024-07-07,2024-07-06,On-time
605504,505504,2024-04-02,2024-04-01,On-time
605505,505505,2024-09-11,2024-09-16,Delayed
605506,505506,2023-11-02,2023-11-02,On-time
605507,505507,2024-07-23,2024-07-25,Delayed
605508,505508,2023-12-22,2023-12-22,On-time
605509,505509,2024-03-15,\N,\N
605510,505510,2024-05-26,\N,Failed
605511,505511,2024-03-27,2024-03-29,Delayed
605512,505512,2024-03-16,2024-03-16,On-time
605513,505513,2024-03-23,2024-03-24,On-time
605514,505514,2023-07-24,2023-07-24,On-time
605515,505515,2023-12-01,2023-11-30,On-time
605516,505516,2023-10-19,2023-10-20,On-time
605517,505517,2023-10-24,2023-10-28,Delayed
605518,505518,2023-12-08,2023-12-08,On-time
605519,505519,2023-12-28,2023-12-27,On-time
605520,505520,2023-12-30,\N,\N
605521,505521,2023-07-09,\N,\N
605522,505522,2023-12-18,2023-12-19,On-time
605523,505523,2024-08-09,2024-08-09,On-time
605524,505524,2023-09-20,2023-09-21,On-time
605525,505525,2024-02-02,2024-02-01,On-time
605526,505526,2024-06-11,2024-06-12,On-time
605527,505527,2024-06-17,2024-06-18,On-time
605528,505528,2023-12-28,2023-12-31,Delayed
605529,505529,2024-02-20,2024-02-22,Delayed
605530,505530,2024-05-01,2024-04-30,On-time
605531,505531,2023-08-29,2023-08-30,On-time
605532,505532,2024-05-27,2024-05-26,On-time
605533,505533,2024-07-17,2024-07-18,On-time
605534,505534,2024-07-22,2024-07-21,On-time
605535,505535,2023-11-28,\N,Failed
605536,505536,2024-02-08,\N,\N
605537,505537,2024-04-04,2024-04-04,On-time
605538,505538,2023-07-02,2023-07-05,Delayed
605539,505539,2023-08-15,2023-08-15,On-time
605540,505540,2024-07-13,2024-07-19,Delayed
605541,505541,2024-08-23,2024-08-29,Delayed
605542,505542,2024-06-29,2024-06-28,On-time
605543,505543,2024-07-22,2024-07-23,On-time
605544,505544,2024-01-09,2024-01-08,On-time
605545,505545,2023-08-25,\N,Failed
605546,505546,2024-02-29,2024-02-28,On-time
605547,505547,2024-06-13,2024-06-13,On-time
605548,505548,2024-05-21,2024-05-21,On-time
605549,505549,2024-03-23,2024-03-22,On-time
605550,505550,2023-10-01,\N,\N
605551,505551,2023-07-05,2023-07-10,Delayed
605552,505552,2023-10-08,\N,Failed
605553,505553,2024-05-08,2024-05-07,On-time
605554,505554,2024-03-01,2024-03-04,Delayed
605555,505555,2024-10-03,\N,Failed
605556,505556,2024-06-20,2024-06-20,On-time
605557,505557,2024-03-13,2024-03-14,On-time
605558,505558,2024-07-10,2024-07-12,Delayed
605559,505559,2024-09-10,2024-09-11,On-time
605560,505560,2024-03-20,2024-03-23,Delayed
605561,505561,2023-12-22,2023-12-21,On-time
605562,505562,2023-11-15,2023-11-14,On-time
605563,505563,2023-10-14,2023-10-13,On-time
605564,505564,2023-09-12,\N,Failed
605565,505565,2023-09-17,2023-09-18,On-time
605566,505566,2024-05-02,2024-05-01,On-time
605567,505567,2023-11-18,2023-11-20,Delayed
605568,505568,2024-07-13,2024-07-18,Delayed
605569,505569,2023-06-18,2023-06-17,On-time
605570,505570,2023-06-30,2023-07-05,Delayed
605571,505571,2023-12-21,2023-12-20,On-time
605572,505572,2024-09-09,2024-09-14,Delayed
605573,505573,2023-09-15,2023-09-14,On-time
605574,505574,2023-09-03,\N,\N
605575,505575,2023-10-29,2023-10-30,On-time
605576,505576,2024-07-21,2024-07-22,On-time
605577,505577,2023-07-30,\N,\N
605578,505578,2024-05-17,2024-05-18,On-time
605579,505579,2023-08-04,2023-08-03,On-time
605580,505580,2024-03-31,2024-03-30,On-time
605581,505581,2024-04-28,2024-04-30,Delayed
605582,505582,2023-11-13,2023-11-12,On-time
605583,505583,2023-07-13,\N,Failed
605584,505584,2024-04-10,2024-04-11,On-time
605585,505585,2024-01-05,\N,\N
605586,505586,2023-12-14,2023-12-15,On-time
605587,505587,2024-08-15,\N,Failed
605588,505588,2024-07-02,2024-07-03,On-time
605589,505589,2024-08-30,2024-08-31,On-time
605590,505590,2024-08-06,2024-08-07,On-time
605591,505591,2023-12-01,2023-12-01,On-time
605592,505592,2023-11-04,2023-11-05,On-time
605593,505593,2023-12-04,2023-12-05,On-time
605594,505594,2023-09-23,2023-09-23,On-time
605595,505595,2024-04-22,2024-04-21,On-time
605596,505596,2024-05-28,\N,Failed
605597,505597,2024-06-21,2024-06-21,On-time
605598,505598,2024-09-02,\N,\N
605599,505599,2024-08-09,2024-08-10,On-time
605600,505600,2024-01-13,2024-01-14,On-time
605601,505601,2023-06-14,\N,\N
605602,505602,2023-08-28,2023-09-03,Delayed
605603,505603,2024-01-18,2024-01-18,On-time
605604,505604,2024-01-18,2024-01-21,Delayed
605605,505605,2024-03-23,2024-03-22,On-time
605606,505606,2024-04-26,2024-04-26,On-time
605607,505607,2024-01-23,2024-01-26,Delayed
605608,505608,2024-09-10,\N,Failed
605609,505609,2023-12-03,2023-12-03,On-time
605610,505610,2024-03-10,2024-03-10,On-time
605611,505611,2023-07-28,\N,\N
605612,505612,2023-06-15,2023-06-14,On-time
605613,505613,2024-07-04,2024-07-03,On-time
605614,505614,2023-10-28,2023-11-02,Delayed
605615,505615,2024-07-24,\N,Failed
605616,505616,2024-08-25,2024-08-29,Delayed
605617,505617,2024-09-12,2024-09-13,On-time
605618,505618,2023-08-12,2023-08-13,On-time
605619,505619,2024-07-19,2024-07-20,On-time
605620,505620,2024-05-07,2024-05-08,On-time
605621,505621,2023-12-14,2023-12-15,On-time
605622,505622,2023-10-15,\N,\N
605623,505623,2024-07-10,\N,\N
605624,505624,2024-06-11,\N,\N
605625,505625,2024-05-06,2024-05-06,On-time
605626,505626,2023-10-01,2023-10-01,On-time
605627,505627,2023-07-19,\N,\N
605628,505628,2024-05-18,2024-05-22,Delayed
605629,505629,2023-08-05,2023-08-06,On-time
605630,505630,2024-04-30,2024-05-01,On-time
605631,505631,2024-01-26,2024-01-27,On-time
605632,505632,2024-07-15,2024-07-19,Delayed
605633,505633,2024-06-28,\N,Failed
605634,505634,2023-06-12,2023-06-17,Delayed
605635,505635,2024-08-14,2024-08-15,On-time
605636,505636,2023-06-20,2023-06-20,On-time
605637,505637,2024-05-29,2024-05-29,On-time
605638,505638,2024-09-17,2024-09-18,On-time
605639,505639,2023-10-03,2023-10-03,On-time
605640,505640,2024-06-15,2024-06-16,On-time
605641,505641,2023-06-11,2023-06-11,On-time
605642,505642,2024-04-05,\N,\N
605643,505643,2024-08-17,2024-08-18,On-time
605644,505644,2023-06-13,2023-06-14,On-time
605645,505645,2023-12-17,2023-12-16,On-time
605646,505646,2023-08-25,2023-08-24,On-time
605647,505647,2024-09-10,2024-09-10,On-time
605648,505648,2024-08-17,2024-08-17,On-time
605649,505649,2023-12-23,2023-12-23,On-time
605650,505650,2023-11-02,2023-11-03,On-time
605651,505651,2023-10-18,2023-10-18,On-time
605652,505652,2024-09-27,2024-09-28,On-time
605653,505653,2023-12-17,2023-12-19,Delayed
605654,505654,2024-03-17,2024-03-17,On-time
605655,505655,2024-05-04,\N,Failed
605656,505656,2023-10-24,2023-10-25,On-time
605657,505657,2023-10-02,2023-10-01,On-time
605658,505658,2023-10-15,2023-10-20,Delayed
605659,505659,2024-05-26,2024-05-27,On-time
605660,505660,2024-04-18,2024-04-17,On-time
605661,505661,2024-01-30,2024-01-29,On-time
605662,505662,2024-04-05,2024-04-04,On-time
605663,505663,2023-11-27,2023-11-29,Delayed
605664,505664,2024-04-25,2024-04-24,On-time
605665,505665,2024-01-14,2024-01-18,Delayed
605666,505666,2023-10-29,2023-10-28,On-time
605667,505667,2024-03-05,\N,Failed
605668,505668,2024-01-19,2024-01-20,On-time
605669,505669,2023-12-24,2023-12-25,On-time
605670,505670,2024-01-02,2024-01-03,On-time
605671,505671,2024-09-10,\N,Failed
605672,505672,2024-03-15,2024-03-16,On-time
605673,505673,2024-01-21,2024-01-25,Delayed
605674,505674,2024-01-19,2024-01-18,On-time
605675,505675,2023-10-22,2023-10-22,On-time
605676,505676,2023-09-15,2023-09-14,On-time
605677,505677,2024-08-25,2024-08-25,On-time
605678,505678,2024-01-23,2024-01-27,Delayed
605679,505679,2024-09-22,2024-09-23,On-time
605680,505680,2024-02-10,2024-02-10,On-time
605681,505681,2023-11-01,2023-11-02,On-time
605682,505682,2024-08-18,\N,\N
605683,505683,2024-05-26,\N,Failed
605684,505684,2024-08-30,\N,Failed
605685,505685,2024-10-03,\N,\N
605686,505686,2023-08-12,2023-08-12,On-time
605687,505687,2024-08-23,2024-08-22,On-time
605688,505688,2024-07-06,2024-07-07,On-time
605689,505689,2023-10-04,\N,Failed
605690,505690,2024-05-14,2024-05-13,On-time
605691,505691,2024-01-12,2024-01-13,On-time
605692,505692,2023-10-25,2023-10-25,On-time
605693,505693,2024-06-24,2024-06-27,Delayed
605694,505694,2024-07-11,2024-07-10,On-time
605695,505695,2024-08-07,2024-08-11,Delayed
605696,505696,2024-08-24,2024-08-24,On-time
605697,505697,2024-02-13,2024-02-12,On-time
605698,505698,2024-02-11,2024-02-12,On-time
605699,505699,2024-06-26,2024-06-29,Delayed
605700,505700,2023-11-09,2023-11-09,On-time
605701,505701,2024-05-11,2024-05-12,On-time
605702,505702,2023-12-17,2023-12-16,On-time
605703,505703,2024-10-05,2024-10-04,On-time
605704,505704,2024-08-12,2024-08-13,On-time
605705,505705,2024-04-16,2024-04-17,On-time
605706,505706,2023-06-17,2023-06-18,On-time
605707,505707,2024-08-31,2024-08-30,On-time
605708,505708,2023-06-26,2023-06-25,On-time
605709,505709,2024-04-05,2024-04-10,Delayed
605710,505710,2024-04-13,2024-04-12,On-time
605711,505711,2024-02-12,2024-02-18,Delayed
605712,505712,2024-05-15,2024-05-16,On-time
605713,505713,2024-08-18,\N,\N
605714,505714,2024-05-19,2024-05-25,Delayed
605715,505715,2024-05-12,2024-05-18,Delayed
605716,505716,2023-06-09,2023-06-13,Delayed
605717,505717,2023-11-22,\N,\N
605718,505718,2023-06-24,\N,Failed
605719,505719,2024-08-22,2024-08-26,Delayed
605720,505720,2024-04-10,2024-04-10,On-time
605721,505721,2024-07-19,2024-07-21,Delayed
605722,505722,2024-01-24,2024-01-26,Delayed
605723,505723,2023-12-29,2023-12-30,On-time
605724,505724,2024-02-21,\N,\N
605725,505725,2024-09-08,2024-09-08,On-time
605726,505726,2023-09-22,2023-09-23,On-time
605727,505727,2024-05-13,2024-05-12,On-time
605728,505728,2023-12-21,\N,Failed
605729,505729,2023-12-27,2023-12-28,On-time
605730,505730,2023-12-18,2023-12-24,Delayed
605731,505731,2024-05-11,2024-05-12,On-time
605732,505732,2023-09-16,2023-09-16,On-time
605733,505733,2024-02-23,2024-02-24,On-time
605734,505734,2023-11-27,2023-11-27,On-time
605735,505735,2024-05-25,2024-05-31,Delayed
605736,505736,2023-11-28,2023-11-27,On-time
605737,505737,2023-09-08,2023-09-07,On-time
605738,505738,2023-07-31,2023-07-31,On-time
605739,505739,2023-09-15,2023-09-16,On-time
605740,505740,2023-09-08,2023-09-07,On-time
605741,505741,2024-06-13,2024-06-19,Delayed
605742,505742,2024-07-14,2024-07-13,On-time
605743,505743,2024-07-02,2024-07-07,Delayed
605744,505744,2023-10-24,2023-10-24,On-time
605745,505745,2024-07-13,2024-07-13,On-time
605746,505746,2024-07-25,2024-07-26,On-time
605747,505747,2023-10-29,\N,Failed
605748,505748,2024-03-17,2024-03-18,On-time
605749,505749,2024-02-05,2024-02-06,On-time
605750,505750,2023-07-01,\N,Failed
605751,505751,2023-10-21,2023-10-21,On-time
605752,505752,2024-02-13,2024-02-14,On-time
605753,505753,2024-08-11,\N,Failed
605754,505754,2024-04-26,2024-04-26,On-time
605755,505755,2023-08-20,2023-08-26,Delayed
605756,505756,2023-07-29,2023-08-02,Delayed
605757,505757,2024-07-19,2024-07-19,On-time
605758,505758,2024-03-01,2024-03-01,On-time
605759,505759,2023-08-12,\N,Failed
605760,505760,2024-01-21,2024-01-22,On-time
605761,505761,2023-06-17,2023-06-18,On-time
605762,505762,2024-02-08,2024-02-07,On-time
605763,505763,2024-07-28,2024-07-27,On-time
605764,505764,2024-09-10,\N,Failed
605765,505765,2023-10-20,2023-10-20,On-time
605766,505766,2024-03-03,\N,Failed
605767,505767,2024-04-22,2024-04-23,On-time
605768,505768,2024-04-23,2024-04-22,On-time
605769,505769,2023-06-11,2023-06-12,On-time
605770,505770,2024-05-05,2024-05-04,On-time
605771,505771,2024-08-06,2024-08-12,Delayed
605772,505772,2024-08-29,\N,\N
605773,505773,2024-03-31,2024-03-30,On-time
605774,505774,2023-07-29,2023-07-30,On-time
605775,505775,2024-01-21,2024-01-21,On-time
605776,505776,2023-12-21,2023-12-26,Delayed
605777,505777,2024-03-03,2024-03-04,On-time
605778,505778,2023-10-16,2023-10-16,On-time
605779,505779,2023-11-06,2023-11-06,On-time
605780,505780,2024-09-04,\N,\N
605781,505781,2023-08-15,\N,Failed
605782,505782,2024-08-28,2024-08-27,On-time
605783,505783,2023-09-10,\N,Failed
605784,505784,2024-04-22,\N,Failed
605785,505785,2024-09-25,\N,Failed
605786,505786,2024-09-06,\N,Failed
605787,505787,2023-10-03,2023-10-02,On-time
605788,505788,2024-01-19,2024-01-23,Delayed
605789,505789,2024-05-28,2024-05-27,On-time
605790,505790,2023-06-28,2023-06-28,On-time
605791,505791,2023-08-15,2023-08-18,Delayed
605792,505792,2023-12-28,2023-12-29,On-time
605793,505793,2024-05-19,\N,Failed
605794,505794,2024-05-29,2024-05-29,On-time
605795,505795,2024-09-19,2024-09-25,Delayed
605796,505796,2023-09-12,2023-09-12,On-time
605797,505797,2024-08-09,2024-08-08,On-time
605798,505798,2023-07-12,2023-07-17,Delayed
605799,505799,2023-10-31,\N,\N
605800,505800,2024-05-28,2024-05-27,On-time
605801,505801,2023-06-08,2023-06-08,On-time
605802,505802,2024-04-02,2024-04-03,On-time
605803,505803,2023-12-23,\N,Failed
605804,505804,2023-10-13,2023-10-13,On-time
605805,505805,2023-07-06,\N,Failed
605806,505806,2024-07-03,2024-07-09,Delayed
605807,505807,2023-12-11,2023-12-12,On-time
605808,505808,2024-06-18,2024-06-20,Delayed
605809,505809,2023-11-07,2023-11-12,Delayed
605810,505810,2023-06-28,2023-06-29,On-time
605811,505811,2024-04-19,2024-04-19,On-time
605812,505812,2024-06-16,2024-06-16,On-time
605813,505813,2024-02-29,2024-03-02,Delayed
605814,505814,2024-09-28,2024-09-27,On-time
605815,505815,2023-10-17,2023-10-18,On-time
605816,505816,2024-03-10,2024-03-09,On-time
605817,505817,2024-05-06,2024-05-07,On-time
605818,505818,2023-09-19,2023-09-21,Delayed
605819,505819,2023-06-16,2023-06-15,On-time
605820,505820,2024-04-22,2024-04-25,Delayed
605821,505821,2024-09-03,2024-09-04,On-time
605822,505822,2023-11-10,\N,\N
605823,505823,2024-07-16,2024-07-15,On-time
605824,505824,2023-11-05,2023-11-07,Delayed
605825,505825,2024-01-01,2024-01-03,Delayed
605826,505826,2023-09-24,2023-09-28,Delayed
605827,505827,2024-02-04,2024-02-03,On-time
605828,505828,2024-06-07,2024-06-09,Delayed
605829,505829,2024-08-13,2024-08-12,On-time
605830,505830,2023-11-28,2023-11-27,On-time
605831,505831,2024-02-23,\N,\N
605832,505832,2024-03-07,2024-03-10,Delayed
605833,505833,2023-07-02,\N,Failed
605834,505834,2024-01-30,2024-01-30,On-time
605835,505835,2023-06-19,2023-06-20,On-time
605836,505836,2023-12-22,\N,Failed
605837,505837,2024-06-05,2024-06-06,On-time
605838,505838,2024-02-29,2024-02-29,On-time
605839,505839,2024-04-28,2024-05-04,Delayed
605840,505840,2024-07-20,2024-07-24,Delayed
605841,505841,2023-12-27,2024-01-02,Delayed
605842,505842,2024-04-14,2024-04-14,On-time
605843,505843,2024-09-22,2024-09-22,On-time
605844,505844,2023-11-14,2023-11-15,On-time
605845,505845,2024-09-24,2024-09-28,Delayed
605846,505846,2023-09-25,2023-10-01,Delayed
605847,505847,2023-11-30,2023-11-29,On-time
605848,505848,2023-06-26,2023-06-28,Delayed
605849,505849,2024-07-30,2024-07-31,On-time
605850,505850,2024-05-31,2024-06-01,On-time
605851,505851,2023-12-20,2023-12-20,On-time
605852,505852,2023-11-14,2023-11-14,On-time
605853,505853,2024-03-23,2024-03-22,On-time
605854,505854,2023-07-20,2023-07-19,On-time
605855,505855,2023-08-21,2023-08-20,On-time
605856,505856,2024-07-18,2024-07-19,On-time
605857,505857,2024-09-19,\N,Failed
605858,505858,2023-12-30,2024-01-05,Delayed
605859,505859,2023-06-24,2023-06-24,On-time
605860,505860,2024-04-12,2024-04-12,On-time
605861,505861,2024-02-04,2024-02-04,On-time
605862,505862,2023-12-12,2023-12-11,On-time
605863,505863,2023-10-28,2023-10-31,Delayed
605864,505864,2024-05-30,2024-05-31,On-time
605865,505865,2024-04-08,2024-04-08,On-time
605866,505866,2023-10-09,2023-10-10,On-time
605867,505867,2024-03-31,2024-04-01,On-time
605868,505868,2023-08-26,2023-08-26,On-time
605869,505869,2023-10-17,2023-10-18,On-time
605870,505870,2024-01-23,2024-01-23,On-time
605871,505871,2024-02-03,\N,\N
605872,505872,2024-08-07,2024-08-08,On-time
605873,505873,2024-09-10,2024-09-11,On-time
605874,505874,2024-08-26,2024-08-25,On-time
605875,505875,2023-10-03,2023-10-03,On-time
605876,505876,2023-06-23,2023-06-22,On-time
605877,505877,2023-10-17,2023-10-16,On-time
605878,505878,2024-07-11,2024-07-12,On-time
605879,505879,2023-08-21,2023-08-20,On-time
605880,505880,2023-10-12,2023-10-12,On-time
605881,505881,2023-09-07,\N,\N
605882,505882,2023-09-24,2023-09-23,On-time
605883,505883,2024-06-30,2024-06-30,On-time
605884,505884,2024-09-02,2024-09-02,On-time
605885,505885,2024-02-11,2024-02-12,On-time
605886,505886,2024-05-11,2024-05-10,On-time
605887,505887,2024-01-30,2024-01-30,On-time
605888,505888,2023-11-17,2023-11-17,On-time
605889,505889,2024-09-09,2024-09-14,Delayed
605890,505890,2024-09-13,2024-09-13,On-time
605891,505891,2023-12-18,2023-12-19,On-time
605892,505892,2023-06-21,2023-06-21,On-time
605893,505893,2024-06-24,\N,\N
605894,505894,2023-07-21,2023-07-23,Delayed
605895,505895,2023-09-04,2023-09-08,Delayed
605896,505896,2023-12-30,2023-12-30,On-time
605897,505897,2024-09-16,\N,\N
605898,505898,2024-02-15,\N,Failed
605899,505899,2023-10-15,2023-10-14,On-time
605900,505900,2024-08-03,2024-08-02,On-time
605901,505901,2024-06-29,2024-06-30,On-time
605902,505902,2024-07-23,2024-07-22,On-time
605903,505903,2023-12-30,2023-12-29,On-time
605904,505904,2023-08-31,2023-09-01,On-time
605905,505905,2023-08-11,2023-08-13,Delayed
605906,505906,2023-08-08,2023-08-12,Delayed
605907,505907,2024-02-09,2024-02-08,On-time
605908,505908,2024-06-22,2024-06-23,On-time
605909,505909,2024-06-27,\N,\N
605910,505910,2024-06-08,2024-06-08,On-time
605911,505911,2023-10-16,2023-10-20,Delayed
605912,505912,2023-11-11,2023-11-12,On-time
605913,505913,2024-05-23,2024-05-22,On-time
605914,505914,2023-07-19,\N,Failed
605915,505915,2023-08-18,2023-08-19,On-time
605916,505916,2023-09-09,2023-09-09,On-time
605917,505917,2024-05-06,\N,\N
605918,505918,2024-06-15,2024-06-14,On-time
605919,505919,2024-08-10,2024-08-11,On-time
605920,505920,2023-09-23,2023-09-24,On-time
605921,505921,2023-06-13,2023-06-13,On-time
605922,505922,2024-07-19,2024-07-18,On-time
605923,505923,2024-07-16,2024-07-16,On-time
605924,505924,2024-02-26,2024-02-25,On-time
605925,505925,2024-08-31,2024-09-01,On-time
605926,505926,2023-09-16,2023-09-17,On-time
605927,505927,2024-03-04,2024-03-03,On-time
605928,505928,2023-08-21,2023-08-23,Delayed
605929,505929,2024-05-06,2024-05-06,On-time
605930,505930,2024-04-23,\N,\N
605931,505931,2023-10-21,2023-10-22,On-time
605932,505932,2023-07-27,2023-07-27,On-time
605933,505933,2023-08-12,2023-08-13,On-time
605934,505934,2023-10-01,2023-09-30,On-time
605935,505935,2023-12-30,2023-12-31,On-time
605936,505936,2023-08-19,2023-08-20,On-time
605937,505937,2024-09-12,2024-09-12,On-time
605938,505938,2024-01-09,\N,\N
605939,505939,2024-06-19,2024-06-20,On-time
605940,505940,2024-01-17,\N,\N
605941,505941,2023-08-30,2023-08-31,On-time
605942,505942,2023-10-03,2023-10-04,On-time
605943,505943,2023-06-17,2023-06-23,Delayed
605944,505944,2024-03-01,2024-02-29,On-time
605945,505945,2024-06-05,2024-06-07,Delayed
605946,505946,2024-05-13,\N,Failed
605947,505947,2023-06-30,2023-06-29,On-time
605948,505948,2024-10-03,2024-10-09,Delayed
605949,505949,2024-05-02,2024-05-03,On-time
605950,505950,2023-12-06,2023-12-06,On-time
605951,505951,2023-10-25,2023-10-26,On-time
605952,505952,2023-10-26,2023-10-26,On-time
605953,505953,2024-09-24,2024-09-23,On-time
605954,505954,2024-02-27,2024-03-03,Delayed
605955,505955,2023-08-27,2023-08-28,On-time
605956,505956,2023-11-01,2023-10-31,On-time
605957,505957,2024-07-19,\N,Failed
605958,505958,2024-02-06,2024-02-07,On-time
605959,505959,2023-12-28,2023-12-30,Delayed
605960,505960,2024-07-25,2024-07-24,On-time
605961,505961,2024-05-17,2024-05-18,On-time
605962,505962,2024-10-04,2024-10-05,On-time
605963,505963,2024-08-31,\N,\N
605964,505964,2023-10-12,2023-10-13,On-time
605965,505965,2023-06-08,2023-06-08,On-time
605966,505966,2023-12-25,2023-12-26,On-time
605967,505967,2024-02-21,2024-02-20,On-time
605968,505968,2023-08-26,\N,Failed
605969,505969,2024-04-05,2024-04-07,Delayed
605970,505970,2024-06-17,\N,\N
605971,505971,2024-09-29,2024-09-30,On-time
605972,505972,2023-09-07,2023-09-06,On-time
605973,505973,2023-08-26,\N,Failed
605974,505974,2024-07-04,\N,\N
605975,505975,2023-11-11,2023-11-15,Delayed
605976,505976,2023-10-26,2023-10-25,On-time
605977,505977,2024-02-26,2024-03-01,Delayed
605978,505978,2023-10-14,2023-10-14,On-time
605979,505979,2024-07-24,2024-07-23,On-time
605980,505980,2023-08-01,2023-08-02,On-time
605981,505981,2024-02-20,2024-02-24,Delayed
605982,505982,2024-02-20,2024-02-21,On-time
605983,505983,2023-07-02,2023-07-01,On-time
605984,505984,2023-10-02,2023-10-02,On-time
605985,505985,2024-04-27,2024-04-26,On-time
605986,505986,2023-10-22,2023-10-28,Delayed
605987,505987,2024-08-06,2024-08-07,On-time
605988,505988,2023-10-23,\N,Failed
605989,505989,2023-08-16,2023-08-16,On-time
605990,505990,2023-10-31,\N,\N
605991,505991,2024-05-20,2024-05-19,On-time
605992,505992,2023-11-10,2023-11-10,On-time
605993,505993,2024-03-25,2024-03-28,Delayed
605994,505994,2024-02-20,2024-02-21,On-time
605995,505995,2024-01-15,2024-01-16,On-time
605996,505996,2024-04-17,2024-04-16,On-time
605997,505997,2023-07-13,\N,\N
605998,505998,2023-09-26,2023-09-25,On-time
605999,505999,2023-09-07,2023-09-07,On-time
606000,506000,2023-07-07,2023-07-08,On-time
606001,506001,2024-03-12,\N,\N
606002,506002,2024-01-31,2024-01-30,On-time
606003,506003,2024-09-27,2024-09-27,On-time
606004,506004,2023-10-06,2023-10-10,Delayed
606005,506005,2024-07-20,2024-07-19,On-time
606006,506006,2024-04-30,2024-05-02,Delayed
606007,506007,2023-10-26,2023-10-25,On-time
606008,506008,2024-06-28,2024-07-02,Delayed
606009,506009,2024-08-04,2024-08-07,Delayed
606010,506010,2023-06-18,2023-06-19,On-time
606011,506011,2023-12-14,2023-12-13,On-time
606012,506012,2024-04-14,2024-04-14,On-time
606013,506013,2024-09-19,2024-09-20,On-time
606014,506014,2023-10-12,2023-10-12,On-time
606015,506015,2023-08-21,2023-08-21,On-time
606016,506016,2023-11-05,2023-11-06,On-time
606017,506017,2024-02-26,2024-02-29,Delayed
606018,506018,2023-09-21,2023-09-20,On-time
606019,506019,2024-07-27,2024-08-01,Delayed
606020,506020,2023-11-02,\N,Failed
606021,506021,2023-10-21,2023-10-21,On-time
606022,506022,2023-07-13,2023-07-15,Delayed
606023,506023,2023-08-20,2023-08-20,On-time
606024,506024,2023-09-21,2023-09-21,On-time
606025,506025,2023-07-29,2023-07-29,On-time
606026,506026,2024-05-01,2024-05-02,On-time
606027,506027,2023-06-06,2023-06-07,On-time
606028,506028,2024-01-15,2024-01-16,On-time
606029,506029,2024-06-06,2024-06-11,Delayed
606030,506030,2024-04-09,2024-04-14,Delayed
606031,506031,2024-01-13,2024-01-13,On-time
606032,506032,2024-03-14,2024-03-17,Delayed
606033,506033,2023-11-20,2023-11-20,On-time
606034,506034,2023-10-15,2023-10-14,On-time
606035,506035,2024-04-12,2024-04-12,On-time
606036,506036,2023-07-24,2023-07-23,On-time
606037,506037,2024-09-08,2024-09-09,On-time
606038,506038,2024-01-17,2024-01-18,On-time
606039,506039,2023-10-12,2023-10-15,Delayed
606040,506040,2024-09-18,2024-09-18,On-time
606041,506041,2023-11-01,2023-11-02,On-time
606042,506042,2024-07-29,2024-07-30,On-time
606043,506043,2024-03-29,\N,\N
606044,506044,2023-09-03,2023-09-03,On-time
606045,506045,2024-05-09,2024-05-12,Delayed
606046,506046,2024-02-08,2024-02-07,On-time
606047,506047,2023-12-27,\N,Failed
606048,506048,2024-03-04,2024-03-05,On-time
606049,506049,2023-11-26,2023-11-26,On-time
606050,506050,2023-08-10,2023-08-14,Delayed
606051,506051,2024-03-01,2024-02-29,On-time
606052,506052,2023-11-01,\N,Failed
606053,506053,2023-08-11,2023-08-17,Delayed
606054,506054,2024-08-12,\N,\N
606055,506055,2024-03-03,2024-03-03,On-time
606056,506056,2023-10-12,2023-10-18,Delayed
606057,506057,2023-12-19,2023-12-21,Delayed
606058,506058,2024-02-10,2024-02-09,On-time
606059,506059,2024-03-31,2024-04-01,On-time
606060,506060,2024-06-12,2024-06-11,On-time
606061,506061,2024-01-27,2024-01-28,On-time
606062,506062,2023-06-04,2023-06-04,On-time
606063,506063,2023-09-18,2023-09-21,Delayed
606064,506064,2024-01-16,2024-01-15,On-time
606065,506065,2024-09-13,2024-09-13,On-time
606066,506066,2024-07-23,2024-07-24,On-time
606067,506067,2024-02-21,2024-02-20,On-time
606068,506068,2024-07-13,2024-07-17,Delayed
606069,506069,2024-08-21,2024-08-20,On-time
606070,506070,2023-11-10,2023-11-10,On-time
606071,506071,2024-09-21,\N,\N
606072,506072,2023-09-02,2023-09-02,On-time
606073,506073,2023-07-10,2023-07-11,On-time
606074,506074,2024-04-18,2024-04-17,On-time
606075,506075,2023-06-18,\N,\N
606076,506076,2023-12-08,\N,Failed
606077,506077,2023-07-08,2023-07-07,On-time
606078,506078,2024-01-11,2024-01-11,On-time
606079,506079,2024-07-11,2024-07-12,On-time
606080,506080,2023-10-29,2023-10-30,On-time
606081,506081,2023-07-04,2023-07-04,On-time
606082,506082,2024-05-18,2024-05-18,On-time
606083,506083,2024-01-18,2024-01-18,On-time
606084,506084,2023-08-13,2023-08-13,On-time
606085,506085,2023-07-07,2023-07-07,On-time
606086,506086,2024-05-15,2024-05-16,On-time
606087,506087,2024-07-12,2024-07-16,Delayed
606088,506088,2023-12-13,2023-12-13,On-time
606089,506089,2024-02-25,2024-02-27,Delayed
606090,506090,2023-09-06,2023-09-07,On-time
606091,506091,2023-10-11,2023-10-15,Delayed
606092,506092,2024-08-17,2024-08-16,On-time
606093,506093,2024-06-23,\N,\N
606094,506094,2023-06-21,2023-06-22,On-time
606095,506095,2024-07-03,2024-07-04,On-time
606096,506096,2024-04-19,2024-04-20,On-time
606097,506097,2023-12-19,\N,Failed
606098,506098,2024-02-25,\N,Failed
606099,506099,2024-03-22,2024-03-26,Delayed
606100,506100,2024-06-27,\N,Failed
606101,506101,2024-01-12,2024-01-13,On-time
606102,506102,2024-03-04,2024-03-03,On-time
606103,506103,2023-09-26,2023-10-01,Delayed
606104,506104,2024-05-15,2024-05-16,On-time
606105,506105,2024-02-25,\N,Failed
606106,506106,2023-07-24,2023-07-27,Delayed
606107,506107,2024-03-09,2024-03-08,On-time
606108,506108,2024-06-11,2024-06-12,On-time
606109,506109,2024-05-25,2024-05-24,On-time
606110,506110,2023-12-07,2023-12-08,On-time
606111,506111,2024-01-29,2024-01-30,On-time
606112,506112,2024-06-06,2024-06-05,On-time
606113,506113,2023-12-02,2023-12-03,On-time
606114,506114,2023-12-23,2023-12-24,On-time
606115,506115,2024-08-02,2024-08-03,On-time
606116,506116,2023-06-14,2023-06-14,On-time
606117,506117,2023-08-26,2023-08-26,On-time
606118,506118,2023-10-07,2023-10-07,On-time
606119,506119,2024-08-20,2024-08-21,On-time
606120,506120,2023-11-24,2023-11-25,On-time
606121,506121,2024-07-26,2024-07-29,Delayed
606122,506122,2023-07-19,2023-07-19,On-time
606123,506123,2023-12-28,2023-12-29,On-time
606124,506124,2023-11-25,\N,Failed
606125,506125,2024-01-12,\N,\N
606126,506126,2024-05-30,\N,\N
606127,506127,2023-07-15,2023-07-14,On-time
606128,506128,2023-08-12,2023-08-15,Delayed
606129,506129,2023-07-22,2023-07-24,Delayed
606130,506130,2024-01-02,2024-01-01,On-time
606131,506131,2024-05-14,2024-05-13,On-time
606132,506132,2023-10-21,2023-10-20,On-time
606133,506133,2024-07-30,2024-07-30,On-time
606134,506134,2023-07-14,2023-07-13,On-time
606135,506135,2023-12-25,2023-12-24,On-time
606136,506136,2024-02-21,2024-02-21,On-time
606137,506137,2024-08-05,2024-08-06,On-time
606138,506138,2024-03-09,2024-03-11,Delayed
606139,506139,2024-05-28,2024-05-27,On-time
606140,506140,2023-12-14,\N,Failed
606141,506141,2023-09-06,2023-09-05,On-time
606142,506142,2024-05-03,2024-05-04,On-time
606143,506143,2024-01-26,\N,Failed
606144,506144,2024-03-05,\N,\N
606145,506145,2024-09-05,2024-09-06,On-time
606146,506146,2023-11-19,2023-11-25,Delayed
606147,506147,2024-03-11,2024-03-12,On-time
606148,506148,2024-07-25,2024-07-26,On-time
606149,506149,2024-05-08,2024-05-09,On-time
606150,506150,2023-08-17,\N,\N
606151,506151,2023-12-05,2023-12-06,On-time
606152,506152,2024-04-12,2024-04-13,On-time
606153,506153,2023-07-28,\N,Failed
606154,506154,2024-03-27,2024-03-26,On-time
606155,506155,2024-08-21,\N,Failed
606156,506156,2024-08-24,2024-08-23,On-time
606157,506157,2024-02-15,2024-02-15,On-time
606158,506158,2023-11-29,2023-11-30,On-time
606159,506159,2023-11-05,2023-11-09,Delayed
606160,506160,2024-09-05,2024-09-05,On-time
606161,506161,2024-05-13,2024-05-14,On-time
606162,506162,2023-09-07,2023-09-07,On-time
606163,506163,2023-07-03,2023-07-03,On-time
606164,506164,2024-03-10,2024-03-14,Delayed
606165,506165,2023-09-30,2023-09-30,On-time
606166,506166,2023-12-21,\N,Failed
606167,506167,2024-08-29,2024-08-30,On-time
606168,506168,2023-10-05,2023-10-05,On-time
606169,506169,2024-02-16,2024-02-15,On-time
606170,506170,2023-11-12,\N,Failed
606171,506171,2024-09-12,2024-09-12,On-time
606172,506172,2023-09-26,\N,\N
606173,506173,2023-06-18,2023-06-20,Delayed
606174,506174,2024-07-17,2024-07-23,Delayed
606175,506175,2023-10-16,2023-10-15,On-time
606176,506176,2024-03-04,2024-03-04,On-time
606177,506177,2024-08-22,2024-08-24,Delayed
606178,506178,2024-10-07,2024-10-06,On-time
606179,506179,2023-07-31,2023-08-01,On-time
606180,506180,2023-10-22,2023-10-22,On-time
606181,506181,2024-01-09,2024-01-08,On-time
606182,506182,2024-01-03,2024-01-08,Delayed
606183,506183,2023-12-18,2023-12-17,On-time
606184,506184,2023-11-15,2023-11-16,On-time
606185,506185,2023-11-24,2023-11-24,On-time
606186,506186,2024-08-01,2024-08-02,On-time
606187,506187,2023-09-06,2023-09-05,On-time
606188,506188,2023-11-03,2023-11-02,On-time
606189,506189,2024-08-06,2024-08-05,On-time
606190,506190,2023-10-05,2023-10-05,On-time
606191,506191,2023-11-07,2023-11-10,Delayed
606192,506192,2024-06-15,2024-06-15,On-time
606193,506193,2023-07-09,2023-07-09,On-time
606194,506194,2024-04-27,2024-04-27,On-time
606195,506195,2024-01-24,2024-01-23,On-time
606196,506196,2023-10-22,2023-10-28,Delayed
606197,506197,2024-10-02,2024-10-03,On-time
606198,506198,2024-08-03,2024-08-04,On-time
606199,506199,2024-02-15,2024-02-18,Delayed
606200,506200,2023-12-27,2023-12-27,On-time
606201,506201,2024-07-18,2024-07-17,On-time
606202,506202,2023-07-07,\N,\N
606203,506203,2024-01-15,2024-01-15,On-time
606204,506204,2024-02-09,2024-02-10,On-time
606205,506205,2024-09-19,\N,Failed
606206,506206,2024-03-19,2024-03-18,On-time
606207,506207,2023-11-23,2023-11-26,Delayed
606208,506208,2024-04-01,2024-04-01,On-time
606209,506209,2024-01-04,2024-01-04,On-time
606210,506210,2024-02-11,2024-02-13,Delayed
606211,506211,2023-10-30,2023-10-31,On-time
606212,506212,2023-10-14,2023-10-14,On-time
606213,506213,2024-06-14,2024-06-14,On-time
606214,506214,2023-11-04,2023-11-03,On-time
606215,506215,2024-08-10,2024-08-09,On-time
606216,506216,2024-06-14,2024-06-13,On-time
606217,506217,2024-06-10,2024-06-12,Delayed
606218,506218,2023-07-21,2023-07-22,On-time
606219,506219,2024-01-09,2024-01-09,On-time
606220,506220,2023-08-26,2023-08-27,On-time
606221,506221,2024-08-01,2024-08-01,On-time
606222,506222,2023-08-23,\N,Failed
606223,506223,2024-05-10,2024-05-10,On-time
606224,506224,2024-03-11,2024-03-11,On-time
606225,506225,2023-06-16,2023-06-19,Delayed
606226,506226,2024-04-12,2024-04-13,On-time
606227,506227,2023-11-05,2023-11-06,On-time
606228,506228,2023-10-10,2023-10-16,Delayed
606229,506229,2024-08-21,2024-08-20,On-time
606230,506230,2024-04-15,2024-04-15,On-time
606231,506231,2024-08-29,2024-08-29,On-time
606232,506232,2024-06-02,2024-06-02,On-time
606233,506233,2023-11-27,\N,Failed
606234,506234,2024-04-08,2024-04-08,On-time
606235,506235,2024-02-14,2024-02-14,On-time
606236,506236,2024-04-09,2024-04-08,On-time
606237,506237,2023-10-22,2023-10-22,On-time
606238,506238,2023-10-05,\N,\N
606239,506239,2023-12-23,2023-12-24,On-time
606240,506240,2023-11-26,2023-11-26,On-time
606241,506241,2024-06-13,2024-06-13,On-time
606242,506242,2023-06-23,2023-06-23,On-time
606243,506243,2024-08-08,2024-08-09,On-time
606244,506244,2023-09-04,2023-09-04,On-time
606245,506245,2024-06-22,\N,Failed
606246,506246,2024-04-01,2024-04-02,On-time
606247,506247,2023-11-22,\N,\N
606248,506248,2024-02-24,2024-02-26,Delayed
606249,506249,2024-02-25,2024-02-25,On-time
606250,506250,2023-10-24,2023-10-24,On-time
606251,506251,2023-11-19,\N,\N
606252,506252,2024-05-18,2024-05-18,On-time
606253,506253,2023-06-07,2023-06-07,On-time
606254,506254,2024-04-07,2024-04-07,On-time
606255,506255,2023-09-02,2023-09-03,On-time
606256,506256,2023-07-17,2023-07-16,On-time
606257,506257,2024-07-04,\N,Failed
606258,506258,2023-09-05,2023-09-06,On-time
606259,506259,2024-05-21,2024-05-26,Delayed
606260,506260,2024-01-05,2024-01-08,Delayed
606261,506261,2023-08-13,2023-08-12,On-time
606262,506262,2024-08-01,2024-07-31,On-time
606263,506263,2024-04-07,2024-04-08,On-time
606264,506264,2024-09-20,\N,Failed
606265,506265,2024-03-16,2024-03-21,Delayed
606266,506266,2023-07-29,2023-07-30,On-time
606267,506267,2023-08-28,2023-08-27,On-time
606268,506268,2023-09-01,2023-09-01,On-time
606269,506269,2023-12-02,2023-12-06,Delayed
606270,506270,2023-12-07,2023-12-06,On-time
606271,506271,2024-02-11,2024-02-12,On-time
606272,506272,2023-08-12,2023-08-12,On-time
606273,506273,2024-02-18,2024-02-18,On-time
606274,506274,2024-02-23,2024-02-24,On-time
606275,506275,2024-03-21,\N,Failed
606276,506276,2023-07-18,2023-07-17,On-time
606277,506277,2024-02-18,2024-02-17,On-time
606278,506278,2023-11-15,2023-11-14,On-time
606279,506279,2024-07-30,2024-07-29,On-time
606280,506280,2024-08-15,2024-08-16,On-time
606281,506281,2023-06-29,2023-06-29,On-time
606282,506282,2023-06-21,2023-06-23,Delayed
606283,506283,2024-01-11,2024-01-12,On-time
606284,506284,2023-06-13,\N,Failed
606285,506285,2024-02-22,2024-02-21,On-time
606286,506286,2024-03-23,2024-03-24,On-time
606287,506287,2023-09-15,2023-09-15,On-time
606288,506288,2024-05-13,2024-05-14,On-time
606289,506289,2024-07-07,2024-07-08,On-time
606290,506290,2023-06-22,2023-06-22,On-time
606291,506291,2024-06-17,2024-06-18,On-time
606292,506292,2024-07-30,2024-07-30,On-time
606293,506293,2023-06-23,2023-06-23,On-time
606294,506294,2023-10-11,2023-10-13,Delayed
606295,506295,2023-10-25,2023-10-24,On-time
606296,506296,2023-09-12,2023-09-11,On-time
606297,506297,2024-06-01,2024-06-01,On-time
606298,506298,2023-12-10,2023-12-09,On-time
606299,506299,2024-06-02,2024-06-01,On-time
606300,506300,2023-11-08,2023-11-13,Delayed
606301,506301,2024-05-07,2024-05-08,On-time
606302,506302,2023-10-23,2023-10-24,On-time
606303,506303,2023-07-31,2023-08-01,On-time
606304,506304,2024-06-20,2024-06-19,On-time
606305,506305,2023-09-30,2023-09-30,On-time
606306,506306,2023-11-16,2023-11-17,On-time
606307,506307,2024-09-10,\N,Failed
606308,506308,2023-11-11,\N,Failed
606309,506309,2024-02-08,2024-02-12,Delayed
606310,506310,2024-04-04,2024-04-10,Delayed
606311,506311,2024-05-05,\N,\N
606312,506312,2023-09-12,2023-09-12,On-time
606313,506313,2024-03-06,2024-03-06,On-time
606314,506314,2023-09-08,\N,Failed
606315,506315,2023-12-30,\N,Failed
606316,506316,2024-04-10,2024-04-09,On-time
606317,506317,2024-08-05,2024-08-09,Delayed
606318,506318,2024-07-16,2024-07-15,On-time
606319,506319,2024-02-26,\N,Failed
606320,506320,2024-06-21,\N,\N
606321,506321,2024-06-15,2024-06-17,Delayed
606322,506322,2024-06-16,2024-06-22,Delayed
606323,506323,2024-04-04,2024-04-05,On-time
606324,506324,2023-10-30,2023-10-30,On-time
606325,506325,2024-07-20,2024-07-19,On-time
606326,506326,2024-02-27,2024-03-02,Delayed
606327,506327,2023-11-17,\N,Failed
606328,506328,2024-04-26,2024-04-26,On-time
606329,506329,2024-09-12,2024-09-11,On-time
606330,506330,2024-02-07,2024-02-12,Delayed
606331,506331,2024-02-16,2024-02-20,Delayed
606332,506332,2023-11-23,2023-11-23,On-time
606333,506333,2023-07-29,2023-07-29,On-time
606334,506334,2023-08-25,2023-08-26,On-time
606335,506335,2023-09-03,2023-09-04,On-time
606336,506336,2023-09-17,2023-09-17,On-time
606337,506337,2024-10-02,2024-10-01,On-time
606338,506338,2024-09-04,2024-09-04,On-time
606339,506339,2023-06-27,2023-06-28,On-time
606340,506340,2023-12-08,2023-12-08,On-time
606341,506341,2023-08-17,2023-08-18,On-time
606342,506342,2024-04-16,2024-04-15,On-time
606343,506343,2024-03-29,2024-03-28,On-time
606344,506344,2024-05-04,2024-05-04,On-time
606345,506345,2024-08-02,\N,\N
606346,506346,2023-08-02,2023-08-05,Delayed
606347,506347,2023-09-28,2023-09-29,On-time
606348,506348,2023-09-19,2023-09-18,On-time
606349,506349,2024-05-08,2024-05-09,On-time
606350,506350,2023-12-21,2023-12-21,On-time
606351,506351,2023-11-14,2023-11-14,On-time
606352,506352,2023-08-16,2023-08-16,On-time
606353,506353,2023-12-19,2023-12-19,On-time
606354,506354,2024-01-15,2024-01-16,On-time
606355,506355,2024-04-09,2024-04-10,On-time
606356,506356,2023-12-16,2023-12-17,On-time
606357,506357,2023-10-19,2023-10-19,On-time
606358,506358,2023-09-07,2023-09-06,On-time
606359,506359,2024-04-22,2024-04-23,On-time
606360,506360,2023-12-10,2023-12-11,On-time
606361,506361,2024-09-03,2024-09-04,On-time
606362,506362,2024-02-20,2024-02-20,On-time
606363,506363,2023-10-07,2023-10-06,On-time
606364,506364,2023-11-05,2023-11-06,On-time
606365,506365,2023-07-18,2023-07-21,Delayed
606366,506366,2023-08-27,2023-08-28,On-time
606367,506367,2023-09-13,2023-09-14,On-time
606368,506368,2024-07-17,2024-07-17,On-time
606369,506369,2024-01-15,2024-01-16,On-time
606370,506370,2024-04-01,2024-04-01,On-time
606371,506371,2024-04-25,\N,\N
606372,506372,2024-01-13,2024-01-12,On-time
606373,506373,2024-02-20,2024-02-20,On-time
606374,506374,2023-07-12,2023-07-13,On-time
606375,506375,2023-08-15,2023-08-17,Delayed
606376,506376,2024-07-15,2024-07-14,On-time
606377,506377,2024-05-16,2024-05-18,Delayed
606378,506378,2023-10-07,2023-10-08,On-time
606379,506379,2024-05-04,2024-05-05,On-time
606380,506380,2024-09-06,2024-09-05,On-time
606381,506381,2023-10-12,2023-10-11,On-time
606382,506382,2024-01-17,2024-01-17,On-time
606383,506383,2024-07-11,2024-07-12,On-time
606384,506384,2023-12-20,2023-12-24,Delayed
606385,506385,2023-12-21,2023-12-23,Delayed
606386,506386,2024-08-14,2024-08-19,Delayed
606387,506387,2023-09-09,2023-09-08,On-time
606388,506388,2024-06-13,2024-06-15,Delayed
606389,506389,2024-06-13,2024-06-14,On-time
606390,506390,2024-03-02,2024-03-01,On-time
606391,506391,2023-08-09,2023-08-09,On-time
606392,506392,2023-08-16,2023-08-19,Delayed
606393,506393,2024-07-05,2024-07-10,Delayed
606394,506394,2023-08-19,2023-08-21,Delayed
606395,506395,2024-04-30,2024-05-01,On-time
606396,506396,2023-10-27,2023-10-26,On-time
606397,506397,2023-11-10,2023-11-11,On-time
606398,506398,2023-12-13,2023-12-18,Delayed
606399,506399,2023-08-21,\N,Failed
606400,506400,2023-06-21,2023-06-20,On-time
606401,506401,2024-08-10,2024-08-11,On-time
606402,506402,2023-10-17,2023-10-22,Delayed
606403,506403,2023-11-21,\N,Failed
606404,506404,2023-08-21,2023-08-27,Delayed
606405,506405,2023-10-09,\N,Failed
606406,506406,2024-04-11,\N,Failed
606407,506407,2024-03-11,\N,\N
606408,506408,2024-03-17,2024-03-16,On-time
606409,506409,2023-09-15,2023-09-15,On-time
606410,506410,2023-06-13,\N,\N
606411,506411,2024-01-29,\N,Failed
606412,506412,2024-07-21,2024-07-20,On-time
606413,506413,2024-08-05,2024-08-04,On-time
606414,506414,2024-05-27,2024-05-27,On-time
606415,506415,2023-06-27,2023-06-28,On-time
606416,506416,2023-08-30,\N,Failed
606417,506417,2023-06-28,2023-06-27,On-time
606418,506418,2023-06-11,2023-06-10,On-time
606419,506419,2024-10-06,2024-10-12,Delayed
606420,506420,2024-09-10,2024-09-09,On-time
606421,506421,2024-07-24,2024-07-26,Delayed
606422,506422,2023-12-23,2023-12-25,Delayed
606423,506423,2024-07-19,2024-07-18,On-time
606424,506424,2023-12-21,2023-12-22,On-time
606425,506425,2023-09-07,2023-09-10,Delayed
606426,506426,2023-09-30,2023-09-30,On-time
606427,506427,2023-10-25,2023-10-26,On-time
606428,506428,2023-07-19,2023-07-19,On-time
606429,506429,2023-12-26,2023-12-26,On-time
606430,506430,2023-06-29,2023-06-29,On-time
606431,506431,2024-03-25,2024-03-29,Delayed
606432,506432,2024-09-08,2024-09-08,On-time
606433,506433,2024-07-21,\N,Failed
606434,506434,2023-12-13,2023-12-17,Delayed
606435,506435,2024-09-28,2024-09-29,On-time
606436,506436,2023-09-16,2023-09-15,On-time
606437,506437,2024-02-04,2024-02-06,Delayed
606438,506438,2023-07-24,2023-07-25,On-time
606439,506439,2024-04-17,2024-04-17,On-time
606440,506440,2024-06-10,2024-06-15,Delayed
606441,506441,2023-08-09,\N,\N
606442,506442,2023-11-26,2023-11-25,On-time
606443,506443,2023-08-20,2023-08-21,On-time
606444,506444,2023-09-28,2023-09-27,On-time
606445,506445,2024-09-21,2024-09-22,On-time
606446,506446,2023-08-11,2023-08-12,On-time
606447,506447,2023-12-05,2023-12-07,Delayed
606448,506448,2024-02-16,2024-02-21,Delayed
606449,506449,2024-08-25,2024-08-24,On-time
606450,506450,2024-02-04,2024-02-03,On-time
606451,506451,2024-06-02,2024-06-01,On-time
606452,506452,2024-02-23,2024-02-23,On-time
606453,506453,2023-09-02,\N,\N
606454,506454,2024-02-24,2024-02-24,On-time
606455,506455,2023-11-10,2023-11-11,On-time
606456,506456,2024-01-26,2024-01-25,On-time
606457,506457,2024-08-14,2024-08-13,On-time
606458,506458,2023-10-01,2023-10-02,On-time
606459,506459,2024-06-17,2024-06-23,Delayed
606460,506460,2023-10-21,2023-10-20,On-time
606461,506461,2024-01-04,2024-01-03,On-time
606462,506462,2023-06-19,2023-06-21,Delayed
606463,506463,2024-03-03,\N,\N
606464,506464,2024-08-26,2024-08-26,On-time
606465,506465,2023-10-18,2023-10-17,On-time
606466,506466,2023-06-29,\N,\N
606467,506467,2024-03-02,2024-03-01,On-time
606468,506468,2024-03-25,2024-03-30,Delayed
606469,506469,2024-09-29,2024-09-29,On-time
606470,506470,2024-02-14,2024-02-13,On-time
606471,506471,2024-02-15,2024-02-14,On-time
606472,506472,2024-06-03,2024-06-04,On-time
606473,506473,2024-01-25,2024-01-24,On-time
606474,506474,2024-03-30,2024-03-29,On-time
606475,506475,2023-10-26,\N,Failed
606476,506476,2024-01-31,2024-02-02,Delayed
606477,506477,2024-09-22,\N,\N
606478,506478,2023-08-28,\N,\N
606479,506479,2023-08-19,2023-08-20,On-time
606480,506480,2024-09-22,2024-09-21,On-time
606481,506481,2024-09-03,2024-09-03,On-time
606482,506482,2024-07-05,2024-07-06,On-time
606483,506483,2024-04-19,\N,\N
606484,506484,2023-10-18,2023-10-23,Delayed
606485,506485,2024-03-01,2024-03-03,Delayed
606486,506486,2024-01-28,\N,Failed
606487,506487,2024-04-11,2024-04-11,On-time
606488,506488,2023-06-09,2023-06-09,On-time
606489,506489,2024-09-21,\N,\N
606490,506490,2023-07-17,2023-07-21,Delayed
606491,506491,2023-08-29,2023-08-28,On-time
606492,506492,2024-05-30,\N,Failed
606493,506493,2024-05-25,2024-05-25,On-time
606494,506494,2023-06-08,2023-06-07,On-time
606495,506495,2023-10-08,2023-10-10,Delayed
606496,506496,2024-09-07,2024-09-12,Delayed
606497,506497,2023-11-18,2023-11-22,Delayed
606498,506498,2024-01-17,2024-01-16,On-time
606499,506499,2024-07-25,2024-07-24,On-time
606500,506500,2023-11-04,2023-11-04,On-time
606501,506501,2023-10-31,2023-10-31,On-time
606502,506502,2023-08-04,2023-08-04,On-time
606503,506503,2024-08-20,2024-08-24,Delayed
606504,506504,2024-04-26,2024-04-25,On-time
606505,506505,2024-03-12,2024-03-12,On-time
606506,506506,2024-03-19,2024-03-21,Delayed
606507,506507,2024-02-17,2024-02-19,Delayed
606508,506508,2023-12-07,2023-12-06,On-time
606509,506509,2023-07-10,2023-07-11,On-time
606510,506510,2023-09-21,2023-09-27,Delayed
606511,506511,2023-08-19,2023-08-20,On-time
606512,506512,2023-09-30,2023-10-01,On-time
606513,506513,2023-06-23,2023-06-24,On-time
606514,506514,2024-05-11,2024-05-11,On-time
606515,506515,2024-06-28,2024-07-02,Delayed
606516,506516,2024-07-25,2024-07-27,Delayed
606517,506517,2024-01-08,\N,Failed
606518,506518,2023-10-03,2023-10-04,On-time
606519,506519,2024-06-23,2024-06-26,Delayed
606520,506520,2023-09-15,2023-09-14,On-time
606521,506521,2024-08-29,2024-08-30,On-time
606522,506522,2023-06-26,2023-06-27,On-time
606523,506523,2024-03-27,2024-03-27,On-time
606524,506524,2024-01-10,2024-01-11,On-time
606525,506525,2023-11-03,\N,\N
606526,506526,2024-02-08,2024-02-07,On-time
606527,506527,2023-07-22,2023-07-21,On-time
606528,506528,2024-03-18,2024-03-18,On-time
606529,506529,2024-01-10,2024-01-10,On-time
606530,506530,2024-07-29,2024-08-04,Delayed
606531,506531,2024-05-11,2024-05-12,On-time
606532,506532,2023-10-08,2023-10-11,Delayed
606533,506533,2023-11-20,2023-11-26,Delayed
606534,506534,2024-06-29,2024-07-05,Delayed
606535,506535,2024-06-13,2024-06-12,On-time
606536,506536,2024-03-18,2024-03-17,On-time
606537,506537,2024-07-13,\N,\N
606538,506538,2024-02-10,2024-02-11,On-time
606539,506539,2023-11-04,2023-11-03,On-time
606540,506540,2024-07-06,2024-07-05,On-time
606541,506541,2023-11-16,2023-11-15,On-time
606542,506542,2024-06-12,2024-06-11,On-time
606543,506543,2024-06-04,2024-06-04,On-time
606544,506544,2024-01-18,2024-01-20,Delayed
606545,506545,2024-02-17,2024-02-17,On-time
606546,506546,2023-08-14,2023-08-13,On-time
606547,506547,2023-07-28,2023-08-01,Delayed
606548,506548,2023-08-09,2023-08-10,On-time
606549,506549,2024-03-08,2024-03-09,On-time
606550,506550,2024-05-12,2024-05-13,On-time
606551,506551,2024-08-21,2024-08-22,On-time
606552,506552,2024-03-18,2024-03-18,On-time
606553,506553,2024-10-03,2024-10-04,On-time
606554,506554,2023-09-25,2023-09-27,Delayed
606555,506555,2024-04-23,2024-04-26,Delayed
606556,506556,2024-08-30,2024-08-29,On-time
606557,506557,2024-07-05,2024-07-05,On-time
606558,506558,2024-06-04,2024-06-07,Delayed
606559,506559,2024-04-12,\N,\N
606560,506560,2024-03-24,2024-03-24,On-time
606561,506561,2024-02-23,2024-02-23,On-time
606562,506562,2024-09-30,2024-09-30,On-time
606563,506563,2023-09-07,\N,Failed
606564,506564,2024-03-22,2024-03-22,On-time
606565,506565,2024-09-24,2024-09-24,On-time
606566,506566,2024-01-16,2024-01-19,Delayed
606567,506567,2024-09-28,2024-09-28,On-time
606568,506568,2024-08-30,2024-08-29,On-time
606569,506569,2023-11-18,2023-11-17,On-time
606570,506570,2023-12-31,\N,Failed
606571,506571,2023-07-08,2023-07-07,On-time
606572,506572,2024-06-27,2024-06-28,On-time
606573,506573,2023-10-06,2023-10-05,On-time
606574,506574,2024-02-01,2024-01-31,On-time
606575,506575,2023-08-27,2023-08-28,On-time
606576,506576,2023-10-19,\N,\N
606577,506577,2024-09-26,2024-09-26,On-time
606578,506578,2023-07-05,\N,Failed
606579,506579,2023-08-04,2023-08-04,On-time
606580,506580,2024-07-04,2024-07-05,On-time
606581,506581,2023-06-21,2023-06-24,Delayed
606582,506582,2024-01-03,2024-01-02,On-time
606583,506583,2024-05-21,\N,\N
606584,506584,2024-01-20,\N,Failed
606585,506585,2023-06-14,2023-06-13,On-time
606586,506586,2024-06-28,2024-06-28,On-time
606587,506587,2023-09-03,2023-09-03,On-time
606588,506588,2024-04-06,2024-04-05,On-time
606589,506589,2024-09-08,2024-09-07,On-time
606590,506590,2023-12-02,\N,Failed
606591,506591,2023-07-01,\N,\N
606592,506592,2024-07-30,2024-07-29,On-time
606593,506593,2024-04-28,\N,Failed
606594,506594,2024-08-26,2024-08-27,On-time
606595,506595,2024-06-16,2024-06-15,On-time
606596,506596,2024-04-22,\N,Failed
606597,506597,2024-04-21,\N,Failed
606598,506598,2023-07-31,2023-07-31,On-time
606599,506599,2023-07-25,\N,\N
606600,506600,2023-12-03,2023-12-08,Delayed
606601,506601,2024-09-24,2024-09-27,Delayed
606602,506602,2024-04-21,2024-04-22,On-time
606603,506603,2024-02-06,2024-02-06,On-time
606604,506604,2023-08-19,\N,\N
606605,506605,2024-06-04,2024-06-03,On-time
606606,506606,2024-05-17,2024-05-17,On-time
606607,506607,2024-02-20,2024-02-25,Delayed
606608,506608,2024-08-23,2024-08-24,On-time
606609,506609,2024-04-30,\N,Failed
606610,506610,2024-07-14,2024-07-15,On-time
606611,506611,2024-09-20,2024-09-25,Delayed
606612,506612,2024-03-22,2024-03-23,On-time
606613,506613,2024-05-13,2024-05-13,On-time
606614,506614,2023-06-16,2023-06-15,On-time
606615,506615,2023-11-01,\N,\N
606616,506616,2023-09-22,2023-09-22,On-time
606617,506617,2024-06-29,2024-06-28,On-time
606618,506618,2023-10-19,2023-10-19,On-time
606619,506619,2023-07-04,2023-07-03,On-time
606620,506620,2023-09-09,2023-09-10,On-time
606621,506621,2024-06-19,2024-06-19,On-time
606622,506622,2024-06-18,2024-06-17,On-time
606623,506623,2024-05-01,2024-05-06,Delayed
606624,506624,2024-07-23,2024-07-23,On-time
606625,506625,2024-04-26,2024-04-26,On-time
606626,506626,2023-11-24,2023-11-24,On-time
606627,506627,2024-02-19,2024-02-19,On-time
606628,506628,2023-10-29,2023-10-29,On-time
606629,506629,2024-05-11,2024-05-13,Delayed
606630,506630,2023-12-17,2023-12-16,On-time
606631,506631,2023-06-21,2023-06-25,Delayed
606632,506632,2023-10-28,2023-10-28,On-time
606633,506633,2024-07-06,2024-07-06,On-time
606634,506634,2024-08-01,2024-08-06,Delayed
606635,506635,2024-08-06,2024-08-05,On-time
606636,506636,2024-04-10,2024-04-14,Delayed
606637,506637,2024-01-08,2024-01-07,On-time
606638,506638,2024-03-23,2024-03-22,On-time
606639,506639,2023-11-03,\N,Failed
606640,506640,2024-07-11,2024-07-10,On-time
606641,506641,2024-09-05,\N,Failed
606642,506642,2023-12-16,2023-12-16,On-time
606643,506643,2023-08-13,2023-08-14,On-time
606644,506644,2023-11-07,2023-11-08,On-time
606645,506645,2023-08-30,2023-08-29,On-time
606646,506646,2024-08-21,2024-08-21,On-time
606647,506647,2023-12-05,2023-12-06,On-time
606648,506648,2024-04-19,2024-04-20,On-time
606649,506649,2024-08-31,2024-09-06,Delayed
606650,506650,2023-11-13,2023-11-14,On-time
606651,506651,2024-02-22,2024-02-23,On-time
606652,506652,2023-11-29,2023-12-05,Delayed
606653,506653,2024-09-29,2024-09-29,On-time
606654,506654,2023-08-14,2023-08-14,On-time
606655,506655,2024-03-22,2024-03-27,Delayed
606656,506656,2023-08-12,2023-08-16,Delayed
606657,506657,2023-10-19,2023-10-20,On-time
606658,506658,2023-06-19,2023-06-18,On-time
606659,506659,2024-01-25,2024-01-26,On-time
606660,506660,2023-08-15,2023-08-16,On-time
606661,506661,2023-09-11,\N,Failed
606662,506662,2024-07-14,2024-07-14,On-time
606663,506663,2024-02-02,2024-02-01,On-time
606664,506664,2023-11-28,2023-11-28,On-time
606665,506665,2023-10-17,2023-10-18,On-time
606666,506666,2024-03-21,2024-03-20,On-time
606667,506667,2024-08-19,2024-08-19,On-time
606668,506668,2024-03-25,2024-03-25,On-time
606669,506669,2024-03-27,2024-03-28,On-time
606670,506670,2023-10-17,2023-10-16,On-time
606671,506671,2024-05-27,2024-05-27,On-time
606672,506672,2023-10-28,2023-10-27,On-time
606673,506673,2024-07-10,\N,\N
606674,506674,2024-05-11,\N,Failed
606675,506675,2024-03-27,2024-03-29,Delayed
606676,506676,2023-07-28,2023-07-28,On-time
606677,506677,2024-08-19,2024-08-19,On-time
606678,506678,2024-03-10,2024-03-09,On-time
606679,506679,2023-07-11,2023-07-11,On-time
606680,506680,2024-06-12,2024-06-15,Delayed
606681,506681,2024-04-19,2024-04-19,On-time
606682,506682,2024-05-02,2024-05-01,On-time
606683,506683,2023-09-10,2023-09-09,On-time
606684,506684,2024-06-12,2024-06-16,Delayed
606685,506685,2024-08-19,2024-08-20,On-time
606686,506686,2023-10-15,2023-10-18,Delayed
606687,506687,2024-07-29,2024-08-02,Delayed
606688,506688,2024-04-09,2024-04-11,Delayed
606689,506689,2023-10-16,2023-10-16,On-time
606690,506690,2024-08-17,2024-08-18,On-time
606691,506691,2023-11-11,2023-11-10,On-time
606692,506692,2024-03-13,2024-03-12,On-time
606693,506693,2024-06-15,2024-06-16,On-time
606694,506694,2024-06-18,\N,Failed
606695,506695,2023-07-03,2023-07-09,Delayed
606696,506696,2024-08-19,\N,Failed
606697,506697,2024-02-10,2024-02-10,On-time
606698,506698,2023-07-25,2023-07-25,On-time
606699,506699,2023-10-29,2023-11-04,Delayed
606700,506700,2023-07-19,2023-07-18,On-time
606701,506701,2024-07-02,2024-07-03,On-time
606702,506702,2024-02-16,2024-02-17,On-time
606703,506703,2023-08-26,\N,\N
606704,506704,2023-07-17,2023-07-16,On-time
606705,506705,2024-09-18,2024-09-18,On-time
606706,506706,2024-07-11,2024-07-10,On-time
606707,506707,2024-02-10,2024-02-09,On-time
606708,506708,2023-08-05,2023-08-06,On-time
606709,506709,2023-09-03,2023-09-04,On-time
606710,506710,2023-07-26,2023-07-27,On-time
606711,506711,2024-08-07,2024-08-08,On-time
606712,506712,2024-02-08,2024-02-14,Delayed
606713,506713,2024-04-05,2024-04-05,On-time
606714,506714,2024-05-01,\N,Failed
606715,506715,2024-09-27,\N,\N
606716,506716,2024-02-16,2024-02-17,On-time
606717,506717,2023-08-19,2023-08-22,Delayed
606718,506718,2023-12-14,2023-12-20,Delayed
606719,506719,2023-06-21,2023-06-21,On-time
606720,506720,2024-05-23,2024-05-24,On-time
606721,506721,2024-09-16,2024-09-20,Delayed
606722,506722,2023-08-30,2023-08-30,On-time
606723,506723,2023-09-17,2023-09-18,On-time
606724,506724,2023-09-01,2023-09-04,Delayed
606725,506725,2024-08-17,2024-08-16,On-time
606726,506726,2023-11-10,2023-11-10,On-time
606727,506727,2023-11-24,2023-11-24,On-time
606728,506728,2024-09-19,\N,\N
606729,506729,2024-01-28,2024-01-28,On-time
606730,506730,2023-12-02,2023-12-03,On-time
606731,506731,2024-04-12,2024-04-11,On-time
606732,506732,2024-01-06,2024-01-05,On-time
606733,506733,2024-04-15,2024-04-20,Delayed
606734,506734,2023-09-06,2023-09-11,Delayed
606735,506735,2024-05-07,2024-05-06,On-time
606736,506736,2023-10-19,2023-10-19,On-time
606737,506737,2023-06-09,2023-06-14,Delayed
606738,506738,2024-01-05,2024-01-04,On-time
606739,506739,2024-02-23,\N,\N
606740,506740,2024-07-08,2024-07-07,On-time
606741,506741,2023-06-27,2023-06-28,On-time
606742,506742,2023-10-31,2023-11-01,On-time
606743,506743,2023-08-14,\N,Failed
606744,506744,2024-09-21,2024-09-20,On-time
606745,506745,2023-09-30,2023-09-29,On-time
606746,506746,2024-09-13,2024-09-17,Delayed
606747,506747,2024-07-21,2024-07-20,On-time
606748,506748,2024-04-15,2024-04-21,Delayed
606749,506749,2023-06-22,2023-06-23,On-time
606750,506750,2024-09-02,2024-09-02,On-time
606751,506751,2024-05-03,2024-05-03,On-time
606752,506752,2024-02-25,2024-02-27,Delayed
606753,506753,2023-08-01,2023-08-05,Delayed
606754,506754,2024-06-27,\N,\N
606755,506755,2023-11-12,\N,\N
606756,506756,2024-03-06,2024-03-05,On-time
606757,506757,2024-07-28,2024-07-31,Delayed
606758,506758,2023-12-31,2023-12-31,On-time
606759,506759,2023-10-08,\N,\N
606760,506760,2023-11-05,2023-11-10,Delayed
606761,506761,2024-03-30,2024-03-29,On-time
606762,506762,2024-07-25,\N,\N
606763,506763,2024-01-02,2024-01-07,Delayed
606764,506764,2024-06-08,2024-06-07,On-time
606765,506765,2024-04-11,2024-04-14,Delayed
606766,506766,2023-08-25,2023-08-27,Delayed
606767,506767,2024-01-28,2024-01-28,On-time
606768,506768,2024-01-20,2024-01-21,On-time
606769,506769,2024-09-29,\N,\N
606770,506770,2024-08-17,2024-08-17,On-time
606771,506771,2024-08-25,2024-08-25,On-time
606772,506772,2023-09-24,2023-09-28,Delayed
606773,506773,2024-07-22,2024-07-23,On-time
606774,506774,2023-12-18,2023-12-23,Delayed
606775,506775,2023-12-09,2023-12-15,Delayed
606776,506776,2023-08-02,2023-08-01,On-time
606777,506777,2023-10-30,2023-11-04,Delayed
606778,506778,2024-09-24,2024-09-25,On-time
606779,506779,2023-09-06,2023-09-07,On-time
606780,506780,2024-09-22,2024-09-21,On-time
606781,506781,2023-10-09,2023-10-15,Delayed
606782,506782,2024-02-23,2024-02-23,On-time
606783,506783,2023-10-20,2023-10-21,On-time
606784,506784,2024-08-03,2024-08-03,On-time
606785,506785,2024-03-21,2024-03-21,On-time
606786,506786,2024-06-10,2024-06-10,On-time
606787,506787,2024-02-05,\N,\N
606788,506788,2023-08-28,2023-08-27,On-time
606789,506789,2024-02-25,2024-02-25,On-time
606790,506790,2023-08-08,2023-08-09,On-time
606791,506791,2023-12-09,2023-12-08,On-time
606792,506792,2024-07-20,2024-07-20,On-time
606793,506793,2024-07-08,2024-07-08,On-time
606794,506794,2023-08-10,\N,Failed
606795,506795,2024-04-09,2024-04-08,On-time
606796,506796,2024-04-24,2024-04-25,On-time
606797,506797,2023-09-20,2023-09-20,On-time
606798,506798,2023-11-06,2023-11-05,On-time
606799,506799,2024-09-08,2024-09-09,On-time
606800,506800,2023-11-12,\N,\N
606801,506801,2024-07-04,2024-07-05,On-time
606802,506802,2023-07-02,2023-07-03,On-time
606803,506803,2023-07-03,2023-07-02,On-time
606804,506804,2024-06-23,2024-06-22,On-time
606805,506805,2023-08-29,2023-08-30,On-time
606806,506806,2024-03-06,2024-03-06,On-time
606807,506807,2023-11-15,\N,\N
606808,506808,2023-07-15,2023-07-21,Delayed
606809,506809,2024-01-05,2024-01-09,Delayed
606810,506810,2024-09-25,2024-09-26,On-time
606811,506811,2024-08-21,2024-08-20,On-time
606812,506812,2023-07-07,2023-07-12,Delayed
606813,506813,2024-03-21,2024-03-20,On-time
606814,506814,2024-02-29,2024-02-28,On-time
606815,506815,2024-08-09,2024-08-11,Delayed
606816,506816,2024-05-05,2024-05-04,On-time
606817,506817,2023-09-13,2023-09-17,Delayed
606818,506818,2024-09-14,2024-09-14,On-time
606819,506819,2024-09-04,2024-09-03,On-time
606820,506820,2023-12-17,2023-12-17,On-time
606821,506821,2023-12-25,2023-12-24,On-time
606822,506822,2024-09-01,\N,Failed
606823,506823,2024-07-15,2024-07-14,On-time
606824,506824,2023-09-06,\N,\N
606825,506825,2023-10-26,\N,Failed
606826,506826,2024-06-11,2024-06-14,Delayed
606827,506827,2024-06-23,2024-06-24,On-time
606828,506828,2024-07-20,2024-07-25,Delayed
606829,506829,2024-07-03,2024-07-04,On-time
606830,506830,2024-08-18,\N,\N
606831,506831,2023-10-01,2023-10-02,On-time
606832,506832,2024-07-05,2024-07-05,On-time
606833,506833,2024-03-17,\N,\N
606834,506834,2024-06-20,2024-06-21,On-time
606835,506835,2023-06-29,2023-06-28,On-time
606836,506836,2023-06-25,\N,Failed
606837,506837,2024-04-13,2024-04-12,On-time
606838,506838,2023-09-04,2023-09-04,On-time
606839,506839,2023-09-26,2023-09-27,On-time
606840,506840,2024-06-04,2024-06-04,On-time
606841,506841,2024-06-06,2024-06-05,On-time
606842,506842,2023-06-26,\N,Failed
606843,506843,2023-07-14,2023-07-15,On-time
606844,506844,2024-04-22,\N,\N
606845,506845,2023-08-29,2023-08-30,On-time
606846,506846,2024-07-30,2024-07-30,On-time
606847,506847,2023-09-10,\N,\N
606848,506848,2023-07-26,2023-07-27,On-time
606849,506849,2024-07-25,2024-07-24,On-time
606850,506850,2024-08-04,2024-08-04,On-time
606851,506851,2024-08-29,2024-08-28,On-time
606852,506852,2024-07-16,2024-07-16,On-time
606853,506853,2024-03-14,2024-03-14,On-time
606854,506854,2024-06-28,2024-06-30,Delayed
606855,506855,2024-07-26,2024-07-27,On-time
606856,506856,2024-06-23,2024-06-22,On-time
606857,506857,2024-05-07,2024-05-06,On-time
606858,506858,2024-02-24,2024-02-24,On-time
606859,506859,2023-09-17,2023-09-18,On-time
606860,506860,2024-05-20,2024-05-19,On-time
606861,506861,2024-06-23,\N,\N
606862,506862,2024-02-11,2024-02-16,Delayed
606863,506863,2024-07-05,\N,Failed
606864,506864,2024-01-24,2024-01-23,On-time
606865,506865,2024-02-28,2024-02-28,On-time
606866,506866,2024-01-03,2024-01-02,On-time
606867,506867,2024-06-20,\N,Failed
606868,506868,2024-04-03,2024-04-04,On-time
606869,506869,2024-05-20,2024-05-20,On-time
606870,506870,2023-12-31,2024-01-01,On-time
606871,506871,2023-08-18,2023-08-19,On-time
606872,506872,2023-07-04,2023-07-05,On-time
606873,506873,2024-07-15,2024-07-17,Delayed
606874,506874,2023-11-16,2023-11-15,On-time
606875,506875,2023-10-17,2023-10-18,On-time
606876,506876,2023-09-04,2023-09-05,On-time
606877,506877,2023-08-30,\N,Failed
606878,506878,2023-10-01,2023-10-06,Delayed
606879,506879,2023-07-12,2023-07-17,Delayed
606880,506880,2023-12-09,2023-12-08,On-time
606881,506881,2024-08-05,2024-08-04,On-time
606882,506882,2024-09-04,2024-09-03,On-time
606883,506883,2023-12-21,2023-12-22,On-time
606884,506884,2024-03-09,2024-03-10,On-time
606885,506885,2023-10-13,2023-10-19,Delayed
606886,506886,2024-07-19,2024-07-23,Delayed
606887,506887,2024-05-21,\N,\N
606888,506888,2024-09-09,2024-09-11,Delayed
606889,506889,2024-07-05,2024-07-09,Delayed
606890,506890,2023-07-10,2023-07-09,On-time
606891,506891,2023-12-24,2023-12-23,On-time
606892,506892,2024-05-08,2024-05-07,On-time
606893,506893,2024-02-25,2024-02-25,On-time
606894,506894,2023-10-12,2023-10-15,Delayed
606895,506895,2023-07-31,2023-08-05,Delayed
606896,506896,2024-05-01,2024-04-30,On-time
606897,506897,2023-09-25,2023-09-25,On-time
606898,506898,2024-04-14,2024-04-13,On-time
606899,506899,2024-04-07,2024-04-08,On-time
606900,506900,2023-07-24,2023-07-24,On-time
606901,506901,2023-06-16,2023-06-17,On-time
606902,506902,2024-01-21,2024-01-20,On-time
606903,506903,2024-05-23,2024-05-25,Delayed
606904,506904,2024-09-15,2024-09-16,On-time
606905,506905,2024-02-06,2024-02-06,On-time
606906,506906,2024-04-11,2024-04-17,Delayed
606907,506907,2024-01-05,2024-01-05,On-time
606908,506908,2024-05-04,2024-05-05,On-time
606909,506909,2023-12-16,2023-12-17,On-time
606910,506910,2023-10-13,2023-10-13,On-time
606911,506911,2024-08-26,2024-08-28,Delayed
606912,506912,2023-07-19,2023-07-18,On-time
606913,506913,2023-11-01,2023-10-31,On-time
606914,506914,2023-09-17,2023-09-18,On-time
606915,506915,2024-08-27,2024-08-29,Delayed
606916,506916,2023-11-03,2023-11-04,On-time
606917,506917,2023-10-28,2023-10-29,On-time
606918,506918,2023-09-23,2023-09-25,Delayed
606919,506919,2024-02-23,2024-02-22,On-time
606920,506920,2023-08-06,\N,Failed
606921,506921,2024-09-30,2024-10-02,Delayed
606922,506922,2024-08-23,2024-08-22,On-time
606923,506923,2024-01-13,2024-01-14,On-time
606924,506924,2024-05-01,2024-04-30,On-time
606925,506925,2023-08-01,2023-07-31,On-time
606926,506926,2023-12-16,2023-12-21,Delayed
606927,506927,2024-04-11,2024-04-10,On-time
606928,506928,2023-12-04,2023-12-05,On-time
606929,506929,2024-05-23,\N,\N
606930,506930,2024-02-01,2024-02-01,On-time
606931,506931,2023-12-28,2023-12-27,On-time
606932,506932,2023-07-22,2023-07-24,Delayed
606933,506933,2023-07-08,2023-07-12,Delayed
606934,506934,2024-03-25,2024-03-24,On-time
606935,506935,2023-06-27,2023-06-28,On-time
606936,506936,2024-09-29,2024-09-29,On-time
606937,506937,2023-07-09,2023-07-11,Delayed
606938,506938,2023-09-15,2023-09-17,Delayed
606939,506939,2024-05-07,2024-05-06,On-time
606940,506940,2023-11-20,2023-11-19,On-time
606941,506941,2023-09-09,2023-09-15,Delayed
606942,506942,2024-09-25,2024-09-24,On-time
606943,506943,2024-07-12,2024-07-12,On-time
606944,506944,2023-09-01,2023-09-01,On-time
606945,506945,2023-08-09,2023-08-09,On-time
606946,506946,2023-12-19,2023-12-19,On-time
606947,506947,2023-08-26,\N,\N
606948,506948,2023-10-02,2023-10-08,Delayed
606949,506949,2024-04-14,2024-04-14,On-time
606950,506950,2023-08-11,2023-08-12,On-time
606951,506951,2024-02-16,2024-02-18,Delayed
606952,506952,2024-01-01,2024-01-04,Delayed
606953,506953,2023-06-21,2023-06-22,On-time
606954,506954,2024-09-12,2024-09-12,On-time
606955,506955,2023-06-24,2023-06-24,On-time
606956,506956,2023-12-30,2023-12-29,On-time
606957,506957,2024-07-25,2024-07-26,On-time
606958,506958,2023-07-15,2023-07-16,On-time
606959,506959,2024-06-20,2024-06-20,On-time
606960,506960,2023-12-07,2023-12-06,On-time
606961,506961,2024-07-01,2024-06-30,On-time
606962,506962,2023-08-04,\N,Failed
606963,506963,2023-06-07,2023-06-09,Delayed
606964,506964,2023-07-08,2023-07-12,Delayed
606965,506965,2024-01-31,2024-01-30,On-time
606966,506966,2024-07-09,2024-07-12,Delayed
606967,506967,2024-08-17,2024-08-16,On-time
606968,506968,2024-07-31,2024-07-31,On-time
606969,506969,2024-07-10,2024-07-14,Delayed
606970,506970,2024-09-02,2024-09-03,On-time
606971,506971,2023-10-23,2023-10-24,On-time
606972,506972,2023-07-14,2023-07-15,On-time
606973,506973,2023-07-30,2023-08-01,Delayed
606974,506974,2024-03-07,2024-03-06,On-time
606975,506975,2023-06-21,2023-06-26,Delayed
606976,506976,2023-08-16,2023-08-16,On-time
606977,506977,2023-06-19,2023-06-18,On-time
606978,506978,2024-01-05,2024-01-06,On-time
606979,506979,2024-08-04,2024-08-07,Delayed
606980,506980,2024-04-06,2024-04-11,Delayed
606981,506981,2023-09-18,2023-09-17,On-time
606982,506982,2023-08-27,2023-08-26,On-time
606983,506983,2024-07-22,2024-07-23,On-time
606984,506984,2023-06-23,2023-06-23,On-time
606985,506985,2024-03-31,2024-03-30,On-time
606986,506986,2023-07-31,2023-07-31,On-time
606987,506987,2024-03-19,2024-03-24,Delayed
606988,506988,2024-03-10,2024-03-09,On-time
606989,506989,2023-09-25,2023-09-25,On-time
606990,506990,2024-07-12,\N,Failed
606991,506991,2024-04-01,\N,Failed
606992,506992,2023-11-01,\N,Failed
606993,506993,2023-07-06,\N,Failed
606994,506994,2024-05-27,\N,\N
606995,506995,2024-04-11,\N,\N
606996,506996,2024-06-14,\N,Failed
606997,506997,2023-10-08,2023-10-09,On-time
606998,506998,2024-06-07,2024-06-06,On-time
606999,506999,2024-09-13,2024-09-18,Delayed
607000,507000,2024-04-30,2024-05-02,Delayed
607001,507001,2023-07-25,2023-07-30,Delayed
607002,507002,2023-10-31,2023-10-31,On-time
607003,507003,2024-01-11,2024-01-12,On-time
607004,507004,2024-05-05,\N,Failed
607005,507005,2024-01-29,2024-01-28,On-time
607006,507006,2024-08-31,2024-08-31,On-time
607007,507007,2024-04-22,2024-04-22,On-time
607008,507008,2023-11-07,2023-11-07,On-time
607009,507009,2023-06-13,2023-06-12,On-time
607010,507010,2023-09-15,2023-09-14,On-time
607011,507011,2024-04-24,2024-04-26,Delayed
607012,507012,2023-06-20,2023-06-19,On-time
607013,507013,2023-06-25,2023-06-25,On-time
607014,507014,2024-07-26,2024-07-25,On-time
607015,507015,2024-01-14,2024-01-14,On-time
607016,507016,2023-10-06,2023-10-06,On-time
607017,507017,2023-10-11,2023-10-10,On-time
607018,507018,2023-06-05,2023-06-05,On-time
607019,507019,2024-06-29,2024-06-29,On-time
607020,507020,2023-07-27,2023-07-30,Delayed
607021,507021,2023-08-12,2023-08-11,On-time
607022,507022,2024-01-12,2024-01-17,Delayed
607023,507023,2024-01-29,2024-01-31,Delayed
607024,507024,2024-02-26,2024-02-27,On-time
607025,507025,2024-09-07,2024-09-07,On-time
607026,507026,2024-09-12,\N,\N
607027,507027,2023-12-25,2023-12-31,Delayed
607028,507028,2024-08-25,\N,\N
607029,507029,2024-02-10,2024-02-09,On-time
607030,507030,2024-06-25,\N,\N
607031,507031,2023-12-01,2023-12-04,Delayed
607032,507032,2024-03-06,\N,Failed
607033,507033,2023-08-21,2023-08-27,Delayed
607034,507034,2024-05-28,2024-05-29,On-time
607035,507035,2024-02-20,2024-02-22,Delayed
607036,507036,2023-10-25,2023-10-24,On-time
607037,507037,2024-07-08,2024-07-07,On-time
607038,507038,2023-10-01,2023-10-02,On-time
607039,507039,2024-09-02,2024-09-05,Delayed
607040,507040,2023-11-11,\N,Failed
607041,507041,2023-11-12,\N,\N
607042,507042,2024-05-20,2024-05-21,On-time
607043,507043,2023-07-21,2023-07-22,On-time
607044,507044,2024-02-17,\N,Failed
607045,507045,2023-10-07,2023-10-08,On-time
607046,507046,2024-04-03,2024-04-03,On-time
607047,507047,2024-05-12,2024-05-18,Delayed
607048,507048,2024-09-27,2024-09-29,Delayed
607049,507049,2024-09-04,2024-09-04,On-time
607050,507050,2023-12-17,\N,Failed
607051,507051,2023-07-01,\N,Failed
607052,507052,2024-07-30,\N,\N
607053,507053,2024-04-15,2024-04-15,On-time
607054,507054,2023-12-25,2023-12-26,On-time
607055,507055,2023-08-25,2023-08-29,Delayed
607056,507056,2024-06-25,2024-06-30,Delayed
607057,507057,2023-07-01,2023-07-02,On-time
607058,507058,2023-06-04,2023-06-04,On-time
607059,507059,2023-08-17,\N,Failed
607060,507060,2024-01-09,2024-01-09,On-time
607061,507061,2023-07-03,2023-07-04,On-time
607062,507062,2024-01-26,\N,Failed
607063,507063,2024-04-24,2024-04-28,Delayed
607064,507064,2024-03-04,2024-03-05,On-time
607065,507065,2023-10-01,2023-10-02,On-time
607066,507066,2023-11-11,2023-11-11,On-time
607067,507067,2024-07-31,2024-08-06,Delayed
607068,507068,2023-08-15,2023-08-14,On-time
607069,507069,2024-05-16,2024-05-15,On-time
607070,507070,2023-11-20,2023-11-19,On-time
607071,507071,2023-09-02,\N,Failed
607072,507072,2024-05-14,2024-05-15,On-time
607073,507073,2023-07-02,2023-07-05,Delayed
607074,507074,2023-08-25,2023-08-25,On-time
607075,507075,2024-02-09,\N,\N
607076,507076,2024-05-11,\N,\N
607077,507077,2024-08-06,2024-08-05,On-time
607078,507078,2024-01-03,2024-01-06,Delayed
607079,507079,2024-04-11,2024-04-12,On-time
607080,507080,2024-07-01,2024-07-02,On-time
607081,507081,2024-04-15,\N,\N
607082,507082,2024-07-25,\N,Failed
607083,507083,2024-03-01,2024-03-02,On-time
607084,507084,2024-03-14,2024-03-13,On-time
607085,507085,2023-11-22,\N,\N
607086,507086,2023-08-03,2023-08-03,On-time
607087,507087,2024-06-19,2024-06-19,On-time
607088,507088,2024-07-03,2024-07-02,On-time
607089,507089,2024-01-17,2024-01-16,On-time
607090,507090,2024-10-01,2024-10-02,On-time
607091,507091,2024-09-07,2024-09-06,On-time
607092,507092,2023-09-23,2023-09-27,Delayed
607093,507093,2024-01-03,2024-01-04,On-time
607094,507094,2024-08-01,2024-08-01,On-time
607095,507095,2024-06-29,2024-06-28,On-time
607096,507096,2024-08-18,\N,Failed
607097,507097,2024-02-07,2024-02-06,On-time
607098,507098,2024-08-22,2024-08-28,Delayed
607099,507099,2023-07-26,2023-07-28,Delayed
607100,507100,2024-04-16,2024-04-18,Delayed
607101,507101,2024-03-17,\N,Failed
607102,507102,2024-02-02,2024-02-08,Delayed
607103,507103,2024-09-23,2024-09-29,Delayed
607104,507104,2024-06-14,2024-06-18,Delayed
607105,507105,2024-05-13,2024-05-19,Delayed
607106,507106,2024-02-09,2024-02-08,On-time
607107,507107,2024-07-12,2024-07-12,On-time
607108,507108,2024-08-18,2024-08-22,Delayed
607109,507109,2024-09-02,2024-09-03,On-time
607110,507110,2024-06-21,2024-06-21,On-time
607111,507111,2024-09-22,2024-09-22,On-time
607112,507112,2023-12-24,2023-12-26,Delayed
607113,507113,2023-07-23,2023-07-23,On-time
607114,507114,2024-07-17,\N,Failed
607115,507115,2024-06-04,2024-06-04,On-time
607116,507116,2023-12-17,2023-12-16,On-time
607117,507117,2024-01-26,\N,\N
607118,507118,2024-08-16,2024-08-15,On-time
607119,507119,2024-02-24,2024-02-25,On-time
607120,507120,2023-07-30,2023-08-04,Delayed
607121,507121,2023-12-09,2023-12-08,On-time
607122,507122,2023-10-17,2023-10-23,Delayed
607123,507123,2024-05-31,\N,Failed
607124,507124,2023-06-25,2023-06-26,On-time
607125,507125,2024-05-01,2024-05-02,On-time
607126,507126,2023-07-29,2023-07-30,On-time
607127,507127,2023-11-16,2023-11-15,On-time
607128,507128,2024-05-08,2024-05-08,On-time
607129,507129,2024-03-10,2024-03-11,On-time
607130,507130,2024-05-09,\N,\N
607131,507131,2024-03-23,\N,Failed
607132,507132,2024-04-24,2024-04-28,Delayed
607133,507133,2024-05-13,2024-05-13,On-time
607134,507134,2024-08-04,2024-08-07,Delayed
607135,507135,2024-03-21,2024-03-26,Delayed
607136,507136,2024-07-20,\N,Failed
607137,507137,2024-09-02,2024-09-04,Delayed
607138,507138,2024-04-20,2024-04-20,On-time
607139,507139,2024-08-24,2024-08-24,On-time
607140,507140,2023-10-23,2023-10-23,On-time
607141,507141,2024-06-19,2024-06-18,On-time
607142,507142,2024-07-30,\N,Failed
607143,507143,2023-08-28,\N,\N
607144,507144,2024-03-06,2024-03-06,On-time
607145,507145,2024-01-24,2024-01-29,Delayed
607146,507146,2023-12-10,2023-12-09,On-time
607147,507147,2023-12-08,2023-12-08,On-time
607148,507148,2024-07-17,2024-07-18,On-time
607149,507149,2023-10-01,2023-10-05,Delayed
607150,507150,2024-07-09,2024-07-09,On-time
607151,507151,2024-02-27,2024-02-28,On-time
607152,507152,2024-05-27,2024-05-27,On-time
607153,507153,2024-07-05,2024-07-09,Delayed
607154,507154,2023-11-04,\N,Failed
607155,507155,2024-02-21,2024-02-21,On-time
607156,507156,2024-04-21,2024-04-21,On-time
607157,507157,2024-07-28,2024-07-29,On-time
607158,507158,2024-02-11,2024-02-12,On-time
607159,507159,2024-05-03,2024-05-04,On-time
607160,507160,2023-06-19,2023-06-20,On-time
607161,507161,2023-08-24,2023-08-23,On-time
607162,507162,2024-07-19,\N,\N
607163,507163,2024-08-31,\N,\N
607164,507164,2023-11-27,\N,\N
607165,507165,2024-02-06,2024-02-09,Delayed
607166,507166,2024-09-13,2024-09-14,On-time
607167,507167,2023-07-03,\N,\N
607168,507168,2024-05-29,2024-06-02,Delayed
607169,507169,2023-09-05,\N,Failed
607170,507170,2023-08-10,2023-08-12,Delayed
607171,507171,2024-03-05,2024-03-06,On-time
607172,507172,2024-04-12,2024-04-13,On-time
607173,507173,2024-04-11,2024-04-11,On-time
607174,507174,2024-06-16,\N,Failed
607175,507175,2023-06-27,2023-07-03,Delayed
607176,507176,2023-10-05,2023-10-06,On-time
607177,507177,2023-10-27,2023-10-28,On-time
607178,507178,2024-07-09,2024-07-10,On-time
607179,507179,2024-05-21,2024-05-22,On-time
607180,507180,2024-09-19,2024-09-23,Delayed
607181,507181,2024-09-23,2024-09-22,On-time
607182,507182,2024-04-20,2024-04-19,On-time
607183,507183,2023-08-04,\N,Failed
607184,507184,2024-06-01,2024-06-02,On-time
607185,507185,2024-05-09,2024-05-09,On-time
607186,507186,2024-05-09,2024-05-09,On-time
607187,507187,2023-08-27,2023-08-27,On-time
607188,507188,2024-09-06,\N,Failed
607189,507189,2024-06-10,2024-06-09,On-time
607190,507190,2023-10-24,2023-10-24,On-time
607191,507191,2024-06-05,2024-06-09,Delayed
607192,507192,2024-05-30,2024-05-31,On-time
607193,507193,2023-08-06,\N,Failed
607194,507194,2023-07-10,2023-07-10,On-time
607195,507195,2024-04-17,\N,\N
607196,507196,2024-02-09,2024-02-09,On-time
607197,507197,2024-01-26,2024-02-01,Delayed
607198,507198,2024-08-13,\N,Failed
607199,507199,2024-08-07,2024-08-08,On-time
607200,507200,2023-10-04,2023-10-09,Delayed
607201,507201,2024-07-09,2024-07-10,On-time
607202,507202,2023-12-11,2023-12-10,On-time
607203,507203,2024-04-17,2024-04-21,Delayed
607204,507204,2024-05-26,2024-05-26,On-time
607205,507205,2024-04-28,2024-05-04,Delayed
607206,507206,2024-05-28,2024-05-29,On-time
607207,507207,2024-07-07,2024-07-07,On-time
607208,507208,2024-05-17,2024-05-22,Delayed
607209,507209,2023-07-31,\N,\N
607210,507210,2024-05-11,\N,Failed
607211,507211,2023-11-22,\N,Failed
607212,507212,2023-06-09,2023-06-10,On-time
607213,507213,2024-09-30,2024-09-29,On-time
607214,507214,2024-07-02,2024-07-02,On-time
607215,507215,2023-10-05,2023-10-05,On-time
607216,507216,2023-12-28,2023-12-29,On-time
607217,507217,2024-07-19,2024-07-18,On-time
607218,507218,2023-07-23,2023-07-28,Delayed
607219,507219,2024-04-21,2024-04-22,On-time
607220,507220,2024-02-26,2024-03-02,Delayed
607221,507221,2024-06-20,2024-06-20,On-time
607222,507222,2024-06-07,2024-06-11,Delayed
607223,507223,2024-08-24,2024-08-24,On-time
607224,507224,2024-04-23,2024-04-23,On-time
607225,507225,2023-08-23,2023-08-24,On-time
607226,507226,2024-05-30,2024-05-30,On-time
607227,507227,2024-07-04,2024-07-03,On-time
607228,507228,2024-03-22,2024-03-22,On-time
607229,507229,2024-09-10,2024-09-10,On-time
607230,507230,2024-04-15,2024-04-15,On-time
607231,507231,2023-08-18,2023-08-19,On-time
607232,507232,2023-10-26,2023-10-27,On-time
607233,507233,2024-03-01,2024-02-29,On-time
607234,507234,2023-09-11,\N,Failed
607235,507235,2023-12-10,2023-12-09,On-time
607236,507236,2024-06-23,\N,\N
607237,507237,2024-05-23,2024-05-24,On-time
607238,507238,2024-08-27,2024-08-27,On-time
607239,507239,2023-10-08,2023-10-11,Delayed
607240,507240,2024-03-16,2024-03-17,On-time
607241,507241,2024-04-23,2024-04-29,Delayed
607242,507242,2024-06-15,2024-06-16,On-time
607243,507243,2023-06-07,2023-06-08,On-time
607244,507244,2024-03-18,2024-03-21,Delayed
607245,507245,2024-09-17,2024-09-17,On-time
607246,507246,2023-10-17,\N,Failed
607247,507247,2024-03-23,2024-03-22,On-time
607248,507248,2024-07-30,2024-07-30,On-time
607249,507249,2023-06-17,2023-06-19,Delayed
607250,507250,2024-06-18,\N,Failed
607251,507251,2023-11-20,2023-11-19,On-time
607252,507252,2024-09-06,2024-09-07,On-time
607253,507253,2023-07-07,2023-07-07,On-time
607254,507254,2024-06-04,2024-06-03,On-time
607255,507255,2023-11-19,\N,Failed
607256,507256,2024-05-22,2024-05-22,On-time
607257,507257,2023-11-26,\N,\N
607258,507258,2024-01-07,2024-01-06,On-time
607259,507259,2024-01-09,2024-01-10,On-time
607260,507260,2023-08-02,2023-08-02,On-time
607261,507261,2024-04-15,2024-04-14,On-time
607262,507262,2024-06-05,2024-06-05,On-time
607263,507263,2023-08-05,2023-08-04,On-time
607264,507264,2024-09-12,2024-09-11,On-time
607265,507265,2024-01-15,2024-01-14,On-time
607266,507266,2023-08-30,2023-09-02,Delayed
607267,507267,2024-02-18,2024-02-18,On-time
607268,507268,2024-06-28,2024-06-29,On-time
607269,507269,2023-09-29,2023-09-28,On-time
607270,507270,2024-05-03,2024-05-03,On-time
607271,507271,2024-03-14,\N,Failed
607272,507272,2024-03-04,\N,\N
607273,507273,2023-09-21,2023-09-22,On-time
607274,507274,2024-03-21,2024-03-20,On-time
607275,507275,2023-11-16,2023-11-17,On-time
607276,507276,2024-09-25,2024-09-28,Delayed
607277,507277,2023-11-06,2023-11-05,On-time
607278,507278,2024-04-02,2024-04-01,On-time
607279,507279,2024-08-01,\N,\N
607280,507280,2024-02-24,\N,Failed
607281,507281,2024-07-13,2024-07-12,On-time
607282,507282,2023-07-23,2023-07-24,On-time
607283,507283,2023-06-21,2023-06-21,On-time
607284,507284,2023-11-17,2023-11-18,On-time
607285,507285,2024-08-16,2024-08-15,On-time
607286,507286,2023-12-27,2023-12-26,On-time
607287,507287,2024-04-28,2024-04-28,On-time
607288,507288,2023-07-18,2023-07-18,On-time
607289,507289,2023-11-17,2023-11-17,On-time
607290,507290,2023-10-05,\N,\N
607291,507291,2023-12-14,2023-12-13,On-time
607292,507292,2024-06-11,2024-06-10,On-time
607293,507293,2024-07-26,2024-08-01,Delayed
607294,507294,2023-08-29,2023-08-29,On-time
607295,507295,2024-06-09,2024-06-09,On-time
607296,507296,2024-03-17,2024-03-21,Delayed
607297,507297,2023-07-05,2023-07-05,On-time
607298,507298,2023-12-31,2024-01-02,Delayed
607299,507299,2023-10-14,2023-10-15,On-time
607300,507300,2023-07-29,\N,\N
607301,507301,2023-07-23,2023-07-22,On-time
607302,507302,2024-06-10,2024-06-10,On-time
607303,507303,2024-05-28,2024-06-02,Delayed
607304,507304,2023-08-31,2023-08-31,On-time
607305,507305,2024-04-12,2024-04-16,Delayed
607306,507306,2023-12-21,2023-12-22,On-time
607307,507307,2024-05-26,2024-05-30,Delayed
607308,507308,2024-07-25,2024-07-25,On-time
607309,507309,2023-12-18,2023-12-18,On-time
607310,507310,2024-03-30,2024-03-29,On-time
607311,507311,2024-09-30,\N,\N
607312,507312,2023-07-08,2023-07-10,Delayed
607313,507313,2023-07-04,2023-07-05,On-time
607314,507314,2024-09-25,2024-09-24,On-time
607315,507315,2023-12-07,2023-12-06,On-time
607316,507316,2024-08-18,2024-08-18,On-time
607317,507317,2023-08-04,2023-08-05,On-time
607318,507318,2023-08-15,2023-08-15,On-time
607319,507319,2024-03-24,\N,\N
607320,507320,2024-05-05,2024-05-05,On-time
607321,507321,2023-07-06,2023-07-07,On-time
607322,507322,2023-09-18,2023-09-17,On-time
607323,507323,2024-01-31,\N,\N
607324,507324,2023-10-16,2023-10-15,On-time
607325,507325,2024-03-29,2024-04-03,Delayed
607326,507326,2024-03-11,2024-03-11,On-time
607327,507327,2024-07-24,2024-07-29,Delayed
607328,507328,2024-01-10,2024-01-10,On-time
607329,507329,2024-03-05,2024-03-06,On-time
607330,507330,2024-03-19,2024-03-20,On-time
607331,507331,2023-11-18,2023-11-18,On-time
607332,507332,2024-04-12,\N,Failed
607333,507333,2023-12-02,\N,Failed
607334,507334,2024-05-16,2024-05-16,On-time
607335,507335,2023-07-28,2023-07-27,On-time
607336,507336,2023-10-09,2023-10-09,On-time
607337,507337,2023-07-10,2023-07-11,On-time
607338,507338,2023-11-27,2023-11-26,On-time
607339,507339,2023-09-22,2023-09-22,On-time
607340,507340,2024-05-15,2024-05-17,Delayed
607341,507341,2023-12-22,2023-12-22,On-time
607342,507342,2024-04-11,2024-04-14,Delayed
607343,507343,2023-11-27,2023-11-27,On-time
607344,507344,2023-12-09,2023-12-09,On-time
607345,507345,2023-08-22,\N,\N
607346,507346,2023-06-25,2023-06-28,Delayed
607347,507347,2024-04-25,2024-04-24,On-time
607348,507348,2024-02-07,2024-02-10,Delayed
607349,507349,2023-09-03,\N,Failed
607350,507350,2024-07-25,2024-07-25,On-time
607351,507351,2024-07-28,2024-08-01,Delayed
607352,507352,2023-12-24,\N,\N
607353,507353,2023-06-17,2023-06-22,Delayed
607354,507354,2023-11-29,2023-12-03,Delayed
607355,507355,2024-01-16,\N,\N
607356,507356,2023-08-20,\N,\N
607357,507357,2024-03-03,2024-03-02,On-time
607358,507358,2024-09-26,2024-09-27,On-time
607359,507359,2023-11-15,\N,Failed
607360,507360,2023-07-15,2023-07-16,On-time
607361,507361,2024-07-04,2024-07-04,On-time
607362,507362,2024-09-09,\N,\N
607363,507363,2023-12-15,2023-12-15,On-time
607364,507364,2024-03-28,\N,\N
607365,507365,2024-07-05,2024-07-04,On-time
607366,507366,2023-09-27,2023-09-27,On-time
607367,507367,2024-06-07,2024-06-06,On-time
607368,507368,2023-09-16,2023-09-17,On-time
607369,507369,2023-07-14,2023-07-14,On-time
607370,507370,2024-03-11,2024-03-10,On-time
607371,507371,2023-11-13,2023-11-12,On-time
607372,507372,2024-01-19,2024-01-18,On-time
607373,507373,2024-09-17,2024-09-16,On-time
607374,507374,2024-08-20,2024-08-26,Delayed
607375,507375,2024-06-19,2024-06-19,On-time
607376,507376,2023-10-31,2023-10-30,On-time
607377,507377,2023-10-08,2023-10-09,On-time
607378,507378,2024-06-12,2024-06-13,On-time
607379,507379,2024-03-14,\N,\N
607380,507380,2023-10-19,2023-10-20,On-time
607381,507381,2023-07-27,2023-08-02,Delayed
607382,507382,2024-10-02,2024-10-02,On-time
607383,507383,2024-04-28,\N,Failed
607384,507384,2024-02-06,2024-02-06,On-time
607385,507385,2023-07-05,2023-07-06,On-time
607386,507386,2024-06-21,\N,\N
607387,507387,2024-03-30,2024-03-29,On-time
607388,507388,2024-01-29,2024-01-29,On-time
607389,507389,2023-07-16,2023-07-17,On-time
607390,507390,2023-12-18,2023-12-18,On-time
607391,507391,2024-07-28,\N,\N
607392,507392,2024-04-05,\N,Failed
607393,507393,2023-12-17,2023-12-21,Delayed
607394,507394,2024-09-14,2024-09-16,Delayed
607395,507395,2024-02-21,2024-02-20,On-time
607396,507396,2024-01-13,\N,\N
607397,507397,2023-10-02,2023-10-02,On-time
607398,507398,2023-08-10,2023-08-10,On-time
607399,507399,2023-11-30,2023-12-06,Delayed
607400,507400,2023-06-18,2023-06-19,On-time
607401,507401,2023-11-12,2023-11-11,On-time
607402,507402,2023-11-19,2023-11-22,Delayed
607403,507403,2024-07-08,2024-07-14,Delayed
607404,507404,2024-04-11,2024-04-14,Delayed
607405,507405,2024-01-27,2024-01-27,On-time
607406,507406,2024-02-17,2024-02-18,On-time
607407,507407,2023-10-15,\N,Failed
607408,507408,2024-03-11,2024-03-10,On-time
607409,507409,2024-01-20,\N,Failed
607410,507410,2024-08-10,2024-08-09,On-time
607411,507411,2023-11-07,2023-11-11,Delayed
607412,507412,2023-09-06,2023-09-05,On-time
607413,507413,2024-08-19,\N,Failed
607414,507414,2024-09-18,\N,Failed
607415,507415,2023-08-07,2023-08-09,Delayed
607416,507416,2023-07-20,2023-07-21,On-time
607417,507417,2024-09-01,2024-09-02,On-time
607418,507418,2023-08-20,2023-08-20,On-time
607419,507419,2024-01-21,2024-01-20,On-time
607420,507420,2024-01-02,2024-01-03,On-time
607421,507421,2024-01-27,2024-01-27,On-time
607422,507422,2024-04-30,2024-05-05,Delayed
607423,507423,2024-09-02,2024-09-03,On-time
607424,507424,2023-10-28,2023-10-28,On-time
607425,507425,2024-01-21,2024-01-27,Delayed
607426,507426,2024-08-04,2024-08-06,Delayed
607427,507427,2024-03-11,2024-03-17,Delayed
607428,507428,2024-07-01,2024-06-30,On-time
607429,507429,2023-06-11,2023-06-10,On-time
607430,507430,2024-01-01,2024-01-02,On-time
607431,507431,2024-08-07,2024-08-11,Delayed
607432,507432,2024-09-20,2024-09-20,On-time
607433,507433,2023-07-16,2023-07-15,On-time
607434,507434,2023-09-11,\N,\N
607435,507435,2023-11-25,\N,Failed
607436,507436,2024-06-02,\N,Failed
607437,507437,2024-03-29,2024-03-28,On-time
607438,507438,2024-03-01,2024-02-29,On-time
607439,507439,2023-07-23,2023-07-23,On-time
607440,507440,2024-08-29,2024-08-30,On-time
607441,507441,2023-07-10,2023-07-14,Delayed
607442,507442,2024-05-12,2024-05-13,On-time
607443,507443,2023-10-20,\N,\N
607444,507444,2024-04-25,2024-04-25,On-time
607445,507445,2023-09-03,2023-09-03,On-time
607446,507446,2024-09-11,2024-09-12,On-time
607447,507447,2024-08-13,2024-08-14,On-time
607448,507448,2024-01-15,2024-01-16,On-time
607449,507449,2023-11-12,2023-11-12,On-time
607450,507450,2024-07-30,2024-07-30,On-time
607451,507451,2024-03-24,2024-03-25,On-time
607452,507452,2023-06-07,\N,\N
607453,507453,2024-08-09,2024-08-09,On-time
607454,507454,2024-06-20,2024-06-21,On-time
607455,507455,2024-09-05,2024-09-05,On-time
607456,507456,2024-02-06,\N,\N
607457,507457,2023-12-25,2023-12-25,On-time
607458,507458,2023-08-08,\N,\N
607459,507459,2024-07-08,2024-07-09,On-time
607460,507460,2023-08-10,2023-08-09,On-time
607461,507461,2024-09-20,2024-09-21,On-time
607462,507462,2023-08-24,2023-08-24,On-time
607463,507463,2023-08-14,2023-08-14,On-time
607464,507464,2023-06-17,2023-06-16,On-time
607465,507465,2023-12-30,2023-12-30,On-time
607466,507466,2024-08-20,2024-08-22,Delayed
607467,507467,2024-04-22,2024-04-22,On-time
607468,507468,2024-08-28,2024-08-31,Delayed
607469,507469,2023-10-31,2023-11-01,On-time
607470,507470,2023-07-18,2023-07-18,On-time
607471,507471,2023-11-08,2023-11-07,On-time
607472,507472,2023-06-09,2023-06-09,On-time
607473,507473,2023-08-05,2023-08-06,On-time
607474,507474,2023-09-12,\N,Failed
607475,507475,2024-02-03,2024-02-04,On-time
607476,507476,2024-09-11,2024-09-11,On-time
607477,507477,2024-01-28,2024-01-27,On-time
607478,507478,2023-08-17,2023-08-17,On-time
607479,507479,2024-05-28,\N,\N
607480,507480,2023-11-04,2023-11-04,On-time
607481,507481,2024-06-08,2024-06-08,On-time
607482,507482,2024-08-10,2024-08-15,Delayed
607483,507483,2024-09-03,2024-09-03,On-time
607484,507484,2024-04-29,2024-04-28,On-time
607485,507485,2024-09-01,2024-09-01,On-time
607486,507486,2024-03-25,2024-03-29,Delayed
607487,507487,2023-09-06,2023-09-11,Delayed
607488,507488,2024-06-17,\N,Failed
607489,507489,2023-07-13,2023-07-13,On-time
607490,507490,2024-03-05,2024-03-10,Delayed
607491,507491,2023-08-18,2023-08-18,On-time
607492,507492,2024-08-01,\N,\N
607493,507493,2023-07-24,2023-07-23,On-time
607494,507494,2024-02-16,2024-02-15,On-time
607495,507495,2024-06-02,2024-06-08,Delayed
607496,507496,2024-08-26,2024-08-26,On-time
607497,507497,2024-08-15,2024-08-16,On-time
607498,507498,2024-09-03,2024-09-09,Delayed
607499,507499,2024-08-12,2024-08-15,Delayed
607500,507500,2023-09-21,2023-09-22,On-time
607501,507501,2024-02-11,2024-02-12,On-time
607502,507502,2023-07-23,2023-07-22,On-time
607503,507503,2024-07-26,2024-07-29,Delayed
607504,507504,2024-09-14,2024-09-15,On-time
607505,507505,2023-09-02,2023-09-02,On-time
607506,507506,2023-07-11,2023-07-12,On-time
607507,507507,2024-02-16,2024-02-15,On-time
607508,507508,2023-08-27,2023-08-27,On-time
607509,507509,2023-12-17,2023-12-16,On-time
607510,507510,2023-09-03,2023-09-02,On-time
607511,507511,2023-08-26,2023-08-25,On-time
607512,507512,2023-09-24,\N,\N
607513,507513,2023-12-31,2023-12-31,On-time
607514,507514,2023-08-13,2023-08-13,On-time
607515,507515,2023-12-16,2023-12-16,On-time
607516,507516,2024-05-09,2024-05-10,On-time
607517,507517,2024-05-26,2024-05-27,On-time
607518,507518,2024-02-02,2024-02-01,On-time
607519,507519,2024-01-09,2024-01-10,On-time
607520,507520,2023-07-16,\N,\N
607521,507521,2024-06-07,2024-06-06,On-time
607522,507522,2023-09-18,2023-09-17,On-time
607523,507523,2024-03-05,2024-03-07,Delayed
607524,507524,2024-01-20,2024-01-21,On-time
607525,507525,2024-04-01,2024-03-31,On-time
607526,507526,2024-06-14,2024-06-14,On-time
607527,507527,2023-08-21,2023-08-21,On-time
607528,507528,2024-04-07,2024-04-07,On-time
607529,507529,2024-05-09,2024-05-14,Delayed
607530,507530,2024-09-26,2024-09-26,On-time
607531,507531,2024-04-09,2024-04-10,On-time
607532,507532,2024-01-29,2024-01-28,On-time
607533,507533,2024-01-12,2024-01-13,On-time
607534,507534,2023-08-11,2023-08-10,On-time
607535,507535,2024-05-18,\N,Failed
607536,507536,2024-06-11,2024-06-15,Delayed
607537,507537,2024-08-03,2024-08-06,Delayed
607538,507538,2023-12-05,2023-12-06,On-time
607539,507539,2024-05-21,2024-05-22,On-time
607540,507540,2023-06-29,2023-06-28,On-time
607541,507541,2023-10-14,2023-10-15,On-time
607542,507542,2023-09-29,2023-10-02,Delayed
607543,507543,2024-07-04,2024-07-03,On-time
607544,507544,2023-12-11,2023-12-12,On-time
607545,507545,2024-05-21,2024-05-21,On-time
607546,507546,2024-09-17,\N,Failed
607547,507547,2024-02-22,\N,Failed
607548,507548,2023-10-15,2023-10-16,On-time
607549,507549,2023-07-13,2023-07-14,On-time
607550,507550,2024-02-02,2024-02-01,On-time
607551,507551,2024-06-21,2024-06-27,Delayed
607552,507552,2023-08-02,\N,Failed
607553,507553,2023-07-19,2023-07-18,On-time
607554,507554,2023-08-23,2023-08-22,On-time
607555,507555,2024-09-25,2024-10-01,Delayed
607556,507556,2024-05-06,2024-05-05,On-time
607557,507557,2024-01-25,2024-01-25,On-time
607558,507558,2024-01-27,\N,\N
607559,507559,2024-06-29,2024-06-29,On-time
607560,507560,2024-05-13,\N,\N
607561,507561,2023-09-29,2023-09-30,On-time
607562,507562,2024-03-01,2024-03-02,On-time
607563,507563,2023-10-07,2023-10-11,Delayed
607564,507564,2024-02-08,2024-02-07,On-time
607565,507565,2023-12-23,2023-12-27,Delayed
607566,507566,2023-10-21,2023-10-22,On-time
607567,507567,2023-06-16,2023-06-16,On-time
607568,507568,2024-07-05,2024-07-09,Delayed
607569,507569,2024-02-13,2024-02-13,On-time
607570,507570,2024-09-02,2024-09-07,Delayed
607571,507571,2024-04-05,2024-04-06,On-time
607572,507572,2023-09-02,\N,\N
607573,507573,2023-12-09,2023-12-10,On-time
607574,507574,2023-06-16,2023-06-17,On-time
607575,507575,2024-08-11,2024-08-11,On-time
607576,507576,2024-03-07,2024-03-07,On-time
607577,507577,2023-09-21,2023-09-21,On-time
607578,507578,2024-09-21,\N,\N
607579,507579,2023-10-10,2023-10-12,Delayed
607580,507580,2024-02-05,2024-02-06,On-time
607581,507581,2023-08-08,2023-08-13,Delayed
607582,507582,2024-09-02,2024-09-03,On-time
607583,507583,2023-10-09,2023-10-12,Delayed
607584,507584,2024-06-02,2024-06-01,On-time
607585,507585,2023-10-31,2023-10-31,On-time
607586,507586,2023-11-16,2023-11-16,On-time
607587,507587,2023-06-19,2023-06-23,Delayed
607588,507588,2024-09-27,2024-09-28,On-time
607589,507589,2024-01-22,2024-01-23,On-time
607590,507590,2024-07-31,2024-07-30,On-time
607591,507591,2023-06-30,2023-07-05,Delayed
607592,507592,2023-08-17,2023-08-17,On-time
607593,507593,2024-08-03,2024-08-02,On-time
607594,507594,2023-08-24,\N,\N
607595,507595,2024-05-12,2024-05-11,On-time
607596,507596,2023-08-10,2023-08-09,On-time
607597,507597,2024-02-03,\N,Failed
607598,507598,2024-02-06,2024-02-06,On-time
607599,507599,2024-03-02,2024-03-02,On-time
607600,507600,2024-01-01,2024-01-02,On-time
607601,507601,2024-03-19,2024-03-24,Delayed
607602,507602,2024-07-08,2024-07-08,On-time
607603,507603,2023-08-26,2023-08-28,Delayed
607604,507604,2024-02-23,2024-02-22,On-time
607605,507605,2023-09-04,2023-09-03,On-time
607606,507606,2023-11-10,2023-11-09,On-time
607607,507607,2024-08-22,\N,\N
607608,507608,2024-07-22,2024-07-21,On-time
607609,507609,2023-12-23,2023-12-24,On-time
607610,507610,2023-07-23,2023-07-22,On-time
607611,507611,2023-08-10,2023-08-14,Delayed
607612,507612,2024-02-01,2024-01-31,On-time
607613,507613,2024-02-21,2024-02-20,On-time
607614,507614,2023-07-14,2023-07-16,Delayed
607615,507615,2023-11-01,2023-10-31,On-time
607616,507616,2024-09-18,2024-09-17,On-time
607617,507617,2024-01-08,\N,\N
607618,507618,2024-06-16,2024-06-15,On-time
607619,507619,2024-03-05,\N,Failed
607620,507620,2024-07-12,2024-07-11,On-time
607621,507621,2023-08-09,2023-08-13,Delayed
607622,507622,2023-11-22,2023-11-23,On-time
607623,507623,2024-02-03,2024-02-04,On-time
607624,507624,2023-07-26,2023-07-26,On-time
607625,507625,2024-03-31,2024-03-31,On-time
607626,507626,2023-12-16,2023-12-18,Delayed
607627,507627,2023-10-21,\N,\N
607628,507628,2024-08-12,2024-08-12,On-time
607629,507629,2023-11-25,2023-11-26,On-time
607630,507630,2024-01-27,2024-01-28,On-time
607631,507631,2024-04-29,2024-04-29,On-time
607632,507632,2024-03-15,2024-03-17,Delayed
607633,507633,2024-01-28,2024-01-27,On-time
607634,507634,2023-06-14,2023-06-15,On-time
607635,507635,2024-02-26,2024-02-25,On-time
607636,507636,2023-11-02,2023-11-07,Delayed
607637,507637,2024-09-06,\N,Failed
607638,507638,2024-06-12,2024-06-11,On-time
607639,507639,2024-02-25,\N,\N
607640,507640,2024-06-06,\N,\N
607641,507641,2023-06-07,2023-06-07,On-time
607642,507642,2024-10-05,2024-10-11,Delayed
607643,507643,2024-09-16,2024-09-17,On-time
607644,507644,2023-09-07,2023-09-07,On-time
607645,507645,2024-02-06,2024-02-07,On-time
607646,507646,2024-08-05,2024-08-05,On-time
607647,507647,2024-02-20,2024-02-21,On-time
607648,507648,2023-12-06,2023-12-08,Delayed
607649,507649,2024-04-26,2024-04-25,On-time
607650,507650,2024-01-26,2024-01-25,On-time
607651,507651,2024-03-30,2024-03-30,On-time
607652,507652,2024-09-06,2024-09-12,Delayed
607653,507653,2024-02-02,\N,Failed
607654,507654,2024-02-04,2024-02-05,On-time
607655,507655,2023-06-08,2023-06-09,On-time
607656,507656,2023-06-20,2023-06-19,On-time
607657,507657,2024-08-17,\N,\N
607658,507658,2023-08-23,2023-08-23,On-time
607659,507659,2024-06-27,2024-06-26,On-time
607660,507660,2023-09-04,2023-09-04,On-time
607661,507661,2024-08-02,2024-08-06,Delayed
607662,507662,2023-12-28,2023-12-29,On-time
607663,507663,2024-05-26,2024-05-25,On-time
607664,507664,2023-07-14,2023-07-13,On-time
607665,507665,2023-09-12,2023-09-12,On-time
607666,507666,2024-06-07,2024-06-06,On-time
607667,507667,2024-05-12,2024-05-13,On-time
607668,507668,2024-03-20,2024-03-21,On-time
607669,507669,2024-05-05,2024-05-04,On-time
607670,507670,2024-06-07,2024-06-11,Delayed
607671,507671,2024-08-29,2024-08-30,On-time
607672,507672,2023-11-23,2023-11-23,On-time
607673,507673,2023-11-24,2023-11-23,On-time
607674,507674,2024-03-09,2024-03-08,On-time
607675,507675,2023-10-28,2023-11-02,Delayed
607676,507676,2024-03-09,2024-03-08,On-time
607677,507677,2024-08-07,\N,Failed
607678,507678,2023-09-01,2023-09-02,On-time
607679,507679,2023-07-06,2023-07-08,Delayed
607680,507680,2023-11-03,\N,\N
607681,507681,2023-08-02,\N,Failed
607682,507682,2023-12-28,2023-12-30,Delayed
607683,507683,2023-09-30,2023-09-29,On-time
607684,507684,2024-09-02,2024-09-01,On-time
607685,507685,2024-03-20,2024-03-20,On-time
607686,507686,2023-07-18,2023-07-17,On-time
607687,507687,2023-09-04,2023-09-03,On-time
607688,507688,2024-02-13,2024-02-15,Delayed
607689,507689,2023-08-15,2023-08-14,On-time
607690,507690,2023-10-11,2023-10-10,On-time
607691,507691,2023-09-20,2023-09-19,On-time
607692,507692,2023-07-24,2023-07-24,On-time
607693,507693,2024-02-11,2024-02-10,On-time
607694,507694,2023-07-18,2023-07-18,On-time
607695,507695,2023-09-12,2023-09-13,On-time
607696,507696,2024-09-24,2024-09-25,On-time
607697,507697,2023-09-10,2023-09-10,On-time
607698,507698,2023-12-02,2023-12-01,On-time
607699,507699,2024-08-21,2024-08-22,On-time
607700,507700,2024-05-07,2024-05-07,On-time
607701,507701,2023-12-05,2023-12-06,On-time
607702,507702,2023-06-06,2023-06-07,On-time
607703,507703,2024-03-19,2024-03-18,On-time
607704,507704,2024-09-11,\N,\N
607705,507705,2023-11-04,2023-11-04,On-time
607706,507706,2023-08-19,2023-08-23,Delayed
607707,507707,2023-06-11,2023-06-12,On-time
607708,507708,2023-09-23,2023-09-23,On-time
607709,507709,2024-09-28,2024-09-27,On-time
607710,507710,2024-07-19,2024-07-19,On-time
607711,507711,2024-01-13,2024-01-14,On-time
607712,507712,2024-01-31,2024-01-31,On-time
607713,507713,2024-05-02,2024-05-01,On-time
607714,507714,2024-09-28,2024-10-01,Delayed
607715,507715,2024-01-25,2024-01-25,On-time
607716,507716,2023-08-26,2023-08-25,On-time
607717,507717,2024-03-09,2024-03-15,Delayed
607718,507718,2024-09-03,\N,\N
607719,507719,2024-09-11,\N,Failed
607720,507720,2024-07-19,\N,\N
607721,507721,2023-07-08,2023-07-09,On-time
607722,507722,2024-06-06,2024-06-06,On-time
607723,507723,2023-08-28,\N,\N
607724,507724,2023-06-09,2023-06-13,Delayed
607725,507725,2023-08-01,2023-07-31,On-time
607726,507726,2024-06-11,2024-06-14,Delayed
607727,507727,2023-11-10,2023-11-09,On-time
607728,507728,2023-10-04,2023-10-07,Delayed
607729,507729,2024-08-12,\N,Failed
607730,507730,2024-09-18,2024-09-17,On-time
607731,507731,2023-12-27,2023-12-30,Delayed
607732,507732,2024-06-06,2024-06-07,On-time
607733,507733,2023-08-12,2023-08-11,On-time
607734,507734,2024-02-25,2024-02-24,On-time
607735,507735,2024-05-10,\N,\N
607736,507736,2024-01-25,\N,\N
607737,507737,2024-08-12,\N,\N
607738,507738,2023-09-17,2023-09-16,On-time
607739,507739,2024-09-18,2024-09-18,On-time
607740,507740,2024-02-14,2024-02-13,On-time
607741,507741,2023-11-14,2023-11-14,On-time
607742,507742,2024-09-22,2024-09-22,On-time
607743,507743,2024-01-27,2024-01-29,Delayed
607744,507744,2024-08-25,2024-08-26,On-time
607745,507745,2023-12-23,2023-12-22,On-time
607746,507746,2023-07-20,\N,Failed
607747,507747,2024-02-13,2024-02-14,On-time
607748,507748,2024-01-18,2024-01-17,On-time
607749,507749,2023-12-25,2023-12-27,Delayed
607750,507750,2024-06-26,2024-06-27,On-time
607751,507751,2023-09-13,2023-09-12,On-time
607752,507752,2024-05-30,2024-05-31,On-time
607753,507753,2024-08-20,2024-08-24,Delayed
607754,507754,2023-11-18,2023-11-18,On-time
607755,507755,2023-08-14,2023-08-17,Delayed
607756,507756,2023-09-04,2023-09-03,On-time
607757,507757,2023-12-02,2023-12-07,Delayed
607758,507758,2024-02-15,2024-02-15,On-time
607759,507759,2024-05-14,2024-05-15,On-time
607760,507760,2023-06-28,\N,Failed
607761,507761,2024-07-07,2024-07-10,Delayed
607762,507762,2024-02-27,2024-02-28,On-time
607763,507763,2024-08-26,2024-08-30,Delayed
607764,507764,2024-01-28,2024-01-31,Delayed
607765,507765,2023-06-25,2023-06-24,On-time
607766,507766,2024-07-06,\N,\N
607767,507767,2023-09-12,2023-09-16,Delayed
607768,507768,2024-03-07,2024-03-10,Delayed
607769,507769,2023-10-13,2023-10-17,Delayed
607770,507770,2024-02-25,2024-02-24,On-time
607771,507771,2023-12-14,\N,Failed
607772,507772,2024-07-16,\N,Failed
607773,507773,2024-09-09,2024-09-13,Delayed
607774,507774,2023-08-15,2023-08-16,On-time
607775,507775,2024-07-28,2024-07-30,Delayed
607776,507776,2023-08-31,2023-08-30,On-time
607777,507777,2024-06-20,2024-06-21,On-time
607778,507778,2023-09-15,2023-09-18,Delayed
607779,507779,2024-08-18,2024-08-21,Delayed
607780,507780,2024-06-20,2024-06-20,On-time
607781,507781,2024-06-18,2024-06-18,On-time
607782,507782,2023-09-29,2023-09-29,On-time
607783,507783,2024-05-02,2024-05-03,On-time
607784,507784,2024-01-21,2024-01-24,Delayed
607785,507785,2024-08-22,2024-08-27,Delayed
607786,507786,2024-02-04,2024-02-05,On-time
607787,507787,2024-03-18,2024-03-19,On-time
607788,507788,2023-06-29,\N,Failed
607789,507789,2024-06-23,2024-06-25,Delayed
607790,507790,2024-04-01,2024-03-31,On-time
607791,507791,2024-05-29,2024-05-29,On-time
607792,507792,2023-09-19,2023-09-25,Delayed
607793,507793,2024-01-13,\N,\N
607794,507794,2024-01-02,2024-01-02,On-time
607795,507795,2023-08-29,2023-08-28,On-time
607796,507796,2023-11-17,\N,\N
607797,507797,2024-09-04,2024-09-05,On-time
607798,507798,2024-09-26,2024-09-27,On-time
607799,507799,2024-05-20,\N,Failed
607800,507800,2023-10-07,2023-10-07,On-time
607801,507801,2023-07-04,2023-07-04,On-time
607802,507802,2024-03-27,2024-03-26,On-time
607803,507803,2024-05-21,2024-05-22,On-time
607804,507804,2024-05-24,2024-05-24,On-time
607805,507805,2024-04-02,2024-04-06,Delayed
607806,507806,2024-06-07,2024-06-07,On-time
607807,507807,2024-01-03,2024-01-02,On-time
607808,507808,2023-11-18,2023-11-17,On-time
607809,507809,2023-08-29,2023-08-29,On-time
607810,507810,2023-10-12,\N,\N
607811,507811,2023-07-14,2023-07-17,Delayed
607812,507812,2024-09-20,2024-09-21,On-time
607813,507813,2023-09-28,2023-09-29,On-time
607814,507814,2024-04-14,2024-04-18,Delayed
607815,507815,2024-09-10,\N,\N
607816,507816,2023-08-26,2023-08-27,On-time
607817,507817,2024-07-22,2024-07-23,On-time
607818,507818,2024-01-04,2024-01-08,Delayed
607819,507819,2024-02-29,2024-02-29,On-time
607820,507820,2023-07-10,\N,\N
607821,507821,2024-07-26,2024-07-30,Delayed
607822,507822,2023-12-09,2023-12-10,On-time
607823,507823,2024-04-11,2024-04-11,On-time
607824,507824,2023-12-27,2023-12-29,Delayed
607825,507825,2023-09-21,\N,\N
607826,507826,2024-05-19,\N,\N
607827,507827,2024-08-20,2024-08-19,On-time
607828,507828,2024-07-22,2024-07-22,On-time
607829,507829,2024-04-24,\N,Failed
607830,507830,2023-07-31,2023-08-04,Delayed
607831,507831,2024-04-19,2024-04-19,On-time
607832,507832,2023-09-21,2023-09-22,On-time
607833,507833,2024-02-15,\N,Failed
607834,507834,2024-05-15,2024-05-15,On-time
607835,507835,2023-06-12,2023-06-13,On-time
607836,507836,2024-05-18,\N,\N
607837,507837,2023-09-04,2023-09-03,On-time
607838,507838,2024-01-24,2024-01-28,Delayed
607839,507839,2024-03-14,2024-03-13,On-time
607840,507840,2024-07-13,2024-07-14,On-time
607841,507841,2024-07-09,2024-07-09,On-time
607842,507842,2024-09-02,2024-09-03,On-time
607843,507843,2023-11-08,2023-11-11,Delayed
607844,507844,2023-09-12,2023-09-13,On-time
607845,507845,2024-02-06,2024-02-06,On-time
607846,507846,2024-08-28,2024-08-27,On-time
607847,507847,2023-10-24,2023-10-30,Delayed
607848,507848,2024-06-12,2024-06-11,On-time
607849,507849,2024-06-02,2024-06-08,Delayed
607850,507850,2023-11-28,\N,\N
607851,507851,2023-07-06,2023-07-07,On-time
607852,507852,2024-06-02,2024-06-03,On-time
607853,507853,2024-02-11,2024-02-11,On-time
607854,507854,2023-09-09,2023-09-08,On-time
607855,507855,2024-03-24,2024-03-25,On-time
607856,507856,2024-07-17,2024-07-16,On-time
607857,507857,2024-01-28,2024-01-28,On-time
607858,507858,2023-07-17,2023-07-21,Delayed
607859,507859,2024-07-30,2024-07-29,On-time
607860,507860,2023-12-15,2023-12-20,Delayed
607861,507861,2024-01-15,2024-01-16,On-time
607862,507862,2023-11-11,2023-11-11,On-time
607863,507863,2024-07-03,2024-07-02,On-time
607864,507864,2024-07-25,2024-07-27,Delayed
607865,507865,2024-03-19,2024-03-19,On-time
607866,507866,2024-06-28,\N,Failed
607867,507867,2024-07-06,2024-07-06,On-time
607868,507868,2024-03-30,2024-03-30,On-time
607869,507869,2024-01-20,2024-01-20,On-time
607870,507870,2023-11-27,\N,\N
607871,507871,2023-06-25,2023-06-28,Delayed
607872,507872,2024-02-09,2024-02-09,On-time
607873,507873,2023-11-29,\N,Failed
607874,507874,2024-03-02,2024-03-03,On-time
607875,507875,2024-08-17,2024-08-16,On-time
607876,507876,2023-07-07,2023-07-06,On-time
607877,507877,2024-07-15,2024-07-16,On-time
607878,507878,2024-09-07,2024-09-10,Delayed
607879,507879,2023-10-03,2023-10-04,On-time
607880,507880,2023-07-21,\N,Failed
607881,507881,2024-03-10,\N,Failed
607882,507882,2024-02-05,2024-02-06,On-time
607883,507883,2023-09-04,2023-09-04,On-time
607884,507884,2023-08-03,2023-08-02,On-time
607885,507885,2023-07-03,2023-07-03,On-time
607886,507886,2023-08-05,2023-08-09,Delayed
607887,507887,2023-06-06,2023-06-06,On-time
607888,507888,2024-02-24,2024-02-24,On-time
607889,507889,2024-08-06,2024-08-05,On-time
607890,507890,2023-06-13,2023-06-14,On-time
607891,507891,2024-02-03,2024-02-02,On-time
607892,507892,2024-07-01,2024-07-02,On-time
607893,507893,2024-03-23,2024-03-29,Delayed
607894,507894,2023-10-24,2023-10-28,Delayed
607895,507895,2024-08-07,2024-08-07,On-time
607896,507896,2023-12-30,2023-12-31,On-time
607897,507897,2024-08-14,2024-08-15,On-time
607898,507898,2023-07-27,2023-07-26,On-time
607899,507899,2023-09-17,2023-09-19,Delayed
607900,507900,2024-05-13,2024-05-13,On-time
607901,507901,2024-03-04,2024-03-05,On-time
607902,507902,2024-01-03,2024-01-06,Delayed
607903,507903,2024-07-29,2024-07-28,On-time
607904,507904,2024-09-24,2024-09-25,On-time
607905,507905,2023-06-06,\N,Failed
607906,507906,2024-09-15,2024-09-15,On-time
607907,507907,2024-01-16,2024-01-21,Delayed
607908,507908,2024-07-12,2024-07-11,On-time
607909,507909,2024-09-18,2024-09-19,On-time
607910,507910,2024-05-31,2024-06-01,On-time
607911,507911,2024-05-25,2024-05-26,On-time
607912,507912,2023-07-03,2023-07-05,Delayed
607913,507913,2024-03-04,2024-03-05,On-time
607914,507914,2024-05-20,2024-05-19,On-time
607915,507915,2024-09-02,2024-09-01,On-time
607916,507916,2023-08-01,\N,Failed
607917,507917,2023-07-14,2023-07-13,On-time
607918,507918,2024-02-14,2024-02-15,On-time
607919,507919,2023-11-08,2023-11-09,On-time
607920,507920,2023-06-14,2023-06-14,On-time
607921,507921,2023-06-14,2023-06-13,On-time
607922,507922,2023-11-21,2023-11-22,On-time
607923,507923,2024-07-31,2024-07-31,On-time
607924,507924,2023-11-13,2023-11-12,On-time
607925,507925,2023-08-15,\N,Failed
607926,507926,2023-11-17,\N,\N
607927,507927,2023-09-14,2023-09-15,On-time
607928,507928,2023-08-25,2023-08-25,On-time
607929,507929,2024-04-22,2024-04-22,On-time
607930,507930,2023-11-11,2023-11-11,On-time
607931,507931,2024-03-12,2024-03-13,On-time
607932,507932,2023-08-19,2023-08-18,On-time
607933,507933,2023-10-19,2023-10-20,On-time
607934,507934,2024-09-13,2024-09-14,On-time
607935,507935,2023-06-24,2023-06-24,On-time
607936,507936,2024-07-05,2024-07-06,On-time
607937,507937,2023-10-17,2023-10-18,On-time
607938,507938,2024-04-13,2024-04-12,On-time
607939,507939,2024-08-19,2024-08-18,On-time
607940,507940,2023-09-29,2023-09-29,On-time
607941,507941,2024-08-14,2024-08-19,Delayed
607942,507942,2023-10-28,2023-10-28,On-time
607943,507943,2023-10-09,2023-10-10,On-time
607944,507944,2024-07-07,2024-07-08,On-time
607945,507945,2024-01-11,2024-01-11,On-time
607946,507946,2024-05-18,2024-05-20,Delayed
607947,507947,2023-12-08,\N,Failed
607948,507948,2023-08-01,2023-08-02,On-time
607949,507949,2024-05-04,2024-05-03,On-time
607950,507950,2023-10-29,\N,Failed
607951,507951,2023-08-08,2023-08-12,Delayed
607952,507952,2024-06-30,2024-06-29,On-time
607953,507953,2024-04-06,\N,\N
607954,507954,2024-02-18,2024-02-17,On-time
607955,507955,2023-08-14,2023-08-13,On-time
607956,507956,2024-10-06,2024-10-05,On-time
607957,507957,2024-09-25,\N,Failed
607958,507958,2024-01-05,2024-01-04,On-time
607959,507959,2023-10-18,2023-10-17,On-time
607960,507960,2024-01-16,2024-01-16,On-time
607961,507961,2023-07-07,2023-07-08,On-time
607962,507962,2024-03-30,2024-04-01,Delayed
607963,507963,2024-04-11,2024-04-10,On-time
607964,507964,2023-06-17,2023-06-23,Delayed
607965,507965,2024-03-30,2024-04-04,Delayed
607966,507966,2024-08-13,2024-08-15,Delayed
607967,507967,2024-05-29,2024-05-29,On-time
607968,507968,2024-05-31,2024-06-01,On-time
607969,507969,2024-10-01,\N,\N
607970,507970,2024-01-30,2024-01-29,On-time
607971,507971,2024-05-30,2024-05-29,On-time
607972,507972,2023-11-26,\N,Failed
607973,507973,2024-03-13,2024-03-13,On-time
607974,507974,2023-11-19,2023-11-18,On-time
607975,507975,2024-02-12,2024-02-11,On-time
607976,507976,2023-12-10,2023-12-10,On-time
607977,507977,2023-11-29,2023-12-03,Delayed
607978,507978,2023-09-29,2023-09-28,On-time
607979,507979,2024-02-07,2024-02-07,On-time
607980,507980,2024-08-17,2024-08-20,Delayed
607981,507981,2024-05-02,2024-05-02,On-time
607982,507982,2023-09-18,2023-09-18,On-time
607983,507983,2024-06-17,2024-06-16,On-time
607984,507984,2024-02-19,2024-02-24,Delayed
607985,507985,2023-11-14,2023-11-14,On-time
607986,507986,2024-03-13,2024-03-16,Delayed
607987,507987,2024-07-05,2024-07-06,On-time
607988,507988,2024-05-08,2024-05-12,Delayed
607989,507989,2024-07-09,2024-07-15,Delayed
607990,507990,2024-02-09,2024-02-12,Delayed
607991,507991,2024-03-14,2024-03-13,On-time
607992,507992,2023-08-04,2023-08-04,On-time
607993,507993,2024-04-23,2024-04-27,Delayed
607994,507994,2023-06-21,2023-06-20,On-time
607995,507995,2023-08-13,2023-08-13,On-time
607996,507996,2024-02-18,\N,Failed
607997,507997,2023-08-31,2023-09-01,On-time
607998,507998,2023-10-09,2023-10-12,Delayed
607999,507999,2024-07-24,2024-07-23,On-time
608000,508000,2024-06-09,2024-06-08,On-time
608001,508001,2023-10-09,2023-10-15,Delayed
608002,508002,2024-10-01,2024-10-01,On-time
608003,508003,2023-10-08,2023-10-09,On-time
608004,508004,2024-06-10,2024-06-10,On-time
608005,508005,2024-06-01,2024-05-31,On-time
608006,508006,2023-08-25,2023-08-26,On-time
608007,508007,2023-08-19,2023-08-20,On-time
608008,508008,2023-11-10,2023-11-10,On-time
608009,508009,2024-08-02,2024-08-01,On-time
608010,508010,2023-12-12,2023-12-13,On-time
608011,508011,2024-01-14,2024-01-15,On-time
608012,508012,2024-09-10,2024-09-09,On-time
608013,508013,2023-06-14,2023-06-14,On-time
608014,508014,2024-08-21,2024-08-21,On-time
608015,508015,2024-03-22,2024-03-22,On-time
608016,508016,2023-10-28,2023-10-29,On-time
608017,508017,2023-09-08,2023-09-09,On-time
608018,508018,2024-02-13,2024-02-12,On-time
608019,508019,2024-04-25,2024-04-24,On-time
608020,508020,2023-09-16,2023-09-20,Delayed
608021,508021,2023-12-08,2023-12-07,On-time
608022,508022,2023-06-26,2023-06-27,On-time
608023,508023,2024-09-14,2024-09-14,On-time
608024,508024,2023-12-25,2023-12-28,Delayed
608025,508025,2023-10-28,2023-10-28,On-time
608026,508026,2024-02-09,2024-02-08,On-time
608027,508027,2024-05-28,2024-05-28,On-time
608028,508028,2023-12-29,2023-12-30,On-time
608029,508029,2024-08-03,2024-08-03,On-time
608030,508030,2024-06-26,2024-06-26,On-time
608031,508031,2023-07-07,2023-07-07,On-time
608032,508032,2024-02-12,2024-02-14,Delayed
608033,508033,2024-02-28,2024-03-05,Delayed
608034,508034,2024-03-18,2024-03-17,On-time
608035,508035,2023-09-05,2023-09-05,On-time
608036,508036,2024-05-01,2024-05-01,On-time
608037,508037,2023-07-01,2023-07-02,On-time
608038,508038,2024-01-16,2024-01-15,On-time
608039,508039,2023-08-23,2023-08-22,On-time
608040,508040,2023-07-27,2023-07-26,On-time
608041,508041,2024-03-17,2024-03-16,On-time
608042,508042,2023-10-24,2023-10-29,Delayed
608043,508043,2023-12-13,2023-12-14,On-time
608044,508044,2024-03-17,2024-03-16,On-time
608045,508045,2023-11-10,2023-11-13,Delayed
608046,508046,2024-02-03,2024-02-07,Delayed
608047,508047,2024-07-29,2024-07-28,On-time
608048,508048,2023-08-13,2023-08-12,On-time
608049,508049,2024-09-17,2024-09-16,On-time
608050,508050,2023-12-07,2023-12-07,On-time
608051,508051,2023-12-12,2023-12-12,On-time
608052,508052,2023-09-13,2023-09-13,On-time
608053,508053,2023-08-16,2023-08-15,On-time
608054,508054,2024-06-25,\N,Failed
608055,508055,2023-08-10,2023-08-10,On-time
608056,508056,2024-03-11,2024-03-10,On-time
608057,508057,2023-11-10,2023-11-09,On-time
608058,508058,2024-02-06,2024-02-08,Delayed
608059,508059,2024-05-30,\N,Failed
608060,508060,2024-04-20,2024-04-21,On-time
608061,508061,2023-06-11,2023-06-12,On-time
608062,508062,2024-09-06,\N,Failed
608063,508063,2024-06-06,\N,\N
608064,508064,2024-08-06,2024-08-05,On-time
608065,508065,2024-06-02,2024-06-04,Delayed
608066,508066,2024-01-04,\N,Failed
608067,508067,2023-12-12,2023-12-12,On-time
608068,508068,2024-02-10,2024-02-09,On-time
608069,508069,2024-08-20,2024-08-21,On-time
608070,508070,2023-10-24,2023-10-23,On-time
608071,508071,2024-09-19,2024-09-19,On-time
608072,508072,2024-09-13,2024-09-12,On-time
608073,508073,2023-12-13,2023-12-12,On-time
608074,508074,2024-02-03,2024-02-03,On-time
608075,508075,2024-08-31,2024-08-31,On-time
608076,508076,2023-09-11,2023-09-12,On-time
608077,508077,2023-11-24,2023-11-25,On-time
608078,508078,2023-10-19,2023-10-20,On-time
608079,508079,2024-03-28,2024-03-29,On-time
608080,508080,2024-01-15,2024-01-14,On-time
608081,508081,2023-10-23,2023-10-23,On-time
608082,508082,2023-10-12,2023-10-11,On-time
608083,508083,2024-03-23,2024-03-26,Delayed
608084,508084,2023-09-16,2023-09-15,On-time
608085,508085,2024-04-01,2024-04-05,Delayed
608086,508086,2024-04-28,2024-05-03,Delayed
608087,508087,2023-12-13,2023-12-14,On-time
608088,508088,2024-02-05,2024-02-08,Delayed
608089,508089,2023-11-23,2023-11-22,On-time
608090,508090,2023-09-16,2023-09-17,On-time
608091,508091,2023-08-21,2023-08-22,On-time
608092,508092,2023-06-25,\N,Failed
608093,508093,2023-10-01,2023-10-02,On-time
608094,508094,2023-07-25,2023-07-24,On-time
608095,508095,2023-12-16,2023-12-16,On-time
608096,508096,2024-03-20,2024-03-20,On-time
608097,508097,2024-06-26,2024-06-25,On-time
608098,508098,2024-03-25,2024-03-30,Delayed
608099,508099,2023-12-19,2023-12-18,On-time
608100,508100,2023-12-10,2023-12-09,On-time
608101,508101,2024-09-14,\N,Failed
608102,508102,2024-03-02,2024-03-01,On-time
608103,508103,2024-05-18,2024-05-19,On-time
608104,508104,2024-03-04,2024-03-04,On-time
608105,508105,2024-03-24,2024-03-23,On-time
608106,508106,2023-09-29,\N,Failed
608107,508107,2024-07-08,2024-07-09,On-time
608108,508108,2024-09-14,2024-09-19,Delayed
608109,508109,2024-06-26,2024-06-27,On-time
608110,508110,2024-01-25,2024-01-25,On-time
608111,508111,2023-10-14,\N,Failed
608112,508112,2024-02-18,2024-02-18,On-time
608113,508113,2023-07-03,2023-07-08,Delayed
608114,508114,2024-06-29,2024-06-28,On-time
608115,508115,2023-10-19,2023-10-19,On-time
608116,508116,2024-06-25,2024-06-24,On-time
608117,508117,2024-09-28,2024-09-28,On-time
608118,508118,2023-12-26,2023-12-25,On-time
608119,508119,2024-09-11,\N,\N
608120,508120,2023-11-10,2023-11-09,On-time
608121,508121,2023-10-18,2023-10-19,On-time
608122,508122,2023-11-04,\N,Failed
608123,508123,2024-07-21,2024-07-22,On-time
608124,508124,2024-04-22,2024-04-21,On-time
608125,508125,2024-02-08,\N,\N
608126,508126,2023-09-02,2023-09-07,Delayed
608127,508127,2024-01-06,2024-01-06,On-time
608128,508128,2023-06-20,2023-06-20,On-time
608129,508129,2023-11-14,2023-11-15,On-time
608130,508130,2023-09-07,2023-09-08,On-time
608131,508131,2024-07-10,2024-07-09,On-time
608132,508132,2023-08-17,2023-08-16,On-time
608133,508133,2023-10-22,2023-10-23,On-time
608134,508134,2023-06-13,2023-06-14,On-time
608135,508135,2023-10-27,2023-10-29,Delayed
608136,508136,2024-09-11,\N,\N
608137,508137,2023-06-04,2023-06-03,On-time
608138,508138,2024-05-08,2024-05-13,Delayed
608139,508139,2024-09-08,\N,\N
608140,508140,2024-06-04,2024-06-04,On-time
608141,508141,2024-05-18,\N,\N
608142,508142,2024-08-17,2024-08-21,Delayed
608143,508143,2023-10-22,2023-10-23,On-time
608144,508144,2023-07-20,2023-07-25,Delayed
608145,508145,2024-04-25,2024-04-24,On-time
608146,508146,2024-04-23,2024-04-27,Delayed
608147,508147,2024-04-21,2024-04-22,On-time
608148,508148,2023-09-27,2023-09-27,On-time
608149,508149,2023-08-14,\N,Failed
608150,508150,2023-07-21,2023-07-27,Delayed
608151,508151,2024-07-06,2024-07-06,On-time
608152,508152,2024-07-18,2024-07-19,On-time
608153,508153,2023-08-19,2023-08-19,On-time
608154,508154,2024-08-14,2024-08-15,On-time
608155,508155,2024-04-02,2024-04-02,On-time
608156,508156,2024-02-13,2024-02-12,On-time
608157,508157,2024-01-22,2024-01-22,On-time
608158,508158,2023-07-14,2023-07-15,On-time
608159,508159,2024-08-30,2024-08-31,On-time
608160,508160,2024-04-01,\N,Failed
608161,508161,2023-10-26,2023-10-27,On-time
608162,508162,2024-06-29,2024-06-30,On-time
608163,508163,2023-09-11,2023-09-11,On-time
608164,508164,2024-05-11,2024-05-12,On-time
608165,508165,2024-03-28,2024-03-27,On-time
608166,508166,2024-09-01,2024-08-31,On-time
608167,508167,2024-08-14,2024-08-14,On-time
608168,508168,2023-11-08,\N,Failed
608169,508169,2023-11-08,2023-11-08,On-time
608170,508170,2023-11-29,2023-12-05,Delayed
608171,508171,2024-03-02,2024-03-02,On-time
608172,508172,2023-11-19,2023-11-20,On-time
608173,508173,2023-09-03,\N,\N
608174,508174,2024-06-09,2024-06-09,On-time
608175,508175,2024-08-28,2024-08-30,Delayed
608176,508176,2024-01-16,2024-01-19,Delayed
608177,508177,2024-08-11,2024-08-12,On-time
608178,508178,2024-08-23,2024-08-26,Delayed
608179,508179,2023-12-10,2023-12-09,On-time
608180,508180,2024-09-01,2024-08-31,On-time
608181,508181,2024-08-31,2024-09-02,Delayed
608182,508182,2024-01-16,2024-01-19,Delayed
608183,508183,2024-09-09,2024-09-10,On-time
608184,508184,2023-10-30,2023-10-30,On-time
608185,508185,2024-05-14,2024-05-15,On-time
608186,508186,2023-10-19,2023-10-19,On-time
608187,508187,2024-03-21,2024-03-22,On-time
608188,508188,2023-09-10,2023-09-10,On-time
608189,508189,2024-08-19,2024-08-20,On-time
608190,508190,2024-04-08,\N,Failed
608191,508191,2024-02-10,\N,\N
608192,508192,2024-08-24,\N,\N
608193,508193,2024-02-01,2024-02-06,Delayed
608194,508194,2023-09-19,2023-09-19,On-time
608195,508195,2024-07-26,2024-07-27,On-time
608196,508196,2023-11-16,\N,Failed
608197,508197,2023-11-02,2023-11-03,On-time
608198,508198,2024-07-17,2024-07-16,On-time
608199,508199,2024-04-15,2024-04-15,On-time
608200,508200,2024-09-18,2024-09-18,On-time
608201,508201,2023-08-25,\N,Failed
608202,508202,2024-05-31,2024-06-01,On-time
608203,508203,2024-04-15,2024-04-14,On-time
608204,508204,2024-05-21,2024-05-22,On-time
608205,508205,2023-07-11,2023-07-10,On-time
608206,508206,2024-08-29,2024-08-31,Delayed
608207,508207,2024-04-15,2024-04-16,On-time
608208,508208,2024-05-30,2024-05-29,On-time
608209,508209,2024-07-21,2024-07-21,On-time
608210,508210,2024-09-11,2024-09-11,On-time
608211,508211,2024-01-20,2024-01-26,Delayed
608212,508212,2023-10-14,2023-10-13,On-time
608213,508213,2024-07-15,2024-07-14,On-time
608214,508214,2023-07-18,2023-07-18,On-time
608215,508215,2023-10-17,2023-10-16,On-time
608216,508216,2023-06-09,2023-06-08,On-time
608217,508217,2024-05-07,2024-05-06,On-time
608218,508218,2024-08-25,2024-08-27,Delayed
608219,508219,2024-06-17,2024-06-16,On-time
608220,508220,2023-08-09,2023-08-09,On-time
608221,508221,2024-02-29,2024-03-01,On-time
608222,508222,2024-09-25,2024-09-26,On-time
608223,508223,2023-11-20,2023-11-21,On-time
608224,508224,2024-02-15,2024-02-15,On-time
608225,508225,2024-01-18,2024-01-17,On-time
608226,508226,2024-04-13,2024-04-14,On-time
608227,508227,2023-08-14,2023-08-14,On-time
608228,508228,2024-05-21,2024-05-22,On-time
608229,508229,2023-06-15,2023-06-17,Delayed
608230,508230,2023-09-11,2023-09-12,On-time
608231,508231,2023-07-27,2023-07-27,On-time
608232,508232,2024-04-18,2024-04-19,On-time
608233,508233,2023-09-14,2023-09-13,On-time
608234,508234,2023-07-30,2023-07-31,On-time
608235,508235,2023-07-01,\N,Failed
608236,508236,2024-07-01,2024-07-03,Delayed
608237,508237,2023-09-29,2023-09-29,On-time
608238,508238,2024-01-30,\N,Failed
608239,508239,2024-09-22,2024-09-26,Delayed
608240,508240,2024-05-16,2024-05-18,Delayed
608241,508241,2024-02-22,2024-02-22,On-time
608242,508242,2024-02-10,2024-02-11,On-time
608243,508243,2023-12-24,\N,\N
608244,508244,2024-08-22,2024-08-23,On-time
608245,508245,2024-06-14,2024-06-15,On-time
608246,508246,2024-06-08,2024-06-07,On-time
608247,508247,2023-09-06,2023-09-05,On-time
608248,508248,2023-06-29,2023-06-28,On-time
608249,508249,2024-02-04,2024-02-03,On-time
608250,508250,2023-12-16,2023-12-17,On-time
608251,508251,2023-12-19,\N,Failed
608252,508252,2024-01-29,2024-01-29,On-time
608253,508253,2023-06-07,2023-06-07,On-time
608254,508254,2024-08-02,2024-08-07,Delayed
608255,508255,2024-08-06,2024-08-06,On-time
608256,508256,2023-10-04,2023-10-04,On-time
608257,508257,2023-12-26,2023-12-27,On-time
608258,508258,2024-04-13,2024-04-13,On-time
608259,508259,2024-04-09,2024-04-10,On-time
608260,508260,2023-08-12,\N,\N
608261,508261,2024-01-19,2024-01-18,On-time
608262,508262,2024-06-22,2024-06-22,On-time
608263,508263,2024-05-22,2024-05-22,On-time
608264,508264,2023-09-04,2023-09-08,Delayed
608265,508265,2023-10-22,\N,Failed
608266,508266,2024-04-30,2024-05-05,Delayed
608267,508267,2024-09-07,2024-09-06,On-time
608268,508268,2024-03-18,2024-03-18,On-time
608269,508269,2024-04-29,\N,\N
608270,508270,2023-08-21,\N,Failed
608271,508271,2023-09-22,2023-09-28,Delayed
608272,508272,2023-08-08,2023-08-08,On-time
608273,508273,2024-05-06,2024-05-11,Delayed
608274,508274,2024-09-29,2024-09-30,On-time
608275,508275,2023-09-24,2023-09-23,On-time
608276,508276,2023-12-13,2023-12-14,On-time
608277,508277,2024-07-08,2024-07-08,On-time
608278,508278,2023-08-16,\N,\N
608279,508279,2024-09-10,\N,\N
608280,508280,2024-07-22,2024-07-25,Delayed
608281,508281,2023-11-17,2023-11-18,On-time
608282,508282,2023-12-12,2023-12-12,On-time
608283,508283,2024-08-17,2024-08-18,On-time
608284,508284,2023-11-16,2023-11-16,On-time
608285,508285,2023-09-18,2023-09-18,On-time
608286,508286,2023-08-24,2023-08-24,On-time
608287,508287,2023-08-29,2023-08-30,On-time
608288,508288,2024-06-07,\N,Failed
608289,508289,2024-03-31,2024-03-31,On-time
608290,508290,2024-07-21,2024-07-22,On-time
608291,508291,2024-05-04,2024-05-05,On-time
608292,508292,2023-07-29,2023-07-30,On-time
608293,508293,2023-06-28,2023-06-28,On-time
608294,508294,2024-01-25,2024-01-28,Delayed
608295,508295,2024-06-15,2024-06-14,On-time
608296,508296,2024-08-09,2024-08-09,On-time
608297,508297,2024-02-26,2024-02-28,Delayed
608298,508298,2023-11-07,2023-11-06,On-time
608299,508299,2023-09-18,2023-09-19,On-time
608300,508300,2024-06-15,2024-06-14,On-time
608301,508301,2024-06-09,2024-06-08,On-time
608302,508302,2024-03-06,2024-03-06,On-time
608303,508303,2023-09-30,2023-09-29,On-time
608304,508304,2024-01-08,2024-01-07,On-time
608305,508305,2024-04-01,2024-04-01,On-time
608306,508306,2023-06-08,2023-06-08,On-time
608307,508307,2024-08-18,2024-08-23,Delayed
608308,508308,2023-11-29,2023-11-28,On-time
608309,508309,2023-06-23,2023-06-23,On-time
608310,508310,2023-09-01,2023-09-02,On-time
608311,508311,2023-08-06,2023-08-07,On-time
608312,508312,2024-08-09,2024-08-09,On-time
608313,508313,2024-08-26,2024-08-25,On-time
608314,508314,2024-07-15,2024-07-15,On-time
608315,508315,2023-09-08,2023-09-10,Delayed
608316,508316,2024-05-05,\N,\N
608317,508317,2024-03-07,2024-03-08,On-time
608318,508318,2024-03-31,2024-04-01,On-time
608319,508319,2024-03-19,2024-03-20,On-time
608320,508320,2023-06-13,2023-06-12,On-time
608321,508321,2024-07-24,2024-07-24,On-time
608322,508322,2023-10-31,2023-11-01,On-time
608323,508323,2024-07-27,2024-07-31,Delayed
608324,508324,2023-07-12,2023-07-12,On-time
608325,508325,2024-02-09,2024-02-15,Delayed
608326,508326,2024-06-11,2024-06-10,On-time
608327,508327,2024-04-15,2024-04-15,On-time
608328,508328,2024-02-21,\N,\N
608329,508329,2023-10-17,2023-10-22,Delayed
608330,508330,2024-05-21,2024-05-22,On-time
608331,508331,2024-08-17,2024-08-16,On-time
608332,508332,2024-07-31,2024-08-01,On-time
608333,508333,2024-02-22,2024-02-22,On-time
608334,508334,2023-10-29,\N,Failed
608335,508335,2024-08-22,2024-08-21,On-time
608336,508336,2024-01-04,\N,Failed
608337,508337,2024-06-21,2024-06-21,On-time
608338,508338,2023-10-16,2023-10-15,On-time
608339,508339,2023-06-25,2023-06-25,On-time
608340,508340,2024-03-26,2024-03-31,Delayed
608341,508341,2023-10-01,2023-10-02,On-time
608342,508342,2023-11-15,2023-11-19,Delayed
608343,508343,2023-08-17,2023-08-16,On-time
608344,508344,2024-07-04,2024-07-05,On-time
608345,508345,2023-10-12,2023-10-18,Delayed
608346,508346,2023-09-22,2023-09-27,Delayed
608347,508347,2023-07-17,2023-07-16,On-time
608348,508348,2024-05-20,2024-05-26,Delayed
608349,508349,2023-09-04,2023-09-05,On-time
608350,508350,2024-04-13,2024-04-12,On-time
608351,508351,2023-10-18,2023-10-19,On-time
608352,508352,2024-09-10,2024-09-15,Delayed
608353,508353,2023-07-31,2023-07-30,On-time
608354,508354,2023-07-03,\N,Failed
608355,508355,2024-07-16,2024-07-19,Delayed
608356,508356,2024-01-17,2024-01-16,On-time
608357,508357,2023-07-22,2023-07-22,On-time
608358,508358,2024-07-05,\N,\N
608359,508359,2024-04-27,\N,\N
608360,508360,2024-07-13,2024-07-15,Delayed
608361,508361,2023-08-22,\N,Failed
608362,508362,2024-01-02,\N,Failed
608363,508363,2024-09-12,\N,\N
608364,508364,2024-07-31,2024-07-30,On-time
608365,508365,2023-10-09,2023-10-10,On-time
608366,508366,2024-05-30,\N,Failed
608367,508367,2023-06-30,2023-07-01,On-time
608368,508368,2024-06-17,2024-06-18,On-time
608369,508369,2024-05-24,2024-05-23,On-time
608370,508370,2024-01-06,2024-01-08,Delayed
608371,508371,2024-01-06,2024-01-06,On-time
608372,508372,2024-04-19,2024-04-20,On-time
608373,508373,2023-06-16,2023-06-15,On-time
608374,508374,2024-03-05,\N,Failed
608375,508375,2023-07-21,2023-07-20,On-time
608376,508376,2024-05-31,2024-06-02,Delayed
608377,508377,2024-02-27,2024-02-28,On-time
608378,508378,2024-07-08,2024-07-08,On-time
608379,508379,2023-08-07,2023-08-13,Delayed
608380,508380,2023-11-27,2023-12-02,Delayed
608381,508381,2024-05-08,2024-05-08,On-time
608382,508382,2023-06-18,2023-06-17,On-time
608383,508383,2024-08-01,\N,Failed
608384,508384,2023-11-18,2023-11-17,On-time
608385,508385,2023-11-29,2023-11-30,On-time
608386,508386,2023-07-11,\N,\N
608387,508387,2023-12-27,2023-12-27,On-time
608388,508388,2024-04-01,2024-04-01,On-time
608389,508389,2024-08-02,2024-08-01,On-time
608390,508390,2023-08-31,2023-08-31,On-time
608391,508391,2024-03-24,2024-03-23,On-time
608392,508392,2023-10-21,2023-10-23,Delayed
608393,508393,2023-12-23,\N,Failed
608394,508394,2023-08-12,2023-08-12,On-time
608395,508395,2024-09-19,2024-09-23,Delayed
608396,508396,2023-08-06,2023-08-05,On-time
608397,508397,2023-10-27,2023-11-01,Delayed
608398,508398,2024-07-12,2024-07-18,Delayed
608399,508399,2023-10-16,2023-10-22,Delayed
608400,508400,2024-06-03,2024-06-03,On-time
608401,508401,2023-12-25,\N,\N
608402,508402,2023-12-18,2023-12-18,On-time
608403,508403,2024-04-07,2024-04-07,On-time
608404,508404,2023-09-25,2023-09-27,Delayed
608405,508405,2023-11-20,2023-11-20,On-time
608406,508406,2024-06-15,2024-06-14,On-time
608407,508407,2023-07-18,2023-07-17,On-time
608408,508408,2023-06-27,2023-06-28,On-time
608409,508409,2023-12-13,2023-12-17,Delayed
608410,508410,2023-11-03,2023-11-03,On-time
608411,508411,2024-07-11,2024-07-10,On-time
608412,508412,2024-08-18,\N,\N
608413,508413,2023-12-08,2023-12-09,On-time
608414,508414,2024-09-13,2024-09-12,On-time
608415,508415,2023-09-21,\N,\N
608416,508416,2024-09-26,2024-09-26,On-time
608417,508417,2024-01-31,\N,\N
608418,508418,2024-05-25,\N,Failed
608419,508419,2023-10-23,2023-10-22,On-time
608420,508420,2023-11-20,2023-11-20,On-time
608421,508421,2024-08-23,2024-08-22,On-time
608422,508422,2024-03-22,2024-03-21,On-time
608423,508423,2024-07-23,2024-07-22,On-time
608424,508424,2023-10-09,2023-10-09,On-time
608425,508425,2024-06-14,\N,\N
608426,508426,2024-04-29,2024-05-03,Delayed
608427,508427,2024-09-10,2024-09-14,Delayed
608428,508428,2024-03-31,2024-04-03,Delayed
608429,508429,2023-08-11,2023-08-11,On-time
608430,508430,2024-08-07,2024-08-07,On-time
608431,508431,2023-06-17,\N,Failed
608432,508432,2024-06-08,2024-06-09,On-time
608433,508433,2023-11-03,\N,Failed
608434,508434,2024-08-19,2024-08-20,On-time
608435,508435,2024-07-03,\N,Failed
608436,508436,2024-02-14,2024-02-14,On-time
608437,508437,2024-01-20,\N,\N
608438,508438,2024-08-03,2024-08-09,Delayed
608439,508439,2024-05-27,2024-05-31,Delayed
608440,508440,2023-09-28,2023-10-01,Delayed
608441,508441,2023-10-28,2023-10-28,On-time
608442,508442,2024-09-22,2024-09-22,On-time
608443,508443,2023-06-30,2023-06-30,On-time
608444,508444,2024-01-17,2024-01-16,On-time
608445,508445,2024-01-29,2024-01-28,On-time
608446,508446,2023-11-09,2023-11-08,On-time
608447,508447,2024-07-23,\N,Failed
608448,508448,2023-12-06,2023-12-10,Delayed
608449,508449,2024-07-05,2024-07-06,On-time
608450,508450,2024-04-23,2024-04-24,On-time
608451,508451,2023-11-11,2023-11-12,On-time
608452,508452,2023-06-24,\N,Failed
608453,508453,2023-10-21,2023-10-21,On-time
608454,508454,2023-08-19,\N,Failed
608455,508455,2024-07-28,\N,\N
608456,508456,2024-08-13,2024-08-12,On-time
608457,508457,2023-07-01,2023-07-03,Delayed
608458,508458,2024-04-06,2024-04-05,On-time
608459,508459,2023-06-24,2023-06-29,Delayed
608460,508460,2024-08-06,\N,Failed
608461,508461,2024-05-01,2024-05-02,On-time
608462,508462,2024-03-12,\N,\N
608463,508463,2023-11-09,\N,Failed
608464,508464,2024-06-30,2024-06-30,On-time
608465,508465,2023-11-30,2023-11-30,On-time
608466,508466,2023-07-30,2023-07-30,On-time
608467,508467,2024-09-10,2024-09-13,Delayed
608468,508468,2024-04-16,2024-04-15,On-time
608469,508469,2024-03-24,2024-03-28,Delayed
608470,508470,2023-12-23,2023-12-22,On-time
608471,508471,2023-09-04,2023-09-08,Delayed
608472,508472,2023-08-11,2023-08-11,On-time
608473,508473,2024-03-26,\N,\N
608474,508474,2023-11-06,2023-11-07,On-time
608475,508475,2023-06-21,\N,Failed
608476,508476,2023-06-18,2023-06-18,On-time
608477,508477,2024-04-04,2024-04-03,On-time
608478,508478,2023-07-04,2023-07-05,On-time
608479,508479,2023-10-03,2023-10-04,On-time
608480,508480,2023-07-21,2023-07-20,On-time
608481,508481,2024-03-15,2024-03-19,Delayed
608482,508482,2024-04-07,2024-04-07,On-time
608483,508483,2024-03-02,2024-03-02,On-time
608484,508484,2024-08-07,2024-08-08,On-time
608485,508485,2024-05-11,2024-05-13,Delayed
608486,508486,2024-02-07,2024-02-07,On-time
608487,508487,2024-06-21,\N,Failed
608488,508488,2023-10-08,2023-10-08,On-time
608489,508489,2023-08-09,2023-08-09,On-time
608490,508490,2024-05-26,2024-05-27,On-time
608491,508491,2023-09-07,2023-09-08,On-time
608492,508492,2023-12-21,2023-12-21,On-time
608493,508493,2024-04-26,2024-05-02,Delayed
608494,508494,2023-09-03,2023-09-03,On-time
608495,508495,2024-07-07,2024-07-07,On-time
608496,508496,2023-12-23,2023-12-23,On-time
608497,508497,2024-06-03,2024-06-02,On-time
608498,508498,2024-03-28,\N,\N
608499,508499,2024-02-06,2024-02-06,On-time
608500,508500,2024-03-28,2024-03-28,On-time
608501,508501,2023-06-16,2023-06-15,On-time
608502,508502,2023-06-30,2023-06-29,On-time
608503,508503,2024-03-24,2024-03-24,On-time
608504,508504,2024-03-07,2024-03-06,On-time
608505,508505,2023-08-25,2023-08-24,On-time
608506,508506,2024-06-25,2024-06-24,On-time
608507,508507,2023-08-10,2023-08-10,On-time
608508,508508,2024-02-10,\N,\N
608509,508509,2024-02-16,2024-02-15,On-time
608510,508510,2023-10-27,2023-10-28,On-time
608511,508511,2023-11-16,2023-11-17,On-time
608512,508512,2024-07-05,2024-07-06,On-time
608513,508513,2023-08-18,2023-08-20,Delayed
608514,508514,2023-06-15,2023-06-16,On-time
608515,508515,2024-05-28,2024-06-02,Delayed
608516,508516,2024-05-14,2024-05-15,On-time
608517,508517,2024-01-20,\N,Failed
608518,508518,2024-03-17,2024-03-17,On-time
608519,508519,2023-07-05,2023-07-10,Delayed
608520,508520,2023-09-27,2023-09-28,On-time
608521,508521,2024-10-03,2024-10-09,Delayed
608522,508522,2023-11-11,2023-11-12,On-time
608523,508523,2023-10-25,2023-10-26,On-time
608524,508524,2024-07-26,2024-07-27,On-time
608525,508525,2023-12-19,2023-12-19,On-time
608526,508526,2023-07-09,2023-07-10,On-time
608527,508527,2024-06-03,2024-06-07,Delayed
608528,508528,2023-12-09,2023-12-14,Delayed
608529,508529,2024-02-12,2024-02-11,On-time
608530,508530,2024-07-16,2024-07-22,Delayed
608531,508531,2024-07-11,2024-07-11,On-time
608532,508532,2023-06-19,2023-06-20,On-time
608533,508533,2024-10-03,\N,Failed
608534,508534,2023-07-06,2023-07-12,Delayed
608535,508535,2023-10-21,\N,\N
608536,508536,2024-08-07,2024-08-09,Delayed
608537,508537,2023-10-16,2023-10-17,On-time
608538,508538,2023-07-06,2023-07-06,On-time
608539,508539,2024-05-09,2024-05-10,On-time
608540,508540,2024-06-15,2024-06-16,On-time
608541,508541,2024-08-30,\N,Failed
608542,508542,2023-08-31,2023-09-01,On-time
608543,508543,2024-05-14,2024-05-15,On-time
608544,508544,2023-11-19,2023-11-21,Delayed
608545,508545,2024-02-05,2024-02-05,On-time
608546,508546,2023-12-25,2023-12-24,On-time
608547,508547,2024-08-14,2024-08-14,On-time
608548,508548,2023-12-24,2023-12-29,Delayed
608549,508549,2024-01-10,2024-01-10,On-time
608550,508550,2023-10-16,\N,\N
608551,508551,2024-09-27,2024-09-26,On-time
608552,508552,2024-05-12,2024-05-13,On-time
608553,508553,2024-07-23,2024-07-24,On-time
608554,508554,2024-09-15,2024-09-16,On-time
608555,508555,2023-09-05,2023-09-04,On-time
608556,508556,2023-10-29,2023-10-29,On-time
608557,508557,2023-12-30,\N,\N
608558,508558,2023-10-10,2023-10-09,On-time
608559,508559,2023-11-14,2023-11-13,On-time
608560,508560,2023-08-15,2023-08-15,On-time
608561,508561,2023-10-18,2023-10-18,On-time
608562,508562,2023-08-09,2023-08-09,On-time
608563,508563,2024-08-01,2024-07-31,On-time
608564,508564,2024-07-23,2024-07-24,On-time
608565,508565,2023-08-31,2023-09-01,On-time
608566,508566,2023-06-17,2023-06-16,On-time
608567,508567,2024-01-23,2024-01-23,On-time
608568,508568,2024-04-10,2024-04-10,On-time
608569,508569,2024-03-16,2024-03-17,On-time
608570,508570,2024-03-05,2024-03-06,On-time
608571,508571,2024-02-09,2024-02-09,On-time
608572,508572,2024-01-16,2024-01-15,On-time
608573,508573,2023-10-08,2023-10-08,On-time
608574,508574,2023-09-03,\N,Failed
608575,508575,2024-09-11,2024-09-10,On-time
608576,508576,2024-01-08,2024-01-07,On-time
608577,508577,2023-09-04,2023-09-05,On-time
608578,508578,2024-06-10,\N,\N
608579,508579,2023-07-17,2023-07-17,On-time
608580,508580,2024-07-16,2024-07-15,On-time
608581,508581,2024-04-26,2024-04-25,On-time
608582,508582,2023-11-01,2023-10-31,On-time
608583,508583,2024-08-02,2024-08-01,On-time
608584,508584,2024-07-15,2024-07-17,Delayed
608585,508585,2023-10-03,2023-10-04,On-time
608586,508586,2023-11-29,\N,Failed
608587,508587,2024-06-28,2024-06-27,On-time
608588,508588,2023-07-03,2023-07-02,On-time
608589,508589,2023-12-20,\N,\N
608590,508590,2024-07-08,2024-07-08,On-time
608591,508591,2023-06-30,2023-07-03,Delayed
608592,508592,2024-09-15,2024-09-14,On-time
608593,508593,2023-08-08,\N,Failed
608594,508594,2023-06-11,2023-06-14,Delayed
608595,508595,2024-01-11,2024-01-14,Delayed
608596,508596,2023-09-06,2023-09-07,On-time
608597,508597,2023-06-11,2023-06-10,On-time
608598,508598,2024-08-18,2024-08-21,Delayed
608599,508599,2024-01-08,2024-01-08,On-time
608600,508600,2024-08-28,2024-09-03,Delayed
608601,508601,2023-08-28,2023-08-29,On-time
608602,508602,2024-07-12,\N,Failed
608603,508603,2024-04-13,2024-04-12,On-time
608604,508604,2023-09-16,2023-09-16,On-time
608605,508605,2024-09-09,2024-09-09,On-time
608606,508606,2024-03-08,2024-03-08,On-time
608607,508607,2024-09-30,2024-10-04,Delayed
608608,508608,2024-05-06,2024-05-06,On-time
608609,508609,2023-06-06,\N,Failed
608610,508610,2023-06-21,2023-06-26,Delayed
608611,508611,2023-07-03,2023-07-04,On-time
608612,508612,2024-02-22,\N,Failed
608613,508613,2023-10-11,2023-10-11,On-time
608614,508614,2023-07-01,2023-07-01,On-time
608615,508615,2024-07-12,\N,\N
608616,508616,2023-12-01,\N,\N
608617,508617,2024-06-02,2024-06-04,Delayed
608618,508618,2024-01-05,2024-01-04,On-time
608619,508619,2023-10-23,2023-10-24,On-time
608620,508620,2023-09-29,2023-09-29,On-time
608621,508621,2024-01-01,2024-01-01,On-time
608622,508622,2023-10-11,2023-10-10,On-time
608623,508623,2024-04-26,2024-04-26,On-time
608624,508624,2024-07-03,2024-07-04,On-time
608625,508625,2023-09-08,2023-09-13,Delayed
608626,508626,2023-10-06,2023-10-05,On-time
608627,508627,2024-05-28,2024-05-28,On-time
608628,508628,2023-10-06,2023-10-06,On-time
608629,508629,2023-07-19,\N,Failed
608630,508630,2023-08-30,2023-09-01,Delayed
608631,508631,2023-09-06,2023-09-07,On-time
608632,508632,2024-06-13,\N,\N
608633,508633,2023-10-09,2023-10-08,On-time
608634,508634,2024-06-10,2024-06-09,On-time
608635,508635,2024-05-04,2024-05-05,On-time
608636,508636,2024-08-29,2024-08-30,On-time
608637,508637,2024-05-18,2024-05-17,On-time
608638,508638,2024-03-15,2024-03-18,Delayed
608639,508639,2024-03-14,\N,\N
608640,508640,2023-12-02,2023-12-02,On-time
608641,508641,2024-09-07,2024-09-06,On-time
608642,508642,2023-09-27,2023-09-30,Delayed
608643,508643,2023-10-15,2023-10-21,Delayed
608644,508644,2023-12-05,2023-12-11,Delayed
608645,508645,2024-03-28,2024-03-30,Delayed
608646,508646,2024-07-04,2024-07-03,On-time
608647,508647,2024-08-17,2024-08-18,On-time
608648,508648,2024-06-04,2024-06-04,On-time
608649,508649,2023-06-07,2023-06-10,Delayed
608650,508650,2023-06-22,\N,\N
608651,508651,2023-08-28,2023-08-27,On-time
608652,508652,2024-08-06,2024-08-07,On-time
608653,508653,2024-04-20,2024-04-21,On-time
608654,508654,2023-08-13,2023-08-17,Delayed
608655,508655,2024-08-03,2024-08-02,On-time
608656,508656,2024-07-07,2024-07-07,On-time
608657,508657,2023-06-16,2023-06-15,On-time
608658,508658,2023-06-09,2023-06-09,On-time
608659,508659,2023-10-17,2023-10-17,On-time
608660,508660,2024-04-28,2024-05-04,Delayed
608661,508661,2024-09-30,2024-10-01,On-time
608662,508662,2023-06-30,2023-06-29,On-time
608663,508663,2023-11-21,2023-11-22,On-time
608664,508664,2024-04-09,2024-04-15,Delayed
608665,508665,2023-11-25,2023-11-24,On-time
608666,508666,2023-12-27,2024-01-01,Delayed
608667,508667,2024-04-22,2024-04-23,On-time
608668,508668,2023-11-22,2023-11-22,On-time
608669,508669,2024-03-09,2024-03-09,On-time
608670,508670,2024-03-04,2024-03-03,On-time
608671,508671,2024-05-26,2024-05-28,Delayed
608672,508672,2024-10-03,2024-10-02,On-time
608673,508673,2024-10-02,2024-10-01,On-time
608674,508674,2024-09-02,2024-09-07,Delayed
608675,508675,2024-07-17,2024-07-18,On-time
608676,508676,2024-05-22,2024-05-26,Delayed
608677,508677,2024-02-17,\N,Failed
608678,508678,2023-08-07,2023-08-07,On-time
608679,508679,2023-12-10,2023-12-11,On-time
608680,508680,2024-05-26,2024-05-27,On-time
608681,508681,2023-06-19,\N,Failed
608682,508682,2024-07-14,2024-07-19,Delayed
608683,508683,2024-09-07,\N,Failed
608684,508684,2023-10-11,2023-10-11,On-time
608685,508685,2023-09-13,2023-09-14,On-time
608686,508686,2023-10-15,2023-10-15,On-time
608687,508687,2023-10-30,2023-10-29,On-time
608688,508688,2024-07-23,2024-07-22,On-time
608689,508689,2023-12-10,2023-12-16,Delayed
608690,508690,2024-05-28,2024-05-27,On-time
608691,508691,2023-09-16,2023-09-17,On-time
608692,508692,2024-09-07,2024-09-06,On-time
608693,508693,2023-08-31,2023-09-06,Delayed
608694,508694,2024-02-08,2024-02-09,On-time
608695,508695,2023-12-11,2023-12-10,On-time
608696,508696,2024-05-06,2024-05-10,Delayed
608697,508697,2024-05-20,2024-05-19,On-time
608698,508698,2024-02-23,2024-02-24,On-time
608699,508699,2024-09-16,2024-09-19,Delayed
608700,508700,2024-09-18,2024-09-18,On-time
608701,508701,2024-07-18,2024-07-18,On-time
608702,508702,2024-03-03,2024-03-04,On-time
608703,508703,2024-02-17,2024-02-18,On-time
608704,508704,2024-03-29,2024-04-03,Delayed
608705,508705,2024-05-06,\N,\N
608706,508706,2024-05-04,2024-05-03,On-time
608707,508707,2024-06-25,2024-06-26,On-time
608708,508708,2024-08-03,2024-08-03,On-time
608709,508709,2024-09-02,\N,\N
608710,508710,2023-12-22,2023-12-21,On-time
608711,508711,2023-06-09,2023-06-10,On-time
608712,508712,2024-03-09,2024-03-09,On-time
608713,508713,2023-09-30,2023-09-30,On-time
608714,508714,2023-07-02,2023-07-03,On-time
608715,508715,2024-02-11,2024-02-10,On-time
608716,508716,2023-06-11,2023-06-12,On-time
608717,508717,2024-06-06,\N,Failed
608718,508718,2023-09-10,2023-09-10,On-time
608719,508719,2024-07-29,\N,Failed
608720,508720,2023-07-11,2023-07-11,On-time
608721,508721,2023-07-15,2023-07-14,On-time
608722,508722,2024-08-26,2024-08-25,On-time
608723,508723,2024-01-03,2024-01-02,On-time
608724,508724,2024-02-22,\N,\N
608725,508725,2024-06-14,2024-06-16,Delayed
608726,508726,2024-05-24,2024-05-25,On-time
608727,508727,2023-08-05,2023-08-06,On-time
608728,508728,2023-10-01,2023-10-05,Delayed
608729,508729,2023-11-08,2023-11-07,On-time
608730,508730,2023-12-26,2023-12-31,Delayed
608731,508731,2024-06-22,2024-06-21,On-time
608732,508732,2024-02-20,2024-02-21,On-time
608733,508733,2023-09-01,2023-09-01,On-time
608734,508734,2024-06-15,2024-06-15,On-time
608735,508735,2023-11-06,2023-11-05,On-time
608736,508736,2024-08-09,2024-08-10,On-time
608737,508737,2024-04-28,2024-04-27,On-time
608738,508738,2023-09-25,2023-09-29,Delayed
608739,508739,2024-07-27,2024-07-28,On-time
608740,508740,2024-05-13,2024-05-14,On-time
608741,508741,2024-09-19,\N,Failed
608742,508742,2024-06-29,2024-06-29,On-time
608743,508743,2023-12-11,2023-12-11,On-time
608744,508744,2023-12-08,2023-12-12,Delayed
608745,508745,2023-08-04,2023-08-05,On-time
608746,508746,2023-07-20,2023-07-20,On-time
608747,508747,2024-03-14,2024-03-15,On-time
608748,508748,2024-03-27,\N,Failed
608749,508749,2024-09-23,2024-09-23,On-time
608750,508750,2024-01-07,2024-01-08,On-time
608751,508751,2023-08-10,\N,Failed
608752,508752,2023-07-03,2023-07-02,On-time
608753,508753,2023-10-27,2023-10-28,On-time
608754,508754,2024-03-21,2024-03-21,On-time
608755,508755,2023-12-31,2023-12-30,On-time
608756,508756,2024-07-10,2024-07-11,On-time
608757,508757,2023-09-18,2023-09-18,On-time
608758,508758,2024-03-09,2024-03-15,Delayed
608759,508759,2023-11-29,2023-11-29,On-time
608760,508760,2023-09-11,2023-09-12,On-time
608761,508761,2024-04-11,2024-04-11,On-time
608762,508762,2023-08-05,2023-08-05,On-time
608763,508763,2024-08-14,\N,\N
608764,508764,2024-04-04,2024-04-03,On-time
608765,508765,2024-06-24,\N,\N
608766,508766,2023-10-03,2023-10-07,Delayed
608767,508767,2023-12-03,2023-12-04,On-time
608768,508768,2023-09-21,2023-09-27,Delayed
608769,508769,2024-07-27,\N,\N
608770,508770,2023-07-16,2023-07-16,On-time
608771,508771,2024-06-30,2024-07-01,On-time
608772,508772,2023-10-11,2023-10-12,On-time
608773,508773,2023-09-19,\N,Failed
608774,508774,2024-09-07,2024-09-08,On-time
608775,508775,2024-08-28,2024-09-02,Delayed
608776,508776,2023-06-15,2023-06-15,On-time
608777,508777,2024-01-09,2024-01-08,On-time
608778,508778,2023-06-21,2023-06-23,Delayed
608779,508779,2024-09-26,2024-09-27,On-time
608780,508780,2023-07-21,\N,Failed
608781,508781,2024-06-21,2024-06-21,On-time
608782,508782,2024-09-20,2024-09-22,Delayed
608783,508783,2024-03-03,2024-03-03,On-time
608784,508784,2023-10-04,2023-10-05,On-time
608785,508785,2024-03-10,2024-03-15,Delayed
608786,508786,2024-04-21,2024-04-20,On-time
608787,508787,2024-08-06,2024-08-07,On-time
608788,508788,2023-06-11,2023-06-11,On-time
608789,508789,2024-05-29,2024-06-03,Delayed
608790,508790,2024-03-05,2024-03-08,Delayed
608791,508791,2024-09-08,2024-09-09,On-time
608792,508792,2023-10-18,2023-10-17,On-time
608793,508793,2024-02-04,2024-02-03,On-time
608794,508794,2024-07-21,\N,Failed
608795,508795,2023-12-24,2023-12-23,On-time
608796,508796,2024-04-12,2024-04-12,On-time
608797,508797,2024-06-26,2024-06-27,On-time
608798,508798,2023-08-27,2023-08-29,Delayed
608799,508799,2024-07-23,2024-07-24,On-time
608800,508800,2024-09-07,2024-09-08,On-time
608801,508801,2024-04-27,2024-04-27,On-time
608802,508802,2023-10-18,2023-10-17,On-time
608803,508803,2024-03-08,2024-03-11,Delayed
608804,508804,2023-12-27,2023-12-27,On-time
608805,508805,2023-09-30,2023-10-02,Delayed
608806,508806,2023-07-10,2023-07-11,On-time
608807,508807,2023-06-19,2023-06-23,Delayed
608808,508808,2024-05-21,2024-05-26,Delayed
608809,508809,2023-09-27,2023-09-26,On-time
608810,508810,2024-05-16,\N,Failed
608811,508811,2024-09-18,\N,Failed
608812,508812,2024-07-22,2024-07-22,On-time
608813,508813,2023-10-16,2023-10-15,On-time
608814,508814,2023-10-31,2023-11-01,On-time
608815,508815,2023-10-07,\N,Failed
608816,508816,2023-08-15,2023-08-14,On-time
608817,508817,2023-06-08,2023-06-07,On-time
608818,508818,2024-03-09,2024-03-14,Delayed
608819,508819,2024-10-01,\N,\N
608820,508820,2023-10-01,2023-09-30,On-time
608821,508821,2024-05-26,2024-05-25,On-time
608822,508822,2023-11-03,2023-11-04,On-time
608823,508823,2023-07-23,2023-07-22,On-time
608824,508824,2024-07-16,2024-07-17,On-time
608825,508825,2024-01-04,2024-01-03,On-time
608826,508826,2024-07-13,2024-07-14,On-time
608827,508827,2024-04-22,\N,Failed
608828,508828,2024-09-17,2024-09-16,On-time
608829,508829,2023-07-09,2023-07-09,On-time
608830,508830,2023-07-18,2023-07-17,On-time
608831,508831,2024-06-12,2024-06-11,On-time
608832,508832,2023-07-18,2023-07-18,On-time
608833,508833,2024-07-04,2024-07-04,On-time
608834,508834,2024-07-13,2024-07-12,On-time
608835,508835,2024-07-13,2024-07-13,On-time
608836,508836,2023-08-10,\N,Failed
608837,508837,2024-07-31,\N,\N
608838,508838,2023-10-04,2023-10-03,On-time
608839,508839,2024-01-17,2024-01-17,On-time
608840,508840,2023-12-01,\N,Failed
608841,508841,2023-10-04,2023-10-07,Delayed
608842,508842,2023-07-19,2023-07-22,Delayed
608843,508843,2023-09-30,2023-09-30,On-time
608844,508844,2023-09-16,2023-09-17,On-time
608845,508845,2024-02-18,2024-02-19,On-time
608846,508846,2023-06-18,2023-06-18,On-time
608847,508847,2024-08-05,2024-08-07,Delayed
608848,508848,2024-05-04,2024-05-04,On-time
608849,508849,2024-06-08,2024-06-14,Delayed
608850,508850,2024-08-24,\N,Failed
608851,508851,2023-09-14,2023-09-13,On-time
608852,508852,2024-09-05,2024-09-04,On-time
608853,508853,2024-05-30,\N,\N
608854,508854,2023-10-31,2023-10-30,On-time
608855,508855,2024-07-23,2024-07-23,On-time
608856,508856,2023-08-16,2023-08-17,On-time
608857,508857,2024-07-12,2024-07-12,On-time
608858,508858,2023-10-09,\N,\N
608859,508859,2023-09-26,2023-09-25,On-time
608860,508860,2024-04-13,2024-04-13,On-time
608861,508861,2024-08-23,2024-08-23,On-time
608862,508862,2023-09-27,\N,\N
608863,508863,2023-10-09,\N,\N
608864,508864,2023-09-21,2023-09-22,On-time
608865,508865,2023-09-12,2023-09-17,Delayed
608866,508866,2023-12-30,2023-12-31,On-time
608867,508867,2023-11-24,2023-11-25,On-time
608868,508868,2023-12-18,2023-12-18,On-time
608869,508869,2024-07-03,2024-07-02,On-time
608870,508870,2024-06-03,\N,Failed
608871,508871,2023-07-27,2023-07-27,On-time
608872,508872,2024-09-28,2024-09-27,On-time
608873,508873,2024-03-07,2024-03-06,On-time
608874,508874,2024-08-16,2024-08-16,On-time
608875,508875,2024-09-11,2024-09-11,On-time
608876,508876,2023-07-04,2023-07-05,On-time
608877,508877,2024-08-20,2024-08-20,On-time
608878,508878,2023-09-06,2023-09-07,On-time
608879,508879,2024-04-05,2024-04-05,On-time
608880,508880,2023-07-14,2023-07-19,Delayed
608881,508881,2023-06-22,2023-06-21,On-time
608882,508882,2024-05-15,2024-05-19,Delayed
608883,508883,2024-07-28,2024-07-31,Delayed
608884,508884,2024-07-16,2024-07-17,On-time
608885,508885,2024-09-03,\N,Failed
608886,508886,2024-06-26,2024-06-26,On-time
608887,508887,2024-05-01,2024-05-01,On-time
608888,508888,2023-08-02,2023-08-01,On-time
608889,508889,2023-12-12,\N,\N
608890,508890,2023-06-22,2023-06-21,On-time
608891,508891,2024-04-23,\N,\N
608892,508892,2023-12-21,2023-12-21,On-time
608893,508893,2024-01-08,2024-01-07,On-time
608894,508894,2024-02-04,\N,Failed
608895,508895,2024-08-20,2024-08-19,On-time
608896,508896,2023-08-31,\N,Failed
608897,508897,2024-02-25,2024-02-25,On-time
608898,508898,2024-05-17,2024-05-17,On-time
608899,508899,2023-07-13,2023-07-17,Delayed
608900,508900,2024-02-26,2024-02-27,On-time
608901,508901,2023-11-05,2023-11-05,On-time
608902,508902,2024-08-14,2024-08-14,On-time
608903,508903,2024-04-05,2024-04-06,On-time
608904,508904,2024-09-06,\N,Failed
608905,508905,2024-07-29,\N,\N
608906,508906,2023-09-27,2023-09-27,On-time
608907,508907,2023-12-04,2023-12-05,On-time
608908,508908,2024-09-29,2024-09-29,On-time
608909,508909,2023-07-23,2023-07-22,On-time
608910,508910,2023-11-09,2023-11-15,Delayed
608911,508911,2024-02-14,2024-02-14,On-time
608912,508912,2024-03-06,\N,Failed
608913,508913,2024-01-03,2024-01-04,On-time
608914,508914,2023-11-22,2023-11-23,On-time
608915,508915,2024-03-04,2024-03-04,On-time
608916,508916,2024-05-13,2024-05-19,Delayed
608917,508917,2024-09-24,\N,Failed
608918,508918,2023-09-02,2023-09-01,On-time
608919,508919,2023-10-23,2023-10-23,On-time
608920,508920,2023-10-15,\N,\N
608921,508921,2023-08-25,\N,Failed
608922,508922,2024-09-03,2024-09-04,On-time
608923,508923,2023-08-03,2023-08-02,On-time
608924,508924,2024-09-28,2024-09-29,On-time
608925,508925,2024-01-18,2024-01-17,On-time
608926,508926,2024-08-06,2024-08-12,Delayed
608927,508927,2023-08-16,2023-08-15,On-time
608928,508928,2023-11-04,2023-11-04,On-time
608929,508929,2024-09-21,2024-09-23,Delayed
608930,508930,2023-08-26,\N,\N
608931,508931,2024-05-28,2024-05-29,On-time
608932,508932,2024-04-13,2024-04-12,On-time
608933,508933,2023-07-11,\N,\N
608934,508934,2024-07-23,2024-07-22,On-time
608935,508935,2023-10-01,2023-10-01,On-time
608936,508936,2023-09-13,2023-09-13,On-time
608937,508937,2024-10-01,\N,\N
608938,508938,2024-01-23,2024-01-23,On-time
608939,508939,2024-07-12,2024-07-11,On-time
608940,508940,2023-12-17,2023-12-17,On-time
608941,508941,2023-12-25,\N,Failed
608942,508942,2023-06-24,2023-06-23,On-time
608943,508943,2023-12-23,2023-12-23,On-time
608944,508944,2023-12-02,2023-12-05,Delayed
608945,508945,2024-04-05,2024-04-06,On-time
608946,508946,2024-01-18,2024-01-18,On-time
608947,508947,2024-09-18,2024-09-19,On-time
608948,508948,2023-12-19,2023-12-18,On-time
608949,508949,2023-06-28,2023-07-01,Delayed
608950,508950,2024-03-28,2024-03-29,On-time
608951,508951,2023-06-16,\N,Failed
608952,508952,2023-10-15,2023-10-17,Delayed
608953,508953,2024-05-27,2024-06-02,Delayed
608954,508954,2024-06-12,2024-06-12,On-time
608955,508955,2023-11-11,2023-11-12,On-time
608956,508956,2023-09-18,2023-09-23,Delayed
608957,508957,2024-07-20,2024-07-20,On-time
608958,508958,2024-04-03,\N,\N
608959,508959,2024-06-25,\N,Failed
608960,508960,2024-06-21,\N,\N
608961,508961,2024-01-09,2024-01-14,Delayed
608962,508962,2023-08-04,\N,\N
608963,508963,2024-06-21,2024-06-21,On-time
608964,508964,2023-08-07,2023-08-11,Delayed
608965,508965,2024-05-03,2024-05-03,On-time
608966,508966,2024-09-08,2024-09-08,On-time
608967,508967,2024-06-22,2024-06-22,On-time
608968,508968,2023-06-22,2023-06-24,Delayed
608969,508969,2023-11-13,2023-11-15,Delayed
608970,508970,2024-09-30,2024-09-29,On-time
608971,508971,2024-05-21,2024-05-20,On-time
608972,508972,2023-07-14,2023-07-15,On-time
608973,508973,2024-02-22,\N,Failed
608974,508974,2023-06-27,2023-06-27,On-time
608975,508975,2023-09-04,2023-09-10,Delayed
608976,508976,2024-09-13,2024-09-13,On-time
608977,508977,2023-06-25,\N,Failed
608978,508978,2023-09-22,2023-09-21,On-time
608979,508979,2024-02-22,2024-02-22,On-time
608980,508980,2023-06-09,\N,Failed
608981,508981,2023-09-24,2023-09-24,On-time
608982,508982,2024-01-11,\N,\N
608983,508983,2023-09-06,2023-09-07,On-time
608984,508984,2024-02-11,2024-02-10,On-time
608985,508985,2023-12-30,2023-12-30,On-time
608986,508986,2024-08-22,2024-08-21,On-time
608987,508987,2024-07-05,2024-07-05,On-time
608988,508988,2023-11-03,2023-11-04,On-time
608989,508989,2024-06-06,2024-06-06,On-time
608990,508990,2024-01-30,2024-02-02,Delayed
608991,508991,2023-12-19,2023-12-18,On-time
608992,508992,2023-11-19,2023-11-19,On-time
608993,508993,2023-11-19,2023-11-19,On-time
608994,508994,2023-10-26,\N,Failed
608995,508995,2024-06-01,2024-06-01,On-time
608996,508996,2024-06-06,2024-06-06,On-time
608997,508997,2024-03-11,2024-03-14,Delayed
608998,508998,2023-07-16,2023-07-17,On-time
608999,508999,2023-06-28,2023-06-28,On-time
609000,509000,2023-08-09,2023-08-10,On-time
609001,509001,2024-04-08,\N,\N
609002,509002,2023-09-13,2023-09-12,On-time
609003,509003,2024-07-08,2024-07-08,On-time
609004,509004,2024-03-29,\N,Failed
609005,509005,2023-12-31,\N,\N
609006,509006,2023-06-09,\N,\N
609007,509007,2023-09-21,2023-09-20,On-time
609008,509008,2024-03-20,2024-03-20,On-time
609009,509009,2024-01-06,2024-01-08,Delayed
609010,509010,2023-08-20,\N,Failed
609011,509011,2024-04-08,2024-04-12,Delayed
609012,509012,2023-07-13,2023-07-14,On-time
609013,509013,2024-06-12,2024-06-15,Delayed
609014,509014,2023-10-12,2023-10-12,On-time
609015,509015,2024-09-08,2024-09-07,On-time
609016,509016,2024-06-21,\N,\N
609017,509017,2023-08-29,2023-08-28,On-time
609018,509018,2024-03-03,2024-03-04,On-time
609019,509019,2024-07-07,\N,\N
609020,509020,2023-10-05,2023-10-09,Delayed
609021,509021,2023-08-14,2023-08-13,On-time
609022,509022,2024-02-10,2024-02-11,On-time
609023,509023,2024-07-02,2024-07-02,On-time
609024,509024,2024-08-07,2024-08-06,On-time
609025,509025,2023-06-29,2023-07-01,Delayed
609026,509026,2024-05-23,2024-05-25,Delayed
609027,509027,2023-11-17,2023-11-18,On-time
609028,509028,2023-11-14,2023-11-18,Delayed
609029,509029,2024-06-14,2024-06-16,Delayed
609030,509030,2024-09-23,\N,Failed
609031,509031,2023-08-13,2023-08-13,On-time
609032,509032,2024-01-20,2024-01-25,Delayed
609033,509033,2024-05-23,2024-05-26,Delayed
609034,509034,2024-09-14,2024-09-15,On-time
609035,509035,2024-04-24,2024-04-25,On-time
609036,509036,2024-06-11,2024-06-12,On-time
609037,509037,2024-06-10,2024-06-10,On-time
609038,509038,2024-05-03,\N,\N
609039,509039,2023-12-06,\N,Failed
609040,509040,2024-09-27,2024-09-27,On-time
609041,509041,2024-02-11,2024-02-11,On-time
609042,509042,2024-08-18,2024-08-24,Delayed
609043,509043,2024-02-09,2024-02-09,On-time
609044,509044,2024-03-10,2024-03-12,Delayed
609045,509045,2023-06-25,\N,\N
609046,509046,2023-12-08,2023-12-09,On-time
609047,509047,2024-01-22,2024-01-22,On-time
609048,509048,2023-09-11,\N,Failed
609049,509049,2023-12-13,2023-12-14,On-time
609050,509050,2023-10-19,2023-10-20,On-time
609051,509051,2024-07-10,2024-07-09,On-time
609052,509052,2024-02-28,\N,\N
609053,509053,2023-10-30,2023-11-05,Delayed
609054,509054,2023-12-11,2023-12-10,On-time
609055,509055,2024-06-28,2024-07-04,Delayed
609056,509056,2024-08-08,2024-08-08,On-time
609057,509057,2023-10-18,2023-10-19,On-time
609058,509058,2024-04-30,2024-05-01,On-time
609059,509059,2023-10-30,2023-10-31,On-time
609060,509060,2024-06-12,2024-06-12,On-time
609061,509061,2024-05-12,\N,\N
609062,509062,2024-05-30,2024-05-31,On-time
609063,509063,2024-07-22,2024-07-24,Delayed
609064,509064,2024-08-26,\N,\N
609065,509065,2024-03-07,2024-03-07,On-time
609066,509066,2024-07-09,2024-07-08,On-time
609067,509067,2023-11-03,2023-11-02,On-time
609068,509068,2024-09-01,2024-09-01,On-time
609069,509069,2024-03-27,2024-03-27,On-time
609070,509070,2023-11-02,2023-11-03,On-time
609071,509071,2024-09-29,2024-09-30,On-time
609072,509072,2024-08-13,2024-08-13,On-time
609073,509073,2024-02-28,\N,Failed
609074,509074,2023-07-30,2023-07-29,On-time
609075,509075,2023-08-10,2023-08-09,On-time
609076,509076,2024-09-01,2024-09-04,Delayed
609077,509077,2024-09-22,\N,\N
609078,509078,2023-11-19,2023-11-19,On-time
609079,509079,2023-08-22,\N,\N
609080,509080,2023-06-22,2023-06-21,On-time
609081,509081,2023-12-29,2023-12-29,On-time
609082,509082,2023-09-07,2023-09-10,Delayed
609083,509083,2024-07-14,2024-07-14,On-time
609084,509084,2023-09-11,2023-09-12,On-time
609085,509085,2024-07-31,2024-08-01,On-time
609086,509086,2024-05-27,2024-05-28,On-time
609087,509087,2024-01-07,2024-01-08,On-time
609088,509088,2023-10-08,2023-10-09,On-time
609089,509089,2024-01-25,2024-01-24,On-time
609090,509090,2024-06-04,2024-06-05,On-time
609091,509091,2023-12-23,2023-12-24,On-time
609092,509092,2024-03-20,2024-03-20,On-time
609093,509093,2024-05-15,2024-05-15,On-time
609094,509094,2024-08-02,\N,Failed
609095,509095,2023-12-27,2023-12-29,Delayed
609096,509096,2023-07-19,2023-07-19,On-time
609097,509097,2024-03-01,\N,\N
609098,509098,2024-02-18,2024-02-24,Delayed
609099,509099,2024-05-26,2024-05-27,On-time
609100,509100,2023-10-14,2023-10-13,On-time
609101,509101,2023-12-30,2023-12-31,On-time
609102,509102,2024-03-11,2024-03-10,On-time
609103,509103,2024-04-13,2024-04-15,Delayed
609104,509104,2023-07-23,2023-07-23,On-time
609105,509105,2023-10-05,\N,Failed
609106,509106,2024-04-02,2024-04-05,Delayed
609107,509107,2024-09-11,2024-09-13,Delayed
609108,509108,2023-10-26,2023-10-27,On-time
609109,509109,2024-05-23,\N,\N
609110,509110,2024-05-24,2024-05-24,On-time
609111,509111,2023-06-25,2023-06-25,On-time
609112,509112,2024-06-04,2024-06-04,On-time
609113,509113,2023-12-18,2023-12-18,On-time
609114,509114,2023-07-19,2023-07-20,On-time
609115,509115,2024-03-14,2024-03-13,On-time
609116,509116,2023-10-18,2023-10-18,On-time
609117,509117,2024-05-15,2024-05-14,On-time
609118,509118,2023-10-19,2023-10-20,On-time
609119,509119,2024-06-11,\N,\N
609120,509120,2024-06-08,2024-06-09,On-time
609121,509121,2023-07-08,2023-07-09,On-time
609122,509122,2024-07-10,2024-07-10,On-time
609123,509123,2024-02-18,2024-02-17,On-time
609124,509124,2023-11-28,2023-11-27,On-time
609125,509125,2024-07-06,2024-07-08,Delayed
609126,509126,2024-01-29,2024-01-30,On-time
609127,509127,2023-07-22,2023-07-21,On-time
609128,509128,2023-06-26,2023-06-30,Delayed
609129,509129,2024-06-09,2024-06-15,Delayed
609130,509130,2023-09-04,2023-09-05,On-time
609131,509131,2023-11-24,2023-11-27,Delayed
609132,509132,2024-08-28,\N,\N
609133,509133,2023-07-28,2023-08-03,Delayed
609134,509134,2024-07-20,2024-07-20,On-time
609135,509135,2023-07-13,\N,Failed
609136,509136,2023-09-10,2023-09-10,On-time
609137,509137,2024-06-29,\N,Failed
609138,509138,2024-09-02,2024-09-01,On-time
609139,509139,2024-07-29,2024-07-28,On-time
609140,509140,2023-06-15,\N,\N
609141,509141,2023-10-26,2023-10-28,Delayed
609142,509142,2024-01-29,2024-01-31,Delayed
609143,509143,2024-01-20,2024-01-23,Delayed
609144,509144,2024-03-28,2024-03-28,On-time
609145,509145,2024-07-26,2024-08-01,Delayed
609146,509146,2023-06-13,2023-06-13,On-time
609147,509147,2023-06-15,2023-06-16,On-time
609148,509148,2024-01-13,2024-01-14,On-time
609149,509149,2023-09-07,\N,Failed
609150,509150,2023-08-20,2023-08-20,On-time
609151,509151,2024-07-24,2024-07-24,On-time
609152,509152,2024-05-02,2024-05-05,Delayed
609153,509153,2024-01-25,2024-01-27,Delayed
609154,509154,2024-06-26,2024-06-25,On-time
609155,509155,2024-02-06,2024-02-09,Delayed
609156,509156,2023-08-24,2023-08-24,On-time
609157,509157,2023-10-09,2023-10-14,Delayed
609158,509158,2024-01-07,\N,\N
609159,509159,2023-10-10,2023-10-12,Delayed
609160,509160,2024-04-08,2024-04-10,Delayed
609161,509161,2023-08-21,2023-08-20,On-time
609162,509162,2023-08-09,2023-08-08,On-time
609163,509163,2024-06-09,2024-06-13,Delayed
609164,509164,2024-05-06,2024-05-05,On-time
609165,509165,2024-04-03,\N,Failed
609166,509166,2024-03-29,2024-03-31,Delayed
609167,509167,2023-09-03,2023-09-04,On-time
609168,509168,2024-04-12,2024-04-16,Delayed
609169,509169,2024-04-05,2024-04-05,On-time
609170,509170,2024-02-24,2024-02-25,On-time
609171,509171,2024-08-03,2024-08-04,On-time
609172,509172,2023-07-18,2023-07-19,On-time
609173,509173,2024-02-24,2024-02-25,On-time
609174,509174,2024-07-26,\N,\N
609175,509175,2024-09-03,2024-09-03,On-time
609176,509176,2024-02-06,2024-02-09,Delayed
609177,509177,2024-02-26,2024-02-25,On-time
609178,509178,2023-11-25,2023-11-25,On-time
609179,509179,2024-07-30,2024-07-29,On-time
609180,509180,2023-06-16,2023-06-17,On-time
609181,509181,2023-12-05,2023-12-05,On-time
609182,509182,2023-11-26,\N,Failed
609183,509183,2023-06-24,2023-06-24,On-time
609184,509184,2023-10-11,2023-10-10,On-time
609185,509185,2023-06-19,2023-06-18,On-time
609186,509186,2024-02-02,\N,Failed
609187,509187,2023-10-26,2023-10-26,On-time
609188,509188,2024-05-23,2024-05-22,On-time
609189,509189,2024-06-08,2024-06-09,On-time
609190,509190,2023-08-16,2023-08-16,On-time
609191,509191,2024-09-08,2024-09-07,On-time
609192,509192,2024-04-12,2024-04-12,On-time
609193,509193,2023-12-31,2023-12-31,On-time
609194,509194,2023-08-24,2023-08-27,Delayed
609195,509195,2023-08-04,2023-08-05,On-time
609196,509196,2024-02-10,2024-02-11,On-time
609197,509197,2023-11-05,2023-11-04,On-time
609198,509198,2023-08-09,\N,\N
609199,509199,2023-07-05,2023-07-04,On-time
609200,509200,2023-10-12,2023-10-13,On-time
609201,509201,2024-07-25,\N,Failed
609202,509202,2023-11-11,2023-11-12,On-time
609203,509203,2024-07-18,2024-07-17,On-time
609204,509204,2024-04-10,2024-04-10,On-time
609205,509205,2024-01-05,\N,Failed
609206,509206,2023-08-13,2023-08-14,On-time
609207,509207,2024-04-01,2024-03-31,On-time
609208,509208,2023-12-25,2023-12-30,Delayed
609209,509209,2024-05-04,2024-05-04,On-time
609210,509210,2023-06-11,2023-06-10,On-time
609211,509211,2024-07-05,2024-07-09,Delayed
609212,509212,2024-02-05,2024-02-04,On-time
609213,509213,2023-06-14,2023-06-13,On-time
609214,509214,2024-09-30,2024-09-30,On-time
609215,509215,2024-08-11,2024-08-11,On-time
609216,509216,2023-09-14,2023-09-14,On-time
609217,509217,2023-06-18,2023-06-18,On-time
609218,509218,2024-02-09,2024-02-09,On-time
609219,509219,2023-10-06,2023-10-07,On-time
609220,509220,2024-09-03,\N,Failed
609221,509221,2024-05-23,2024-05-24,On-time
609222,509222,2024-03-12,2024-03-16,Delayed
609223,509223,2023-09-21,2023-09-24,Delayed
609224,509224,2024-01-16,2024-01-15,On-time
609225,509225,2023-11-12,2023-11-11,On-time
609226,509226,2024-09-18,2024-09-17,On-time
609227,509227,2023-06-24,2023-06-25,On-time
609228,509228,2023-12-29,2023-12-31,Delayed
609229,509229,2024-07-20,\N,\N
609230,509230,2024-03-15,2024-03-14,On-time
609231,509231,2024-02-09,2024-02-12,Delayed
609232,509232,2024-07-01,2024-07-02,On-time
609233,509233,2024-03-08,\N,Failed
609234,509234,2024-06-13,2024-06-13,On-time
609235,509235,2023-10-08,2023-10-07,On-time
609236,509236,2024-01-26,2024-01-27,On-time
609237,509237,2024-08-28,2024-09-01,Delayed
609238,509238,2023-10-08,2023-10-09,On-time
609239,509239,2024-03-30,\N,\N
609240,509240,2024-08-14,2024-08-14,On-time
609241,509241,2023-12-26,2023-12-26,On-time
609242,509242,2024-07-25,2024-07-24,On-time
609243,509243,2024-09-04,\N,\N
609244,509244,2024-02-11,\N,Failed
609245,509245,2024-01-14,2024-01-14,On-time
609246,509246,2024-10-01,2024-10-02,On-time
609247,509247,2024-02-28,2024-02-27,On-time
609248,509248,2024-01-24,2024-01-26,Delayed
609249,509249,2024-05-13,2024-05-14,On-time
609250,509250,2023-06-19,2023-06-21,Delayed
609251,509251,2023-09-04,2023-09-05,On-time
609252,509252,2023-08-04,2023-08-07,Delayed
609253,509253,2023-12-19,2023-12-20,On-time
609254,509254,2024-03-22,2024-03-25,Delayed
609255,509255,2024-04-23,2024-04-28,Delayed
609256,509256,2023-10-15,2023-10-14,On-time
609257,509257,2024-06-25,2024-06-24,On-time
609258,509258,2024-03-26,2024-03-25,On-time
609259,509259,2023-12-18,2023-12-19,On-time
609260,509260,2023-11-27,2023-11-28,On-time
609261,509261,2023-12-29,2023-12-28,On-time
609262,509262,2024-07-20,\N,Failed
609263,509263,2023-09-03,2023-09-04,On-time
609264,509264,2024-01-04,2024-01-03,On-time
609265,509265,2023-08-22,2023-08-23,On-time
609266,509266,2023-11-05,2023-11-06,On-time
609267,509267,2024-06-01,2024-06-07,Delayed
609268,509268,2024-07-15,2024-07-14,On-time
609269,509269,2024-01-27,\N,\N
609270,509270,2024-05-28,2024-05-28,On-time
609271,509271,2024-07-01,2024-06-30,On-time
609272,509272,2024-02-04,2024-02-03,On-time
609273,509273,2024-06-23,2024-06-24,On-time
609274,509274,2024-02-06,2024-02-11,Delayed
609275,509275,2024-03-16,2024-03-21,Delayed
609276,509276,2024-05-08,2024-05-08,On-time
609277,509277,2024-05-24,2024-05-23,On-time
609278,509278,2024-06-10,2024-06-11,On-time
609279,509279,2023-09-09,2023-09-09,On-time
609280,509280,2024-04-12,2024-04-11,On-time
609281,509281,2024-01-20,2024-01-19,On-time
609282,509282,2024-08-09,2024-08-08,On-time
609283,509283,2024-08-05,2024-08-05,On-time
609284,509284,2023-07-10,2023-07-11,On-time
609285,509285,2023-12-18,\N,\N
609286,509286,2024-07-23,2024-07-22,On-time
609287,509287,2023-10-18,2023-10-17,On-time
609288,509288,2024-07-10,2024-07-10,On-time
609289,509289,2023-09-03,2023-09-04,On-time
609290,509290,2024-04-20,2024-04-19,On-time
609291,509291,2023-06-30,\N,\N
609292,509292,2024-01-01,2024-01-02,On-time
609293,509293,2024-05-26,2024-05-27,On-time
609294,509294,2023-06-14,2023-06-15,On-time
609295,509295,2023-06-09,2023-06-08,On-time
609296,509296,2023-10-08,2023-10-09,On-time
609297,509297,2023-12-15,2023-12-15,On-time
609298,509298,2024-02-23,2024-02-24,On-time
609299,509299,2024-02-23,2024-02-23,On-time
609300,509300,2023-11-03,\N,\N
609301,509301,2024-06-24,2024-06-30,Delayed
609302,509302,2023-08-14,2023-08-13,On-time
609303,509303,2024-03-11,2024-03-14,Delayed
609304,509304,2023-12-08,2023-12-07,On-time
609305,509305,2024-08-25,2024-08-24,On-time
609306,509306,2024-08-04,2024-08-04,On-time
609307,509307,2023-10-06,2023-10-07,On-time
609308,509308,2023-06-29,2023-06-30,On-time
609309,509309,2023-09-04,2023-09-07,Delayed
609310,509310,2024-05-29,2024-05-30,On-time
609311,509311,2024-02-19,2024-02-18,On-time
609312,509312,2023-09-21,2023-09-20,On-time
609313,509313,2023-10-12,2023-10-13,On-time
609314,509314,2023-12-11,2023-12-12,On-time
609315,509315,2023-09-03,2023-09-04,On-time
609316,509316,2024-03-21,2024-03-21,On-time
609317,509317,2024-05-11,2024-05-10,On-time
609318,509318,2024-07-15,2024-07-16,On-time
609319,509319,2024-03-16,\N,Failed
609320,509320,2024-07-23,\N,\N
609321,509321,2024-07-03,2024-07-02,On-time
609322,509322,2023-08-06,\N,\N
609323,509323,2024-06-05,2024-06-04,On-time
609324,509324,2023-12-18,\N,Failed
609325,509325,2024-01-25,2024-01-29,Delayed
609326,509326,2024-06-05,\N,Failed
609327,509327,2023-10-14,2023-10-14,On-time
609328,509328,2024-06-14,2024-06-20,Delayed
609329,509329,2024-08-21,2024-08-21,On-time
609330,509330,2024-06-03,2024-06-04,On-time
609331,509331,2024-02-08,2024-02-11,Delayed
609332,509332,2023-09-25,\N,Failed
609333,509333,2023-09-21,2023-09-22,On-time
609334,509334,2024-03-11,\N,\N
609335,509335,2024-01-31,2024-01-30,On-time
609336,509336,2024-05-17,\N,\N
609337,509337,2023-10-15,2023-10-14,On-time
609338,509338,2023-10-13,2023-10-12,On-time
609339,509339,2023-10-30,2023-10-30,On-time
609340,509340,2024-09-02,2024-09-02,On-time
609341,509341,2024-02-19,2024-02-18,On-time
609342,509342,2024-07-01,2024-07-05,Delayed
609343,509343,2024-04-17,2024-04-18,On-time
609344,509344,2024-02-08,2024-02-07,On-time
609345,509345,2024-09-06,2024-09-06,On-time
609346,509346,2023-07-12,2023-07-18,Delayed
609347,509347,2024-04-15,2024-04-16,On-time
609348,509348,2023-10-13,2023-10-15,Delayed
609349,509349,2023-11-28,\N,Failed
609350,509350,2024-02-09,2024-02-09,On-time
609351,509351,2023-08-07,2023-08-08,On-time
609352,509352,2024-08-03,2024-08-04,On-time
609353,509353,2024-08-24,2024-08-23,On-time
609354,509354,2023-07-01,2023-07-03,Delayed
609355,509355,2023-11-15,2023-11-16,On-time
609356,509356,2023-11-17,\N,Failed
609357,509357,2023-12-30,\N,Failed
609358,509358,2024-01-24,\N,\N
609359,509359,2024-06-29,2024-06-28,On-time
609360,509360,2024-03-31,2024-03-31,On-time
609361,509361,2024-02-23,\N,Failed
609362,509362,2023-10-06,2023-10-05,On-time
609363,509363,2023-07-16,2023-07-17,On-time
609364,509364,2023-08-22,\N,\N
609365,509365,2023-10-14,2023-10-14,On-time
609366,509366,2024-06-23,2024-06-23,On-time
609367,509367,2024-05-12,2024-05-11,On-time
609368,509368,2024-04-15,2024-04-16,On-time
609369,509369,2023-06-23,2023-06-23,On-time
609370,509370,2024-10-01,2024-10-01,On-time
609371,509371,2024-07-06,\N,Failed
609372,509372,2023-10-15,2023-10-16,On-time
609373,509373,2023-06-20,2023-06-19,On-time
609374,509374,2023-09-09,2023-09-13,Delayed
609375,509375,2023-12-11,2023-12-11,On-time
609376,509376,2023-09-15,2023-09-15,On-time
609377,509377,2023-07-31,2023-08-01,On-time
609378,509378,2023-12-10,2023-12-15,Delayed
609379,509379,2023-07-06,2023-07-05,On-time
609380,509380,2023-06-12,\N,\N
609381,509381,2023-09-14,2023-09-13,On-time
609382,509382,2024-05-07,\N,Failed
609383,509383,2024-01-12,2024-01-16,Delayed
609384,509384,2023-08-04,2023-08-05,On-time
609385,509385,2023-10-10,2023-10-14,Delayed
609386,509386,2024-02-10,2024-02-12,Delayed
609387,509387,2024-04-04,2024-04-04,On-time
609388,509388,2024-09-16,2024-09-17,On-time
609389,509389,2024-03-31,2024-03-30,On-time
609390,509390,2023-12-31,\N,\N
609391,509391,2024-08-20,2024-08-20,On-time
609392,509392,2023-11-27,2023-12-02,Delayed
609393,509393,2024-08-26,\N,Failed
609394,509394,2024-06-28,2024-06-28,On-time
609395,509395,2023-11-26,\N,Failed
609396,509396,2024-03-21,2024-03-24,Delayed
609397,509397,2024-01-16,2024-01-17,On-time
609398,509398,2023-09-16,2023-09-17,On-time
609399,509399,2024-09-16,2024-09-15,On-time
609400,509400,2023-11-29,2023-11-29,On-time
609401,509401,2023-06-07,2023-06-09,Delayed
609402,509402,2023-08-13,2023-08-14,On-time
609403,509403,2024-03-30,2024-03-30,On-time
609404,509404,2023-12-03,\N,Failed
609405,509405,2024-09-26,\N,Failed
609406,509406,2024-01-22,2024-01-21,On-time
609407,509407,2024-05-28,2024-05-27,On-time
609408,509408,2023-08-25,2023-08-25,On-time
609409,509409,2024-03-12,2024-03-11,On-time
609410,509410,2023-07-31,2023-07-30,On-time
609411,509411,2024-03-03,2024-03-07,Delayed
609412,509412,2023-07-09,2023-07-09,On-time
609413,509413,2023-12-14,2023-12-20,Delayed
609414,509414,2024-07-23,2024-07-28,Delayed
609415,509415,2023-12-06,2023-12-06,On-time
609416,509416,2024-05-08,2024-05-13,Delayed
609417,509417,2023-11-30,2023-12-04,Delayed
609418,509418,2024-02-27,2024-02-26,On-time
609419,509419,2023-09-27,2023-09-27,On-time
609420,509420,2024-05-11,2024-05-11,On-time
609421,509421,2024-01-08,2024-01-08,On-time
609422,509422,2024-03-30,2024-03-30,On-time
609423,509423,2023-09-30,2023-10-02,Delayed
609424,509424,2024-09-03,2024-09-03,On-time
609425,509425,2023-06-13,2023-06-18,Delayed
609426,509426,2023-11-03,2023-11-04,On-time
609427,509427,2023-11-06,2023-11-07,On-time
609428,509428,2023-09-17,2023-09-16,On-time
609429,509429,2023-07-19,2023-07-19,On-time
609430,509430,2023-09-29,\N,Failed
609431,509431,2023-06-12,2023-06-13,On-time
609432,509432,2024-01-05,2024-01-05,On-time
609433,509433,2023-06-27,2023-06-27,On-time
609434,509434,2023-09-21,\N,\N
609435,509435,2023-12-14,\N,\N
609436,509436,2024-08-06,2024-08-06,On-time
609437,509437,2023-06-22,2023-06-28,Delayed
609438,509438,2024-05-25,2024-05-25,On-time
609439,509439,2023-11-09,2023-11-08,On-time
609440,509440,2024-03-19,2024-03-24,Delayed
609441,509441,2024-06-16,2024-06-16,On-time
609442,509442,2024-01-08,2024-01-10,Delayed
609443,509443,2023-10-30,\N,Failed
609444,509444,2024-06-09,2024-06-10,On-time
609445,509445,2023-08-29,\N,\N
609446,509446,2024-06-30,\N,Failed
609447,509447,2024-01-07,2024-01-08,On-time
609448,509448,2023-06-24,2023-06-23,On-time
609449,509449,2023-10-28,\N,Failed
609450,509450,2024-05-01,2024-05-01,On-time
609451,509451,2023-10-25,2023-10-29,Delayed
609452,509452,2023-08-01,2023-07-31,On-time
609453,509453,2024-05-01,\N,\N
609454,509454,2023-09-12,2023-09-12,On-time
609455,509455,2023-08-08,2023-08-07,On-time
609456,509456,2024-09-05,2024-09-04,On-time
609457,509457,2023-06-04,2023-06-08,Delayed
609458,509458,2024-05-02,2024-05-03,On-time
609459,509459,2023-12-05,2023-12-05,On-time
609460,509460,2024-05-18,\N,Failed
609461,509461,2023-08-31,\N,Failed
609462,509462,2024-02-19,2024-02-21,Delayed
609463,509463,2024-09-29,2024-09-30,On-time
609464,509464,2024-02-08,2024-02-07,On-time
609465,509465,2024-06-13,2024-06-14,On-time
609466,509466,2023-08-26,2023-08-26,On-time
609467,509467,2024-08-23,2024-08-24,On-time
609468,509468,2024-02-15,2024-02-20,Delayed
609469,509469,2024-03-26,2024-03-29,Delayed
609470,509470,2023-11-05,2023-11-04,On-time
609471,509471,2024-08-19,2024-08-19,On-time
609472,509472,2024-09-12,2024-09-17,Delayed
609473,509473,2023-08-03,2023-08-02,On-time
609474,509474,2023-06-23,2023-06-22,On-time
609475,509475,2024-07-11,2024-07-11,On-time
609476,509476,2023-07-17,\N,\N
609477,509477,2023-06-22,2023-06-27,Delayed
609478,509478,2024-08-13,2024-08-14,On-time
609479,509479,2023-11-22,2023-11-22,On-time
609480,509480,2023-07-03,2023-07-02,On-time
609481,509481,2023-07-27,2023-08-02,Delayed
609482,509482,2024-06-10,2024-06-10,On-time
609483,509483,2024-09-02,\N,\N
609484,509484,2023-12-22,2023-12-26,Delayed
609485,509485,2024-06-10,2024-06-09,On-time
609486,509486,2023-12-19,2023-12-23,Delayed
609487,509487,2024-04-30,\N,\N
609488,509488,2023-12-16,2023-12-21,Delayed
609489,509489,2023-11-23,2023-11-22,On-time
609490,509490,2024-10-03,2024-10-03,On-time
609491,509491,2023-12-19,2023-12-19,On-time
609492,509492,2023-08-14,2023-08-14,On-time
609493,509493,2024-02-19,2024-02-18,On-time
609494,509494,2023-10-18,2023-10-18,On-time
609495,509495,2024-01-02,2024-01-02,On-time
609496,509496,2024-05-31,\N,Failed
609497,509497,2023-07-03,2023-07-08,Delayed
609498,509498,2024-04-20,2024-04-20,On-time
609499,509499,2024-05-17,2024-05-17,On-time
609500,509500,2024-06-05,2024-06-04,On-time
609501,509501,2024-09-28,2024-09-28,On-time
609502,509502,2024-09-01,2024-09-01,On-time
609503,509503,2023-11-02,2023-11-03,On-time
609504,509504,2023-12-04,2023-12-05,On-time
609505,509505,2024-08-19,\N,Failed
609506,509506,2024-04-21,\N,\N
609507,509507,2023-11-03,\N,Failed
609508,509508,2024-03-22,2024-03-21,On-time
609509,509509,2023-09-04,2023-09-05,On-time
609510,509510,2024-06-28,2024-06-28,On-time
609511,509511,2023-11-02,2023-11-03,On-time
609512,509512,2024-03-20,2024-03-24,Delayed
609513,509513,2024-07-15,2024-07-14,On-time
609514,509514,2023-08-17,2023-08-19,Delayed
609515,509515,2024-08-31,2024-09-01,On-time
609516,509516,2023-09-27,2023-09-28,On-time
609517,509517,2024-02-10,\N,\N
609518,509518,2023-10-23,2023-10-24,On-time
609519,509519,2024-05-19,2024-05-19,On-time
609520,509520,2024-01-17,2024-01-17,On-time
609521,509521,2024-09-09,2024-09-11,Delayed
609522,509522,2023-08-02,2023-08-04,Delayed
609523,509523,2023-07-09,2023-07-09,On-time
609524,509524,2024-04-20,2024-04-20,On-time
609525,509525,2024-10-05,2024-10-06,On-time
609526,509526,2024-05-14,2024-05-15,On-time
609527,509527,2023-11-26,2023-11-26,On-time
609528,509528,2023-11-20,2023-11-19,On-time
609529,509529,2024-08-22,2024-08-28,Delayed
609530,509530,2024-07-31,\N,Failed
609531,509531,2024-01-05,2024-01-06,On-time
609532,509532,2024-09-29,2024-09-30,On-time
609533,509533,2023-07-29,2023-07-30,On-time
609534,509534,2023-11-07,2023-11-10,Delayed
609535,509535,2024-04-01,2024-03-31,On-time
609536,509536,2024-08-08,2024-08-09,On-time
609537,509537,2024-07-13,2024-07-13,On-time
609538,509538,2024-03-07,2024-03-06,On-time
609539,509539,2024-01-24,2024-01-28,Delayed
609540,509540,2023-12-04,2023-12-03,On-time
609541,509541,2023-06-26,2023-07-01,Delayed
609542,509542,2024-02-16,2024-02-16,On-time
609543,509543,2024-07-26,2024-07-25,On-time
609544,509544,2024-02-21,2024-02-21,On-time
609545,509545,2024-03-19,2024-03-19,On-time
609546,509546,2024-08-09,2024-08-09,On-time
609547,509547,2024-04-23,2024-04-23,On-time
609548,509548,2024-05-21,2024-05-22,On-time
609549,509549,2024-06-26,2024-06-26,On-time
609550,509550,2024-05-22,2024-05-23,On-time
609551,509551,2024-08-12,\N,\N
609552,509552,2023-07-19,2023-07-19,On-time
609553,509553,2023-12-22,2023-12-23,On-time
609554,509554,2023-08-15,2023-08-14,On-time
609555,509555,2024-01-17,2024-01-20,Delayed
609556,509556,2023-06-09,2023-06-08,On-time
609557,509557,2024-04-18,2024-04-21,Delayed
609558,509558,2023-10-18,2023-10-21,Delayed
609559,509559,2024-05-01,2024-05-05,Delayed
609560,509560,2024-07-01,2024-07-02,On-time
609561,509561,2023-09-22,2023-09-22,On-time
609562,509562,2024-03-07,2024-03-13,Delayed
609563,509563,2024-02-01,2024-02-01,On-time
609564,509564,2024-06-19,2024-06-24,Delayed
609565,509565,2024-03-10,2024-03-12,Delayed
609566,509566,2023-11-24,2023-11-24,On-time
609567,509567,2023-11-08,2023-11-08,On-time
609568,509568,2024-01-25,\N,Failed
609569,509569,2023-07-21,2023-07-22,On-time
609570,509570,2024-06-11,\N,Failed
609571,509571,2024-05-30,\N,\N
609572,509572,2024-01-19,2024-01-19,On-time
609573,509573,2024-08-29,2024-08-28,On-time
609574,509574,2024-03-29,2024-03-30,On-time
609575,509575,2023-10-29,2023-10-30,On-time
609576,509576,2023-11-07,2023-11-08,On-time
609577,509577,2024-03-02,2024-03-02,On-time
609578,509578,2023-07-01,2023-06-30,On-time
609579,509579,2024-01-21,2024-01-22,On-time
609580,509580,2023-12-20,2023-12-20,On-time
609581,509581,2023-12-12,2023-12-18,Delayed
609582,509582,2024-05-02,2024-05-02,On-time
609583,509583,2023-06-23,2023-06-24,On-time
609584,509584,2023-07-16,2023-07-17,On-time
609585,509585,2024-03-08,2024-03-10,Delayed
609586,509586,2024-02-01,2024-01-31,On-time
609587,509587,2024-02-23,2024-02-26,Delayed
609588,509588,2023-07-28,2023-07-28,On-time
609589,509589,2024-01-10,2024-01-16,Delayed
609590,509590,2023-06-12,2023-06-11,On-time
609591,509591,2023-11-21,\N,Failed
609592,509592,2023-07-05,2023-07-05,On-time
609593,509593,2023-12-01,2023-11-30,On-time
609594,509594,2023-08-20,\N,\N
609595,509595,2024-03-13,\N,Failed
609596,509596,2023-07-13,2023-07-14,On-time
609597,509597,2024-01-02,2024-01-02,On-time
609598,509598,2024-03-21,2024-03-20,On-time
609599,509599,2024-04-19,2024-04-20,On-time
609600,509600,2024-04-02,2024-04-03,On-time
609601,509601,2024-09-14,2024-09-15,On-time
609602,509602,2024-02-06,2024-02-06,On-time
609603,509603,2024-03-26,2024-03-28,Delayed
609604,509604,2024-04-09,2024-04-09,On-time
609605,509605,2024-03-28,2024-03-27,On-time
609606,509606,2023-09-27,2023-09-27,On-time
609607,509607,2024-01-30,2024-01-31,On-time
609608,509608,2023-06-26,2023-06-25,On-time
609609,509609,2024-03-18,2024-03-20,Delayed
609610,509610,2023-06-16,\N,Failed
609611,509611,2024-07-22,2024-07-23,On-time
609612,509612,2024-05-22,2024-05-23,On-time
609613,509613,2024-09-27,2024-09-27,On-time
609614,509614,2023-07-27,2023-07-28,On-time
609615,509615,2023-10-04,2023-10-03,On-time
609616,509616,2024-09-12,2024-09-12,On-time
609617,509617,2024-08-28,2024-08-28,On-time
609618,509618,2024-01-19,2024-01-25,Delayed
609619,509619,2023-09-28,2023-10-04,Delayed
609620,509620,2024-08-27,2024-08-26,On-time
609621,509621,2023-06-20,2023-06-21,On-time
609622,509622,2023-12-19,\N,\N
609623,509623,2024-02-01,2024-01-31,On-time
609624,509624,2024-03-28,2024-04-02,Delayed
609625,509625,2024-07-25,2024-07-26,On-time
609626,509626,2024-04-24,\N,\N
609627,509627,2023-07-05,2023-07-04,On-time
609628,509628,2024-05-10,2024-05-14,Delayed
609629,509629,2023-07-16,2023-07-16,On-time
609630,509630,2023-06-12,2023-06-13,On-time
609631,509631,2024-09-19,2024-09-20,On-time
609632,509632,2023-07-08,2023-07-09,On-time
609633,509633,2024-08-28,2024-09-03,Delayed
609634,509634,2024-05-17,2024-05-16,On-time
609635,509635,2023-10-27,2023-10-27,On-time
609636,509636,2024-02-09,2024-02-09,On-time
609637,509637,2023-09-18,2023-09-18,On-time
609638,509638,2024-08-29,2024-08-29,On-time
609639,509639,2024-06-07,2024-06-10,Delayed
609640,509640,2024-04-20,2024-04-21,On-time
609641,509641,2023-08-10,2023-08-11,On-time
609642,509642,2024-08-30,2024-08-29,On-time
609643,509643,2024-09-20,2024-09-21,On-time
609644,509644,2024-02-24,2024-02-29,Delayed
609645,509645,2024-08-06,2024-08-05,On-time
609646,509646,2024-02-07,2024-02-07,On-time
609647,509647,2024-03-10,2024-03-10,On-time
609648,509648,2023-08-25,\N,Failed
609649,509649,2023-10-16,2023-10-15,On-time
609650,509650,2023-09-18,2023-09-24,Delayed
609651,509651,2023-06-27,2023-06-28,On-time
609652,509652,2023-09-15,2023-09-14,On-time
609653,509653,2023-10-07,\N,Failed
609654,509654,2024-08-03,2024-08-03,On-time
609655,509655,2024-06-19,2024-06-18,On-time
609656,509656,2023-09-09,2023-09-09,On-time
609657,509657,2024-01-25,2024-01-29,Delayed
609658,509658,2024-06-09,2024-06-10,On-time
609659,509659,2023-10-29,2023-10-29,On-time
609660,509660,2024-05-22,\N,\N
609661,509661,2024-07-03,2024-07-03,On-time
609662,509662,2023-12-05,2023-12-06,On-time
609663,509663,2023-12-30,2023-12-29,On-time
609664,509664,2024-06-08,\N,Failed
609665,509665,2024-08-11,2024-08-11,On-time
609666,509666,2024-01-29,2024-01-29,On-time
609667,509667,2023-07-12,\N,Failed
609668,509668,2023-10-06,2023-10-05,On-time
609669,509669,2024-08-08,2024-08-08,On-time
609670,509670,2023-12-03,2023-12-04,On-time
609671,509671,2023-12-01,2023-12-02,On-time
609672,509672,2024-03-19,2024-03-18,On-time
609673,509673,2024-07-14,\N,\N
609674,509674,2023-11-05,2023-11-04,On-time
609675,509675,2024-02-13,2024-02-15,Delayed
609676,509676,2024-07-17,2024-07-17,On-time
609677,509677,2024-04-25,2024-04-24,On-time
609678,509678,2024-06-29,2024-06-28,On-time
609679,509679,2024-03-08,2024-03-09,On-time
609680,509680,2024-07-29,2024-07-30,On-time
609681,509681,2024-06-18,2024-06-18,On-time
609682,509682,2023-10-15,2023-10-15,On-time
609683,509683,2024-01-04,2024-01-03,On-time
609684,509684,2024-08-18,\N,\N
609685,509685,2024-02-13,2024-02-13,On-time
609686,509686,2023-06-15,2023-06-20,Delayed
609687,509687,2023-10-15,2023-10-15,On-time
609688,509688,2024-01-14,2024-01-14,On-time
609689,509689,2023-08-26,2023-08-26,On-time
609690,509690,2024-09-22,2024-09-23,On-time
609691,509691,2024-06-20,2024-06-23,Delayed
609692,509692,2023-11-01,2023-11-01,On-time
609693,509693,2024-07-20,2024-07-19,On-time
609694,509694,2024-09-29,\N,\N
609695,509695,2023-12-01,2023-12-04,Delayed
609696,509696,2024-07-24,2024-07-23,On-time
609697,509697,2023-10-20,2023-10-19,On-time
609698,509698,2024-04-05,2024-04-05,On-time
609699,509699,2023-11-18,2023-11-18,On-time
609700,509700,2024-04-25,2024-04-26,On-time
609701,509701,2024-03-01,\N,\N
609702,509702,2024-08-19,2024-08-19,On-time
609703,509703,2023-09-17,2023-09-18,On-time
609704,509704,2024-02-13,2024-02-13,On-time
609705,509705,2024-03-31,2024-03-30,On-time
609706,509706,2024-01-16,2024-01-15,On-time
609707,509707,2024-01-27,2024-01-26,On-time
609708,509708,2024-05-07,2024-05-06,On-time
609709,509709,2023-06-25,2023-06-24,On-time
609710,509710,2023-06-08,2023-06-08,On-time
609711,509711,2024-04-07,2024-04-12,Delayed
609712,509712,2023-06-27,2023-07-03,Delayed
609713,509713,2023-09-02,2023-09-02,On-time
609714,509714,2024-09-26,2024-09-27,On-time
609715,509715,2023-06-28,2023-06-28,On-time
609716,509716,2024-03-19,2024-03-19,On-time
609717,509717,2024-02-29,2024-02-28,On-time
609718,509718,2024-02-01,2024-02-02,On-time
609719,509719,2023-07-28,2023-07-28,On-time
609720,509720,2023-12-04,\N,Failed
609721,509721,2024-09-28,2024-09-27,On-time
609722,509722,2023-08-19,2023-08-20,On-time
609723,509723,2024-02-06,2024-02-11,Delayed
609724,509724,2024-02-13,2024-02-15,Delayed
609725,509725,2024-04-01,2024-03-31,On-time
609726,509726,2024-02-23,2024-02-22,On-time
609727,509727,2024-05-01,2024-05-01,On-time
609728,509728,2023-09-26,2023-09-26,On-time
609729,509729,2023-12-05,2023-12-10,Delayed
609730,509730,2023-12-31,2024-01-04,Delayed
609731,509731,2024-03-19,2024-03-20,On-time
609732,509732,2023-08-18,2023-08-24,Delayed
609733,509733,2024-09-01,2024-09-06,Delayed
609734,509734,2024-02-12,\N,\N
609735,509735,2023-07-20,2023-07-23,Delayed
609736,509736,2023-12-13,\N,Failed
609737,509737,2023-12-26,2023-12-26,On-time
609738,509738,2023-06-16,2023-06-16,On-time
609739,509739,2024-04-01,2024-04-01,On-time
609740,509740,2024-01-03,2024-01-03,On-time
609741,509741,2024-05-28,2024-05-29,On-time
609742,509742,2023-10-27,2023-10-27,On-time
609743,509743,2023-11-11,2023-11-11,On-time
609744,509744,2024-07-07,2024-07-08,On-time
609745,509745,2023-10-07,2023-10-06,On-time
609746,509746,2024-09-09,2024-09-10,On-time
609747,509747,2024-05-16,2024-05-15,On-time
609748,509748,2024-10-07,2024-10-07,On-time
609749,509749,2024-02-26,2024-02-26,On-time
609750,509750,2024-02-09,2024-02-08,On-time
609751,509751,2024-02-25,2024-02-26,On-time
609752,509752,2024-07-10,2024-07-09,On-time
609753,509753,2024-05-14,2024-05-19,Delayed
609754,509754,2024-04-16,2024-04-17,On-time
609755,509755,2023-09-27,2023-09-27,On-time
609756,509756,2023-12-08,2023-12-08,On-time
609757,509757,2023-07-27,2023-07-28,On-time
609758,509758,2023-07-26,2023-07-27,On-time
609759,509759,2024-02-11,2024-02-15,Delayed
609760,509760,2023-06-10,2023-06-11,On-time
609761,509761,2024-06-01,\N,\N
609762,509762,2024-06-12,2024-06-16,Delayed
609763,509763,2024-07-15,2024-07-18,Delayed
609764,509764,2024-06-26,2024-06-29,Delayed
609765,509765,2024-02-26,2024-02-26,On-time
609766,509766,2024-04-05,2024-04-06,On-time
609767,509767,2024-01-24,2024-01-23,On-time
609768,509768,2023-11-27,2023-11-28,On-time
609769,509769,2024-07-16,2024-07-17,On-time
609770,509770,2024-05-06,2024-05-06,On-time
609771,509771,2023-07-10,2023-07-11,On-time
609772,509772,2023-11-21,2023-11-22,On-time
609773,509773,2024-06-05,2024-06-05,On-time
609774,509774,2024-08-06,2024-08-05,On-time
609775,509775,2024-04-20,2024-04-20,On-time
609776,509776,2023-06-07,2023-06-06,On-time
609777,509777,2023-06-18,2023-06-17,On-time
609778,509778,2023-09-21,2023-09-20,On-time
609779,509779,2023-06-05,2023-06-06,On-time
609780,509780,2024-01-23,2024-01-23,On-time
609781,509781,2024-07-06,2024-07-11,Delayed
609782,509782,2023-07-01,2023-07-01,On-time
609783,509783,2024-06-15,2024-06-15,On-time
609784,509784,2023-09-11,2023-09-12,On-time
609785,509785,2023-07-12,2023-07-12,On-time
609786,509786,2023-10-19,2023-10-18,On-time
609787,509787,2024-02-22,2024-02-21,On-time
609788,509788,2023-07-17,2023-07-16,On-time
609789,509789,2023-07-12,2023-07-11,On-time
609790,509790,2023-08-02,2023-08-03,On-time
609791,509791,2024-09-21,2024-09-25,Delayed
609792,509792,2023-12-23,2023-12-26,Delayed
609793,509793,2023-11-11,\N,Failed
609794,509794,2023-10-01,\N,\N
609795,509795,2023-08-22,2023-08-28,Delayed
609796,509796,2024-06-12,2024-06-11,On-time
609797,509797,2024-04-08,2024-04-07,On-time
609798,509798,2024-07-11,2024-07-12,On-time
609799,509799,2023-12-08,2023-12-09,On-time
609800,509800,2024-04-18,2024-04-19,On-time
609801,509801,2024-07-12,2024-07-12,On-time
609802,509802,2024-01-30,2024-01-29,On-time
609803,509803,2023-10-12,2023-10-12,On-time
609804,509804,2023-06-21,\N,\N
609805,509805,2024-06-21,2024-06-21,On-time
609806,509806,2023-11-09,2023-11-10,On-time
609807,509807,2023-07-16,2023-07-16,On-time
609808,509808,2023-11-14,2023-11-14,On-time
609809,509809,2023-07-27,2023-07-27,On-time
609810,509810,2024-01-09,2024-01-10,On-time
609811,509811,2023-08-21,2023-08-22,On-time
609812,509812,2024-08-18,\N,\N
609813,509813,2023-12-03,2023-12-04,On-time
609814,509814,2023-12-24,2023-12-23,On-time
609815,509815,2024-01-02,2024-01-02,On-time
609816,509816,2024-01-05,2024-01-04,On-time
609817,509817,2024-06-29,2024-06-29,On-time
609818,509818,2024-05-09,2024-05-11,Delayed
609819,509819,2024-05-31,2024-05-31,On-time
609820,509820,2023-06-19,2023-06-19,On-time
609821,509821,2024-04-06,2024-04-11,Delayed
609822,509822,2024-06-04,\N,Failed
609823,509823,2024-09-11,2024-09-12,On-time
609824,509824,2024-03-01,2024-03-02,On-time
609825,509825,2023-06-11,2023-06-12,On-time
609826,509826,2024-03-22,2024-03-21,On-time
609827,509827,2023-07-14,2023-07-13,On-time
609828,509828,2024-07-12,2024-07-17,Delayed
609829,509829,2024-05-01,2024-05-02,On-time
609830,509830,2024-03-15,2024-03-15,On-time
609831,509831,2024-01-14,2024-01-13,On-time
609832,509832,2024-06-03,2024-06-07,Delayed
609833,509833,2023-10-25,\N,\N
609834,509834,2023-09-28,2023-09-27,On-time
609835,509835,2023-10-13,2023-10-18,Delayed
609836,509836,2023-10-06,\N,\N
609837,509837,2024-03-11,\N,\N
609838,509838,2023-10-31,2023-10-31,On-time
609839,509839,2023-06-15,2023-06-20,Delayed
609840,509840,2023-06-09,2023-06-10,On-time
609841,509841,2024-04-04,2024-04-03,On-time
609842,509842,2024-06-22,2024-06-22,On-time
609843,509843,2024-02-20,2024-02-20,On-time
609844,509844,2024-06-29,2024-06-30,On-time
609845,509845,2024-02-04,2024-02-03,On-time
609846,509846,2024-01-02,2024-01-03,On-time
609847,509847,2024-04-22,2024-04-21,On-time
609848,509848,2023-07-30,2023-07-31,On-time
609849,509849,2024-04-08,2024-04-10,Delayed
609850,509850,2023-08-07,\N,\N
609851,509851,2024-03-15,\N,\N
609852,509852,2024-08-10,2024-08-10,On-time
609853,509853,2024-06-26,2024-06-26,On-time
609854,509854,2024-01-15,2024-01-20,Delayed
609855,509855,2024-08-27,\N,\N
609856,509856,2023-08-22,2023-08-21,On-time
609857,509857,2023-06-05,2023-06-05,On-time
609858,509858,2024-05-23,2024-05-22,On-time
609859,509859,2024-05-13,2024-05-17,Delayed
609860,509860,2023-11-15,\N,\N
609861,509861,2024-09-09,2024-09-09,On-time
609862,509862,2023-09-25,2023-09-27,Delayed
609863,509863,2023-10-08,2023-10-13,Delayed
609864,509864,2023-07-20,\N,Failed
609865,509865,2023-07-28,\N,Failed
609866,509866,2023-09-15,2023-09-16,On-time
609867,509867,2024-02-13,2024-02-14,On-time
609868,509868,2024-03-07,\N,\N
609869,509869,2023-07-06,\N,Failed
609870,509870,2023-07-30,2023-08-01,Delayed
609871,509871,2023-07-22,2023-07-22,On-time
609872,509872,2023-08-06,2023-08-11,Delayed
609873,509873,2024-08-01,2024-08-02,On-time
609874,509874,2024-01-24,2024-01-30,Delayed
609875,509875,2024-01-28,2024-01-28,On-time
609876,509876,2024-09-27,2024-10-03,Delayed
609877,509877,2023-08-09,2023-08-08,On-time
609878,509878,2024-08-21,2024-08-21,On-time
609879,509879,2024-04-08,2024-04-09,On-time
609880,509880,2023-12-05,2023-12-10,Delayed
609881,509881,2023-11-28,2023-11-29,On-time
609882,509882,2023-08-26,2023-08-26,On-time
609883,509883,2023-10-17,\N,\N
609884,509884,2024-02-23,2024-02-25,Delayed
609885,509885,2023-10-16,2023-10-16,On-time
609886,509886,2024-07-24,2024-07-24,On-time
609887,509887,2024-02-06,2024-02-05,On-time
609888,509888,2023-10-06,2023-10-08,Delayed
609889,509889,2024-03-20,2024-03-21,On-time
609890,509890,2024-08-26,\N,Failed
609891,509891,2023-06-27,2023-06-28,On-time
609892,509892,2024-04-12,\N,\N
609893,509893,2024-01-12,2024-01-18,Delayed
609894,509894,2023-12-03,2023-12-02,On-time
609895,509895,2024-09-14,2024-09-13,On-time
609896,509896,2023-12-16,2023-12-16,On-time
609897,509897,2023-07-15,2023-07-21,Delayed
609898,509898,2024-05-20,\N,Failed
609899,509899,2024-05-13,2024-05-14,On-time
609900,509900,2023-07-13,\N,\N
609901,509901,2024-03-27,\N,Failed
609902,509902,2024-06-25,2024-06-25,On-time
609903,509903,2024-10-06,2024-10-06,On-time
609904,509904,2024-04-27,2024-04-28,On-time
609905,509905,2023-11-01,2023-11-03,Delayed
609906,509906,2023-06-14,2023-06-13,On-time
609907,509907,2024-06-10,2024-06-09,On-time
609908,509908,2024-05-12,2024-05-13,On-time
609909,509909,2023-11-24,2023-11-24,On-time
609910,509910,2024-07-01,2024-07-02,On-time
609911,509911,2024-09-09,2024-09-09,On-time
609912,509912,2024-04-20,2024-04-21,On-time
609913,509913,2023-11-29,\N,Failed
609914,509914,2024-09-06,2024-09-05,On-time
609915,509915,2024-07-09,2024-07-15,Delayed
609916,509916,2023-09-25,2023-09-29,Delayed
609917,509917,2024-03-07,\N,Failed
609918,509918,2024-07-07,2024-07-07,On-time
609919,509919,2023-11-21,2023-11-21,On-time
609920,509920,2023-07-17,2023-07-17,On-time
609921,509921,2024-04-12,2024-04-17,Delayed
609922,509922,2023-12-09,2023-12-08,On-time
609923,509923,2024-07-25,2024-07-24,On-time
609924,509924,2024-08-30,2024-09-01,Delayed
609925,509925,2024-08-31,2024-09-01,On-time
609926,509926,2023-09-08,2023-09-07,On-time
609927,509927,2023-06-12,2023-06-11,On-time
609928,509928,2023-07-02,2023-07-02,On-time
609929,509929,2024-06-20,2024-06-24,Delayed
609930,509930,2024-09-27,2024-09-26,On-time
609931,509931,2023-08-13,2023-08-12,On-time
609932,509932,2023-08-30,2023-08-29,On-time
609933,509933,2024-07-24,2024-07-30,Delayed
609934,509934,2024-02-11,\N,\N
609935,509935,2023-11-15,\N,Failed
609936,509936,2024-05-22,\N,\N
609937,509937,2023-11-09,\N,\N
609938,509938,2024-08-07,2024-08-06,On-time
609939,509939,2024-02-26,2024-02-27,On-time
609940,509940,2024-09-06,2024-09-06,On-time
609941,509941,2023-12-13,2023-12-18,Delayed
609942,509942,2024-07-14,2024-07-16,Delayed
609943,509943,2023-10-12,2023-10-11,On-time
609944,509944,2024-02-04,2024-02-05,On-time
609945,509945,2023-07-26,2023-07-25,On-time
609946,509946,2023-07-25,2023-07-24,On-time
609947,509947,2023-11-08,2023-11-08,On-time
609948,509948,2024-05-07,2024-05-10,Delayed
609949,509949,2024-07-22,\N,Failed
609950,509950,2024-08-16,2024-08-15,On-time
609951,509951,2023-06-14,2023-06-15,On-time
609952,509952,2024-05-26,\N,Failed
609953,509953,2023-11-18,2023-11-23,Delayed
609954,509954,2024-04-20,2024-04-21,On-time
609955,509955,2024-01-18,\N,Failed
609956,509956,2024-01-23,2024-01-24,On-time
609957,509957,2024-04-26,2024-04-27,On-time
609958,509958,2023-11-12,2023-11-16,Delayed
609959,509959,2024-02-04,2024-02-05,On-time
609960,509960,2024-01-19,2024-01-18,On-time
609961,509961,2023-12-06,2023-12-05,On-time
609962,509962,2023-09-05,2023-09-06,On-time
609963,509963,2024-03-24,2024-03-23,On-time
609964,509964,2024-04-21,2024-04-27,Delayed
609965,509965,2023-11-22,2023-11-23,On-time
609966,509966,2024-07-26,2024-07-26,On-time
609967,509967,2024-03-10,2024-03-10,On-time
609968,509968,2024-07-16,\N,Failed
609969,509969,2023-08-29,2023-08-30,On-time
609970,509970,2024-09-06,2024-09-07,On-time
609971,509971,2023-11-22,2023-11-21,On-time
609972,509972,2023-10-26,2023-10-25,On-time
609973,509973,2023-08-10,2023-08-09,On-time
609974,509974,2024-04-11,2024-04-12,On-time
609975,509975,2023-08-16,2023-08-16,On-time
609976,509976,2024-06-12,2024-06-12,On-time
609977,509977,2024-04-09,2024-04-15,Delayed
609978,509978,2023-06-29,2023-07-02,Delayed
609979,509979,2023-06-13,2023-06-14,On-time
609980,509980,2024-05-24,2024-05-24,On-time
609981,509981,2023-10-15,2023-10-16,On-time
609982,509982,2024-09-22,\N,Failed
609983,509983,2023-09-29,2023-10-04,Delayed
609984,509984,2024-07-01,2024-07-02,On-time
609985,509985,2024-08-10,2024-08-15,Delayed
609986,509986,2024-01-02,2024-01-07,Delayed
609987,509987,2024-01-02,2024-01-02,On-time
609988,509988,2023-11-23,2023-11-23,On-time
609989,509989,2024-07-20,2024-07-21,On-time
609990,509990,2024-02-19,2024-02-20,On-time
609991,509991,2024-03-08,2024-03-08,On-time
609992,509992,2024-06-29,2024-06-29,On-time
609993,509993,2023-07-01,2023-07-04,Delayed
609994,509994,2024-08-06,2024-08-07,On-time
609995,509995,2024-04-28,2024-04-28,On-time
609996,509996,2024-02-28,2024-02-28,On-time
609997,509997,2024-06-22,2024-06-21,On-time
609998,509998,2024-04-28,2024-04-28,On-time
609999,509999,2024-01-05,2024-01-06,On-time
610000,510000,2024-08-29,2024-09-03,Delayed
610001,510001,2024-04-28,2024-04-30,Delayed
610002,510002,2024-01-05,2024-01-04,On-time
610003,510003,2024-04-19,2024-04-18,On-time
610004,510004,2024-04-28,2024-04-29,On-time
610005,510005,2024-08-22,2024-08-21,On-time
610006,510006,2023-08-11,2023-08-17,Delayed
610007,510007,2023-10-14,2023-10-14,On-time
610008,510008,2024-05-19,2024-05-20,On-time
610009,510009,2024-07-30,2024-07-29,On-time
610010,510010,2024-03-25,2024-03-31,Delayed
610011,510011,2023-10-12,2023-10-15,Delayed
610012,510012,2023-06-29,2023-06-30,On-time
610013,510013,2024-04-27,2024-04-27,On-time
610014,510014,2024-07-16,2024-07-15,On-time
610015,510015,2024-05-03,2024-05-02,On-time
610016,510016,2023-10-28,2023-10-29,On-time
610017,510017,2023-08-06,2023-08-11,Delayed
610018,510018,2023-12-09,2023-12-10,On-time
610019,510019,2024-08-13,2024-08-13,On-time
610020,510020,2024-04-22,2024-04-21,On-time
610021,510021,2023-09-12,2023-09-11,On-time
610022,510022,2023-09-20,2023-09-20,On-time
610023,510023,2024-03-28,2024-04-01,Delayed
610024,510024,2023-08-07,2023-08-10,Delayed
610025,510025,2024-09-28,2024-09-30,Delayed
610026,510026,2023-06-08,2023-06-07,On-time
610027,510027,2024-09-30,2024-09-30,On-time
610028,510028,2024-06-19,2024-06-19,On-time
610029,510029,2024-05-19,2024-05-18,On-time
610030,510030,2023-08-27,2023-09-01,Delayed
610031,510031,2024-05-22,2024-05-22,On-time
610032,510032,2023-11-04,2023-11-05,On-time
610033,510033,2024-08-27,2024-08-28,On-time
610034,510034,2024-02-28,2024-03-02,Delayed
610035,510035,2024-09-30,2024-10-03,Delayed
610036,510036,2023-11-01,2023-11-04,Delayed
610037,510037,2024-08-17,2024-08-17,On-time
610038,510038,2023-08-06,2023-08-05,On-time
610039,510039,2024-03-07,2024-03-07,On-time
610040,510040,2023-11-20,2023-11-22,Delayed
610041,510041,2024-08-27,2024-08-28,On-time
610042,510042,2024-08-29,2024-09-03,Delayed
610043,510043,2023-09-28,2023-09-29,On-time
610044,510044,2024-09-18,2024-09-17,On-time
610045,510045,2023-07-18,2023-07-19,On-time
610046,510046,2023-07-16,2023-07-15,On-time
610047,510047,2024-08-28,2024-08-29,On-time
610048,510048,2024-07-12,\N,Failed
610049,510049,2024-06-25,2024-06-24,On-time
610050,510050,2023-06-16,2023-06-20,Delayed
610051,510051,2024-07-15,2024-07-21,Delayed
610052,510052,2024-07-12,\N,Failed
610053,510053,2024-03-19,2024-03-21,Delayed
610054,510054,2024-04-28,2024-04-28,On-time
610055,510055,2024-09-18,2024-09-17,On-time
610056,510056,2023-09-22,\N,Failed
610057,510057,2024-06-26,\N,Failed
610058,510058,2024-05-25,2024-05-29,Delayed
610059,510059,2023-07-15,2023-07-16,On-time
610060,510060,2023-06-14,2023-06-17,Delayed
610061,510061,2023-06-20,\N,Failed
610062,510062,2024-03-09,2024-03-10,On-time
610063,510063,2024-01-13,2024-01-14,On-time
610064,510064,2024-05-28,2024-05-27,On-time
610065,510065,2023-12-12,2023-12-11,On-time
610066,510066,2023-09-25,2023-09-24,On-time
610067,510067,2023-06-27,2023-06-27,On-time
610068,510068,2024-07-06,2024-07-05,On-time
610069,510069,2024-06-09,2024-06-10,On-time
610070,510070,2023-08-18,2023-08-20,Delayed
610071,510071,2024-02-09,\N,\N
610072,510072,2023-11-06,2023-11-06,On-time
610073,510073,2024-04-24,\N,Failed
610074,510074,2024-04-26,2024-04-25,On-time
610075,510075,2023-08-09,2023-08-08,On-time
610076,510076,2023-06-25,2023-06-24,On-time
610077,510077,2024-07-26,2024-07-26,On-time
610078,510078,2024-04-11,\N,\N
610079,510079,2023-11-02,2023-11-07,Delayed
610080,510080,2023-09-15,2023-09-15,On-time
610081,510081,2024-03-30,2024-04-05,Delayed
610082,510082,2024-06-02,\N,Failed
610083,510083,2023-11-11,2023-11-11,On-time
610084,510084,2023-09-05,2023-09-04,On-time
610085,510085,2024-08-20,2024-08-21,On-time
610086,510086,2024-03-02,2024-03-01,On-time
610087,510087,2024-03-24,2024-03-25,On-time
610088,510088,2023-11-06,2023-11-12,Delayed
610089,510089,2024-05-03,2024-05-04,On-time
610090,510090,2024-08-16,2024-08-18,Delayed
610091,510091,2024-03-18,2024-03-19,On-time
610092,510092,2024-05-19,\N,\N
610093,510093,2024-06-20,2024-06-20,On-time
610094,510094,2023-11-15,2023-11-16,On-time
610095,510095,2024-08-14,2024-08-13,On-time
610096,510096,2023-11-23,2023-11-24,On-time
610097,510097,2023-06-06,2023-06-06,On-time
610098,510098,2024-09-19,2024-09-20,On-time
610099,510099,2023-11-01,2023-11-01,On-time
610100,510100,2023-09-04,2023-09-04,On-time
610101,510101,2023-10-25,2023-10-25,On-time
610102,510102,2023-11-29,2023-11-29,On-time
610103,510103,2024-04-15,\N,\N
610104,510104,2023-12-30,2024-01-04,Delayed
610105,510105,2023-10-15,2023-10-20,Delayed
610106,510106,2023-12-10,2023-12-10,On-time
610107,510107,2023-12-09,2023-12-12,Delayed
610108,510108,2023-07-18,\N,\N
610109,510109,2023-06-27,\N,\N
610110,510110,2023-06-13,2023-06-12,On-time
610111,510111,2024-03-28,2024-03-29,On-time
610112,510112,2024-06-19,2024-06-19,On-time
610113,510113,2024-03-17,2024-03-22,Delayed
610114,510114,2024-01-01,\N,\N
610115,510115,2024-02-25,2024-02-26,On-time
610116,510116,2023-11-15,2023-11-14,On-time
610117,510117,2024-07-15,2024-07-21,Delayed
610118,510118,2024-02-15,2024-02-14,On-time
610119,510119,2023-06-18,2023-06-18,On-time
610120,510120,2024-01-04,2024-01-10,Delayed
610121,510121,2024-07-09,2024-07-10,On-time
610122,510122,2023-06-05,2023-06-06,On-time
610123,510123,2023-07-17,2023-07-16,On-time
610124,510124,2023-09-20,2023-09-25,Delayed
610125,510125,2024-05-29,\N,\N
610126,510126,2024-01-18,2024-01-19,On-time
610127,510127,2024-09-21,2024-09-21,On-time
610128,510128,2023-07-31,2023-07-31,On-time
610129,510129,2024-05-29,2024-06-03,Delayed
610130,510130,2024-06-12,2024-06-13,On-time
610131,510131,2024-05-15,2024-05-16,On-time
610132,510132,2023-07-28,2023-08-02,Delayed
610133,510133,2023-08-09,2023-08-14,Delayed
610134,510134,2023-08-17,2023-08-21,Delayed
610135,510135,2023-08-12,\N,Failed
610136,510136,2024-01-31,\N,Failed
610137,510137,2024-02-02,2024-02-02,On-time
610138,510138,2024-07-26,2024-07-31,Delayed
610139,510139,2024-07-25,2024-07-25,On-time
610140,510140,2024-02-21,2024-02-20,On-time
610141,510141,2024-06-07,2024-06-08,On-time
610142,510142,2024-03-13,2024-03-14,On-time
610143,510143,2024-01-06,\N,\N
610144,510144,2024-07-22,2024-07-26,Delayed
610145,510145,2024-05-22,2024-05-23,On-time
610146,510146,2024-07-08,2024-07-10,Delayed
610147,510147,2024-06-16,2024-06-16,On-time
610148,510148,2023-10-10,2023-10-16,Delayed
610149,510149,2024-08-21,2024-08-22,On-time
610150,510150,2024-03-17,2024-03-22,Delayed
610151,510151,2024-08-14,2024-08-15,On-time
610152,510152,2023-10-20,\N,Failed
610153,510153,2024-09-21,2024-09-22,On-time
610154,510154,2024-08-08,2024-08-09,On-time
610155,510155,2024-07-18,2024-07-20,Delayed
610156,510156,2024-01-07,\N,\N
610157,510157,2023-12-24,2023-12-23,On-time
610158,510158,2024-09-02,2024-09-02,On-time
610159,510159,2023-11-28,2023-11-27,On-time
610160,510160,2024-10-06,2024-10-09,Delayed
610161,510161,2024-02-18,2024-02-18,On-time
610162,510162,2024-07-22,2024-07-26,Delayed
610163,510163,2024-09-29,2024-09-28,On-time
610164,510164,2024-06-07,2024-06-08,On-time
610165,510165,2023-07-14,\N,\N
610166,510166,2024-09-23,2024-09-24,On-time
610167,510167,2024-07-20,2024-07-20,On-time
610168,510168,2024-03-07,2024-03-09,Delayed
610169,510169,2023-08-19,2023-08-21,Delayed
610170,510170,2024-03-18,2024-03-17,On-time
610171,510171,2024-09-07,2024-09-08,On-time
610172,510172,2024-01-24,2024-01-23,On-time
610173,510173,2024-05-12,2024-05-13,On-time
610174,510174,2024-05-27,2024-05-28,On-time
610175,510175,2023-10-03,2023-10-03,On-time
610176,510176,2024-08-05,2024-08-05,On-time
610177,510177,2024-03-06,2024-03-10,Delayed
610178,510178,2024-01-05,2024-01-04,On-time
610179,510179,2024-07-10,\N,\N
610180,510180,2023-12-05,\N,\N
610181,510181,2024-01-23,2024-01-24,On-time
610182,510182,2023-06-19,2023-06-20,On-time
610183,510183,2023-10-30,2023-10-31,On-time
610184,510184,2024-01-29,\N,\N
610185,510185,2024-06-25,\N,Failed
610186,510186,2023-12-30,2023-12-30,On-time
610187,510187,2024-05-19,\N,\N
610188,510188,2024-08-16,\N,Failed
610189,510189,2024-07-11,2024-07-12,On-time
610190,510190,2024-08-03,\N,Failed
610191,510191,2023-08-19,2023-08-20,On-time
610192,510192,2024-06-03,\N,\N
610193,510193,2023-07-25,\N,Failed
610194,510194,2024-04-18,2024-04-24,Delayed
610195,510195,2024-07-26,\N,Failed
610196,510196,2023-12-17,2023-12-18,On-time
610197,510197,2023-11-17,2023-11-17,On-time
610198,510198,2023-11-27,2023-11-26,On-time
610199,510199,2024-02-29,2024-02-28,On-time
610200,510200,2023-08-10,2023-08-09,On-time
610201,510201,2024-06-02,2024-06-03,On-time
610202,510202,2023-11-27,2023-11-26,On-time
610203,510203,2024-07-24,2024-07-25,On-time
610204,510204,2023-10-03,2023-10-02,On-time
610205,510205,2024-08-10,\N,Failed
610206,510206,2024-01-20,2024-01-21,On-time
610207,510207,2024-07-13,2024-07-16,Delayed
610208,510208,2023-07-27,2023-07-29,Delayed
610209,510209,2023-10-17,2023-10-16,On-time
610210,510210,2024-02-26,2024-02-29,Delayed
610211,510211,2024-09-21,2024-09-20,On-time
610212,510212,2024-07-03,2024-07-04,On-time
610213,510213,2024-04-11,2024-04-11,On-time
610214,510214,2023-12-29,2024-01-01,Delayed
610215,510215,2023-06-27,2023-06-28,On-time
610216,510216,2024-01-19,2024-01-18,On-time
610217,510217,2024-05-13,2024-05-13,On-time
610218,510218,2023-06-26,2023-06-26,On-time
610219,510219,2023-07-17,2023-07-16,On-time
610220,510220,2023-09-26,2023-10-01,Delayed
610221,510221,2024-06-09,2024-06-10,On-time
610222,510222,2023-09-18,2023-09-19,On-time
610223,510223,2024-09-10,2024-09-11,On-time
610224,510224,2023-11-08,\N,\N
610225,510225,2024-03-15,2024-03-16,On-time
610226,510226,2023-07-15,\N,\N
610227,510227,2024-06-30,2024-07-01,On-time
610228,510228,2024-07-12,2024-07-13,On-time
610229,510229,2023-07-28,2023-07-28,On-time
610230,510230,2023-08-15,\N,Failed
610231,510231,2024-01-28,2024-01-28,On-time
610232,510232,2023-08-30,2023-08-31,On-time
610233,510233,2023-11-30,2023-11-29,On-time
610234,510234,2023-11-27,2023-12-03,Delayed
610235,510235,2024-09-17,2024-09-17,On-time
610236,510236,2023-12-19,2023-12-19,On-time
610237,510237,2024-04-06,2024-04-07,On-time
610238,510238,2024-04-01,2024-04-06,Delayed
610239,510239,2023-07-02,2023-07-04,Delayed
610240,510240,2024-04-27,2024-04-26,On-time
610241,510241,2024-08-24,2024-08-24,On-time
610242,510242,2023-08-14,2023-08-14,On-time
610243,510243,2023-12-17,2023-12-17,On-time
610244,510244,2023-07-04,2023-07-05,On-time
610245,510245,2024-02-15,2024-02-17,Delayed
610246,510246,2024-08-30,2024-08-31,On-time
610247,510247,2024-09-09,2024-09-08,On-time
610248,510248,2024-05-02,2024-05-08,Delayed
610249,510249,2023-10-19,2023-10-18,On-time
610250,510250,2024-01-26,\N,Failed
610251,510251,2024-09-27,2024-09-28,On-time
610252,510252,2024-04-23,2024-04-24,On-time
610253,510253,2024-08-29,2024-08-29,On-time
610254,510254,2023-12-16,2023-12-15,On-time
610255,510255,2023-07-14,\N,Failed
610256,510256,2024-05-30,2024-05-31,On-time
610257,510257,2023-09-09,2023-09-15,Delayed
610258,510258,2023-11-10,2023-11-10,On-time
610259,510259,2023-07-10,2023-07-13,Delayed
610260,510260,2023-07-22,2023-07-23,On-time
610261,510261,2023-08-27,2023-08-28,On-time
610262,510262,2024-08-24,2024-08-30,Delayed
610263,510263,2023-10-11,2023-10-10,On-time
610264,510264,2024-02-23,2024-02-24,On-time
610265,510265,2023-08-27,2023-08-31,Delayed
610266,510266,2024-07-06,2024-07-07,On-time
610267,510267,2024-04-05,2024-04-04,On-time
610268,510268,2024-02-29,2024-02-29,On-time
610269,510269,2024-02-10,2024-02-14,Delayed
610270,510270,2024-08-29,2024-08-30,On-time
610271,510271,2024-09-22,2024-09-22,On-time
610272,510272,2024-03-30,2024-03-29,On-time
610273,510273,2023-10-28,2023-10-29,On-time
610274,510274,2023-09-05,2023-09-06,On-time
610275,510275,2023-08-09,2023-08-08,On-time
610276,510276,2024-08-10,2024-08-11,On-time
610277,510277,2023-11-03,2023-11-04,On-time
610278,510278,2023-11-17,\N,\N
610279,510279,2024-09-05,2024-09-04,On-time
610280,510280,2024-02-21,\N,\N
610281,510281,2024-08-31,2024-09-01,On-time
610282,510282,2024-07-05,2024-07-10,Delayed
610283,510283,2023-12-21,2023-12-22,On-time
610284,510284,2023-08-20,2023-08-20,On-time
610285,510285,2023-11-03,2023-11-02,On-time
610286,510286,2023-10-03,2023-10-03,On-time
610287,510287,2024-03-14,2024-03-15,On-time
610288,510288,2023-11-17,\N,\N
610289,510289,2023-11-05,2023-11-05,On-time
610290,510290,2024-07-31,2024-08-02,Delayed
610291,510291,2023-10-31,2023-11-06,Delayed
610292,510292,2024-06-23,\N,Failed
610293,510293,2023-11-22,2023-11-21,On-time
610294,510294,2024-08-09,2024-08-10,On-time
610295,510295,2023-11-11,2023-11-10,On-time
610296,510296,2024-08-18,\N,Failed
610297,510297,2023-10-16,2023-10-17,On-time
610298,510298,2024-06-19,2024-06-18,On-time
610299,510299,2024-05-08,2024-05-12,Delayed
610300,510300,2023-06-04,2023-06-04,On-time
610301,510301,2023-12-18,2023-12-18,On-time
610302,510302,2024-05-06,2024-05-05,On-time
610303,510303,2023-08-30,2023-08-31,On-time
610304,510304,2024-01-22,2024-01-21,On-time
610305,510305,2024-04-23,2024-04-25,Delayed
610306,510306,2024-09-24,2024-09-26,Delayed
610307,510307,2024-09-10,2024-09-10,On-time
610308,510308,2023-06-19,2023-06-19,On-time
610309,510309,2024-06-06,2024-06-06,On-time
610310,510310,2023-09-27,2023-09-30,Delayed
610311,510311,2023-11-19,2023-11-19,On-time
610312,510312,2023-12-04,2023-12-05,On-time
610313,510313,2024-06-18,\N,Failed
610314,510314,2023-06-18,2023-06-19,On-time
610315,510315,2023-06-09,\N,Failed
610316,510316,2023-10-29,2023-11-01,Delayed
610317,510317,2024-07-27,\N,Failed
610318,510318,2023-10-06,2023-10-05,On-time
610319,510319,2024-01-11,2024-01-11,On-time
610320,510320,2024-02-07,2024-02-07,On-time
610321,510321,2024-02-26,\N,Failed
610322,510322,2023-09-16,2023-09-15,On-time
610323,510323,2023-06-20,2023-06-23,Delayed
610324,510324,2023-08-22,2023-08-23,On-time
610325,510325,2023-08-12,2023-08-13,On-time
610326,510326,2024-09-13,2024-09-14,On-time
610327,510327,2023-07-15,\N,\N
610328,510328,2024-04-16,2024-04-16,On-time
610329,510329,2024-08-12,2024-08-13,On-time
610330,510330,2024-02-11,2024-02-10,On-time
610331,510331,2023-09-08,2023-09-11,Delayed
610332,510332,2024-03-14,\N,\N
610333,510333,2023-11-30,2023-12-06,Delayed
610334,510334,2023-11-26,2023-12-02,Delayed
610335,510335,2024-06-20,2024-06-24,Delayed
610336,510336,2023-06-20,2023-06-21,On-time
610337,510337,2023-06-11,2023-06-15,Delayed
610338,510338,2024-01-20,\N,\N
610339,510339,2024-03-30,2024-04-05,Delayed
610340,510340,2024-03-21,2024-03-22,On-time
610341,510341,2023-10-23,2023-10-23,On-time
610342,510342,2023-10-12,2023-10-12,On-time
610343,510343,2024-09-26,2024-09-27,On-time
610344,510344,2023-06-21,2023-06-26,Delayed
610345,510345,2023-07-01,2023-07-02,On-time
610346,510346,2023-10-26,2023-10-25,On-time
610347,510347,2024-08-07,2024-08-08,On-time
610348,510348,2023-07-04,2023-07-03,On-time
610349,510349,2024-01-30,2024-01-30,On-time
610350,510350,2024-03-12,2024-03-15,Delayed
610351,510351,2024-09-03,2024-09-03,On-time
610352,510352,2024-03-01,2024-03-04,Delayed
610353,510353,2024-07-21,2024-07-22,On-time
610354,510354,2024-09-02,2024-09-01,On-time
610355,510355,2024-08-21,2024-08-21,On-time
610356,510356,2024-08-20,2024-08-19,On-time
610357,510357,2024-06-14,2024-06-13,On-time
610358,510358,2024-09-07,2024-09-11,Delayed
610359,510359,2023-07-31,2023-07-30,On-time
610360,510360,2023-11-29,2023-11-28,On-time
610361,510361,2024-04-08,2024-04-09,On-time
610362,510362,2023-06-14,2023-06-13,On-time
610363,510363,2024-01-21,2024-01-22,On-time
610364,510364,2024-08-27,\N,Failed
610365,510365,2024-08-14,2024-08-13,On-time
610366,510366,2024-08-26,2024-08-26,On-time
610367,510367,2023-11-11,2023-11-10,On-time
610368,510368,2023-09-20,2023-09-19,On-time
610369,510369,2024-02-26,\N,\N
610370,510370,2024-02-16,2024-02-17,On-time
610371,510371,2023-08-02,2023-08-02,On-time
610372,510372,2023-07-13,\N,Failed
610373,510373,2024-08-09,2024-08-09,On-time
610374,510374,2024-06-03,2024-06-09,Delayed
610375,510375,2024-03-17,2024-03-16,On-time
610376,510376,2024-02-03,2024-02-03,On-time
610377,510377,2023-08-24,2023-08-24,On-time
610378,510378,2024-03-23,2024-03-24,On-time
610379,510379,2024-03-14,2024-03-13,On-time
610380,510380,2023-06-13,2023-06-13,On-time
610381,510381,2023-10-18,2023-10-24,Delayed
610382,510382,2023-08-30,2023-08-31,On-time
610383,510383,2024-05-15,2024-05-14,On-time
610384,510384,2023-08-23,2023-08-22,On-time
610385,510385,2023-06-05,2023-06-05,On-time
610386,510386,2024-10-03,2024-10-03,On-time
610387,510387,2023-10-26,2023-10-27,On-time
610388,510388,2024-01-31,2024-02-01,On-time
610389,510389,2023-11-12,2023-11-11,On-time
610390,510390,2024-02-05,\N,Failed
610391,510391,2024-06-28,2024-06-28,On-time
610392,510392,2024-06-12,2024-06-11,On-time
610393,510393,2023-08-13,2023-08-14,On-time
610394,510394,2024-05-28,\N,Failed
610395,510395,2023-11-02,2023-11-02,On-time
610396,510396,2023-08-02,2023-08-03,On-time
610397,510397,2024-05-05,2024-05-04,On-time
610398,510398,2024-04-30,2024-05-01,On-time
610399,510399,2023-07-13,2023-07-19,Delayed
610400,510400,2024-04-21,\N,\N
610401,510401,2023-12-17,2023-12-19,Delayed
610402,510402,2024-06-26,2024-06-29,Delayed
610403,510403,2024-10-02,2024-10-05,Delayed
610404,510404,2023-07-15,2023-07-15,On-time
610405,510405,2024-03-28,\N,\N
610406,510406,2024-08-17,2024-08-16,On-time
610407,510407,2023-07-02,2023-07-02,On-time
610408,510408,2024-03-24,2024-03-30,Delayed
610409,510409,2024-01-01,2023-12-31,On-time
610410,510410,2023-10-09,2023-10-10,On-time
610411,510411,2023-09-14,2023-09-15,On-time
610412,510412,2024-03-08,2024-03-07,On-time
610413,510413,2024-02-05,2024-02-04,On-time
610414,510414,2023-10-21,2023-10-23,Delayed
610415,510415,2024-08-19,2024-08-20,On-time
610416,510416,2023-10-23,\N,\N
610417,510417,2024-08-29,2024-08-28,On-time
610418,510418,2023-12-09,2023-12-13,Delayed
610419,510419,2024-08-24,2024-08-28,Delayed
610420,510420,2023-09-13,2023-09-13,On-time
610421,510421,2023-06-12,2023-06-13,On-time
610422,510422,2024-08-08,2024-08-07,On-time
610423,510423,2024-03-05,2024-03-10,Delayed
610424,510424,2024-06-09,\N,Failed
610425,510425,2023-07-12,2023-07-13,On-time
610426,510426,2024-08-26,2024-08-26,On-time
610427,510427,2024-05-10,2024-05-09,On-time
610428,510428,2024-04-13,2024-04-13,On-time
610429,510429,2024-05-21,2024-05-21,On-time
610430,510430,2024-05-12,2024-05-12,On-time
610431,510431,2023-06-06,2023-06-07,On-time
610432,510432,2024-08-17,2024-08-23,Delayed
610433,510433,2024-07-08,2024-07-07,On-time
610434,510434,2023-09-25,2023-09-26,On-time
610435,510435,2023-11-14,2023-11-14,On-time
610436,510436,2023-11-26,2023-11-26,On-time
610437,510437,2023-10-17,\N,Failed
610438,510438,2024-03-26,2024-03-25,On-time
610439,510439,2024-09-20,2024-09-20,On-time
610440,510440,2024-05-24,2024-05-25,On-time
610441,510441,2024-08-10,2024-08-09,On-time
610442,510442,2023-07-10,2023-07-11,On-time
610443,510443,2023-09-13,\N,Failed
610444,510444,2024-07-30,2024-07-29,On-time
610445,510445,2024-09-15,2024-09-21,Delayed
610446,510446,2024-01-30,2024-01-29,On-time
610447,510447,2024-03-05,2024-03-04,On-time
610448,510448,2023-09-01,2023-08-31,On-time
610449,510449,2024-09-26,\N,Failed
610450,510450,2023-07-05,\N,\N
610451,510451,2024-06-19,2024-06-21,Delayed
610452,510452,2024-08-02,2024-08-01,On-time
610453,510453,2024-08-02,2024-08-03,On-time
610454,510454,2023-10-25,\N,\N
610455,510455,2024-07-01,2024-06-30,On-time
610456,510456,2023-11-11,2023-11-12,On-time
610457,510457,2024-04-29,2024-04-28,On-time
610458,510458,2024-04-22,2024-04-23,On-time
610459,510459,2023-12-23,2023-12-22,On-time
610460,510460,2024-09-20,\N,Failed
610461,510461,2023-11-26,2023-11-25,On-time
610462,510462,2023-06-21,\N,\N
610463,510463,2024-02-18,2024-02-17,On-time
610464,510464,2024-08-06,2024-08-07,On-time
610465,510465,2024-04-29,2024-04-30,On-time
610466,510466,2023-06-11,\N,\N
610467,510467,2024-07-30,2024-07-29,On-time
610468,510468,2023-07-15,2023-07-14,On-time
610469,510469,2023-08-15,2023-08-18,Delayed
610470,510470,2024-01-09,2024-01-10,On-time
610471,510471,2024-04-10,\N,Failed
610472,510472,2023-07-29,2023-07-28,On-time
610473,510473,2024-01-15,2024-01-15,On-time
610474,510474,2024-01-29,2024-02-02,Delayed
610475,510475,2024-06-13,2024-06-14,On-time
610476,510476,2023-06-16,2023-06-17,On-time
610477,510477,2024-08-28,\N,\N
610478,510478,2024-04-11,2024-04-12,On-time
610479,510479,2023-11-14,2023-11-13,On-time
610480,510480,2024-09-11,2024-09-10,On-time
610481,510481,2024-02-09,2024-02-10,On-time
610482,510482,2023-08-31,2023-09-01,On-time
610483,510483,2024-02-03,2024-02-02,On-time
610484,510484,2024-06-24,2024-06-27,Delayed
610485,510485,2024-09-03,2024-09-06,Delayed
610486,510486,2024-07-29,2024-08-03,Delayed
610487,510487,2023-10-14,2023-10-14,On-time
610488,510488,2024-06-13,2024-06-14,On-time
610489,510489,2023-10-10,2023-10-09,On-time
610490,510490,2023-12-19,\N,\N
610491,510491,2023-12-05,2023-12-04,On-time
610492,510492,2023-11-28,2023-11-28,On-time
610493,510493,2023-12-09,2023-12-09,On-time
610494,510494,2023-06-08,2023-06-09,On-time
610495,510495,2024-01-25,2024-01-24,On-time
610496,510496,2023-07-10,\N,\N
610497,510497,2024-02-04,2024-02-03,On-time
610498,510498,2023-12-11,2023-12-12,On-time
610499,510499,2024-07-16,2024-07-17,On-time
610500,510500,2024-09-07,2024-09-10,Delayed
610501,510501,2023-11-16,2023-11-21,Delayed
610502,510502,2024-07-21,2024-07-20,On-time
610503,510503,2024-02-13,2024-02-12,On-time
610504,510504,2024-06-16,2024-06-17,On-time
610505,510505,2024-06-15,2024-06-15,On-time
610506,510506,2024-08-05,2024-08-04,On-time
610507,510507,2024-05-17,2024-05-19,Delayed
610508,510508,2024-04-21,2024-04-21,On-time
610509,510509,2023-07-06,2023-07-05,On-time
610510,510510,2024-03-25,2024-03-24,On-time
610511,510511,2024-02-25,2024-02-25,On-time
610512,510512,2023-09-28,2023-09-28,On-time
610513,510513,2024-01-02,\N,\N
610514,510514,2024-08-10,2024-08-09,On-time
610515,510515,2024-05-31,2024-05-30,On-time
610516,510516,2024-09-06,2024-09-05,On-time
610517,510517,2023-08-20,2023-08-21,On-time
610518,510518,2023-11-11,2023-11-13,Delayed
610519,510519,2023-06-18,2023-06-18,On-time
610520,510520,2024-03-19,2024-03-20,On-time
610521,510521,2024-01-23,2024-01-25,Delayed
610522,510522,2023-07-22,2023-07-27,Delayed
610523,510523,2024-09-04,\N,\N
610524,510524,2024-09-16,2024-09-16,On-time
610525,510525,2024-01-30,2024-01-31,On-time
610526,510526,2023-06-18,2023-06-17,On-time
610527,510527,2024-08-24,2024-08-24,On-time
610528,510528,2024-06-10,2024-06-11,On-time
610529,510529,2024-02-09,2024-02-15,Delayed
610530,510530,2023-10-29,2023-10-29,On-time
610531,510531,2024-01-03,\N,\N
610532,510532,2024-06-10,2024-06-13,Delayed
610533,510533,2024-07-13,\N,Failed
610534,510534,2023-08-17,\N,Failed
610535,510535,2024-02-24,2024-03-01,Delayed
610536,510536,2024-05-11,2024-05-11,On-time
610537,510537,2023-12-28,\N,\N
610538,510538,2023-10-26,2023-10-27,On-time
610539,510539,2023-11-22,2023-11-21,On-time
610540,510540,2023-08-05,2023-08-05,On-time
610541,510541,2024-03-18,2024-03-17,On-time
610542,510542,2023-09-20,\N,Failed
610543,510543,2024-01-13,2024-01-13,On-time
610544,510544,2024-03-15,2024-03-16,On-time
610545,510545,2024-06-22,2024-06-27,Delayed
610546,510546,2023-11-14,2023-11-14,On-time
610547,510547,2024-07-12,2024-07-11,On-time
610548,510548,2024-09-01,2024-08-31,On-time
610549,510549,2024-09-05,2024-09-04,On-time
610550,510550,2023-06-17,2023-06-17,On-time
610551,510551,2023-08-20,2023-08-23,Delayed
610552,510552,2024-04-08,2024-04-14,Delayed
610553,510553,2023-09-22,2023-09-21,On-time
610554,510554,2023-07-05,2023-07-04,On-time
610555,510555,2024-07-08,\N,\N
610556,510556,2023-06-09,2023-06-10,On-time
610557,510557,2024-01-07,2024-01-06,On-time
610558,510558,2023-08-17,2023-08-18,On-time
610559,510559,2024-05-16,2024-05-15,On-time
610560,510560,2023-10-26,2023-11-01,Delayed
610561,510561,2023-08-06,2023-08-11,Delayed
610562,510562,2024-05-11,2024-05-11,On-time
610563,510563,2024-06-11,\N,Failed
610564,510564,2024-04-20,2024-04-22,Delayed
610565,510565,2024-01-10,2024-01-11,On-time
610566,510566,2024-01-27,\N,Failed
610567,510567,2023-12-22,2023-12-25,Delayed
610568,510568,2024-08-08,\N,\N
610569,510569,2023-10-26,2023-10-31,Delayed
610570,510570,2023-12-28,2023-12-28,On-time
610571,510571,2024-04-06,2024-04-05,On-time
610572,510572,2023-09-29,2023-09-29,On-time
610573,510573,2024-05-28,2024-05-27,On-time
610574,510574,2024-07-30,2024-07-31,On-time
610575,510575,2023-06-21,2023-06-24,Delayed
610576,510576,2024-09-08,2024-09-09,On-time
610577,510577,2024-08-01,2024-08-02,On-time
610578,510578,2023-06-18,2023-06-19,On-time
610579,510579,2023-12-08,\N,\N
610580,510580,2024-05-08,2024-05-09,On-time
610581,510581,2024-05-07,2024-05-09,Delayed
610582,510582,2023-09-25,2023-09-26,On-time
610583,510583,2023-06-29,2023-06-29,On-time
610584,510584,2023-11-24,2023-11-28,Delayed
610585,510585,2023-08-21,2023-08-21,On-time
610586,510586,2024-07-10,2024-07-09,On-time
610587,510587,2024-07-23,2024-07-23,On-time
610588,510588,2023-06-18,\N,\N
610589,510589,2023-10-09,2023-10-09,On-time
610590,510590,2024-06-08,2024-06-08,On-time
610591,510591,2023-06-12,2023-06-17,Delayed
610592,510592,2023-07-19,2023-07-18,On-time
610593,510593,2024-04-27,2024-05-02,Delayed
610594,510594,2024-07-30,2024-07-31,On-time
610595,510595,2024-08-22,2024-08-26,Delayed
610596,510596,2024-05-16,2024-05-21,Delayed
610597,510597,2024-05-29,\N,\N
610598,510598,2024-09-11,2024-09-16,Delayed
610599,510599,2024-08-29,2024-08-28,On-time
610600,510600,2024-07-16,2024-07-21,Delayed
610601,510601,2024-01-06,2024-01-05,On-time
610602,510602,2024-06-27,2024-06-27,On-time
610603,510603,2024-07-22,2024-07-26,Delayed
610604,510604,2023-12-27,2023-12-26,On-time
610605,510605,2024-05-07,2024-05-08,On-time
610606,510606,2024-01-23,2024-01-24,On-time
610607,510607,2024-07-19,2024-07-19,On-time
610608,510608,2024-03-28,2024-03-30,Delayed
610609,510609,2023-10-20,2023-10-21,On-time
610610,510610,2024-03-10,2024-03-11,On-time
610611,510611,2023-09-16,2023-09-15,On-time
610612,510612,2023-10-25,2023-10-26,On-time
610613,510613,2024-01-17,2024-01-16,On-time
610614,510614,2024-02-29,2024-02-29,On-time
610615,510615,2024-09-21,2024-09-20,On-time
610616,510616,2023-10-25,2023-10-30,Delayed
610617,510617,2024-02-09,2024-02-08,On-time
610618,510618,2023-10-19,2023-10-23,Delayed
610619,510619,2023-07-04,2023-07-03,On-time
610620,510620,2023-06-18,2023-06-24,Delayed
610621,510621,2024-07-30,2024-07-31,On-time
610622,510622,2023-10-03,2023-10-03,On-time
610623,510623,2024-01-28,2024-01-28,On-time
610624,510624,2023-09-02,2023-09-07,Delayed
610625,510625,2023-09-09,2023-09-10,On-time
610626,510626,2024-01-05,2024-01-06,On-time
610627,510627,2024-05-23,2024-05-24,On-time
610628,510628,2024-04-18,2024-04-19,On-time
610629,510629,2023-08-10,2023-08-11,On-time
610630,510630,2024-02-24,2024-02-24,On-time
610631,510631,2024-04-26,2024-05-02,Delayed
610632,510632,2024-06-28,2024-06-28,On-time
610633,510633,2024-04-16,2024-04-15,On-time
610634,510634,2023-08-16,2023-08-17,On-time
610635,510635,2024-09-09,2024-09-09,On-time
610636,510636,2024-01-12,2024-01-13,On-time
610637,510637,2024-06-24,\N,Failed
610638,510638,2023-09-03,2023-09-03,On-time
610639,510639,2024-09-18,2024-09-19,On-time
610640,510640,2024-01-04,2024-01-06,Delayed
610641,510641,2023-06-28,2023-07-03,Delayed
610642,510642,2024-01-23,2024-01-23,On-time
610643,510643,2023-10-30,2023-10-31,On-time
610644,510644,2024-03-21,2024-03-20,On-time
610645,510645,2024-03-30,2024-03-29,On-time
610646,510646,2024-08-14,2024-08-18,Delayed
610647,510647,2023-11-26,\N,Failed
610648,510648,2023-08-10,2023-08-11,On-time
610649,510649,2024-01-14,2024-01-15,On-time
610650,510650,2024-08-16,2024-08-16,On-time
610651,510651,2024-02-14,2024-02-19,Delayed
610652,510652,2023-10-07,2023-10-10,Delayed
610653,510653,2024-04-24,2024-04-29,Delayed
610654,510654,2024-06-01,2024-05-31,On-time
610655,510655,2024-08-18,2024-08-17,On-time
610656,510656,2024-02-16,2024-02-16,On-time
610657,510657,2024-09-04,2024-09-09,Delayed
610658,510658,2023-11-12,2023-11-11,On-time
610659,510659,2023-08-02,2023-08-04,Delayed
610660,510660,2024-07-18,2024-07-19,On-time
610661,510661,2024-03-22,2024-03-25,Delayed
610662,510662,2024-08-02,\N,Failed
610663,510663,2023-08-05,2023-08-06,On-time
610664,510664,2024-02-04,\N,\N
610665,510665,2024-02-09,2024-02-12,Delayed
610666,510666,2024-01-19,\N,Failed
610667,510667,2024-08-12,2024-08-13,On-time
610668,510668,2024-08-26,2024-08-26,On-time
610669,510669,2024-03-04,2024-03-05,On-time
610670,510670,2024-03-08,2024-03-08,On-time
610671,510671,2023-08-14,2023-08-15,On-time
610672,510672,2024-03-15,2024-03-18,Delayed
610673,510673,2024-01-25,2024-01-26,On-time
610674,510674,2023-11-25,2023-11-25,On-time
610675,510675,2024-08-18,2024-08-23,Delayed
610676,510676,2024-03-02,2024-03-01,On-time
610677,510677,2023-08-27,2023-08-28,On-time
610678,510678,2024-06-07,2024-06-08,On-time
610679,510679,2024-09-17,\N,Failed
610680,510680,2024-02-17,2024-02-18,On-time
610681,510681,2023-07-20,2023-07-19,On-time
610682,510682,2024-05-02,2024-05-07,Delayed
610683,510683,2024-02-25,2024-02-25,On-time
610684,510684,2024-05-27,2024-05-26,On-time
610685,510685,2024-06-06,2024-06-09,Delayed
610686,510686,2024-09-08,2024-09-09,On-time
610687,510687,2024-04-05,2024-04-06,On-time
610688,510688,2024-09-24,2024-09-23,On-time
610689,510689,2024-03-12,2024-03-15,Delayed
610690,510690,2023-07-08,2023-07-07,On-time
610691,510691,2023-09-11,2023-09-11,On-time
610692,510692,2024-04-17,\N,\N
610693,510693,2024-04-26,2024-04-25,On-time
610694,510694,2024-10-02,2024-10-02,On-time
610695,510695,2024-06-13,2024-06-17,Delayed
610696,510696,2024-06-24,2024-06-25,On-time
610697,510697,2023-08-25,2023-08-28,Delayed
610698,510698,2023-08-13,2023-08-14,On-time
610699,510699,2023-10-08,2023-10-07,On-time
610700,510700,2024-03-10,2024-03-10,On-time
610701,510701,2023-11-24,2023-11-23,On-time
610702,510702,2023-10-22,2023-10-21,On-time
610703,510703,2024-02-24,2024-02-28,Delayed
610704,510704,2024-08-16,\N,Failed
610705,510705,2024-08-04,2024-08-03,On-time
610706,510706,2024-09-03,2024-09-09,Delayed
610707,510707,2024-09-29,2024-10-01,Delayed
610708,510708,2023-07-02,\N,\N
610709,510709,2023-10-22,2023-10-21,On-time
610710,510710,2024-03-04,\N,\N
610711,510711,2024-02-24,2024-02-25,On-time
610712,510712,2024-06-08,2024-06-09,On-time
610713,510713,2024-01-01,2023-12-31,On-time
610714,510714,2024-04-16,2024-04-15,On-time
610715,510715,2024-04-09,2024-04-08,On-time
610716,510716,2023-11-13,2023-11-12,On-time
610717,510717,2023-12-19,2023-12-22,Delayed
610718,510718,2024-04-10,2024-04-13,Delayed
610719,510719,2023-09-24,2023-09-23,On-time
610720,510720,2023-11-18,2023-11-19,On-time
610721,510721,2024-08-14,2024-08-13,On-time
610722,510722,2023-08-16,2023-08-21,Delayed
610723,510723,2023-09-07,2023-09-08,On-time
610724,510724,2023-10-10,2023-10-13,Delayed
610725,510725,2023-11-07,2023-11-08,On-time
610726,510726,2023-10-09,2023-10-10,On-time
610727,510727,2024-02-13,2024-02-13,On-time
610728,510728,2023-07-19,2023-07-18,On-time
610729,510729,2023-07-22,2023-07-21,On-time
610730,510730,2023-07-17,2023-07-17,On-time
610731,510731,2024-03-27,2024-03-28,On-time
610732,510732,2024-04-07,2024-04-08,On-time
610733,510733,2023-06-16,\N,Failed
610734,510734,2024-02-06,2024-02-06,On-time
610735,510735,2024-01-01,2024-01-02,On-time
610736,510736,2023-12-28,2023-12-28,On-time
610737,510737,2024-04-23,2024-04-24,On-time
610738,510738,2023-12-06,2023-12-07,On-time
610739,510739,2023-07-22,2023-07-21,On-time
610740,510740,2024-01-31,2024-02-03,Delayed
610741,510741,2024-02-15,2024-02-20,Delayed
610742,510742,2024-01-23,2024-01-29,Delayed
610743,510743,2023-07-08,2023-07-07,On-time
610744,510744,2023-10-28,2023-10-28,On-time
610745,510745,2023-12-24,2023-12-24,On-time
610746,510746,2024-02-03,2024-02-02,On-time
610747,510747,2024-04-23,2024-04-23,On-time
610748,510748,2024-04-16,2024-04-15,On-time
610749,510749,2023-07-30,2023-08-05,Delayed
610750,510750,2023-06-16,\N,\N
610751,510751,2023-09-01,2023-09-01,On-time
610752,510752,2024-07-20,2024-07-21,On-time
610753,510753,2024-01-28,2024-02-01,Delayed
610754,510754,2024-01-25,2024-01-25,On-time
610755,510755,2023-08-24,2023-08-27,Delayed
610756,510756,2024-08-04,2024-08-03,On-time
610757,510757,2024-08-11,\N,Failed
610758,510758,2024-09-21,2024-09-22,On-time
610759,510759,2023-11-21,2023-11-21,On-time
610760,510760,2024-05-02,2024-05-01,On-time
610761,510761,2024-03-18,2024-03-17,On-time
610762,510762,2023-10-05,2023-10-05,On-time
610763,510763,2023-07-24,2023-07-25,On-time
610764,510764,2024-08-19,2024-08-19,On-time
610765,510765,2023-09-11,2023-09-12,On-time
610766,510766,2023-10-24,2023-10-24,On-time
610767,510767,2024-07-08,\N,Failed
610768,510768,2023-11-05,2023-11-04,On-time
610769,510769,2023-06-24,2023-06-26,Delayed
610770,510770,2023-06-24,2023-06-30,Delayed
610771,510771,2024-09-05,2024-09-04,On-time
610772,510772,2023-07-28,2023-07-28,On-time
610773,510773,2024-02-20,2024-02-21,On-time
610774,510774,2024-06-24,2024-06-24,On-time
610775,510775,2023-07-17,2023-07-18,On-time
610776,510776,2023-07-27,2023-07-28,On-time
610777,510777,2023-09-18,\N,\N
610778,510778,2024-01-09,2024-01-08,On-time
610779,510779,2023-11-17,2023-11-17,On-time
610780,510780,2024-01-01,2024-01-01,On-time
610781,510781,2024-07-12,2024-07-18,Delayed
610782,510782,2024-02-05,2024-02-06,On-time
610783,510783,2023-11-18,2023-11-18,On-time
610784,510784,2023-08-18,2023-08-17,On-time
610785,510785,2023-10-08,\N,Failed
610786,510786,2024-08-17,\N,\N
610787,510787,2023-12-14,\N,Failed
610788,510788,2024-03-11,2024-03-14,Delayed
610789,510789,2023-10-06,2023-10-06,On-time
610790,510790,2024-01-28,2024-02-03,Delayed
610791,510791,2024-05-18,2024-05-24,Delayed
610792,510792,2023-08-15,2023-08-15,On-time
610793,510793,2024-06-11,2024-06-16,Delayed
610794,510794,2024-07-06,2024-07-07,On-time
610795,510795,2024-08-24,2024-08-25,On-time
610796,510796,2023-12-03,\N,Failed
610797,510797,2023-09-06,\N,\N
610798,510798,2024-02-02,2024-02-03,On-time
610799,510799,2023-12-01,2023-12-01,On-time
610800,510800,2024-01-13,2024-01-14,On-time
610801,510801,2023-08-18,\N,\N
610802,510802,2023-06-14,2023-06-14,On-time
610803,510803,2024-02-16,2024-02-15,On-time
610804,510804,2023-11-25,2023-11-27,Delayed
610805,510805,2023-06-21,2023-06-21,On-time
610806,510806,2024-09-21,2024-09-20,On-time
610807,510807,2024-08-23,2024-08-23,On-time
610808,510808,2024-08-14,2024-08-15,On-time
610809,510809,2024-01-06,2024-01-10,Delayed
610810,510810,2024-04-28,2024-04-28,On-time
610811,510811,2024-03-14,2024-03-20,Delayed
610812,510812,2023-09-15,2023-09-15,On-time
610813,510813,2024-06-07,2024-06-13,Delayed
610814,510814,2023-06-16,2023-06-15,On-time
610815,510815,2023-12-24,\N,Failed
610816,510816,2024-04-09,2024-04-10,On-time
610817,510817,2024-01-19,\N,Failed
610818,510818,2023-10-01,2023-10-07,Delayed
610819,510819,2023-10-27,\N,\N
610820,510820,2024-05-06,2024-05-06,On-time
610821,510821,2023-09-26,\N,\N
610822,510822,2024-06-01,2024-06-04,Delayed
610823,510823,2023-07-16,2023-07-21,Delayed
610824,510824,2024-04-11,2024-04-11,On-time
610825,510825,2024-02-28,2024-03-02,Delayed
610826,510826,2024-03-03,2024-03-04,On-time
610827,510827,2023-08-21,2023-08-23,Delayed
610828,510828,2024-03-16,2024-03-17,On-time
610829,510829,2024-06-29,2024-06-28,On-time
610830,510830,2023-12-27,2023-12-27,On-time
610831,510831,2023-08-03,\N,\N
610832,510832,2023-09-11,2023-09-10,On-time
610833,510833,2023-12-13,2023-12-12,On-time
610834,510834,2024-06-02,2024-06-02,On-time
610835,510835,2023-08-18,2023-08-17,On-time
610836,510836,2023-12-29,2023-12-28,On-time
610837,510837,2023-06-16,2023-06-16,On-time
610838,510838,2024-04-17,2024-04-16,On-time
610839,510839,2024-04-13,2024-04-13,On-time
610840,510840,2024-04-28,\N,\N
610841,510841,2023-12-18,2023-12-17,On-time
610842,510842,2024-02-01,2024-02-05,Delayed
610843,510843,2023-11-27,\N,Failed
610844,510844,2023-11-23,2023-11-23,On-time
610845,510845,2024-07-29,2024-07-29,On-time
610846,510846,2024-08-27,2024-08-26,On-time
610847,510847,2023-07-07,2023-07-07,On-time
610848,510848,2023-09-07,2023-09-07,On-time
610849,510849,2023-12-04,2023-12-03,On-time
610850,510850,2023-10-11,2023-10-12,On-time
610851,510851,2023-09-23,2023-09-24,On-time
610852,510852,2023-10-14,\N,\N
610853,510853,2023-11-06,2023-11-06,On-time
610854,510854,2024-01-12,\N,\N
610855,510855,2023-09-17,2023-09-17,On-time
610856,510856,2023-08-17,2023-08-18,On-time
610857,510857,2024-02-28,2024-03-05,Delayed
610858,510858,2023-08-09,2023-08-09,On-time
610859,510859,2023-10-06,2023-10-12,Delayed
610860,510860,2023-11-25,2023-11-27,Delayed
610861,510861,2024-02-29,2024-03-02,Delayed
610862,510862,2024-06-14,2024-06-15,On-time
610863,510863,2024-07-05,2024-07-05,On-time
610864,510864,2023-10-08,2023-10-09,On-time
610865,510865,2024-03-20,\N,\N
610866,510866,2024-02-21,2024-02-20,On-time
610867,510867,2024-06-05,2024-06-09,Delayed
610868,510868,2024-08-30,2024-08-31,On-time
610869,510869,2023-11-21,2023-11-20,On-time
610870,510870,2023-12-06,\N,\N
610871,510871,2024-02-10,\N,Failed
610872,510872,2023-10-16,2023-10-17,On-time
610873,510873,2024-03-26,2024-03-25,On-time
610874,510874,2024-02-28,2024-02-28,On-time
610875,510875,2024-04-04,2024-04-03,On-time
610876,510876,2024-03-15,2024-03-18,Delayed
610877,510877,2024-06-13,2024-06-18,Delayed
610878,510878,2023-09-28,\N,Failed
610879,510879,2024-08-19,2024-08-18,On-time
610880,510880,2024-01-17,2024-01-18,On-time
610881,510881,2024-08-07,2024-08-06,On-time
610882,510882,2023-09-01,2023-09-02,On-time
610883,510883,2023-06-10,2023-06-09,On-time
610884,510884,2023-06-26,2023-07-02,Delayed
610885,510885,2024-02-17,\N,Failed
610886,510886,2023-06-17,2023-06-17,On-time
610887,510887,2023-11-26,2023-11-26,On-time
610888,510888,2024-06-15,2024-06-16,On-time
610889,510889,2023-09-01,2023-08-31,On-time
610890,510890,2024-06-29,2024-06-29,On-time
610891,510891,2024-02-19,\N,\N
610892,510892,2024-09-20,2024-09-19,On-time
610893,510893,2024-08-29,2024-08-30,On-time
610894,510894,2023-10-29,2023-10-28,On-time
610895,510895,2023-06-18,2023-06-20,Delayed
610896,510896,2023-10-14,2023-10-13,On-time
610897,510897,2024-03-06,2024-03-06,On-time
610898,510898,2024-04-16,2024-04-17,On-time
610899,510899,2023-12-26,2023-12-26,On-time
610900,510900,2023-07-25,2023-07-26,On-time
610901,510901,2024-05-31,2024-06-04,Delayed
610902,510902,2024-02-27,2024-02-28,On-time
610903,510903,2023-09-08,2023-09-07,On-time
610904,510904,2023-07-20,2023-07-20,On-time
610905,510905,2024-09-17,2024-09-18,On-time
610906,510906,2023-10-19,2023-10-19,On-time
610907,510907,2023-10-23,2023-10-22,On-time
610908,510908,2024-08-20,2024-08-20,On-time
610909,510909,2023-07-11,2023-07-10,On-time
610910,510910,2024-09-29,2024-09-29,On-time
610911,510911,2023-06-11,2023-06-10,On-time
610912,510912,2024-07-21,2024-07-21,On-time
610913,510913,2024-09-25,2024-09-27,Delayed
610914,510914,2024-05-21,2024-05-20,On-time
610915,510915,2024-07-13,2024-07-18,Delayed
610916,510916,2023-09-25,2023-09-26,On-time
610917,510917,2023-11-05,\N,Failed
610918,510918,2024-01-30,2024-02-02,Delayed
610919,510919,2024-04-06,2024-04-09,Delayed
610920,510920,2024-06-14,2024-06-15,On-time
610921,510921,2024-08-21,2024-08-20,On-time
610922,510922,2023-07-30,\N,Failed
610923,510923,2024-03-18,2024-03-18,On-time
610924,510924,2024-04-18,2024-04-17,On-time
610925,510925,2024-07-09,2024-07-10,On-time
610926,510926,2024-08-09,2024-08-10,On-time
610927,510927,2024-09-23,2024-09-24,On-time
610928,510928,2024-08-20,2024-08-20,On-time
610929,510929,2024-06-05,2024-06-11,Delayed
610930,510930,2023-07-26,2023-07-26,On-time
610931,510931,2024-04-10,2024-04-10,On-time
610932,510932,2024-03-01,\N,\N
610933,510933,2024-03-12,2024-03-13,On-time
610934,510934,2023-06-14,2023-06-18,Delayed
610935,510935,2024-06-10,2024-06-13,Delayed
610936,510936,2023-08-09,2023-08-10,On-time
610937,510937,2024-06-08,2024-06-08,On-time
610938,510938,2024-03-02,2024-03-04,Delayed
610939,510939,2023-07-24,2023-07-26,Delayed
610940,510940,2024-05-24,2024-05-25,On-time
610941,510941,2024-10-07,2024-10-08,On-time
610942,510942,2024-03-13,2024-03-14,On-time
610943,510943,2023-11-15,2023-11-15,On-time
610944,510944,2024-03-04,\N,\N
610945,510945,2024-03-10,\N,Failed
610946,510946,2023-09-07,2023-09-13,Delayed
610947,510947,2024-07-17,\N,Failed
610948,510948,2024-09-18,2024-09-19,On-time
610949,510949,2024-07-28,\N,Failed
610950,510950,2024-01-08,2024-01-09,On-time
610951,510951,2024-05-27,2024-05-26,On-time
610952,510952,2023-09-14,2023-09-13,On-time
610953,510953,2023-10-01,2023-09-30,On-time
610954,510954,2023-11-16,2023-11-16,On-time
610955,510955,2024-03-16,2024-03-15,On-time
610956,510956,2023-08-12,2023-08-11,On-time
610957,510957,2023-09-11,2023-09-10,On-time
610958,510958,2024-09-02,2024-09-02,On-time
610959,510959,2023-12-30,2023-12-29,On-time
610960,510960,2024-03-26,2024-03-26,On-time
610961,510961,2024-04-09,2024-04-10,On-time
610962,510962,2023-12-22,2023-12-22,On-time
610963,510963,2024-02-29,2024-02-28,On-time
610964,510964,2024-06-02,2024-06-02,On-time
610965,510965,2024-02-06,2024-02-05,On-time
610966,510966,2023-11-17,2023-11-18,On-time
610967,510967,2023-11-05,2023-11-06,On-time
610968,510968,2024-05-10,2024-05-10,On-time
610969,510969,2024-07-06,2024-07-05,On-time
610970,510970,2024-09-11,2024-09-12,On-time
610971,510971,2023-06-14,\N,\N
610972,510972,2023-09-22,2023-09-23,On-time
610973,510973,2024-02-03,2024-02-02,On-time
610974,510974,2023-07-17,2023-07-18,On-time
610975,510975,2024-02-17,\N,Failed
610976,510976,2023-07-01,\N,Failed
610977,510977,2023-08-05,\N,Failed
610978,510978,2024-06-06,2024-06-12,Delayed
610979,510979,2024-02-13,2024-02-13,On-time
610980,510980,2024-01-11,\N,Failed
610981,510981,2024-03-29,2024-03-28,On-time
610982,510982,2024-02-19,2024-02-20,On-time
610983,510983,2024-03-26,\N,Failed
610984,510984,2024-07-26,2024-07-27,On-time
610985,510985,2024-05-18,2024-05-17,On-time
610986,510986,2023-12-08,\N,\N
610987,510987,2023-10-29,2023-10-28,On-time
610988,510988,2024-07-29,2024-07-28,On-time
610989,510989,2023-12-31,2024-01-04,Delayed
610990,510990,2023-08-27,2023-08-28,On-time
610991,510991,2024-07-17,2024-07-16,On-time
610992,510992,2023-09-20,2023-09-25,Delayed
610993,510993,2024-05-08,2024-05-08,On-time
610994,510994,2024-06-05,2024-06-09,Delayed
610995,510995,2023-11-12,2023-11-13,On-time
610996,510996,2024-07-12,2024-07-13,On-time
610997,510997,2024-08-10,2024-08-09,On-time
610998,510998,2023-12-18,\N,\N
610999,510999,2024-10-01,2024-10-02,On-time
611000,511000,2023-11-07,2023-11-06,On-time
611001,511001,2023-11-30,2023-12-05,Delayed
611002,511002,2023-07-17,\N,Failed
611003,511003,2023-10-18,2023-10-17,On-time
611004,511004,2024-01-19,2024-01-19,On-time
611005,511005,2023-12-04,2023-12-04,On-time
611006,511006,2024-02-23,2024-02-27,Delayed
611007,511007,2024-07-17,2024-07-16,On-time
611008,511008,2024-03-14,2024-03-16,Delayed
611009,511009,2024-03-07,2024-03-07,On-time
611010,511010,2024-02-22,\N,Failed
611011,511011,2023-12-14,2023-12-14,On-time
611012,511012,2023-08-16,2023-08-15,On-time
611013,511013,2023-12-11,2023-12-12,On-time
611014,511014,2024-09-08,2024-09-08,On-time
611015,511015,2023-07-10,2023-07-11,On-time
611016,511016,2024-04-30,\N,\N
611017,511017,2024-07-08,\N,\N
611018,511018,2023-06-27,2023-06-26,On-time
611019,511019,2023-06-17,2023-06-16,On-time
611020,511020,2024-03-08,2024-03-08,On-time
611021,511021,2024-03-10,2024-03-11,On-time
611022,511022,2024-03-01,2024-03-01,On-time
611023,511023,2024-06-15,2024-06-19,Delayed
611024,511024,2024-09-19,2024-09-20,On-time
611025,511025,2024-09-14,2024-09-13,On-time
611026,511026,2024-09-08,\N,\N
611027,511027,2023-11-02,2023-11-02,On-time
611028,511028,2024-04-28,2024-04-28,On-time
611029,511029,2024-07-08,2024-07-09,On-time
611030,511030,2023-07-04,\N,Failed
611031,511031,2024-01-18,2024-01-19,On-time
611032,511032,2024-03-11,2024-03-11,On-time
611033,511033,2023-12-10,2023-12-09,On-time
611034,511034,2023-12-10,2023-12-09,On-time
611035,511035,2023-11-25,2023-11-26,On-time
611036,511036,2024-09-08,\N,Failed
611037,511037,2024-07-16,2024-07-16,On-time
611038,511038,2024-05-18,2024-05-19,On-time
611039,511039,2024-01-28,\N,Failed
611040,511040,2024-04-04,2024-04-03,On-time
611041,511041,2023-07-14,2023-07-18,Delayed
611042,511042,2024-08-24,2024-08-25,On-time
611043,511043,2024-03-26,2024-03-25,On-time
611044,511044,2024-09-05,\N,Failed
611045,511045,2024-09-01,2024-08-31,On-time
611046,511046,2023-07-16,2023-07-15,On-time
611047,511047,2023-08-03,2023-08-04,On-time
611048,511048,2023-08-01,2023-08-02,On-time
611049,511049,2024-09-26,2024-09-26,On-time
611050,511050,2023-11-15,2023-11-15,On-time
611051,511051,2024-07-29,2024-07-30,On-time
611052,511052,2024-04-28,2024-05-02,Delayed
611053,511053,2024-05-19,2024-05-22,Delayed
611054,511054,2024-06-20,2024-06-21,On-time
611055,511055,2024-07-23,2024-07-22,On-time
611056,511056,2024-09-07,2024-09-07,On-time
611057,511057,2023-10-17,2023-10-18,On-time
611058,511058,2023-10-20,2023-10-19,On-time
611059,511059,2024-06-26,\N,Failed
611060,511060,2023-12-17,2023-12-18,On-time
611061,511061,2023-07-23,2023-07-29,Delayed
611062,511062,2024-04-16,2024-04-19,Delayed
611063,511063,2024-08-16,2024-08-16,On-time
611064,511064,2024-06-14,2024-06-14,On-time
611065,511065,2024-07-21,2024-07-20,On-time
611066,511066,2024-03-23,2024-03-22,On-time
611067,511067,2024-09-20,\N,Failed
611068,511068,2024-06-05,2024-06-11,Delayed
611069,511069,2024-01-09,2024-01-15,Delayed
611070,511070,2023-09-01,\N,\N
611071,511071,2023-08-25,2023-08-25,On-time
611072,511072,2023-06-15,2023-06-14,On-time
611073,511073,2023-07-23,2023-07-24,On-time
611074,511074,2023-08-29,\N,\N
611075,511075,2023-10-29,\N,Failed
611076,511076,2024-01-11,2024-01-10,On-time
611077,511077,2024-05-17,2024-05-18,On-time
611078,511078,2024-07-31,2024-08-02,Delayed
611079,511079,2024-04-12,2024-04-12,On-time
611080,511080,2023-12-26,\N,\N
611081,511081,2023-11-11,2023-11-12,On-time
611082,511082,2023-12-29,2023-12-31,Delayed
611083,511083,2024-02-29,2024-02-29,On-time
611084,511084,2024-05-08,2024-05-07,On-time
611085,511085,2024-02-26,2024-02-26,On-time
611086,511086,2023-11-14,2023-11-14,On-time
611087,511087,2024-03-14,2024-03-14,On-time
611088,511088,2023-10-06,2023-10-11,Delayed
611089,511089,2024-02-05,2024-02-04,On-time
611090,511090,2023-10-09,2023-10-08,On-time
611091,511091,2024-02-18,2024-02-20,Delayed
611092,511092,2024-04-20,2024-04-20,On-time
611093,511093,2023-11-15,2023-11-17,Delayed
611094,511094,2024-03-05,\N,\N
611095,511095,2024-06-04,\N,Failed
611096,511096,2024-01-07,2024-01-08,On-time
611097,511097,2023-12-28,2024-01-02,Delayed
611098,511098,2024-03-26,2024-03-25,On-time
611099,511099,2024-08-03,2024-08-03,On-time
611100,511100,2023-06-24,2023-06-27,Delayed
611101,511101,2023-12-23,2023-12-22,On-time
611102,511102,2024-01-09,2024-01-09,On-time
611103,511103,2023-12-30,\N,\N
611104,511104,2023-12-26,2023-12-26,On-time
611105,511105,2023-10-29,2023-11-01,Delayed
611106,511106,2023-08-06,2023-08-08,Delayed
611107,511107,2023-09-10,2023-09-10,On-time
611108,511108,2024-05-27,2024-05-27,On-time
611109,511109,2024-02-13,2024-02-12,On-time
611110,511110,2023-09-10,2023-09-09,On-time
611111,511111,2023-07-12,2023-07-15,Delayed
611112,511112,2023-10-19,2023-10-19,On-time
611113,511113,2024-07-31,2024-08-06,Delayed
611114,511114,2024-04-03,\N,Failed
611115,511115,2023-12-02,2023-12-02,On-time
611116,511116,2023-10-27,\N,Failed
611117,511117,2024-09-16,2024-09-17,On-time
611118,511118,2024-02-04,2024-02-04,On-time
611119,511119,2024-01-16,2024-01-16,On-time
611120,511120,2024-02-25,\N,\N
611121,511121,2024-08-31,2024-08-31,On-time
611122,511122,2024-09-18,2024-09-17,On-time
611123,511123,2024-08-11,2024-08-13,Delayed
611124,511124,2023-11-28,2023-11-29,On-time
611125,511125,2023-10-21,2023-10-22,On-time
611126,511126,2024-08-31,2024-08-30,On-time
611127,511127,2024-01-29,2024-01-30,On-time
611128,511128,2023-11-20,2023-11-23,Delayed
611129,511129,2024-04-07,2024-04-09,Delayed
611130,511130,2024-05-12,2024-05-13,On-time
611131,511131,2024-06-04,2024-06-03,On-time
611132,511132,2023-12-08,2023-12-07,On-time
611133,511133,2024-01-12,2024-01-12,On-time
611134,511134,2023-10-02,\N,Failed
611135,511135,2024-09-19,2024-09-21,Delayed
611136,511136,2024-06-22,2024-06-22,On-time
611137,511137,2024-09-14,2024-09-17,Delayed
611138,511138,2023-11-10,\N,Failed
611139,511139,2023-10-05,2023-10-05,On-time
611140,511140,2023-07-16,2023-07-15,On-time
611141,511141,2023-10-06,2023-10-08,Delayed
611142,511142,2023-12-30,2024-01-05,Delayed
611143,511143,2024-08-12,\N,\N
611144,511144,2023-11-11,2023-11-11,On-time
611145,511145,2023-08-07,2023-08-06,On-time
611146,511146,2024-01-20,2024-01-21,On-time
611147,511147,2024-02-27,2024-02-27,On-time
611148,511148,2024-07-17,\N,\N
611149,511149,2023-06-24,2023-06-26,Delayed
611150,511150,2024-05-22,2024-05-23,On-time
611151,511151,2023-11-07,2023-11-06,On-time
611152,511152,2023-10-01,2023-10-02,On-time
611153,511153,2024-01-09,2024-01-08,On-time
611154,511154,2024-07-05,2024-07-06,On-time
611155,511155,2024-04-17,2024-04-16,On-time
611156,511156,2024-03-30,2024-03-30,On-time
611157,511157,2024-06-24,\N,\N
611158,511158,2024-02-23,2024-02-27,Delayed
611159,511159,2023-06-09,2023-06-10,On-time
611160,511160,2024-04-02,2024-04-01,On-time
611161,511161,2024-09-19,2024-09-19,On-time
611162,511162,2024-03-26,2024-03-25,On-time
611163,511163,2024-04-28,\N,\N
611164,511164,2023-07-28,2023-07-28,On-time
611165,511165,2023-09-10,2023-09-11,On-time
611166,511166,2024-03-20,2024-03-19,On-time
611167,511167,2024-02-27,2024-03-04,Delayed
611168,511168,2024-07-21,2024-07-20,On-time
611169,511169,2023-09-28,2023-09-29,On-time
611170,511170,2023-12-30,2023-12-30,On-time
611171,511171,2024-07-29,2024-07-28,On-time
611172,511172,2024-06-08,2024-06-07,On-time
611173,511173,2023-12-23,2023-12-26,Delayed
611174,511174,2024-07-28,2024-07-27,On-time
611175,511175,2023-06-15,2023-06-16,On-time
611176,511176,2023-09-03,2023-09-02,On-time
611177,511177,2023-08-02,2023-08-02,On-time
611178,511178,2024-10-01,2024-10-02,On-time
611179,511179,2024-01-01,2024-01-02,On-time
611180,511180,2024-01-24,\N,Failed
611181,511181,2024-04-10,2024-04-14,Delayed
611182,511182,2024-08-24,2024-08-24,On-time
611183,511183,2024-06-22,2024-06-21,On-time
611184,511184,2024-01-03,2024-01-08,Delayed
611185,511185,2024-02-23,2024-02-28,Delayed
611186,511186,2023-11-13,2023-11-12,On-time
611187,511187,2024-02-25,2024-02-24,On-time
611188,511188,2024-02-20,2024-02-20,On-time
611189,511189,2024-08-18,2024-08-18,On-time
611190,511190,2024-08-14,2024-08-18,Delayed
611191,511191,2023-06-06,2023-06-06,On-time
611192,511192,2023-11-30,\N,\N
611193,511193,2024-08-22,2024-08-23,On-time
611194,511194,2024-04-02,2024-04-07,Delayed
611195,511195,2023-10-06,2023-10-06,On-time
611196,511196,2024-09-23,2024-09-22,On-time
611197,511197,2024-01-28,2024-02-03,Delayed
611198,511198,2023-08-01,2023-08-05,Delayed
611199,511199,2023-10-17,2023-10-18,On-time
611200,511200,2024-02-02,2024-02-05,Delayed
611201,511201,2024-05-09,2024-05-09,On-time
611202,511202,2023-11-03,2023-11-04,On-time
611203,511203,2023-12-18,2023-12-17,On-time
611204,511204,2023-11-05,2023-11-06,On-time
611205,511205,2024-07-26,2024-07-29,Delayed
611206,511206,2023-12-15,2023-12-16,On-time
611207,511207,2023-12-25,2023-12-24,On-time
611208,511208,2024-07-11,2024-07-10,On-time
611209,511209,2024-08-31,2024-09-01,On-time
611210,511210,2023-12-17,2023-12-21,Delayed
611211,511211,2024-08-17,2024-08-17,On-time
611212,511212,2023-11-11,2023-11-13,Delayed
611213,511213,2023-07-22,2023-07-23,On-time
611214,511214,2023-08-31,2023-08-30,On-time
611215,511215,2023-08-26,2023-08-26,On-time
611216,511216,2024-09-01,2024-09-07,Delayed
611217,511217,2023-10-16,2023-10-15,On-time
611218,511218,2024-02-07,2024-02-06,On-time
611219,511219,2024-02-23,2024-02-22,On-time
611220,511220,2024-07-29,2024-07-29,On-time
611221,511221,2023-10-10,2023-10-11,On-time
611222,511222,2024-01-02,2024-01-04,Delayed
611223,511223,2024-04-09,2024-04-10,On-time
611224,511224,2024-05-05,2024-05-05,On-time
611225,511225,2024-08-25,2024-08-28,Delayed
611226,511226,2024-03-12,2024-03-11,On-time
611227,511227,2024-01-16,2024-01-21,Delayed
611228,511228,2023-12-21,\N,\N
611229,511229,2024-08-19,2024-08-25,Delayed
611230,511230,2024-08-12,2024-08-17,Delayed
611231,511231,2024-07-21,2024-07-20,On-time
611232,511232,2023-12-04,2023-12-08,Delayed
611233,511233,2024-07-08,2024-07-09,On-time
611234,511234,2023-12-15,2023-12-14,On-time
611235,511235,2023-10-23,2023-10-23,On-time
611236,511236,2023-10-16,2023-10-21,Delayed
611237,511237,2024-04-21,2024-04-20,On-time
611238,511238,2023-11-16,2023-11-15,On-time
611239,511239,2023-10-12,2023-10-16,Delayed
611240,511240,2023-07-18,2023-07-23,Delayed
611241,511241,2024-08-23,2024-08-23,On-time
611242,511242,2023-11-23,2023-11-23,On-time
611243,511243,2024-02-03,2024-02-02,On-time
611244,511244,2023-10-31,2023-10-30,On-time
611245,511245,2023-10-25,2023-10-24,On-time
611246,511246,2024-08-16,2024-08-16,On-time
611247,511247,2024-06-09,2024-06-09,On-time
611248,511248,2023-09-21,2023-09-27,Delayed
611249,511249,2023-10-02,2023-10-01,On-time
611250,511250,2024-01-23,2024-01-24,On-time
611251,511251,2024-02-05,\N,Failed
611252,511252,2024-08-07,2024-08-06,On-time
611253,511253,2023-06-03,2023-06-08,Delayed
611254,511254,2024-07-15,2024-07-14,On-time
611255,511255,2024-08-07,2024-08-06,On-time
611256,511256,2024-10-01,2024-10-04,Delayed
611257,511257,2024-02-10,2024-02-11,On-time
611258,511258,2023-08-02,\N,\N
611259,511259,2024-06-07,\N,\N
611260,511260,2024-03-03,2024-03-03,On-time
611261,511261,2024-09-16,2024-09-16,On-time
611262,511262,2024-07-06,2024-07-12,Delayed
611263,511263,2023-08-30,2023-08-29,On-time
611264,511264,2024-03-12,2024-03-18,Delayed
611265,511265,2024-09-20,2024-09-20,On-time
611266,511266,2024-06-24,2024-06-24,On-time
611267,511267,2024-08-16,2024-08-21,Delayed
611268,511268,2023-12-10,2023-12-14,Delayed
611269,511269,2023-10-04,2023-10-08,Delayed
611270,511270,2024-06-19,2024-06-18,On-time
611271,511271,2023-09-07,2023-09-07,On-time
611272,511272,2023-09-21,2023-09-21,On-time
611273,511273,2023-07-04,2023-07-04,On-time
611274,511274,2024-07-02,2024-07-02,On-time
611275,511275,2024-07-04,2024-07-09,Delayed
611276,511276,2023-08-11,2023-08-10,On-time
611277,511277,2023-06-12,\N,Failed
611278,511278,2024-05-25,2024-05-30,Delayed
611279,511279,2023-10-19,\N,Failed
611280,511280,2024-03-03,2024-03-02,On-time
611281,511281,2024-04-13,2024-04-13,On-time
611282,511282,2024-06-04,\N,Failed
611283,511283,2023-12-27,2023-12-27,On-time
611284,511284,2024-01-12,2024-01-12,On-time
611285,511285,2024-01-11,2024-01-11,On-time
611286,511286,2024-08-03,2024-08-03,On-time
611287,511287,2023-11-11,\N,Failed
611288,511288,2024-09-11,2024-09-12,On-time
611289,511289,2024-03-05,2024-03-06,On-time
611290,511290,2024-02-21,2024-02-24,Delayed
611291,511291,2024-01-26,2024-01-26,On-time
611292,511292,2023-12-31,2023-12-30,On-time
611293,511293,2024-05-01,2024-05-02,On-time
611294,511294,2024-01-10,2024-01-10,On-time
611295,511295,2024-04-07,2024-04-06,On-time
611296,511296,2023-07-13,2023-07-14,On-time
611297,511297,2023-11-25,2023-11-24,On-time
611298,511298,2024-01-08,2024-01-08,On-time
611299,511299,2024-02-12,\N,Failed
611300,511300,2023-09-30,2023-09-30,On-time
611301,511301,2023-07-23,\N,\N
611302,511302,2024-06-23,2024-06-22,On-time
611303,511303,2024-02-02,2024-02-05,Delayed
611304,511304,2024-01-25,2024-01-29,Delayed
611305,511305,2023-09-19,2023-09-19,On-time
611306,511306,2024-09-15,2024-09-19,Delayed
611307,511307,2024-04-14,2024-04-15,On-time
611308,511308,2024-03-21,2024-03-20,On-time
611309,511309,2023-08-05,2023-08-05,On-time
611310,511310,2023-12-22,2023-12-28,Delayed
611311,511311,2024-04-09,2024-04-14,Delayed
611312,511312,2023-11-09,2023-11-11,Delayed
611313,511313,2023-08-25,2023-08-26,On-time
611314,511314,2023-09-06,2023-09-06,On-time
611315,511315,2024-05-24,2024-05-24,On-time
611316,511316,2024-09-01,2024-09-01,On-time
611317,511317,2024-09-04,\N,\N
611318,511318,2023-11-20,2023-11-20,On-time
611319,511319,2023-12-15,2023-12-15,On-time
611320,511320,2024-01-18,2024-01-20,Delayed
611321,511321,2023-07-04,2023-07-05,On-time
611322,511322,2023-07-13,2023-07-14,On-time
611323,511323,2024-05-21,2024-05-20,On-time
611324,511324,2024-03-26,2024-03-26,On-time
611325,511325,2023-12-17,2023-12-16,On-time
611326,511326,2024-07-27,2024-07-29,Delayed
611327,511327,2023-07-11,2023-07-13,Delayed
611328,511328,2023-11-13,2023-11-13,On-time
611329,511329,2024-06-06,2024-06-07,On-time
611330,511330,2023-08-07,2023-08-10,Delayed
611331,511331,2024-08-30,\N,\N
611332,511332,2024-08-23,2024-08-22,On-time
611333,511333,2024-02-12,\N,\N
611334,511334,2024-08-01,2024-08-01,On-time
611335,511335,2023-11-03,2023-11-04,On-time
611336,511336,2023-06-19,2023-06-18,On-time
611337,511337,2024-02-15,2024-02-15,On-time
611338,511338,2024-07-21,2024-07-20,On-time
611339,511339,2024-07-20,2024-07-23,Delayed
611340,511340,2024-03-09,2024-03-12,Delayed
611341,511341,2024-08-30,\N,Failed
611342,511342,2024-10-06,2024-10-09,Delayed
611343,511343,2024-02-24,2024-02-23,On-time
611344,511344,2024-08-24,2024-08-24,On-time
611345,511345,2023-08-08,2023-08-08,On-time
611346,511346,2023-08-02,2023-08-03,On-time
611347,511347,2023-07-14,2023-07-13,On-time
611348,511348,2024-04-11,\N,Failed
611349,511349,2024-03-31,2024-04-01,On-time
611350,511350,2024-08-19,\N,Failed
611351,511351,2024-06-10,2024-06-09,On-time
611352,511352,2024-08-26,2024-08-28,Delayed
611353,511353,2024-07-30,2024-07-29,On-time
611354,511354,2023-08-17,2023-08-18,On-time
611355,511355,2024-08-06,2024-08-11,Delayed
611356,511356,2024-05-13,2024-05-16,Delayed
611357,511357,2024-09-09,\N,\N
611358,511358,2023-07-29,2023-07-28,On-time
611359,511359,2023-07-27,2023-07-28,On-time
611360,511360,2023-09-23,2023-09-24,On-time
611361,511361,2023-10-07,\N,\N
611362,511362,2024-02-29,2024-02-29,On-time
611363,511363,2023-11-01,2023-11-05,Delayed
611364,511364,2024-09-27,\N,\N
611365,511365,2024-01-02,2024-01-03,On-time
611366,511366,2023-10-09,2023-10-10,On-time
611367,511367,2024-01-22,2024-01-21,On-time
611368,511368,2024-05-03,2024-05-06,Delayed
611369,511369,2024-04-30,2024-04-30,On-time
611370,511370,2023-10-08,2023-10-08,On-time
611371,511371,2024-08-22,2024-08-22,On-time
611372,511372,2024-08-12,2024-08-12,On-time
611373,511373,2023-11-24,2023-11-26,Delayed
611374,511374,2024-08-16,2024-08-20,Delayed
611375,511375,2023-08-13,2023-08-16,Delayed
611376,511376,2024-03-10,2024-03-09,On-time
611377,511377,2024-08-13,2024-08-12,On-time
611378,511378,2023-09-16,2023-09-17,On-time
611379,511379,2024-06-07,2024-06-06,On-time
611380,511380,2023-08-03,2023-08-04,On-time
611381,511381,2024-07-12,2024-07-17,Delayed
611382,511382,2023-12-10,2023-12-09,On-time
611383,511383,2024-04-04,2024-04-06,Delayed
611384,511384,2024-06-11,\N,Failed
611385,511385,2023-11-02,2023-11-01,On-time
611386,511386,2024-04-07,2024-04-07,On-time
611387,511387,2024-01-04,2024-01-03,On-time
611388,511388,2023-10-17,\N,\N
611389,511389,2024-06-20,2024-06-19,On-time
611390,511390,2024-03-31,2024-03-30,On-time
611391,511391,2024-05-04,\N,Failed
611392,511392,2023-06-30,\N,Failed
611393,511393,2023-07-06,2023-07-07,On-time
611394,511394,2023-09-10,\N,Failed
611395,511395,2024-08-30,2024-08-31,On-time
611396,511396,2023-10-28,2023-10-30,Delayed
611397,511397,2023-12-25,2023-12-26,On-time
611398,511398,2023-10-10,2023-10-12,Delayed
611399,511399,2023-10-30,2023-11-02,Delayed
611400,511400,2024-01-13,2024-01-12,On-time
611401,511401,2024-06-16,2024-06-17,On-time
611402,511402,2024-09-28,2024-09-27,On-time
611403,511403,2024-07-15,2024-07-21,Delayed
611404,511404,2024-02-13,2024-02-19,Delayed
611405,511405,2024-04-04,2024-04-05,On-time
611406,511406,2024-03-07,2024-03-08,On-time
611407,511407,2024-05-30,2024-05-29,On-time
611408,511408,2024-02-16,2024-02-16,On-time
611409,511409,2024-03-07,2024-03-08,On-time
611410,511410,2023-10-24,2023-10-23,On-time
611411,511411,2023-08-03,2023-08-03,On-time
611412,511412,2023-12-11,2023-12-10,On-time
611413,511413,2024-07-03,2024-07-04,On-time
611414,511414,2023-09-03,\N,Failed
611415,511415,2024-02-24,2024-02-24,On-time
611416,511416,2023-08-30,2023-08-30,On-time
611417,511417,2024-02-06,2024-02-05,On-time
611418,511418,2023-11-16,2023-11-17,On-time
611419,511419,2023-07-05,\N,\N
611420,511420,2023-11-05,2023-11-06,On-time
611421,511421,2023-11-22,2023-11-23,On-time
611422,511422,2023-10-01,2023-10-01,On-time
611423,511423,2024-03-14,\N,Failed
611424,511424,2024-03-09,2024-03-11,Delayed
611425,511425,2024-01-30,2024-01-30,On-time
611426,511426,2023-07-11,2023-07-12,On-time
611427,511427,2023-09-28,2023-09-29,On-time
611428,511428,2024-03-05,2024-03-06,On-time
611429,511429,2024-06-20,2024-06-21,On-time
611430,511430,2024-02-18,2024-02-17,On-time
611431,511431,2024-04-11,2024-04-10,On-time
611432,511432,2023-09-05,2023-09-05,On-time
611433,511433,2024-03-19,2024-03-18,On-time
611434,511434,2024-09-11,2024-09-16,Delayed
611435,511435,2023-10-20,2023-10-21,On-time
611436,511436,2024-09-04,2024-09-03,On-time
611437,511437,2024-09-23,2024-09-22,On-time
611438,511438,2024-04-28,2024-04-29,On-time
611439,511439,2024-07-01,\N,Failed
611440,511440,2024-02-25,2024-02-28,Delayed
611441,511441,2023-08-29,2023-09-04,Delayed
611442,511442,2023-11-14,2023-11-13,On-time
611443,511443,2023-07-06,2023-07-10,Delayed
611444,511444,2024-02-15,2024-02-21,Delayed
611445,511445,2023-12-27,2023-12-28,On-time
611446,511446,2024-07-08,2024-07-08,On-time
611447,511447,2023-08-16,2023-08-16,On-time
611448,511448,2023-10-30,2023-10-29,On-time
611449,511449,2024-07-29,2024-07-30,On-time
611450,511450,2023-10-31,\N,Failed
611451,511451,2024-09-30,2024-10-01,On-time
611452,511452,2024-03-20,2024-03-20,On-time
611453,511453,2023-10-09,2023-10-08,On-time
611454,511454,2023-10-31,2023-11-06,Delayed
611455,511455,2024-01-25,2024-01-26,On-time
611456,511456,2024-06-04,2024-06-03,On-time
611457,511457,2024-02-16,2024-02-17,On-time
611458,511458,2024-09-13,2024-09-15,Delayed
611459,511459,2023-10-29,2023-11-02,Delayed
611460,511460,2024-08-27,\N,Failed
611461,511461,2024-06-25,2024-06-24,On-time
611462,511462,2023-09-12,2023-09-12,On-time
611463,511463,2023-06-06,2023-06-09,Delayed
611464,511464,2024-04-10,2024-04-09,On-time
611465,511465,2023-10-19,2023-10-20,On-time
611466,511466,2024-04-08,2024-04-07,On-time
611467,511467,2023-12-05,2023-12-09,Delayed
611468,511468,2024-08-10,2024-08-14,Delayed
611469,511469,2024-04-29,2024-05-05,Delayed
611470,511470,2023-07-19,2023-07-20,On-time
611471,511471,2024-07-07,2024-07-08,On-time
611472,511472,2023-06-30,\N,Failed
611473,511473,2023-12-11,2023-12-12,On-time
611474,511474,2024-05-24,2024-05-23,On-time
611475,511475,2024-05-02,2024-05-08,Delayed
611476,511476,2024-03-22,2024-03-26,Delayed
611477,511477,2024-01-08,2024-01-07,On-time
611478,511478,2024-04-09,2024-04-08,On-time
611479,511479,2024-03-01,2024-03-01,On-time
611480,511480,2023-12-17,2023-12-17,On-time
611481,511481,2023-08-04,2023-08-04,On-time
611482,511482,2024-03-19,2024-03-22,Delayed
611483,511483,2023-09-02,2023-09-02,On-time
611484,511484,2024-09-27,2024-09-28,On-time
611485,511485,2023-09-14,2023-09-13,On-time
611486,511486,2024-07-11,2024-07-12,On-time
611487,511487,2024-07-11,2024-07-12,On-time
611488,511488,2024-05-31,\N,Failed
611489,511489,2023-10-30,2023-10-29,On-time
611490,511490,2023-08-08,2023-08-07,On-time
611491,511491,2023-08-25,\N,\N
611492,511492,2024-07-17,\N,Failed
611493,511493,2023-07-07,2023-07-13,Delayed
611494,511494,2024-01-23,2024-01-24,On-time
611495,511495,2024-05-08,2024-05-11,Delayed
611496,511496,2023-11-11,2023-11-12,On-time
611497,511497,2024-06-09,2024-06-12,Delayed
611498,511498,2023-12-18,\N,Failed
611499,511499,2024-05-25,2024-05-26,On-time
611500,511500,2023-11-05,2023-11-08,Delayed
611501,511501,2024-09-09,2024-09-12,Delayed
611502,511502,2024-05-24,2024-05-24,On-time
611503,511503,2023-11-15,2023-11-14,On-time
611504,511504,2024-06-04,2024-06-04,On-time
611505,511505,2023-12-18,2023-12-19,On-time
611506,511506,2023-12-22,2023-12-24,Delayed
611507,511507,2023-07-20,2023-07-20,On-time
611508,511508,2024-01-31,2024-01-31,On-time
611509,511509,2023-06-27,2023-06-27,On-time
611510,511510,2024-05-12,2024-05-11,On-time
611511,511511,2024-02-18,2024-02-17,On-time
611512,511512,2023-11-18,\N,Failed
611513,511513,2024-02-14,2024-02-13,On-time
611514,511514,2024-04-16,2024-04-15,On-time
611515,511515,2023-08-03,2023-08-04,On-time
611516,511516,2023-10-13,2023-10-13,On-time
611517,511517,2024-09-29,2024-09-28,On-time
611518,511518,2024-02-24,2024-02-24,On-time
611519,511519,2024-09-13,2024-09-13,On-time
611520,511520,2024-04-04,2024-04-03,On-time
611521,511521,2023-10-18,2023-10-17,On-time
611522,511522,2023-10-15,2023-10-16,On-time
611523,511523,2024-01-30,2024-01-31,On-time
611524,511524,2023-12-17,2023-12-17,On-time
611525,511525,2024-02-14,2024-02-18,Delayed
611526,511526,2024-08-28,2024-08-29,On-time
611527,511527,2024-03-25,2024-03-24,On-time
611528,511528,2024-07-22,\N,Failed
611529,511529,2024-09-16,\N,\N
611530,511530,2023-06-21,2023-06-20,On-time
611531,511531,2024-07-11,\N,Failed
611532,511532,2024-04-03,2024-04-02,On-time
611533,511533,2024-09-23,\N,\N
611534,511534,2024-05-27,\N,Failed
611535,511535,2023-08-20,2023-08-26,Delayed
611536,511536,2024-10-02,2024-10-07,Delayed
611537,511537,2024-01-02,2024-01-02,On-time
611538,511538,2023-12-31,2023-12-31,On-time
611539,511539,2024-01-25,2024-01-27,Delayed
611540,511540,2023-10-12,2023-10-12,On-time
611541,511541,2023-12-09,2023-12-08,On-time
611542,511542,2024-05-03,\N,Failed
611543,511543,2024-09-18,2024-09-17,On-time
611544,511544,2024-06-25,2024-06-24,On-time
611545,511545,2024-04-24,2024-04-25,On-time
611546,511546,2024-06-10,2024-06-11,On-time
611547,511547,2024-01-02,2024-01-03,On-time
611548,511548,2024-04-07,2024-04-06,On-time
611549,511549,2023-10-22,2023-10-22,On-time
611550,511550,2024-06-14,\N,Failed
611551,511551,2024-07-26,\N,Failed
611552,511552,2023-09-30,\N,Failed
611553,511553,2024-06-12,2024-06-15,Delayed
611554,511554,2023-06-09,2023-06-09,On-time
611555,511555,2024-08-24,2024-08-24,On-time
611556,511556,2023-06-19,2023-06-23,Delayed
611557,511557,2023-08-03,2023-08-04,On-time
611558,511558,2023-09-17,2023-09-20,Delayed
611559,511559,2023-12-23,2023-12-23,On-time
611560,511560,2024-03-02,\N,\N
611561,511561,2024-02-03,\N,\N
611562,511562,2024-04-21,2024-04-20,On-time
611563,511563,2023-12-16,\N,\N
611564,511564,2024-04-28,2024-04-27,On-time
611565,511565,2024-03-20,2024-03-19,On-time
611566,511566,2024-04-07,2024-04-08,On-time
611567,511567,2023-11-15,2023-11-15,On-time
611568,511568,2023-12-23,2023-12-23,On-time
611569,511569,2024-05-18,2024-05-19,On-time
611570,511570,2024-01-31,2024-01-31,On-time
611571,511571,2023-11-22,2023-11-23,On-time
611572,511572,2024-02-01,2024-02-02,On-time
611573,511573,2023-06-23,2023-06-22,On-time
611574,511574,2024-02-27,2024-02-27,On-time
611575,511575,2024-06-17,2024-06-18,On-time
611576,511576,2023-08-03,2023-08-04,On-time
611577,511577,2023-07-26,2023-07-25,On-time
611578,511578,2024-06-09,2024-06-09,On-time
611579,511579,2024-03-26,2024-03-25,On-time
611580,511580,2024-03-15,2024-03-15,On-time
611581,511581,2023-09-14,2023-09-13,On-time
611582,511582,2023-08-08,2023-08-14,Delayed
611583,511583,2024-02-28,2024-02-29,On-time
611584,511584,2024-05-25,2024-05-27,Delayed
611585,511585,2023-07-25,\N,Failed
611586,511586,2023-12-14,2023-12-13,On-time
611587,511587,2024-03-01,2024-03-01,On-time
611588,511588,2023-10-10,2023-10-09,On-time
611589,511589,2024-01-21,2024-01-22,On-time
611590,511590,2024-07-01,2024-07-02,On-time
611591,511591,2024-03-17,2024-03-17,On-time
611592,511592,2023-11-23,2023-11-24,On-time
611593,511593,2024-03-02,2024-03-07,Delayed
611594,511594,2023-11-04,2023-11-04,On-time
611595,511595,2024-10-04,2024-10-06,Delayed
611596,511596,2024-09-08,\N,\N
611597,511597,2024-07-28,2024-08-03,Delayed
611598,511598,2024-07-13,2024-07-12,On-time
611599,511599,2024-05-03,2024-05-03,On-time
611600,511600,2024-04-23,2024-04-27,Delayed
611601,511601,2024-07-11,2024-07-12,On-time
611602,511602,2024-07-12,2024-07-15,Delayed
611603,511603,2024-06-21,2024-06-21,On-time
611604,511604,2024-03-31,2024-04-01,On-time
611605,511605,2023-07-29,\N,Failed
611606,511606,2024-02-27,2024-03-03,Delayed
611607,511607,2024-05-11,2024-05-12,On-time
611608,511608,2023-10-22,2023-10-23,On-time
611609,511609,2024-02-24,2024-02-23,On-time
611610,511610,2024-07-16,2024-07-16,On-time
611611,511611,2024-05-10,2024-05-09,On-time
611612,511612,2024-02-29,2024-02-28,On-time
611613,511613,2024-08-29,\N,\N
611614,511614,2023-08-18,\N,Failed
611615,511615,2024-03-17,2024-03-23,Delayed
611616,511616,2023-11-27,2023-11-28,On-time
611617,511617,2024-09-28,\N,Failed
611618,511618,2023-08-08,2023-08-09,On-time
611619,511619,2024-01-19,2024-01-19,On-time
611620,511620,2023-06-09,2023-06-09,On-time
611621,511621,2024-10-02,2024-10-08,Delayed
611622,511622,2024-09-12,2024-09-11,On-time
611623,511623,2024-07-18,2024-07-18,On-time
611624,511624,2023-07-13,2023-07-12,On-time
611625,511625,2024-07-08,2024-07-11,Delayed
611626,511626,2023-09-04,2023-09-05,On-time
611627,511627,2024-01-27,2024-01-27,On-time
611628,511628,2024-01-25,\N,\N
611629,511629,2023-12-21,\N,Failed
611630,511630,2023-10-07,\N,\N
611631,511631,2024-08-23,2024-08-22,On-time
611632,511632,2024-06-29,2024-06-29,On-time
611633,511633,2024-01-06,2024-01-07,On-time
611634,511634,2024-05-17,2024-05-18,On-time
611635,511635,2023-12-05,2023-12-06,On-time
611636,511636,2024-04-23,2024-04-29,Delayed
611637,511637,2023-07-26,2023-07-27,On-time
611638,511638,2023-06-26,2023-06-25,On-time
611639,511639,2024-02-08,2024-02-09,On-time
611640,511640,2024-06-07,\N,Failed
611641,511641,2023-10-02,2023-10-03,On-time
611642,511642,2023-06-06,2023-06-08,Delayed
611643,511643,2023-12-24,2023-12-26,Delayed
611644,511644,2023-09-17,2023-09-17,On-time
611645,511645,2023-10-01,2023-10-03,Delayed
611646,511646,2024-10-04,2024-10-05,On-time
611647,511647,2023-06-25,2023-06-24,On-time
611648,511648,2023-12-16,2023-12-15,On-time
611649,511649,2023-08-03,\N,\N
611650,511650,2024-05-15,2024-05-16,On-time
611651,511651,2024-02-25,2024-02-26,On-time
611652,511652,2023-10-23,2023-10-22,On-time
611653,511653,2024-05-07,\N,\N
611654,511654,2024-08-05,2024-08-04,On-time
611655,511655,2024-08-14,2024-08-13,On-time
611656,511656,2024-02-18,2024-02-19,On-time
611657,511657,2024-09-13,2024-09-13,On-time
611658,511658,2023-12-09,2023-12-10,On-time
611659,511659,2023-10-28,\N,\N
611660,511660,2024-05-23,\N,Failed
611661,511661,2024-09-26,2024-09-25,On-time
611662,511662,2024-05-12,2024-05-13,On-time
611663,511663,2024-06-15,\N,\N
611664,511664,2024-03-14,2024-03-13,On-time
611665,511665,2023-08-25,\N,\N
611666,511666,2023-09-19,2023-09-19,On-time
611667,511667,2023-12-15,\N,Failed
611668,511668,2024-02-09,2024-02-08,On-time
611669,511669,2023-11-25,2023-11-24,On-time
611670,511670,2023-06-20,2023-06-20,On-time
611671,511671,2024-09-18,2024-09-17,On-time
611672,511672,2023-06-14,2023-06-14,On-time
611673,511673,2024-04-07,2024-04-07,On-time
611674,511674,2024-08-10,2024-08-10,On-time
611675,511675,2024-05-12,2024-05-12,On-time
611676,511676,2024-03-15,\N,Failed
611677,511677,2023-07-21,2023-07-22,On-time
611678,511678,2024-01-22,2024-01-21,On-time
611679,511679,2023-07-29,2023-07-28,On-time
611680,511680,2023-11-23,2023-11-28,Delayed
611681,511681,2024-07-21,2024-07-26,Delayed
611682,511682,2023-09-21,2023-09-21,On-time
611683,511683,2023-07-19,2023-07-20,On-time
611684,511684,2024-09-14,2024-09-13,On-time
611685,511685,2024-03-13,2024-03-12,On-time
611686,511686,2024-10-06,2024-10-11,Delayed
611687,511687,2024-02-11,2024-02-12,On-time
611688,511688,2023-08-16,2023-08-15,On-time
611689,511689,2023-12-09,2023-12-10,On-time
611690,511690,2024-05-30,\N,Failed
611691,511691,2023-09-25,2023-09-25,On-time
611692,511692,2024-05-14,2024-05-14,On-time
611693,511693,2023-10-14,2023-10-13,On-time
611694,511694,2024-01-12,2024-01-12,On-time
611695,511695,2024-06-02,\N,\N
611696,511696,2024-01-18,2024-01-21,Delayed
611697,511697,2024-07-04,2024-07-09,Delayed
611698,511698,2023-06-21,\N,Failed
611699,511699,2024-09-20,2024-09-21,On-time
611700,511700,2024-06-26,2024-06-25,On-time
611701,511701,2024-05-08,\N,Failed
611702,511702,2023-08-13,2023-08-13,On-time
611703,511703,2024-03-22,2024-03-23,On-time
611704,511704,2023-09-17,2023-09-19,Delayed
611705,511705,2023-06-16,2023-06-17,On-time
611706,511706,2024-01-03,2024-01-04,On-time
611707,511707,2024-02-18,2024-02-18,On-time
611708,511708,2023-10-08,2023-10-07,On-time
611709,511709,2024-07-18,2024-07-18,On-time
611710,511710,2024-05-27,2024-05-28,On-time
611711,511711,2024-02-22,2024-02-26,Delayed
611712,511712,2023-11-04,\N,\N
611713,511713,2024-06-07,2024-06-08,On-time
611714,511714,2024-01-15,2024-01-16,On-time
611715,511715,2024-02-24,2024-02-24,On-time
611716,511716,2024-02-08,\N,\N
611717,511717,2023-11-15,2023-11-17,Delayed
611718,511718,2024-02-12,2024-02-14,Delayed
611719,511719,2024-09-05,2024-09-07,Delayed
611720,511720,2024-02-19,2024-02-22,Delayed
611721,511721,2024-07-17,2024-07-17,On-time
611722,511722,2024-09-13,2024-09-12,On-time
611723,511723,2024-09-30,2024-10-01,On-time
611724,511724,2024-02-20,\N,Failed
611725,511725,2024-07-24,2024-07-23,On-time
611726,511726,2023-07-18,2023-07-18,On-time
611727,511727,2024-09-20,2024-09-24,Delayed
611728,511728,2023-11-05,\N,\N
611729,511729,2024-08-03,2024-08-03,On-time
611730,511730,2024-06-17,\N,Failed
611731,511731,2024-02-02,2024-02-02,On-time
611732,511732,2023-08-20,2023-08-20,On-time
611733,511733,2024-02-17,2024-02-17,On-time
611734,511734,2023-12-10,2023-12-11,On-time
611735,511735,2024-07-19,2024-07-19,On-time
611736,511736,2024-06-22,2024-06-22,On-time
611737,511737,2023-08-04,\N,\N
611738,511738,2024-06-30,2024-07-02,Delayed
611739,511739,2024-02-16,2024-02-17,On-time
611740,511740,2024-02-03,2024-02-02,On-time
611741,511741,2024-06-07,2024-06-10,Delayed
611742,511742,2024-08-14,2024-08-13,On-time
611743,511743,2024-09-29,2024-09-30,On-time
611744,511744,2023-07-03,2023-07-07,Delayed
611745,511745,2024-09-18,\N,\N
611746,511746,2024-09-25,2024-09-26,On-time
611747,511747,2023-08-06,2023-08-07,On-time
611748,511748,2024-08-16,2024-08-22,Delayed
611749,511749,2023-08-31,2023-08-31,On-time
611750,511750,2023-10-23,2023-10-27,Delayed
611751,511751,2024-09-15,\N,Failed
611752,511752,2024-08-11,2024-08-17,Delayed
611753,511753,2023-09-14,2023-09-13,On-time
611754,511754,2023-09-05,2023-09-05,On-time
611755,511755,2023-08-31,2023-09-01,On-time
611756,511756,2024-03-17,2024-03-16,On-time
611757,511757,2024-05-15,2024-05-15,On-time
611758,511758,2023-08-18,2023-08-17,On-time
611759,511759,2023-11-21,2023-11-21,On-time
611760,511760,2023-10-09,2023-10-10,On-time
611761,511761,2023-07-04,2023-07-04,On-time
611762,511762,2023-07-07,2023-07-07,On-time
611763,511763,2024-06-06,2024-06-07,On-time
611764,511764,2023-06-06,2023-06-05,On-time
611765,511765,2024-09-25,2024-09-30,Delayed
611766,511766,2024-01-22,2024-01-23,On-time
611767,511767,2023-12-07,2023-12-06,On-time
611768,511768,2024-05-01,\N,\N
611769,511769,2024-03-20,2024-03-19,On-time
611770,511770,2023-08-09,2023-08-15,Delayed
611771,511771,2023-10-17,2023-10-17,On-time
611772,511772,2023-11-24,2023-11-23,On-time
611773,511773,2024-04-06,2024-04-11,Delayed
611774,511774,2024-09-27,2024-09-26,On-time
611775,511775,2023-07-23,2023-07-23,On-time
611776,511776,2023-06-24,2023-06-25,On-time
611777,511777,2024-02-15,2024-02-14,On-time
611778,511778,2024-08-25,2024-08-24,On-time
611779,511779,2024-07-10,2024-07-11,On-time
611780,511780,2023-06-08,\N,\N
611781,511781,2024-07-05,\N,\N
611782,511782,2024-05-20,\N,Failed
611783,511783,2023-09-03,\N,Failed
611784,511784,2023-10-25,2023-10-24,On-time
611785,511785,2024-06-02,2024-06-05,Delayed
611786,511786,2024-02-02,2024-02-03,On-time
611787,511787,2024-07-28,2024-07-28,On-time
611788,511788,2024-02-28,2024-03-03,Delayed
611789,511789,2024-09-18,2024-09-19,On-time
611790,511790,2024-10-03,2024-10-02,On-time
611791,511791,2024-05-07,2024-05-06,On-time
611792,511792,2024-09-16,2024-09-17,On-time
611793,511793,2023-09-29,2023-10-01,Delayed
611794,511794,2023-06-22,2023-06-22,On-time
611795,511795,2024-04-28,2024-04-28,On-time
611796,511796,2024-01-11,2024-01-14,Delayed
611797,511797,2024-05-04,2024-05-03,On-time
611798,511798,2023-12-23,2023-12-22,On-time
611799,511799,2024-05-16,2024-05-16,On-time
611800,511800,2023-06-23,2023-06-24,On-time
611801,511801,2024-02-10,\N,\N
611802,511802,2023-12-23,2023-12-24,On-time
611803,511803,2024-08-13,2024-08-14,On-time
611804,511804,2024-03-01,2024-03-01,On-time
611805,511805,2024-04-30,\N,Failed
611806,511806,2023-07-18,\N,\N
611807,511807,2023-10-23,2023-10-24,On-time
611808,511808,2023-08-28,2023-08-28,On-time
611809,511809,2024-01-11,2024-01-16,Delayed
611810,511810,2024-02-04,2024-02-05,On-time
611811,511811,2023-11-20,2023-11-25,Delayed
611812,511812,2024-03-06,2024-03-06,On-time
611813,511813,2024-06-28,2024-06-28,On-time
611814,511814,2024-06-19,2024-06-19,On-time
611815,511815,2023-09-23,2023-09-24,On-time
611816,511816,2023-08-13,\N,\N
611817,511817,2023-08-22,2023-08-21,On-time
611818,511818,2023-10-13,2023-10-12,On-time
611819,511819,2023-06-16,2023-06-16,On-time
611820,511820,2023-11-19,2023-11-20,On-time
611821,511821,2024-05-22,2024-05-22,On-time
611822,511822,2023-08-23,2023-08-22,On-time
611823,511823,2023-08-14,2023-08-14,On-time
611824,511824,2023-12-05,2023-12-07,Delayed
611825,511825,2024-04-17,\N,Failed
611826,511826,2023-09-05,2023-09-10,Delayed
611827,511827,2024-01-26,2024-01-27,On-time
611828,511828,2024-07-25,2024-07-25,On-time
611829,511829,2023-09-02,2023-09-06,Delayed
611830,511830,2024-04-18,2024-04-17,On-time
611831,511831,2024-06-28,2024-06-27,On-time
611832,511832,2024-01-27,2024-01-26,On-time
611833,511833,2024-07-19,2024-07-22,Delayed
611834,511834,2024-07-10,2024-07-11,On-time
611835,511835,2024-03-13,2024-03-13,On-time
611836,511836,2024-01-04,2024-01-04,On-time
611837,511837,2024-09-02,2024-09-04,Delayed
611838,511838,2024-07-28,2024-07-31,Delayed
611839,511839,2024-09-11,2024-09-14,Delayed
611840,511840,2024-04-05,2024-04-04,On-time
611841,511841,2024-06-16,2024-06-18,Delayed
611842,511842,2023-10-20,2023-10-23,Delayed
611843,511843,2023-06-06,2023-06-10,Delayed
611844,511844,2023-08-07,\N,Failed
611845,511845,2024-04-21,\N,Failed
611846,511846,2023-09-28,2023-09-27,On-time
611847,511847,2024-08-17,2024-08-20,Delayed
611848,511848,2024-02-04,2024-02-10,Delayed
611849,511849,2024-04-14,\N,Failed
611850,511850,2024-06-10,2024-06-11,On-time
611851,511851,2023-06-06,2023-06-05,On-time
611852,511852,2023-09-18,2023-09-22,Delayed
611853,511853,2024-09-30,2024-10-05,Delayed
611854,511854,2024-07-18,\N,Failed
611855,511855,2024-04-29,2024-04-30,On-time
611856,511856,2024-05-08,2024-05-09,On-time
611857,511857,2024-04-07,2024-04-13,Delayed
611858,511858,2024-08-05,2024-08-04,On-time
611859,511859,2024-06-11,2024-06-12,On-time
611860,511860,2023-10-01,2023-10-02,On-time
611861,511861,2024-05-02,\N,\N
611862,511862,2023-12-04,2023-12-04,On-time
611863,511863,2024-03-08,2024-03-09,On-time
611864,511864,2024-06-03,2024-06-02,On-time
611865,511865,2024-01-19,2024-01-25,Delayed
611866,511866,2024-01-01,2023-12-31,On-time
611867,511867,2023-07-31,2023-07-31,On-time
611868,511868,2024-04-01,2024-03-31,On-time
611869,511869,2023-07-11,2023-07-12,On-time
611870,511870,2023-08-26,2023-08-28,Delayed
611871,511871,2024-06-26,2024-06-26,On-time
611872,511872,2023-11-22,2023-11-28,Delayed
611873,511873,2024-06-22,2024-06-21,On-time
611874,511874,2024-04-18,2024-04-17,On-time
611875,511875,2023-09-06,2023-09-07,On-time
611876,511876,2024-06-08,2024-06-08,On-time
611877,511877,2023-10-29,2023-10-28,On-time
611878,511878,2024-03-05,2024-03-06,On-time
611879,511879,2023-10-01,2023-09-30,On-time
611880,511880,2024-02-26,2024-02-26,On-time
611881,511881,2024-08-28,2024-08-30,Delayed
611882,511882,2024-06-21,2024-06-21,On-time
611883,511883,2023-08-21,2023-08-22,On-time
611884,511884,2024-04-03,2024-04-04,On-time
611885,511885,2024-09-03,2024-09-09,Delayed
611886,511886,2023-09-13,2023-09-16,Delayed
611887,511887,2023-06-07,2023-06-06,On-time
611888,511888,2024-05-14,2024-05-14,On-time
611889,511889,2023-06-10,2023-06-11,On-time
611890,511890,2024-04-30,2024-05-01,On-time
611891,511891,2023-09-10,2023-09-16,Delayed
611892,511892,2024-10-05,2024-10-04,On-time
611893,511893,2023-07-28,2023-07-29,On-time
611894,511894,2023-11-12,2023-11-12,On-time
611895,511895,2023-08-31,2023-09-01,On-time
611896,511896,2024-01-21,2024-01-22,On-time
611897,511897,2023-08-04,2023-08-03,On-time
611898,511898,2023-08-02,\N,\N
611899,511899,2024-02-07,2024-02-07,On-time
611900,511900,2024-08-18,\N,\N
611901,511901,2024-06-17,2024-06-20,Delayed
611902,511902,2024-04-13,2024-04-14,On-time
611903,511903,2024-02-11,2024-02-10,On-time
611904,511904,2023-10-14,\N,\N
611905,511905,2023-11-07,2023-11-06,On-time
611906,511906,2024-06-08,2024-06-12,Delayed
611907,511907,2024-05-29,2024-05-28,On-time
611908,511908,2024-05-06,\N,Failed
611909,511909,2023-11-03,2023-11-04,On-time
611910,511910,2023-08-01,2023-08-05,Delayed
611911,511911,2023-09-30,2023-10-01,On-time
611912,511912,2024-09-15,2024-09-19,Delayed
611913,511913,2024-04-25,2024-04-25,On-time
611914,511914,2023-12-30,\N,\N
611915,511915,2024-08-28,2024-09-02,Delayed
611916,511916,2024-05-09,2024-05-10,On-time
611917,511917,2023-12-13,2023-12-13,On-time
611918,511918,2023-07-29,2023-07-30,On-time
611919,511919,2023-10-05,2023-10-05,On-time
611920,511920,2024-09-19,2024-09-19,On-time
611921,511921,2023-07-09,2023-07-09,On-time
611922,511922,2024-03-25,2024-03-26,On-time
611923,511923,2023-11-12,2023-11-11,On-time
611924,511924,2023-06-15,2023-06-21,Delayed
611925,511925,2023-11-18,2023-11-17,On-time
611926,511926,2023-07-15,2023-07-18,Delayed
611927,511927,2024-02-26,2024-02-28,Delayed
611928,511928,2024-03-01,2024-03-02,On-time
611929,511929,2023-12-12,2023-12-12,On-time
611930,511930,2023-12-06,2023-12-07,On-time
611931,511931,2024-06-03,\N,\N
611932,511932,2024-04-12,2024-04-13,On-time
611933,511933,2024-02-27,2024-03-03,Delayed
611934,511934,2024-05-20,2024-05-19,On-time
611935,511935,2023-11-21,\N,\N
611936,511936,2024-03-10,\N,\N
611937,511937,2024-03-30,2024-04-02,Delayed
611938,511938,2024-09-08,2024-09-08,On-time
611939,511939,2024-04-11,2024-04-10,On-time
611940,511940,2023-06-26,2023-06-25,On-time
611941,511941,2024-04-27,2024-04-27,On-time
611942,511942,2024-02-10,2024-02-09,On-time
611943,511943,2024-05-19,2024-05-25,Delayed
611944,511944,2024-02-21,2024-02-24,Delayed
611945,511945,2023-11-25,2023-11-28,Delayed
611946,511946,2024-03-27,2024-03-27,On-time
611947,511947,2024-01-27,2024-01-27,On-time
611948,511948,2024-02-22,2024-02-22,On-time
611949,511949,2023-06-18,2023-06-19,On-time
611950,511950,2024-06-11,\N,Failed
611951,511951,2024-01-16,2024-01-17,On-time
611952,511952,2024-03-11,2024-03-16,Delayed
611953,511953,2024-03-14,\N,Failed
611954,511954,2023-10-27,2023-10-27,On-time
611955,511955,2024-09-25,2024-09-25,On-time
611956,511956,2023-10-16,\N,Failed
611957,511957,2023-10-17,2023-10-16,On-time
611958,511958,2023-12-13,2023-12-13,On-time
611959,511959,2024-01-07,2024-01-08,On-time
611960,511960,2023-10-30,2023-10-29,On-time
611961,511961,2024-05-29,2024-05-29,On-time
611962,511962,2024-10-06,2024-10-05,On-time
611963,511963,2023-11-07,2023-11-12,Delayed
611964,511964,2024-01-26,2024-01-25,On-time
611965,511965,2023-08-22,2023-08-24,Delayed
611966,511966,2023-06-09,2023-06-08,On-time
611967,511967,2024-04-04,2024-04-04,On-time
611968,511968,2023-08-05,\N,Failed
611969,511969,2024-07-03,\N,\N
611970,511970,2023-10-03,2023-10-04,On-time
611971,511971,2024-08-22,2024-08-23,On-time
611972,511972,2024-02-12,2024-02-13,On-time
611973,511973,2024-06-17,2024-06-16,On-time
611974,511974,2023-08-22,2023-08-23,On-time
611975,511975,2023-12-09,2023-12-08,On-time
611976,511976,2024-02-03,\N,\N
611977,511977,2024-07-15,2024-07-14,On-time
611978,511978,2024-07-05,2024-07-10,Delayed
611979,511979,2023-06-17,2023-06-16,On-time
611980,511980,2024-03-24,2024-03-28,Delayed
611981,511981,2023-10-27,2023-10-27,On-time
611982,511982,2023-10-21,2023-10-23,Delayed
611983,511983,2024-03-14,2024-03-20,Delayed
611984,511984,2024-02-06,2024-02-12,Delayed
611985,511985,2023-07-06,2023-07-12,Delayed
611986,511986,2024-07-01,2024-07-05,Delayed
611987,511987,2023-08-17,2023-08-16,On-time
611988,511988,2024-07-27,2024-07-27,On-time
611989,511989,2024-02-12,2024-02-12,On-time
611990,511990,2024-08-14,2024-08-18,Delayed
611991,511991,2024-06-29,2024-07-02,Delayed
611992,511992,2024-03-20,2024-03-21,On-time
611993,511993,2023-09-11,2023-09-16,Delayed
611994,511994,2024-08-23,2024-08-22,On-time
611995,511995,2024-07-10,2024-07-10,On-time
611996,511996,2024-05-08,\N,Failed
611997,511997,2024-04-13,\N,Failed
611998,511998,2024-08-05,2024-08-05,On-time
611999,511999,2024-08-18,2024-08-17,On-time
612000,512000,2023-12-20,2023-12-22,Delayed
612001,512001,2023-08-08,2023-08-08,On-time
612002,512002,2024-02-23,2024-02-22,On-time
612003,512003,2024-01-30,2024-01-30,On-time
612004,512004,2024-05-03,2024-05-09,Delayed
612005,512005,2023-07-21,2023-07-22,On-time
612006,512006,2024-09-13,2024-09-17,Delayed
612007,512007,2024-08-18,2024-08-17,On-time
612008,512008,2024-01-26,2024-01-25,On-time
612009,512009,2024-02-11,2024-02-10,On-time
612010,512010,2023-07-09,2023-07-08,On-time
612011,512011,2023-09-04,2023-09-05,On-time
612012,512012,2024-04-18,2024-04-23,Delayed
612013,512013,2024-08-15,2024-08-15,On-time
612014,512014,2023-08-18,2023-08-24,Delayed
612015,512015,2024-04-10,\N,Failed
612016,512016,2023-12-07,2023-12-07,On-time
612017,512017,2024-01-11,\N,\N
612018,512018,2024-02-22,\N,\N
612019,512019,2024-08-05,2024-08-05,On-time
612020,512020,2023-08-24,2023-08-25,On-time
612021,512021,2023-11-04,2023-11-04,On-time
612022,512022,2023-08-04,2023-08-06,Delayed
612023,512023,2024-04-08,2024-04-07,On-time
612024,512024,2024-06-06,2024-06-05,On-time
612025,512025,2023-07-06,2023-07-11,Delayed
612026,512026,2024-02-12,2024-02-11,On-time
612027,512027,2023-12-07,2023-12-09,Delayed
612028,512028,2023-08-02,2023-08-01,On-time
612029,512029,2023-09-22,2023-09-25,Delayed
612030,512030,2024-02-01,2024-02-01,On-time
612031,512031,2024-04-21,2024-04-20,On-time
612032,512032,2024-04-12,2024-04-13,On-time
612033,512033,2023-11-26,2023-11-25,On-time
612034,512034,2024-06-20,2024-06-21,On-time
612035,512035,2023-07-22,2023-07-24,Delayed
612036,512036,2023-07-31,2023-08-06,Delayed
612037,512037,2024-08-21,\N,Failed
612038,512038,2023-11-07,2023-11-12,Delayed
612039,512039,2024-08-27,2024-08-26,On-time
612040,512040,2024-08-14,2024-08-15,On-time
612041,512041,2024-05-27,\N,\N
612042,512042,2023-09-01,2023-09-02,On-time
612043,512043,2023-07-27,2023-07-26,On-time
612044,512044,2024-06-03,2024-06-03,On-time
612045,512045,2023-06-24,2023-06-25,On-time
612046,512046,2024-07-16,2024-07-20,Delayed
612047,512047,2023-12-17,2023-12-18,On-time
612048,512048,2024-05-14,\N,\N
612049,512049,2024-03-21,\N,Failed
612050,512050,2023-08-31,2023-09-06,Delayed
612051,512051,2024-06-11,2024-06-11,On-time
612052,512052,2024-01-26,2024-01-27,On-time
612053,512053,2023-10-28,2023-10-28,On-time
612054,512054,2024-04-19,\N,\N
612055,512055,2023-12-30,2024-01-03,Delayed
612056,512056,2023-10-16,2023-10-22,Delayed
612057,512057,2023-07-10,2023-07-11,On-time
612058,512058,2023-11-23,2023-11-22,On-time
612059,512059,2024-08-15,2024-08-20,Delayed
612060,512060,2024-03-20,2024-03-20,On-time
612061,512061,2024-01-05,2024-01-06,On-time
612062,512062,2024-06-18,2024-06-19,On-time
612063,512063,2024-09-07,2024-09-08,On-time
612064,512064,2024-01-10,2024-01-11,On-time
612065,512065,2024-08-28,2024-08-27,On-time
612066,512066,2024-03-05,2024-03-04,On-time
612067,512067,2023-09-30,2023-10-01,On-time
612068,512068,2023-09-14,2023-09-13,On-time
612069,512069,2024-01-21,2024-01-21,On-time
612070,512070,2024-04-29,\N,Failed
612071,512071,2023-09-21,2023-09-27,Delayed
612072,512072,2023-08-16,2023-08-16,On-time
612073,512073,2023-07-08,2023-07-14,Delayed
612074,512074,2024-04-22,\N,Failed
612075,512075,2024-02-25,2024-03-02,Delayed
612076,512076,2024-06-14,2024-06-20,Delayed
612077,512077,2023-08-25,2023-08-25,On-time
612078,512078,2024-03-22,2024-03-23,On-time
612079,512079,2024-06-27,2024-07-02,Delayed
612080,512080,2023-06-25,2023-06-24,On-time
612081,512081,2024-07-07,2024-07-07,On-time
612082,512082,2024-09-09,2024-09-08,On-time
612083,512083,2023-09-27,2023-09-26,On-time
612084,512084,2024-06-28,\N,Failed
612085,512085,2024-04-25,2024-04-25,On-time
612086,512086,2023-06-30,2023-07-01,On-time
612087,512087,2024-01-27,2024-01-30,Delayed
612088,512088,2024-03-16,2024-03-17,On-time
612089,512089,2023-11-08,2023-11-13,Delayed
612090,512090,2023-11-06,\N,\N
612091,512091,2024-08-16,2024-08-17,On-time
612092,512092,2023-12-24,2023-12-25,On-time
612093,512093,2024-06-27,2024-06-26,On-time
612094,512094,2023-07-28,2023-07-28,On-time
612095,512095,2023-08-07,2023-08-13,Delayed
612096,512096,2024-02-11,2024-02-12,On-time
612097,512097,2024-04-13,2024-04-14,On-time
612098,512098,2024-07-04,2024-07-05,On-time
612099,512099,2024-07-16,2024-07-18,Delayed
612100,512100,2024-02-03,2024-02-03,On-time
612101,512101,2023-12-01,\N,Failed
612102,512102,2024-01-26,2024-01-26,On-time
612103,512103,2023-12-19,\N,Failed
612104,512104,2024-09-11,2024-09-17,Delayed
612105,512105,2023-08-22,2023-08-27,Delayed
612106,512106,2023-09-01,2023-09-01,On-time
612107,512107,2023-11-21,2023-11-20,On-time
612108,512108,2024-02-18,\N,\N
612109,512109,2023-11-04,2023-11-05,On-time
612110,512110,2023-09-28,2023-10-01,Delayed
612111,512111,2024-07-20,2024-07-22,Delayed
612112,512112,2024-01-31,2024-01-30,On-time
612113,512113,2023-10-31,2023-10-30,On-time
612114,512114,2024-04-10,2024-04-15,Delayed
612115,512115,2023-10-05,2023-10-04,On-time
612116,512116,2023-10-15,\N,Failed
612117,512117,2024-07-19,\N,Failed
612118,512118,2024-06-03,2024-06-04,On-time
612119,512119,2023-11-09,2023-11-10,On-time
612120,512120,2024-07-02,2024-07-02,On-time
612121,512121,2023-08-29,2023-08-30,On-time
612122,512122,2023-11-12,\N,Failed
612123,512123,2024-07-04,2024-07-05,On-time
612124,512124,2024-02-20,\N,\N
612125,512125,2024-05-28,\N,Failed
612126,512126,2023-10-02,\N,\N
612127,512127,2024-01-07,2024-01-08,On-time
612128,512128,2023-09-06,2023-09-06,On-time
612129,512129,2024-03-27,\N,Failed
612130,512130,2023-11-29,2023-11-29,On-time
612131,512131,2023-11-27,\N,\N
612132,512132,2023-07-13,2023-07-13,On-time
612133,512133,2024-09-07,2024-09-06,On-time
612134,512134,2023-11-05,2023-11-04,On-time
612135,512135,2023-06-25,2023-06-26,On-time
612136,512136,2023-08-19,2023-08-20,On-time
612137,512137,2024-05-03,2024-05-09,Delayed
612138,512138,2023-06-11,2023-06-11,On-time
612139,512139,2024-04-07,2024-04-08,On-time
612140,512140,2023-08-28,2023-08-28,On-time
612141,512141,2024-02-05,2024-02-11,Delayed
612142,512142,2023-07-24,2023-07-25,On-time
612143,512143,2024-02-27,2024-02-28,On-time
612144,512144,2023-08-05,2023-08-04,On-time
612145,512145,2024-09-21,2024-09-25,Delayed
612146,512146,2023-11-02,2023-11-02,On-time
612147,512147,2024-04-16,2024-04-17,On-time
612148,512148,2024-05-11,2024-05-10,On-time
612149,512149,2023-10-06,\N,Failed
612150,512150,2023-08-04,2023-08-04,On-time
612151,512151,2024-01-13,2024-01-19,Delayed
612152,512152,2023-06-06,2023-06-06,On-time
612153,512153,2024-08-14,2024-08-15,On-time
612154,512154,2023-07-26,2023-07-28,Delayed
612155,512155,2024-02-24,2024-02-23,On-time
612156,512156,2024-09-12,2024-09-14,Delayed
612157,512157,2024-02-20,2024-02-20,On-time
612158,512158,2024-09-11,2024-09-10,On-time
612159,512159,2023-12-30,2023-12-30,On-time
612160,512160,2024-07-19,2024-07-20,On-time
612161,512161,2024-08-08,\N,\N
612162,512162,2023-12-19,2023-12-18,On-time
612163,512163,2024-04-17,2024-04-23,Delayed
612164,512164,2024-06-14,2024-06-19,Delayed
612165,512165,2024-02-24,2024-02-23,On-time
612166,512166,2023-08-19,2023-08-19,On-time
612167,512167,2023-10-23,2023-10-22,On-time
612168,512168,2024-08-09,2024-08-08,On-time
612169,512169,2023-12-22,2023-12-25,Delayed
612170,512170,2023-10-19,\N,Failed
612171,512171,2024-04-28,2024-04-29,On-time
612172,512172,2023-09-07,2023-09-08,On-time
612173,512173,2024-02-15,\N,\N
612174,512174,2024-03-30,\N,Failed
612175,512175,2023-10-31,2023-10-31,On-time
612176,512176,2023-12-13,2023-12-12,On-time
612177,512177,2023-06-06,2023-06-07,On-time
612178,512178,2024-04-10,2024-04-11,On-time
612179,512179,2024-06-17,2024-06-18,On-time
612180,512180,2024-03-05,2024-03-05,On-time
612181,512181,2024-08-01,2024-08-01,On-time
612182,512182,2024-06-29,2024-06-30,On-time
612183,512183,2024-10-07,2024-10-08,On-time
612184,512184,2024-05-20,2024-05-24,Delayed
612185,512185,2024-05-04,2024-05-04,On-time
612186,512186,2023-12-20,2023-12-23,Delayed
612187,512187,2024-01-07,2024-01-08,On-time
612188,512188,2023-11-19,2023-11-19,On-time
612189,512189,2024-06-15,\N,\N
612190,512190,2023-09-15,2023-09-14,On-time
612191,512191,2024-02-22,2024-02-21,On-time
612192,512192,2024-08-27,\N,\N
612193,512193,2024-05-03,2024-05-02,On-time
612194,512194,2023-11-22,2023-11-25,Delayed
612195,512195,2024-07-24,2024-07-25,On-time
612196,512196,2024-05-07,2024-05-08,On-time
612197,512197,2024-07-21,2024-07-21,On-time
612198,512198,2023-06-27,2023-06-28,On-time
612199,512199,2023-08-10,2023-08-14,Delayed
612200,512200,2024-02-23,2024-02-23,On-time
612201,512201,2023-06-16,2023-06-15,On-time
612202,512202,2024-05-13,2024-05-18,Delayed
612203,512203,2024-09-10,2024-09-13,Delayed
612204,512204,2023-06-27,2023-06-27,On-time
612205,512205,2023-12-20,2023-12-19,On-time
612206,512206,2024-03-11,2024-03-11,On-time
612207,512207,2023-08-12,2023-08-11,On-time
612208,512208,2023-06-17,2023-06-16,On-time
612209,512209,2023-12-23,2023-12-24,On-time
612210,512210,2023-06-24,\N,Failed
612211,512211,2023-12-07,2023-12-10,Delayed
612212,512212,2023-09-20,\N,\N
612213,512213,2024-04-16,2024-04-15,On-time
612214,512214,2023-12-02,2023-12-06,Delayed
612215,512215,2024-01-30,2024-01-29,On-time
612216,512216,2024-07-18,2024-07-21,Delayed
612217,512217,2023-08-23,2023-08-23,On-time
612218,512218,2023-11-01,2023-10-31,On-time
612219,512219,2024-09-06,2024-09-10,Delayed
612220,512220,2023-06-18,2023-06-18,On-time
612221,512221,2023-07-01,\N,Failed
612222,512222,2024-06-27,2024-06-28,On-time
612223,512223,2024-08-11,2024-08-12,On-time
612224,512224,2023-10-21,2023-10-27,Delayed
612225,512225,2023-08-30,2023-08-30,On-time
612226,512226,2024-07-06,2024-07-12,Delayed
612227,512227,2023-08-24,2023-08-24,On-time
612228,512228,2024-08-03,2024-08-04,On-time
612229,512229,2024-04-03,\N,Failed
612230,512230,2024-07-12,2024-07-11,On-time
612231,512231,2023-10-02,2023-10-01,On-time
612232,512232,2024-06-25,2024-06-26,On-time
612233,512233,2023-06-22,2023-06-22,On-time
612234,512234,2023-10-01,2023-10-02,On-time
612235,512235,2023-12-21,2023-12-22,On-time
612236,512236,2023-12-26,2023-12-26,On-time
612237,512237,2023-06-11,2023-06-10,On-time
612238,512238,2024-06-13,2024-06-13,On-time
612239,512239,2024-02-10,2024-02-11,On-time
612240,512240,2024-02-23,2024-02-24,On-time
612241,512241,2024-06-08,2024-06-14,Delayed
612242,512242,2024-01-27,2024-01-26,On-time
612243,512243,2024-07-18,2024-07-18,On-time
612244,512244,2023-06-12,2023-06-12,On-time
612245,512245,2023-11-02,2023-11-01,On-time
612246,512246,2023-10-27,2023-10-27,On-time
612247,512247,2023-10-02,2023-10-06,Delayed
612248,512248,2024-03-03,2024-03-03,On-time
612249,512249,2024-03-27,\N,\N
612250,512250,2024-08-28,2024-08-29,On-time
612251,512251,2023-07-17,2023-07-19,Delayed
612252,512252,2024-04-07,2024-04-06,On-time
612253,512253,2023-06-29,2023-06-28,On-time
612254,512254,2024-09-01,2024-09-01,On-time
612255,512255,2023-12-26,2023-12-28,Delayed
612256,512256,2024-05-15,2024-05-14,On-time
612257,512257,2023-06-19,2023-06-19,On-time
612258,512258,2023-09-28,2023-09-28,On-time
612259,512259,2023-08-21,\N,\N
612260,512260,2023-11-10,\N,Failed
612261,512261,2024-07-26,\N,Failed
612262,512262,2023-06-25,2023-06-29,Delayed
612263,512263,2023-12-09,2023-12-15,Delayed
612264,512264,2023-08-19,2023-08-20,On-time
612265,512265,2023-10-27,2023-10-28,On-time
612266,512266,2024-04-02,2024-04-01,On-time
612267,512267,2023-08-06,\N,Failed
612268,512268,2024-08-05,2024-08-11,Delayed
612269,512269,2024-08-05,2024-08-04,On-time
612270,512270,2023-07-16,2023-07-19,Delayed
612271,512271,2024-06-12,2024-06-11,On-time
612272,512272,2024-05-25,2024-05-25,On-time
612273,512273,2024-02-28,2024-02-27,On-time
612274,512274,2023-06-14,2023-06-15,On-time
612275,512275,2023-07-29,\N,Failed
612276,512276,2024-02-25,2024-03-01,Delayed
612277,512277,2024-03-09,2024-03-09,On-time
612278,512278,2023-10-19,\N,Failed
612279,512279,2023-10-22,\N,Failed
612280,512280,2024-01-14,2024-01-14,On-time
612281,512281,2024-07-09,2024-07-11,Delayed
612282,512282,2024-08-30,2024-08-31,On-time
612283,512283,2023-06-21,2023-06-21,On-time
612284,512284,2024-09-02,2024-09-02,On-time
612285,512285,2024-10-02,2024-10-01,On-time
612286,512286,2024-08-25,2024-08-30,Delayed
612287,512287,2023-07-26,2023-07-25,On-time
612288,512288,2023-08-05,2023-08-07,Delayed
612289,512289,2024-03-12,2024-03-11,On-time
612290,512290,2023-08-20,2023-08-19,On-time
612291,512291,2024-02-13,2024-02-13,On-time
612292,512292,2024-08-11,\N,\N
612293,512293,2023-07-04,2023-07-07,Delayed
612294,512294,2024-04-10,2024-04-10,On-time
612295,512295,2024-04-20,2024-04-23,Delayed
612296,512296,2023-08-05,2023-08-05,On-time
612297,512297,2024-09-26,2024-09-28,Delayed
612298,512298,2023-08-08,2023-08-08,On-time
612299,512299,2024-03-05,2024-03-05,On-time
612300,512300,2024-07-24,2024-07-23,On-time
612301,512301,2023-07-24,\N,\N
612302,512302,2024-03-28,2024-03-28,On-time
612303,512303,2023-09-14,2023-09-14,On-time
612304,512304,2024-01-16,2024-01-16,On-time
612305,512305,2024-01-11,2024-01-11,On-time
612306,512306,2023-12-10,2023-12-13,Delayed
612307,512307,2023-12-28,2023-12-28,On-time
612308,512308,2024-07-24,2024-07-26,Delayed
612309,512309,2024-07-20,2024-07-19,On-time
612310,512310,2023-10-12,2023-10-11,On-time
612311,512311,2024-03-23,\N,\N
612312,512312,2024-04-08,2024-04-09,On-time
612313,512313,2023-11-13,2023-11-12,On-time
612314,512314,2024-01-07,2024-01-06,On-time
612315,512315,2024-02-09,\N,\N
612316,512316,2024-08-03,2024-08-02,On-time
612317,512317,2023-11-08,2023-11-08,On-time
612318,512318,2023-10-18,2023-10-19,On-time
612319,512319,2023-12-08,2023-12-07,On-time
612320,512320,2023-11-24,2023-11-25,On-time
612321,512321,2024-08-02,2024-08-03,On-time
612322,512322,2023-06-18,2023-06-19,On-time
612323,512323,2024-07-02,2024-07-02,On-time
612324,512324,2023-08-25,2023-08-25,On-time
612325,512325,2024-01-06,2024-01-05,On-time
612326,512326,2024-08-30,2024-08-31,On-time
612327,512327,2024-04-06,2024-04-07,On-time
612328,512328,2024-06-23,2024-06-24,On-time
612329,512329,2024-09-06,2024-09-05,On-time
612330,512330,2024-02-15,2024-02-16,On-time
612331,512331,2024-08-02,2024-08-02,On-time
612332,512332,2023-06-21,2023-06-21,On-time
612333,512333,2023-11-21,\N,\N
612334,512334,2024-07-23,2024-07-23,On-time
612335,512335,2024-04-09,2024-04-15,Delayed
612336,512336,2023-07-12,2023-07-13,On-time
612337,512337,2023-07-08,2023-07-08,On-time
612338,512338,2024-02-10,2024-02-09,On-time
612339,512339,2023-08-10,2023-08-13,Delayed
612340,512340,2023-11-04,2023-11-03,On-time
612341,512341,2024-06-19,2024-06-20,On-time
612342,512342,2023-10-03,2023-10-04,On-time
612343,512343,2023-11-18,2023-11-20,Delayed
612344,512344,2024-02-15,2024-02-17,Delayed
612345,512345,2023-10-31,2023-11-02,Delayed
612346,512346,2023-10-26,2023-10-25,On-time
612347,512347,2024-06-11,2024-06-12,On-time
612348,512348,2023-10-07,\N,\N
612349,512349,2023-09-29,2023-09-30,On-time
612350,512350,2024-08-25,2024-08-30,Delayed
612351,512351,2023-11-09,\N,Failed
612352,512352,2024-08-21,2024-08-22,On-time
612353,512353,2024-07-30,2024-07-30,On-time
612354,512354,2024-08-18,2024-08-19,On-time
612355,512355,2024-05-29,2024-05-28,On-time
612356,512356,2024-06-28,2024-06-27,On-time
612357,512357,2024-08-18,2024-08-18,On-time
612358,512358,2024-06-22,2024-06-23,On-time
612359,512359,2024-09-08,\N,Failed
612360,512360,2023-06-23,2023-06-23,On-time
612361,512361,2024-01-30,2024-01-30,On-time
612362,512362,2024-01-04,2024-01-09,Delayed
612363,512363,2024-09-16,2024-09-16,On-time
612364,512364,2024-01-24,2024-01-23,On-time
612365,512365,2023-06-11,2023-06-12,On-time
612366,512366,2024-07-21,\N,Failed
612367,512367,2024-03-16,2024-03-17,On-time
612368,512368,2023-07-13,\N,\N
612369,512369,2024-02-13,2024-02-13,On-time
612370,512370,2023-11-28,2023-11-27,On-time
612371,512371,2024-09-21,2024-09-20,On-time
612372,512372,2024-09-02,\N,Failed
612373,512373,2023-06-15,2023-06-15,On-time
612374,512374,2024-06-20,2024-06-21,On-time
612375,512375,2023-06-23,2023-06-24,On-time
612376,512376,2024-09-24,2024-09-24,On-time
612377,512377,2024-07-19,2024-07-18,On-time
612378,512378,2024-09-27,\N,Failed
612379,512379,2024-10-01,2024-10-01,On-time
612380,512380,2024-03-15,2024-03-15,On-time
612381,512381,2024-05-24,2024-05-24,On-time
612382,512382,2024-04-14,2024-04-20,Delayed
612383,512383,2024-04-08,2024-04-09,On-time
612384,512384,2024-07-07,2024-07-12,Delayed
612385,512385,2024-06-03,\N,Failed
612386,512386,2024-07-17,2024-07-16,On-time
612387,512387,2023-12-03,\N,\N
612388,512388,2023-08-02,2023-08-03,On-time
612389,512389,2024-09-17,2024-09-18,On-time
612390,512390,2024-05-11,2024-05-11,On-time
612391,512391,2023-07-12,2023-07-11,On-time
612392,512392,2023-12-09,2023-12-10,On-time
612393,512393,2023-08-06,2023-08-07,On-time
612394,512394,2023-07-16,2023-07-22,Delayed
612395,512395,2023-07-20,2023-07-21,On-time
612396,512396,2023-11-25,2023-12-01,Delayed
612397,512397,2024-07-13,2024-07-14,On-time
612398,512398,2023-08-15,2023-08-15,On-time
612399,512399,2024-01-13,2024-01-13,On-time
612400,512400,2023-08-06,2023-08-05,On-time
612401,512401,2023-08-23,2023-08-24,On-time
612402,512402,2023-10-27,2023-10-27,On-time
612403,512403,2024-09-26,2024-09-25,On-time
612404,512404,2023-06-28,2023-07-02,Delayed
612405,512405,2023-12-07,2023-12-06,On-time
612406,512406,2024-01-15,2024-01-15,On-time
612407,512407,2023-09-09,2023-09-13,Delayed
612408,512408,2024-10-01,2024-10-02,On-time
612409,512409,2023-06-04,2023-06-05,On-time
612410,512410,2024-08-19,2024-08-25,Delayed
612411,512411,2023-10-21,2023-10-21,On-time
612412,512412,2023-07-23,2023-07-23,On-time
612413,512413,2024-04-28,2024-04-30,Delayed
612414,512414,2023-09-15,2023-09-15,On-time
612415,512415,2023-07-20,\N,Failed
612416,512416,2023-09-29,2023-09-28,On-time
612417,512417,2023-12-24,2023-12-26,Delayed
612418,512418,2024-06-09,2024-06-08,On-time
612419,512419,2024-09-24,2024-09-23,On-time
612420,512420,2024-04-27,2024-04-27,On-time
612421,512421,2024-01-19,2024-01-19,On-time
612422,512422,2024-05-07,2024-05-13,Delayed
612423,512423,2024-01-23,2024-01-22,On-time
612424,512424,2023-07-11,2023-07-10,On-time
612425,512425,2024-02-17,\N,Failed
612426,512426,2024-02-15,2024-02-21,Delayed
612427,512427,2024-04-22,2024-04-21,On-time
612428,512428,2024-09-22,2024-09-27,Delayed
612429,512429,2024-07-18,2024-07-22,Delayed
612430,512430,2024-04-11,2024-04-11,On-time
612431,512431,2024-02-08,2024-02-07,On-time
612432,512432,2023-08-05,2023-08-10,Delayed
612433,512433,2023-09-30,2023-09-29,On-time
612434,512434,2024-01-25,2024-01-25,On-time
612435,512435,2024-02-28,2024-02-27,On-time
612436,512436,2023-11-07,2023-11-08,On-time
612437,512437,2024-08-10,2024-08-14,Delayed
612438,512438,2024-02-26,2024-02-27,On-time
612439,512439,2024-08-28,\N,Failed
612440,512440,2023-12-18,2023-12-18,On-time
612441,512441,2024-09-07,2024-09-08,On-time
612442,512442,2023-07-02,2023-07-02,On-time
612443,512443,2023-10-05,\N,Failed
612444,512444,2023-11-05,2023-11-08,Delayed
612445,512445,2024-08-22,2024-08-21,On-time
612446,512446,2024-02-14,2024-02-15,On-time
612447,512447,2023-10-08,2023-10-07,On-time
612448,512448,2024-02-08,\N,\N
612449,512449,2024-03-07,2024-03-07,On-time
612450,512450,2023-08-15,2023-08-19,Delayed
612451,512451,2023-07-22,2023-07-22,On-time
612452,512452,2024-06-30,2024-06-30,On-time
612453,512453,2023-11-08,\N,\N
612454,512454,2024-01-31,2024-02-03,Delayed
612455,512455,2024-08-03,2024-08-02,On-time
612456,512456,2024-06-21,2024-06-23,Delayed
612457,512457,2024-03-12,2024-03-13,On-time
612458,512458,2023-06-22,2023-06-23,On-time
612459,512459,2024-05-09,\N,\N
612460,512460,2023-10-14,2023-10-19,Delayed
612461,512461,2023-09-30,2023-10-01,On-time
612462,512462,2023-12-22,2023-12-21,On-time
612463,512463,2023-11-30,2023-12-05,Delayed
612464,512464,2024-08-16,\N,Failed
612465,512465,2024-07-06,2024-07-06,On-time
612466,512466,2023-11-04,2023-11-05,On-time
612467,512467,2023-07-09,2023-07-09,On-time
612468,512468,2023-10-04,2023-10-04,On-time
612469,512469,2024-04-17,2024-04-21,Delayed
612470,512470,2023-12-11,2023-12-11,On-time
612471,512471,2023-07-05,2023-07-06,On-time
612472,512472,2023-08-11,2023-08-11,On-time
612473,512473,2024-01-13,\N,Failed
612474,512474,2024-06-04,2024-06-04,On-time
612475,512475,2024-10-03,2024-10-08,Delayed
612476,512476,2024-05-13,2024-05-13,On-time
612477,512477,2024-07-02,\N,Failed
612478,512478,2023-09-11,\N,Failed
612479,512479,2023-06-19,2023-06-18,On-time
612480,512480,2024-09-24,2024-09-23,On-time
612481,512481,2024-03-18,2024-03-19,On-time
612482,512482,2023-06-14,\N,\N
612483,512483,2023-09-16,2023-09-16,On-time
612484,512484,2024-09-02,2024-09-07,Delayed
612485,512485,2024-06-27,2024-06-29,Delayed
612486,512486,2024-07-08,2024-07-07,On-time
612487,512487,2023-06-19,2023-06-20,On-time
612488,512488,2023-07-25,2023-07-29,Delayed
612489,512489,2024-02-13,2024-02-14,On-time
612490,512490,2024-07-15,2024-07-15,On-time
612491,512491,2024-08-18,2024-08-18,On-time
612492,512492,2023-07-25,2023-07-26,On-time
612493,512493,2024-07-15,2024-07-15,On-time
612494,512494,2024-08-14,2024-08-14,On-time
612495,512495,2023-09-06,\N,Failed
612496,512496,2024-05-23,2024-05-22,On-time
612497,512497,2024-04-24,2024-04-25,On-time
612498,512498,2024-06-07,2024-06-06,On-time
612499,512499,2024-08-15,2024-08-15,On-time
612500,512500,2023-10-14,2023-10-18,Delayed
612501,512501,2024-02-20,2024-02-20,On-time
612502,512502,2024-06-04,\N,Failed
612503,512503,2024-10-02,2024-10-08,Delayed
612504,512504,2024-05-04,2024-05-08,Delayed
612505,512505,2024-07-28,2024-07-29,On-time
612506,512506,2024-03-13,2024-03-13,On-time
612507,512507,2023-06-09,2023-06-10,On-time
612508,512508,2023-08-09,\N,\N
612509,512509,2024-05-30,2024-05-29,On-time
612510,512510,2024-07-16,2024-07-16,On-time
612511,512511,2024-01-07,\N,\N
612512,512512,2023-11-02,2023-11-01,On-time
612513,512513,2024-02-15,2024-02-14,On-time
612514,512514,2024-01-06,2024-01-05,On-time
612515,512515,2023-09-06,2023-09-11,Delayed
612516,512516,2023-11-30,2023-12-02,Delayed
612517,512517,2023-08-09,\N,\N
612518,512518,2024-09-04,\N,\N
612519,512519,2023-06-10,2023-06-11,On-time
612520,512520,2023-09-05,2023-09-06,On-time
612521,512521,2024-08-15,2024-08-15,On-time
612522,512522,2024-09-17,2024-09-17,On-time
612523,512523,2023-11-04,2023-11-05,On-time
612524,512524,2023-08-16,2023-08-15,On-time
612525,512525,2023-11-27,2023-12-03,Delayed
612526,512526,2023-07-27,2023-07-26,On-time
612527,512527,2024-06-08,2024-06-12,Delayed
612528,512528,2023-11-25,\N,\N
612529,512529,2023-12-12,2023-12-11,On-time
612530,512530,2023-08-06,2023-08-06,On-time
612531,512531,2024-02-23,2024-02-28,Delayed
612532,512532,2024-09-24,2024-09-28,Delayed
612533,512533,2024-07-06,\N,Failed
612534,512534,2024-04-30,2024-05-01,On-time
612535,512535,2024-09-25,2024-09-26,On-time
612536,512536,2024-01-23,\N,Failed
612537,512537,2023-09-11,2023-09-12,On-time
612538,512538,2023-11-28,2023-11-29,On-time
612539,512539,2024-04-28,2024-04-29,On-time
612540,512540,2023-07-09,2023-07-10,On-time
612541,512541,2024-06-29,2024-06-30,On-time
612542,512542,2023-12-05,2023-12-04,On-time
612543,512543,2023-07-31,\N,Failed
612544,512544,2024-09-26,2024-09-25,On-time
612545,512545,2023-09-19,\N,Failed
612546,512546,2024-05-14,2024-05-19,Delayed
612547,512547,2023-07-24,2023-07-24,On-time
612548,512548,2023-08-09,2023-08-10,On-time
612549,512549,2024-02-17,2024-02-23,Delayed
612550,512550,2024-09-13,2024-09-13,On-time
612551,512551,2023-08-07,2023-08-08,On-time
612552,512552,2024-06-21,2024-06-23,Delayed
612553,512553,2023-11-27,2023-11-28,On-time
612554,512554,2024-04-03,2024-04-06,Delayed
612555,512555,2024-05-04,2024-05-03,On-time
612556,512556,2024-10-02,2024-10-01,On-time
612557,512557,2024-03-15,2024-03-14,On-time
612558,512558,2023-10-25,2023-10-26,On-time
612559,512559,2024-07-08,2024-07-08,On-time
612560,512560,2024-05-04,2024-05-03,On-time
612561,512561,2024-01-24,2024-01-23,On-time
612562,512562,2023-12-27,\N,Failed
612563,512563,2024-07-24,2024-07-24,On-time
612564,512564,2024-01-03,\N,Failed
612565,512565,2023-12-20,2023-12-23,Delayed
612566,512566,2024-02-12,2024-02-13,On-time
612567,512567,2024-05-01,2024-05-04,Delayed
612568,512568,2024-05-14,\N,Failed
612569,512569,2024-06-24,2024-06-25,On-time
612570,512570,2023-10-08,2023-10-09,On-time
612571,512571,2024-02-13,2024-02-19,Delayed
612572,512572,2024-07-21,2024-07-25,Delayed
612573,512573,2024-09-05,2024-09-08,Delayed
612574,512574,2024-04-20,\N,Failed
612575,512575,2023-10-24,2023-10-27,Delayed
612576,512576,2023-09-26,2023-09-27,On-time
612577,512577,2023-11-28,2023-12-03,Delayed
612578,512578,2023-12-07,\N,\N
612579,512579,2023-09-02,2023-09-01,On-time
612580,512580,2024-07-07,2024-07-07,On-time
612581,512581,2023-11-16,\N,Failed
612582,512582,2023-12-08,2023-12-07,On-time
612583,512583,2023-10-08,\N,Failed
612584,512584,2023-08-10,\N,\N
612585,512585,2023-06-21,\N,\N
612586,512586,2024-09-07,\N,Failed
612587,512587,2023-08-08,2023-08-07,On-time
612588,512588,2024-02-18,2024-02-21,Delayed
612589,512589,2023-10-24,2023-10-23,On-time
612590,512590,2023-10-05,2023-10-06,On-time
612591,512591,2024-04-07,2024-04-06,On-time
612592,512592,2024-01-15,2024-01-15,On-time
612593,512593,2024-03-20,2024-03-23,Delayed
612594,512594,2024-06-16,2024-06-20,Delayed
612595,512595,2024-08-28,2024-08-28,On-time
612596,512596,2023-11-13,2023-11-12,On-time
612597,512597,2024-03-19,2024-03-23,Delayed
612598,512598,2023-11-20,2023-11-21,On-time
612599,512599,2024-09-12,2024-09-14,Delayed
612600,512600,2024-01-09,2024-01-10,On-time
612601,512601,2024-01-02,2024-01-06,Delayed
612602,512602,2023-09-20,2023-09-19,On-time
612603,512603,2024-05-13,2024-05-16,Delayed
612604,512604,2024-07-08,2024-07-08,On-time
612605,512605,2024-08-12,2024-08-12,On-time
612606,512606,2024-07-30,2024-07-29,On-time
612607,512607,2024-03-21,2024-03-22,On-time
612608,512608,2023-09-17,2023-09-16,On-time
612609,512609,2023-07-11,2023-07-11,On-time
612610,512610,2023-10-13,2023-10-18,Delayed
612611,512611,2024-04-09,\N,\N
612612,512612,2024-10-04,2024-10-09,Delayed
612613,512613,2024-03-21,2024-03-21,On-time
612614,512614,2023-08-08,2023-08-07,On-time
612615,512615,2023-10-25,2023-10-26,On-time
612616,512616,2024-03-10,\N,\N
612617,512617,2024-01-29,2024-01-31,Delayed
612618,512618,2023-12-19,2023-12-19,On-time
612619,512619,2024-05-20,2024-05-20,On-time
612620,512620,2023-09-02,2023-09-01,On-time
612621,512621,2024-07-04,2024-07-04,On-time
612622,512622,2024-07-12,2024-07-14,Delayed
612623,512623,2023-07-18,2023-07-17,On-time
612624,512624,2024-04-22,2024-04-23,On-time
612625,512625,2024-04-12,\N,Failed
612626,512626,2023-08-09,2023-08-09,On-time
612627,512627,2023-11-17,\N,Failed
612628,512628,2024-08-01,2024-08-01,On-time
612629,512629,2024-08-20,\N,\N
612630,512630,2023-10-19,\N,\N
612631,512631,2023-08-30,2023-08-30,On-time
612632,512632,2024-09-22,\N,\N
612633,512633,2024-01-11,2024-01-13,Delayed
612634,512634,2024-03-29,2024-04-02,Delayed
612635,512635,2024-08-10,2024-08-16,Delayed
612636,512636,2023-09-08,2023-09-08,On-time
612637,512637,2024-07-12,2024-07-13,On-time
612638,512638,2024-06-01,2024-06-02,On-time
612639,512639,2023-07-06,2023-07-10,Delayed
612640,512640,2023-07-07,2023-07-07,On-time
612641,512641,2024-09-04,2024-09-08,Delayed
612642,512642,2023-09-30,2023-10-06,Delayed
612643,512643,2023-09-16,\N,\N
612644,512644,2023-08-25,2023-08-24,On-time
612645,512645,2023-09-23,2023-09-25,Delayed
612646,512646,2023-10-06,2023-10-05,On-time
612647,512647,2023-12-06,2023-12-09,Delayed
612648,512648,2024-01-17,2024-01-19,Delayed
612649,512649,2024-01-12,\N,Failed
612650,512650,2023-12-12,2023-12-14,Delayed
612651,512651,2023-10-08,2023-10-09,On-time
612652,512652,2024-01-30,2024-01-29,On-time
612653,512653,2023-12-27,2023-12-28,On-time
612654,512654,2024-05-28,2024-05-27,On-time
612655,512655,2024-03-14,2024-03-14,On-time
612656,512656,2024-07-22,2024-07-21,On-time
612657,512657,2023-06-14,2023-06-16,Delayed
612658,512658,2023-12-28,2023-12-29,On-time
612659,512659,2023-09-23,2023-09-23,On-time
612660,512660,2024-02-29,2024-03-01,On-time
612661,512661,2024-09-29,2024-09-28,On-time
612662,512662,2024-01-09,2024-01-09,On-time
612663,512663,2023-08-22,\N,\N
612664,512664,2023-09-27,2023-09-27,On-time
612665,512665,2024-07-28,\N,\N
612666,512666,2023-07-21,2023-07-22,On-time
612667,512667,2023-06-15,2023-06-14,On-time
612668,512668,2024-02-10,2024-02-14,Delayed
612669,512669,2024-04-04,2024-04-07,Delayed
612670,512670,2024-01-15,2024-01-15,On-time
612671,512671,2023-10-22,2023-10-23,On-time
612672,512672,2024-03-04,2024-03-05,On-time
612673,512673,2024-08-03,2024-08-09,Delayed
612674,512674,2024-04-20,2024-04-21,On-time
612675,512675,2024-02-10,2024-02-09,On-time
612676,512676,2024-08-01,2024-08-02,On-time
612677,512677,2024-07-07,2024-07-07,On-time
612678,512678,2023-10-24,2023-10-25,On-time
612679,512679,2024-03-17,2024-03-17,On-time
612680,512680,2024-08-11,2024-08-10,On-time
612681,512681,2023-09-13,2023-09-12,On-time
612682,512682,2024-05-15,2024-05-16,On-time
612683,512683,2024-07-12,\N,\N
612684,512684,2024-02-03,\N,Failed
612685,512685,2023-11-29,2023-11-29,On-time
612686,512686,2023-06-30,2023-06-30,On-time
612687,512687,2024-08-30,2024-08-31,On-time
612688,512688,2024-08-08,2024-08-08,On-time
612689,512689,2024-09-09,2024-09-14,Delayed
612690,512690,2024-05-16,2024-05-18,Delayed
612691,512691,2023-08-09,2023-08-09,On-time
612692,512692,2023-07-22,2023-07-28,Delayed
612693,512693,2023-11-09,2023-11-10,On-time
612694,512694,2023-10-02,2023-10-01,On-time
612695,512695,2024-08-20,2024-08-21,On-time
612696,512696,2023-09-07,2023-09-07,On-time
612697,512697,2024-10-01,2024-10-06,Delayed
612698,512698,2023-11-04,2023-11-04,On-time
612699,512699,2023-08-24,2023-08-30,Delayed
612700,512700,2024-05-10,\N,Failed
612701,512701,2023-10-01,2023-10-01,On-time
612702,512702,2024-03-29,2024-03-31,Delayed
612703,512703,2023-11-07,2023-11-07,On-time
612704,512704,2023-09-01,\N,Failed
612705,512705,2023-12-20,2023-12-20,On-time
612706,512706,2024-01-02,2024-01-05,Delayed
612707,512707,2024-08-09,2024-08-10,On-time
612708,512708,2023-12-02,2023-12-06,Delayed
612709,512709,2024-01-05,2024-01-11,Delayed
612710,512710,2023-11-12,2023-11-13,On-time
612711,512711,2024-05-20,2024-05-20,On-time
612712,512712,2023-09-26,2023-10-01,Delayed
612713,512713,2024-09-26,2024-09-27,On-time
612714,512714,2023-12-14,2023-12-20,Delayed
612715,512715,2024-01-04,2024-01-09,Delayed
612716,512716,2024-04-07,2024-04-08,On-time
612717,512717,2024-02-08,\N,Failed
612718,512718,2023-11-19,2023-11-24,Delayed
612719,512719,2023-06-27,2023-06-28,On-time
612720,512720,2024-05-03,2024-05-08,Delayed
612721,512721,2023-10-13,2023-10-14,On-time
612722,512722,2023-10-28,2023-10-27,On-time
612723,512723,2024-03-19,2024-03-25,Delayed
612724,512724,2024-01-29,\N,Failed
612725,512725,2024-03-01,2024-02-29,On-time
612726,512726,2024-07-10,2024-07-11,On-time
612727,512727,2024-05-20,2024-05-19,On-time
612728,512728,2024-06-19,2024-06-18,On-time
612729,512729,2024-04-04,2024-04-08,Delayed
612730,512730,2024-09-02,2024-09-03,On-time
612731,512731,2023-10-27,2023-10-29,Delayed
612732,512732,2024-07-24,2024-07-25,On-time
612733,512733,2024-09-13,2024-09-12,On-time
612734,512734,2023-10-06,2023-10-07,On-time
612735,512735,2024-08-14,2024-08-17,Delayed
612736,512736,2023-08-13,2023-08-18,Delayed
612737,512737,2024-10-04,2024-10-04,On-time
612738,512738,2024-09-06,2024-09-07,On-time
612739,512739,2023-08-01,2023-08-04,Delayed
612740,512740,2024-08-02,2024-08-04,Delayed
612741,512741,2024-01-10,2024-01-14,Delayed
612742,512742,2023-09-30,2023-10-01,On-time
612743,512743,2024-09-25,2024-09-26,On-time
612744,512744,2023-11-10,2023-11-11,On-time
612745,512745,2024-01-28,2024-01-30,Delayed
612746,512746,2023-08-20,2023-08-21,On-time
612747,512747,2024-06-03,2024-06-03,On-time
612748,512748,2024-05-10,\N,\N
612749,512749,2024-01-23,2024-01-23,On-time
612750,512750,2024-07-15,2024-07-20,Delayed
612751,512751,2024-08-11,2024-08-10,On-time
612752,512752,2023-12-17,2023-12-16,On-time
612753,512753,2023-07-03,2023-07-04,On-time
612754,512754,2024-07-19,2024-07-19,On-time
612755,512755,2024-07-06,2024-07-05,On-time
612756,512756,2023-07-23,2023-07-23,On-time
612757,512757,2023-12-06,2023-12-06,On-time
612758,512758,2023-09-26,2023-09-25,On-time
612759,512759,2024-01-28,\N,\N
612760,512760,2024-08-24,2024-08-25,On-time
612761,512761,2023-09-12,2023-09-11,On-time
612762,512762,2023-08-30,2023-09-05,Delayed
612763,512763,2023-09-18,\N,\N
612764,512764,2023-10-31,2023-11-02,Delayed
612765,512765,2024-10-02,2024-10-02,On-time
612766,512766,2024-08-26,2024-08-26,On-time
612767,512767,2023-07-02,2023-07-03,On-time
612768,512768,2024-05-13,2024-05-14,On-time
612769,512769,2024-04-03,2024-04-03,On-time
612770,512770,2023-06-22,\N,\N
612771,512771,2024-01-10,2024-01-10,On-time
612772,512772,2023-07-03,2023-07-02,On-time
612773,512773,2023-10-09,\N,\N
612774,512774,2023-12-07,2023-12-13,Delayed
612775,512775,2023-06-10,2023-06-09,On-time
612776,512776,2024-03-14,2024-03-17,Delayed
612777,512777,2024-01-05,2024-01-05,On-time
612778,512778,2024-05-16,\N,\N
612779,512779,2024-06-30,\N,\N
612780,512780,2023-10-10,2023-10-09,On-time
612781,512781,2024-09-04,2024-09-03,On-time
612782,512782,2024-06-14,2024-06-13,On-time
612783,512783,2024-08-14,2024-08-15,On-time
612784,512784,2023-12-03,2023-12-02,On-time
612785,512785,2023-12-04,\N,Failed
612786,512786,2024-08-22,2024-08-24,Delayed
612787,512787,2023-08-03,2023-08-04,On-time
612788,512788,2024-01-08,2024-01-10,Delayed
612789,512789,2024-08-04,2024-08-05,On-time
612790,512790,2024-02-07,2024-02-13,Delayed
612791,512791,2023-10-02,2023-10-04,Delayed
612792,512792,2023-07-08,2023-07-08,On-time
612793,512793,2024-02-07,2024-02-08,On-time
612794,512794,2024-03-12,\N,Failed
612795,512795,2023-06-07,\N,\N
612796,512796,2024-06-12,2024-06-15,Delayed
612797,512797,2024-07-20,2024-07-21,On-time
612798,512798,2023-10-16,2023-10-17,On-time
612799,512799,2023-12-28,2023-12-29,On-time
612800,512800,2023-09-01,\N,\N
612801,512801,2023-11-02,2023-11-03,On-time
612802,512802,2023-07-02,2023-07-02,On-time
612803,512803,2023-10-29,2023-10-30,On-time
612804,512804,2023-12-17,2023-12-21,Delayed
612805,512805,2023-10-29,2023-10-30,On-time
612806,512806,2024-05-03,2024-05-03,On-time
612807,512807,2024-09-11,2024-09-10,On-time
612808,512808,2024-05-14,2024-05-20,Delayed
612809,512809,2023-10-06,2023-10-05,On-time
612810,512810,2024-08-16,2024-08-19,Delayed
612811,512811,2024-09-25,2024-09-25,On-time
612812,512812,2023-11-18,2023-11-19,On-time
612813,512813,2024-03-31,2024-04-01,On-time
612814,512814,2024-08-31,2024-08-31,On-time
612815,512815,2024-01-26,\N,\N
612816,512816,2023-09-10,2023-09-11,On-time
612817,512817,2024-01-09,\N,\N
612818,512818,2024-07-02,\N,\N
612819,512819,2024-04-10,2024-04-09,On-time
612820,512820,2024-09-07,\N,Failed
612821,512821,2023-09-24,2023-09-25,On-time
612822,512822,2024-08-30,2024-08-29,On-time
612823,512823,2024-02-20,2024-02-22,Delayed
612824,512824,2024-07-21,2024-07-22,On-time
612825,512825,2024-07-28,2024-07-29,On-time
612826,512826,2024-04-17,2024-04-18,On-time
612827,512827,2024-03-11,\N,\N
612828,512828,2023-06-18,2023-06-18,On-time
612829,512829,2023-10-24,2023-10-28,Delayed
612830,512830,2023-11-06,2023-11-05,On-time
612831,512831,2023-09-04,2023-09-04,On-time
612832,512832,2023-09-10,2023-09-12,Delayed
612833,512833,2023-08-07,2023-08-07,On-time
612834,512834,2023-06-22,2023-06-22,On-time
612835,512835,2024-02-07,\N,Failed
612836,512836,2024-08-29,\N,\N
612837,512837,2023-07-13,2023-07-16,Delayed
612838,512838,2024-08-20,2024-08-23,Delayed
612839,512839,2024-05-31,2024-05-31,On-time
612840,512840,2023-09-06,2023-09-06,On-time
612841,512841,2024-04-30,2024-04-29,On-time
612842,512842,2024-09-18,\N,\N
612843,512843,2023-07-24,2023-07-27,Delayed
612844,512844,2024-09-28,2024-09-27,On-time
612845,512845,2024-03-08,2024-03-09,On-time
612846,512846,2024-04-20,2024-04-19,On-time
612847,512847,2024-05-03,2024-05-08,Delayed
612848,512848,2024-07-08,2024-07-09,On-time
612849,512849,2024-03-04,2024-03-03,On-time
612850,512850,2023-10-10,2023-10-10,On-time
612851,512851,2023-12-30,2023-12-29,On-time
612852,512852,2023-08-03,\N,\N
612853,512853,2023-09-13,2023-09-12,On-time
612854,512854,2024-07-22,2024-07-28,Delayed
612855,512855,2024-02-17,2024-02-17,On-time
612856,512856,2024-05-30,2024-06-03,Delayed
612857,512857,2023-10-10,2023-10-09,On-time
612858,512858,2023-09-12,\N,Failed
612859,512859,2023-11-07,2023-11-06,On-time
612860,512860,2024-09-03,2024-09-04,On-time
612861,512861,2024-06-26,2024-06-26,On-time
612862,512862,2023-08-06,2023-08-05,On-time
612863,512863,2024-05-08,2024-05-08,On-time
612864,512864,2024-09-15,2024-09-21,Delayed
612865,512865,2023-07-24,2023-07-30,Delayed
612866,512866,2023-12-23,2023-12-25,Delayed
612867,512867,2023-08-21,\N,\N
612868,512868,2023-06-15,2023-06-14,On-time
612869,512869,2024-10-05,2024-10-04,On-time
612870,512870,2024-02-10,\N,Failed
612871,512871,2023-12-30,2023-12-31,On-time
612872,512872,2023-10-18,2023-10-17,On-time
612873,512873,2023-12-22,2023-12-23,On-time
612874,512874,2023-12-22,2023-12-22,On-time
612875,512875,2024-01-24,2024-01-29,Delayed
612876,512876,2024-01-21,2024-01-20,On-time
612877,512877,2024-03-27,2024-03-28,On-time
612878,512878,2024-08-12,2024-08-13,On-time
612879,512879,2024-08-31,2024-08-30,On-time
612880,512880,2023-11-03,2023-11-06,Delayed
612881,512881,2024-08-20,2024-08-22,Delayed
612882,512882,2023-08-27,2023-08-29,Delayed
612883,512883,2023-09-09,2023-09-15,Delayed
612884,512884,2024-09-03,2024-09-03,On-time
612885,512885,2024-03-10,2024-03-11,On-time
612886,512886,2024-04-02,2024-04-07,Delayed
612887,512887,2024-01-09,2024-01-09,On-time
612888,512888,2024-06-02,2024-06-02,On-time
612889,512889,2024-02-11,2024-02-11,On-time
612890,512890,2023-11-11,2023-11-10,On-time
612891,512891,2024-05-06,2024-05-05,On-time
612892,512892,2024-06-19,2024-06-20,On-time
612893,512893,2023-11-22,2023-11-26,Delayed
612894,512894,2023-06-16,2023-06-20,Delayed
612895,512895,2024-07-11,2024-07-11,On-time
612896,512896,2024-01-30,2024-01-29,On-time
612897,512897,2024-04-03,\N,Failed
612898,512898,2023-12-30,2023-12-30,On-time
612899,512899,2023-09-23,2023-09-24,On-time
612900,512900,2024-05-18,2024-05-18,On-time
612901,512901,2024-08-25,2024-08-25,On-time
612902,512902,2024-06-30,2024-07-02,Delayed
612903,512903,2024-05-18,2024-05-18,On-time
612904,512904,2024-03-08,2024-03-07,On-time
612905,512905,2024-08-18,2024-08-19,On-time
612906,512906,2024-05-30,2024-05-29,On-time
612907,512907,2024-08-07,2024-08-08,On-time
612908,512908,2023-12-21,2023-12-21,On-time
612909,512909,2023-07-14,2023-07-14,On-time
612910,512910,2023-07-18,2023-07-21,Delayed
612911,512911,2023-12-07,2023-12-06,On-time
612912,512912,2024-07-21,2024-07-22,On-time
612913,512913,2024-02-16,2024-02-16,On-time
612914,512914,2024-05-23,2024-05-23,On-time
612915,512915,2023-09-23,2023-09-23,On-time
612916,512916,2024-04-30,2024-05-01,On-time
612917,512917,2024-08-20,2024-08-19,On-time
612918,512918,2023-10-13,2023-10-15,Delayed
612919,512919,2023-12-14,2023-12-13,On-time
612920,512920,2023-09-03,2023-09-02,On-time
612921,512921,2023-06-24,2023-06-24,On-time
612922,512922,2024-05-14,2024-05-15,On-time
612923,512923,2023-09-03,2023-09-03,On-time
612924,512924,2023-06-12,2023-06-14,Delayed
612925,512925,2024-05-17,\N,\N
612926,512926,2024-04-24,2024-04-28,Delayed
612927,512927,2023-07-15,\N,\N
612928,512928,2024-04-14,2024-04-14,On-time
612929,512929,2024-01-26,2024-01-27,On-time
612930,512930,2024-10-01,2024-10-06,Delayed
612931,512931,2023-06-21,\N,\N
612932,512932,2024-01-03,2024-01-03,On-time
612933,512933,2023-12-14,2023-12-13,On-time
612934,512934,2024-05-10,2024-05-11,On-time
612935,512935,2024-06-25,\N,\N
612936,512936,2024-07-01,2024-07-02,On-time
612937,512937,2024-01-31,\N,\N
612938,512938,2023-08-17,2023-08-17,On-time
612939,512939,2024-06-30,2024-07-02,Delayed
612940,512940,2024-09-24,2024-09-24,On-time
612941,512941,2024-02-26,2024-03-02,Delayed
612942,512942,2024-08-02,2024-08-08,Delayed
612943,512943,2023-09-14,\N,\N
612944,512944,2024-03-22,2024-03-22,On-time
612945,512945,2023-09-21,2023-09-22,On-time
612946,512946,2024-01-06,\N,Failed
612947,512947,2023-12-25,2023-12-26,On-time
612948,512948,2023-07-10,2023-07-14,Delayed
612949,512949,2024-01-29,2024-01-28,On-time
612950,512950,2024-09-25,2024-09-27,Delayed
612951,512951,2024-05-08,2024-05-09,On-time
612952,512952,2023-10-18,2023-10-17,On-time
612953,512953,2024-04-13,2024-04-14,On-time
612954,512954,2024-01-07,2024-01-09,Delayed
612955,512955,2024-07-09,2024-07-09,On-time
612956,512956,2024-01-13,2024-01-14,On-time
612957,512957,2023-12-18,2023-12-17,On-time
612958,512958,2023-08-28,\N,Failed
612959,512959,2024-01-01,2024-01-06,Delayed
612960,512960,2024-09-01,2024-08-31,On-time
612961,512961,2024-05-31,2024-06-01,On-time
612962,512962,2024-03-30,2024-04-04,Delayed
612963,512963,2023-10-02,2023-10-03,On-time
612964,512964,2023-07-18,2023-07-17,On-time
612965,512965,2023-08-18,2023-08-23,Delayed
612966,512966,2024-07-20,2024-07-21,On-time
612967,512967,2024-01-08,2024-01-08,On-time
612968,512968,2024-07-23,2024-07-28,Delayed
612969,512969,2024-10-04,2024-10-04,On-time
612970,512970,2023-10-05,2023-10-04,On-time
612971,512971,2024-08-20,2024-08-24,Delayed
612972,512972,2024-08-13,2024-08-13,On-time
612973,512973,2023-08-28,\N,Failed
612974,512974,2023-09-03,2023-09-04,On-time
612975,512975,2024-04-24,2024-04-26,Delayed
612976,512976,2023-11-07,2023-11-07,On-time
612977,512977,2024-09-04,\N,Failed
612978,512978,2023-09-15,2023-09-21,Delayed
612979,512979,2024-08-21,2024-08-21,On-time
612980,512980,2024-09-18,2024-09-19,On-time
612981,512981,2024-06-17,2024-06-21,Delayed
612982,512982,2024-05-30,2024-05-29,On-time
612983,512983,2023-09-07,2023-09-10,Delayed
612984,512984,2023-10-21,2023-10-26,Delayed
612985,512985,2023-09-16,2023-09-17,On-time
612986,512986,2024-06-27,2024-06-28,On-time
612987,512987,2024-05-31,2024-06-04,Delayed
612988,512988,2024-07-29,\N,\N
612989,512989,2024-04-01,2024-04-02,On-time
612990,512990,2023-08-03,2023-08-03,On-time
612991,512991,2023-07-30,2023-07-30,On-time
612992,512992,2024-01-03,2024-01-06,Delayed
612993,512993,2024-01-26,2024-01-25,On-time
612994,512994,2024-06-04,2024-06-05,On-time
612995,512995,2024-01-17,2024-01-23,Delayed
612996,512996,2023-12-06,2023-12-07,On-time
612997,512997,2024-07-05,2024-07-05,On-time
612998,512998,2024-03-20,2024-03-25,Delayed
612999,512999,2024-09-08,\N,Failed
613000,513000,2024-04-03,2024-04-04,On-time
613001,513001,2024-06-19,2024-06-18,On-time
613002,513002,2023-07-18,2023-07-23,Delayed
613003,513003,2024-03-14,2024-03-15,On-time
613004,513004,2023-09-29,2023-10-01,Delayed
613005,513005,2023-09-10,\N,Failed
613006,513006,2023-12-01,2023-12-02,On-time
613007,513007,2023-06-22,2023-06-21,On-time
613008,513008,2024-03-11,\N,Failed
613009,513009,2024-02-02,2024-02-01,On-time
613010,513010,2023-11-23,2023-11-24,On-time
613011,513011,2023-09-28,2023-09-27,On-time
613012,513012,2024-06-17,2024-06-17,On-time
613013,513013,2023-09-22,2023-09-23,On-time
613014,513014,2024-02-26,2024-02-27,On-time
613015,513015,2024-02-24,2024-02-27,Delayed
613016,513016,2024-03-14,2024-03-13,On-time
613017,513017,2024-07-17,2024-07-17,On-time
613018,513018,2023-07-28,\N,\N
613019,513019,2024-06-09,2024-06-10,On-time
613020,513020,2023-06-22,2023-06-23,On-time
613021,513021,2023-11-10,\N,Failed
613022,513022,2024-03-23,2024-03-22,On-time
613023,513023,2024-07-21,2024-07-27,Delayed
613024,513024,2023-08-11,2023-08-10,On-time
613025,513025,2023-11-05,2023-11-05,On-time
613026,513026,2024-06-03,2024-06-03,On-time
613027,513027,2024-07-05,2024-07-06,On-time
613028,513028,2023-07-22,2023-07-24,Delayed
613029,513029,2024-08-22,2024-08-22,On-time
613030,513030,2023-10-31,\N,\N
613031,513031,2024-04-02,\N,\N
613032,513032,2023-09-18,2023-09-17,On-time
613033,513033,2024-09-20,2024-09-21,On-time
613034,513034,2024-01-10,2024-01-11,On-time
613035,513035,2024-02-06,2024-02-09,Delayed
613036,513036,2023-07-24,2023-07-25,On-time
613037,513037,2024-02-13,2024-02-14,On-time
613038,513038,2024-06-14,2024-06-14,On-time
613039,513039,2023-12-06,2023-12-08,Delayed
613040,513040,2023-07-19,2023-07-20,On-time
613041,513041,2023-07-28,2023-08-03,Delayed
613042,513042,2024-03-07,2024-03-06,On-time
613043,513043,2024-07-29,\N,\N
613044,513044,2024-02-28,2024-02-29,On-time
613045,513045,2023-12-06,2023-12-07,On-time
613046,513046,2024-03-30,2024-04-05,Delayed
613047,513047,2023-06-13,2023-06-13,On-time
613048,513048,2023-07-18,2023-07-17,On-time
613049,513049,2023-06-25,2023-06-27,Delayed
613050,513050,2023-11-28,2023-11-28,On-time
613051,513051,2024-06-09,2024-06-10,On-time
613052,513052,2024-03-31,\N,\N
613053,513053,2023-08-27,\N,\N
613054,513054,2024-05-20,2024-05-21,On-time
613055,513055,2024-09-23,\N,Failed
613056,513056,2024-07-14,\N,Failed
613057,513057,2024-03-26,\N,\N
613058,513058,2023-09-08,2023-09-07,On-time
613059,513059,2023-12-23,2023-12-29,Delayed
613060,513060,2024-01-04,\N,Failed
613061,513061,2024-07-08,2024-07-09,On-time
613062,513062,2024-08-10,2024-08-11,On-time
613063,513063,2023-10-05,2023-10-09,Delayed
613064,513064,2023-11-19,2023-11-18,On-time
613065,513065,2024-08-20,\N,Failed
613066,513066,2024-05-13,2024-05-12,On-time
613067,513067,2024-08-26,2024-08-25,On-time
613068,513068,2023-10-02,2023-10-01,On-time
613069,513069,2023-09-03,\N,Failed
613070,513070,2024-04-24,\N,Failed
613071,513071,2023-11-02,2023-11-01,On-time
613072,513072,2024-09-25,2024-09-26,On-time
613073,513073,2024-02-01,2024-02-06,Delayed
613074,513074,2024-09-23,2024-09-22,On-time
613075,513075,2024-09-12,2024-09-18,Delayed
613076,513076,2024-01-04,2024-01-03,On-time
613077,513077,2023-10-14,2023-10-13,On-time
613078,513078,2023-10-23,2023-10-29,Delayed
613079,513079,2024-03-01,2024-03-06,Delayed
613080,513080,2023-12-01,\N,\N
613081,513081,2023-06-16,2023-06-19,Delayed
613082,513082,2023-08-02,2023-08-02,On-time
613083,513083,2024-02-15,2024-02-14,On-time
613084,513084,2024-05-17,2024-05-21,Delayed
613085,513085,2024-07-07,\N,Failed
613086,513086,2024-09-11,2024-09-14,Delayed
613087,513087,2023-08-15,2023-08-15,On-time
613088,513088,2023-10-17,2023-10-20,Delayed
613089,513089,2024-04-12,2024-04-13,On-time
613090,513090,2023-12-18,2023-12-17,On-time
613091,513091,2024-02-19,2024-02-22,Delayed
613092,513092,2023-10-20,2023-10-25,Delayed
613093,513093,2024-09-23,2024-09-23,On-time
613094,513094,2024-05-20,2024-05-19,On-time
613095,513095,2024-09-24,2024-09-29,Delayed
613096,513096,2024-08-03,2024-08-02,On-time
613097,513097,2023-09-15,2023-09-21,Delayed
613098,513098,2024-03-21,2024-03-22,On-time
613099,513099,2023-08-22,\N,\N
613100,513100,2024-06-17,2024-06-21,Delayed
613101,513101,2024-06-23,2024-06-24,On-time
613102,513102,2024-01-10,2024-01-15,Delayed
613103,513103,2024-05-18,2024-05-20,Delayed
613104,513104,2024-05-24,2024-05-23,On-time
613105,513105,2023-11-28,2023-12-02,Delayed
613106,513106,2024-06-02,2024-06-01,On-time
613107,513107,2023-10-29,2023-11-04,Delayed
613108,513108,2023-11-21,2023-11-20,On-time
613109,513109,2024-08-06,2024-08-06,On-time
613110,513110,2023-07-27,2023-07-28,On-time
613111,513111,2024-05-15,2024-05-15,On-time
613112,513112,2023-06-05,2023-06-05,On-time
613113,513113,2024-06-24,2024-06-26,Delayed
613114,513114,2023-06-20,2023-06-20,On-time
613115,513115,2024-02-11,\N,Failed
613116,513116,2023-10-20,2023-10-19,On-time
613117,513117,2024-10-02,2024-10-06,Delayed
613118,513118,2023-08-30,2023-09-05,Delayed
613119,513119,2024-06-02,2024-06-03,On-time
613120,513120,2024-01-27,2024-01-27,On-time
613121,513121,2024-01-10,2024-01-16,Delayed
613122,513122,2023-06-13,\N,\N
613123,513123,2023-11-04,\N,\N
613124,513124,2024-07-30,2024-07-29,On-time
613125,513125,2024-01-03,2024-01-02,On-time
613126,513126,2023-09-08,\N,Failed
613127,513127,2024-01-16,2024-01-15,On-time
613128,513128,2024-07-02,\N,\N
613129,513129,2024-08-07,2024-08-10,Delayed
613130,513130,2024-07-09,2024-07-08,On-time
613131,513131,2024-02-16,2024-02-15,On-time
613132,513132,2023-11-13,2023-11-12,On-time
613133,513133,2023-07-02,2023-07-05,Delayed
613134,513134,2023-09-05,2023-09-04,On-time
613135,513135,2023-10-15,\N,\N
613136,513136,2024-02-05,\N,\N
613137,513137,2024-03-19,2024-03-20,On-time
613138,513138,2023-10-09,\N,Failed
613139,513139,2024-05-16,2024-05-16,On-time
613140,513140,2024-08-23,2024-08-22,On-time
613141,513141,2024-07-08,2024-07-08,On-time
613142,513142,2023-10-16,\N,Failed
613143,513143,2024-10-01,\N,Failed
613144,513144,2024-04-25,\N,\N
613145,513145,2024-04-25,\N,Failed
613146,513146,2024-04-05,2024-04-04,On-time
613147,513147,2023-12-24,2023-12-26,Delayed
613148,513148,2023-07-01,2023-06-30,On-time
613149,513149,2023-10-19,\N,\N
613150,513150,2024-01-13,\N,\N
613151,513151,2024-07-26,\N,Failed
613152,513152,2023-12-29,2023-12-29,On-time
613153,513153,2023-11-16,\N,\N
613154,513154,2024-07-23,2024-07-25,Delayed
613155,513155,2023-12-17,2023-12-16,On-time
613156,513156,2024-06-03,2024-06-02,On-time
613157,513157,2024-01-28,2024-01-27,On-time
613158,513158,2024-03-12,2024-03-11,On-time
613159,513159,2024-05-23,2024-05-28,Delayed
613160,513160,2023-07-27,2023-07-27,On-time
613161,513161,2023-11-25,2023-12-01,Delayed
613162,513162,2023-11-26,\N,\N
613163,513163,2023-11-23,2023-11-23,On-time
613164,513164,2024-06-14,2024-06-16,Delayed
613165,513165,2024-05-18,2024-05-19,On-time
613166,513166,2024-04-21,\N,\N
613167,513167,2023-09-20,2023-09-20,On-time
613168,513168,2024-04-17,\N,Failed
613169,513169,2024-01-02,2024-01-02,On-time
613170,513170,2024-06-06,2024-06-09,Delayed
613171,513171,2023-07-18,2023-07-17,On-time
613172,513172,2024-02-06,2024-02-05,On-time
613173,513173,2023-08-05,2023-08-06,On-time
613174,513174,2023-12-29,\N,\N
613175,513175,2024-01-31,2024-01-31,On-time
613176,513176,2024-03-20,2024-03-20,On-time
613177,513177,2023-07-02,2023-07-05,Delayed
613178,513178,2024-06-18,2024-06-17,On-time
613179,513179,2024-08-10,2024-08-10,On-time
613180,513180,2024-09-14,2024-09-14,On-time
613181,513181,2024-08-28,2024-09-01,Delayed
613182,513182,2023-10-17,2023-10-16,On-time
613183,513183,2024-06-15,2024-06-15,On-time
613184,513184,2023-06-06,2023-06-12,Delayed
613185,513185,2024-05-31,2024-05-30,On-time
613186,513186,2023-07-05,2023-07-05,On-time
613187,513187,2024-04-16,2024-04-17,On-time
613188,513188,2024-08-14,2024-08-15,On-time
613189,513189,2023-08-21,2023-08-26,Delayed
613190,513190,2024-06-22,2024-06-21,On-time
613191,513191,2024-04-15,2024-04-19,Delayed
613192,513192,2024-01-17,2024-01-20,Delayed
613193,513193,2023-10-23,2023-10-22,On-time
613194,513194,2023-06-28,2023-06-27,On-time
613195,513195,2024-09-30,2024-09-29,On-time
613196,513196,2023-06-14,\N,Failed
613197,513197,2024-06-30,2024-07-01,On-time
613198,513198,2024-03-08,\N,\N
613199,513199,2023-07-24,2023-07-24,On-time
613200,513200,2024-05-21,\N,\N
613201,513201,2024-01-16,2024-01-16,On-time
613202,513202,2023-10-26,2023-10-26,On-time
613203,513203,2023-09-26,\N,\N
613204,513204,2024-07-01,2024-07-07,Delayed
613205,513205,2024-08-26,2024-08-27,On-time
613206,513206,2024-07-10,2024-07-15,Delayed
613207,513207,2023-08-19,2023-08-19,On-time
613208,513208,2024-08-11,\N,\N
613209,513209,2024-01-20,2024-01-19,On-time
613210,513210,2023-09-11,2023-09-14,Delayed
613211,513211,2023-08-24,2023-08-26,Delayed
613212,513212,2024-04-04,2024-04-05,On-time
613213,513213,2023-09-14,2023-09-14,On-time
613214,513214,2024-09-18,2024-09-17,On-time
613215,513215,2023-06-14,2023-06-19,Delayed
613216,513216,2023-10-02,2023-10-02,On-time
613217,513217,2024-08-28,2024-08-28,On-time
613218,513218,2024-05-02,\N,Failed
613219,513219,2023-08-03,2023-08-04,On-time
613220,513220,2024-05-08,2024-05-08,On-time
613221,513221,2023-07-22,2023-07-24,Delayed
613222,513222,2024-04-19,2024-04-20,On-time
613223,513223,2023-07-26,2023-07-28,Delayed
613224,513224,2024-09-26,2024-09-27,On-time
613225,513225,2023-08-27,2023-08-27,On-time
613226,513226,2023-08-11,2023-08-12,On-time
613227,513227,2024-09-05,2024-09-07,Delayed
613228,513228,2023-07-19,2023-07-19,On-time
613229,513229,2024-04-19,2024-04-22,Delayed
613230,513230,2023-11-20,2023-11-21,On-time
613231,513231,2024-03-01,\N,Failed
613232,513232,2024-04-20,2024-04-19,On-time
613233,513233,2024-09-07,2024-09-13,Delayed
613234,513234,2024-07-05,\N,\N
613235,513235,2024-07-01,\N,\N
613236,513236,2024-07-28,2024-07-30,Delayed
613237,513237,2024-03-12,2024-03-13,On-time
613238,513238,2023-08-13,2023-08-18,Delayed
613239,513239,2024-09-26,2024-09-29,Delayed
613240,513240,2023-10-10,2023-10-16,Delayed
613241,513241,2023-08-21,2023-08-20,On-time
613242,513242,2023-10-12,2023-10-13,On-time
613243,513243,2023-11-13,2023-11-12,On-time
613244,513244,2024-03-21,2024-03-20,On-time
613245,513245,2024-03-02,2024-03-03,On-time
613246,513246,2024-05-13,2024-05-12,On-time
613247,513247,2023-08-26,2023-08-25,On-time
613248,513248,2024-03-31,2024-03-31,On-time
613249,513249,2023-06-17,2023-06-17,On-time
613250,513250,2024-06-10,2024-06-15,Delayed
613251,513251,2023-12-04,2023-12-05,On-time
613252,513252,2024-04-16,2024-04-21,Delayed
613253,513253,2024-06-21,2024-06-21,On-time
613254,513254,2024-03-08,2024-03-10,Delayed
613255,513255,2024-03-20,2024-03-25,Delayed
613256,513256,2023-11-26,2023-11-27,On-time
613257,513257,2024-06-22,2024-06-22,On-time
613258,513258,2023-07-04,2023-07-04,On-time
613259,513259,2024-08-11,\N,Failed
613260,513260,2024-03-03,2024-03-02,On-time
613261,513261,2024-07-06,2024-07-06,On-time
613262,513262,2024-08-09,2024-08-08,On-time
613263,513263,2023-09-19,2023-09-25,Delayed
613264,513264,2023-07-28,2023-07-28,On-time
613265,513265,2023-07-28,2023-07-29,On-time
613266,513266,2024-04-20,\N,\N
613267,513267,2023-10-21,\N,\N
613268,513268,2024-01-27,2024-02-01,Delayed
613269,513269,2024-06-14,2024-06-20,Delayed
613270,513270,2023-12-30,2023-12-30,On-time
613271,513271,2024-07-22,\N,\N
613272,513272,2023-11-23,\N,\N
613273,513273,2024-07-26,2024-07-25,On-time
613274,513274,2024-09-04,2024-09-05,On-time
613275,513275,2024-06-05,2024-06-05,On-time
613276,513276,2023-09-24,2023-09-23,On-time
613277,513277,2024-07-11,2024-07-10,On-time
613278,513278,2023-11-13,\N,Failed
613279,513279,2024-03-31,2024-03-30,On-time
613280,513280,2023-08-29,2023-08-29,On-time
613281,513281,2024-09-21,2024-09-20,On-time
613282,513282,2023-08-02,2023-08-02,On-time
613283,513283,2023-07-06,\N,Failed
613284,513284,2024-01-11,2024-01-12,On-time
613285,513285,2024-01-06,\N,Failed
613286,513286,2024-08-09,\N,\N
613287,513287,2024-01-10,2024-01-13,Delayed
613288,513288,2024-07-13,2024-07-13,On-time
613289,513289,2023-10-22,2023-10-25,Delayed
613290,513290,2024-04-28,2024-04-28,On-time
613291,513291,2024-01-17,2024-01-17,On-time
613292,513292,2023-11-05,2023-11-07,Delayed
613293,513293,2023-09-06,2023-09-06,On-time
613294,513294,2024-07-28,2024-07-29,On-time
613295,513295,2023-09-07,2023-09-08,On-time
613296,513296,2024-08-24,2024-08-24,On-time
613297,513297,2023-09-02,\N,Failed
613298,513298,2024-01-02,2024-01-02,On-time
613299,513299,2024-08-24,2024-08-25,On-time
613300,513300,2024-04-18,\N,\N
613301,513301,2024-09-14,2024-09-18,Delayed
613302,513302,2023-10-24,2023-10-26,Delayed
613303,513303,2024-08-21,2024-08-22,On-time
613304,513304,2024-09-07,2024-09-07,On-time
613305,513305,2023-10-08,2023-10-07,On-time
613306,513306,2023-10-09,2023-10-09,On-time
613307,513307,2024-06-19,\N,\N
613308,513308,2024-01-23,\N,\N
613309,513309,2024-03-01,2024-02-29,On-time
613310,513310,2024-03-08,\N,Failed
613311,513311,2024-08-10,2024-08-09,On-time
613312,513312,2024-06-14,2024-06-20,Delayed
613313,513313,2024-04-22,2024-04-21,On-time
613314,513314,2023-12-31,2024-01-05,Delayed
613315,513315,2024-07-02,2024-07-01,On-time
613316,513316,2024-04-12,2024-04-11,On-time
613317,513317,2024-08-30,2024-08-30,On-time
613318,513318,2024-10-01,2024-10-01,On-time
613319,513319,2024-06-04,2024-06-05,On-time
613320,513320,2023-07-19,\N,Failed
613321,513321,2023-12-24,2023-12-24,On-time
613322,513322,2024-01-29,\N,\N
613323,513323,2024-07-30,2024-07-30,On-time
613324,513324,2023-10-05,2023-10-04,On-time
613325,513325,2023-12-20,\N,Failed
613326,513326,2023-08-29,2023-08-28,On-time
613327,513327,2023-12-08,2023-12-08,On-time
613328,513328,2024-02-03,2024-02-05,Delayed
613329,513329,2024-07-13,2024-07-12,On-time
613330,513330,2024-07-01,2024-06-30,On-time
613331,513331,2024-05-14,\N,\N
613332,513332,2024-01-11,2024-01-10,On-time
613333,513333,2023-09-12,2023-09-11,On-time
613334,513334,2024-08-15,2024-08-14,On-time
613335,513335,2023-10-06,2023-10-09,Delayed
613336,513336,2024-09-03,2024-09-03,On-time
613337,513337,2023-06-19,2023-06-20,On-time
613338,513338,2023-10-11,2023-10-10,On-time
613339,513339,2024-03-15,2024-03-15,On-time
613340,513340,2024-10-02,2024-10-03,On-time
613341,513341,2023-07-08,2023-07-09,On-time
613342,513342,2024-08-18,2024-08-18,On-time
613343,513343,2024-02-18,2024-02-17,On-time
613344,513344,2024-05-29,2024-05-30,On-time
613345,513345,2023-09-30,2023-09-30,On-time
613346,513346,2024-03-11,2024-03-12,On-time
613347,513347,2024-01-31,2024-01-30,On-time
613348,513348,2023-09-10,2023-09-09,On-time
613349,513349,2024-08-02,2024-08-05,Delayed
613350,513350,2024-06-04,2024-06-05,On-time
613351,513351,2024-06-23,2024-06-24,On-time
613352,513352,2024-10-03,2024-10-03,On-time
613353,513353,2024-03-27,2024-03-26,On-time
613354,513354,2024-08-28,2024-08-27,On-time
613355,513355,2024-09-29,2024-09-28,On-time
613356,513356,2023-12-14,2023-12-14,On-time
613357,513357,2023-09-23,2023-09-23,On-time
613358,513358,2023-06-14,2023-06-13,On-time
613359,513359,2024-05-18,2024-05-17,On-time
613360,513360,2024-03-10,2024-03-16,Delayed
613361,513361,2023-11-08,\N,\N
613362,513362,2024-01-15,\N,\N
613363,513363,2023-09-12,2023-09-13,On-time
613364,513364,2024-04-13,2024-04-19,Delayed
613365,513365,2024-07-30,2024-07-31,On-time
613366,513366,2024-02-29,2024-02-28,On-time
613367,513367,2024-01-18,2024-01-17,On-time
613368,513368,2024-09-18,2024-09-24,Delayed
613369,513369,2023-06-11,2023-06-15,Delayed
613370,513370,2024-06-29,2024-07-04,Delayed
613371,513371,2024-03-18,2024-03-22,Delayed
613372,513372,2023-11-02,\N,\N
613373,513373,2023-12-14,2023-12-14,On-time
613374,513374,2024-04-19,2024-04-18,On-time
613375,513375,2024-01-01,2024-01-01,On-time
613376,513376,2024-09-21,2024-09-20,On-time
613377,513377,2023-11-07,2023-11-08,On-time
613378,513378,2024-09-26,2024-09-26,On-time
613379,513379,2023-09-08,\N,\N
613380,513380,2024-04-02,\N,Failed
613381,513381,2023-10-31,2023-11-01,On-time
613382,513382,2024-09-06,2024-09-05,On-time
613383,513383,2023-08-12,2023-08-11,On-time
613384,513384,2023-09-19,2023-09-18,On-time
613385,513385,2024-07-23,2024-07-26,Delayed
613386,513386,2024-03-18,2024-03-19,On-time
613387,513387,2024-07-22,2024-07-21,On-time
613388,513388,2024-04-27,2024-04-27,On-time
613389,513389,2024-06-07,2024-06-08,On-time
613390,513390,2023-10-25,2023-10-25,On-time
613391,513391,2024-09-20,2024-09-21,On-time
613392,513392,2024-03-23,\N,\N
613393,513393,2023-06-11,2023-06-12,On-time
613394,513394,2024-02-15,2024-02-14,On-time
613395,513395,2023-10-18,2023-10-19,On-time
613396,513396,2024-08-31,2024-09-06,Delayed
613397,513397,2023-12-25,2023-12-24,On-time
613398,513398,2024-05-31,2024-06-05,Delayed
613399,513399,2024-07-22,2024-07-27,Delayed
613400,513400,2024-03-13,2024-03-17,Delayed
613401,513401,2023-12-21,2023-12-20,On-time
613402,513402,2023-09-24,2023-09-29,Delayed
613403,513403,2024-03-06,2024-03-05,On-time
613404,513404,2024-03-10,2024-03-10,On-time
613405,513405,2023-06-20,\N,Failed
613406,513406,2023-10-03,2023-10-02,On-time
613407,513407,2024-05-08,\N,\N
613408,513408,2024-05-08,2024-05-09,On-time
613409,513409,2024-04-10,2024-04-09,On-time
613410,513410,2024-09-27,\N,Failed
613411,513411,2024-07-23,2024-07-22,On-time
613412,513412,2023-10-24,2023-10-23,On-time
613413,513413,2023-11-21,2023-11-21,On-time
613414,513414,2023-06-17,\N,\N
613415,513415,2023-07-26,2023-07-26,On-time
613416,513416,2024-05-06,2024-05-05,On-time
613417,513417,2023-09-13,2023-09-12,On-time
613418,513418,2024-02-02,2024-02-01,On-time
613419,513419,2024-03-21,2024-03-22,On-time
613420,513420,2024-09-11,2024-09-12,On-time
613421,513421,2024-09-16,2024-09-17,On-time
613422,513422,2024-06-08,2024-06-07,On-time
613423,513423,2024-04-16,\N,Failed
613424,513424,2023-07-23,2023-07-25,Delayed
613425,513425,2024-06-30,2024-07-01,On-time
613426,513426,2024-04-18,2024-04-18,On-time
613427,513427,2023-07-01,2023-07-01,On-time
613428,513428,2023-07-02,2023-07-03,On-time
613429,513429,2024-09-27,2024-09-26,On-time
613430,513430,2023-11-21,2023-11-22,On-time
613431,513431,2024-05-30,2024-05-31,On-time
613432,513432,2023-09-05,2023-09-05,On-time
613433,513433,2024-06-18,2024-06-19,On-time
613434,513434,2024-05-07,2024-05-07,On-time
613435,513435,2024-06-22,2024-06-22,On-time
613436,513436,2024-09-09,2024-09-10,On-time
613437,513437,2024-03-03,2024-03-04,On-time
613438,513438,2024-01-20,2024-01-21,On-time
613439,513439,2023-12-13,2023-12-18,Delayed
613440,513440,2023-06-17,\N,Failed
613441,513441,2024-04-02,2024-04-03,On-time
613442,513442,2023-12-25,2023-12-26,On-time
613443,513443,2023-08-01,2023-08-01,On-time
613444,513444,2024-07-06,2024-07-09,Delayed
613445,513445,2023-11-21,2023-11-22,On-time
613446,513446,2023-07-29,2023-08-04,Delayed
613447,513447,2023-12-17,2023-12-16,On-time
613448,513448,2024-03-20,\N,\N
613449,513449,2024-05-27,2024-05-27,On-time
613450,513450,2024-01-29,2024-01-30,On-time
613451,513451,2023-12-23,2023-12-28,Delayed
613452,513452,2024-09-09,2024-09-09,On-time
613453,513453,2024-04-08,2024-04-07,On-time
613454,513454,2023-09-21,2023-09-22,On-time
613455,513455,2024-06-25,2024-06-24,On-time
613456,513456,2024-04-14,2024-04-14,On-time
613457,513457,2023-09-03,2023-09-02,On-time
613458,513458,2024-09-15,2024-09-16,On-time
613459,513459,2023-10-20,2023-10-20,On-time
613460,513460,2024-07-06,2024-07-06,On-time
613461,513461,2024-02-18,2024-02-17,On-time
613462,513462,2024-01-22,2024-01-21,On-time
613463,513463,2023-12-04,2023-12-07,Delayed
613464,513464,2024-09-21,2024-09-22,On-time
613465,513465,2024-05-16,2024-05-15,On-time
613466,513466,2023-08-04,2023-08-06,Delayed
613467,513467,2024-10-04,2024-10-05,On-time
613468,513468,2024-07-03,\N,Failed
613469,513469,2024-03-16,2024-03-15,On-time
613470,513470,2024-06-27,2024-06-30,Delayed
613471,513471,2023-07-22,2023-07-23,On-time
613472,513472,2023-10-22,2023-10-27,Delayed
613473,513473,2023-09-23,2023-09-23,On-time
613474,513474,2023-09-08,2023-09-08,On-time
613475,513475,2024-05-11,2024-05-10,On-time
613476,513476,2023-12-23,2023-12-23,On-time
613477,513477,2024-04-02,2024-04-03,On-time
613478,513478,2024-07-06,2024-07-10,Delayed
613479,513479,2024-07-16,2024-07-20,Delayed
613480,513480,2024-03-22,2024-03-21,On-time
613481,513481,2023-07-28,2023-07-31,Delayed
613482,513482,2023-09-28,2023-09-28,On-time
613483,513483,2023-10-03,2023-10-02,On-time
613484,513484,2024-05-20,2024-05-20,On-time
613485,513485,2024-01-23,2024-01-24,On-time
613486,513486,2024-06-23,2024-06-26,Delayed
613487,513487,2024-01-04,2024-01-03,On-time
613488,513488,2024-09-13,2024-09-13,On-time
613489,513489,2023-10-04,2023-10-03,On-time
613490,513490,2024-04-13,2024-04-13,On-time
613491,513491,2023-12-11,2023-12-13,Delayed
613492,513492,2024-06-13,2024-06-13,On-time
613493,513493,2024-04-17,2024-04-18,On-time
613494,513494,2024-04-19,2024-04-20,On-time
613495,513495,2023-10-12,2023-10-12,On-time
613496,513496,2024-06-21,2024-06-20,On-time
613497,513497,2023-12-19,2023-12-21,Delayed
613498,513498,2024-05-25,2024-05-31,Delayed
613499,513499,2024-05-14,2024-05-18,Delayed
613500,513500,2023-09-01,\N,\N
613501,513501,2024-04-04,2024-04-04,On-time
613502,513502,2024-07-18,2024-07-23,Delayed
613503,513503,2023-09-10,2023-09-11,On-time
613504,513504,2024-03-03,2024-03-02,On-time
613505,513505,2023-06-20,2023-06-21,On-time
613506,513506,2024-06-07,2024-06-06,On-time
613507,513507,2023-12-11,2023-12-12,On-time
613508,513508,2023-07-17,2023-07-18,On-time
613509,513509,2023-08-14,2023-08-13,On-time
613510,513510,2023-08-11,2023-08-10,On-time
613511,513511,2023-09-23,\N,\N
613512,513512,2024-06-29,\N,\N
613513,513513,2023-08-21,\N,\N
613514,513514,2023-06-17,\N,\N
613515,513515,2024-06-30,2024-06-29,On-time
613516,513516,2023-10-02,\N,\N
613517,513517,2024-07-04,2024-07-03,On-time
613518,513518,2023-07-11,2023-07-12,On-time
613519,513519,2024-08-21,2024-08-22,On-time
613520,513520,2023-08-17,2023-08-16,On-time
613521,513521,2024-09-16,\N,\N
613522,513522,2024-08-12,2024-08-11,On-time
613523,513523,2024-01-07,2024-01-08,On-time
613524,513524,2024-09-10,2024-09-11,On-time
613525,513525,2023-11-03,2023-11-04,On-time
613526,513526,2024-02-24,2024-02-27,Delayed
613527,513527,2023-07-01,2023-07-01,On-time
613528,513528,2023-08-25,2023-08-24,On-time
613529,513529,2024-03-02,2024-03-02,On-time
613530,513530,2023-12-31,2024-01-02,Delayed
613531,513531,2024-02-28,2024-02-27,On-time
613532,513532,2024-01-21,2024-01-22,On-time
613533,513533,2024-06-15,2024-06-14,On-time
613534,513534,2023-08-19,2023-08-24,Delayed
613535,513535,2024-09-18,2024-09-21,Delayed
613536,513536,2024-04-19,\N,\N
613537,513537,2024-10-01,2024-10-02,On-time
613538,513538,2024-09-23,2024-09-26,Delayed
613539,513539,2023-07-05,2023-07-05,On-time
613540,513540,2023-10-29,2023-11-03,Delayed
613541,513541,2024-07-20,2024-07-20,On-time
613542,513542,2024-09-02,\N,Failed
613543,513543,2023-11-17,2023-11-16,On-time
613544,513544,2023-11-03,2023-11-07,Delayed
613545,513545,2024-03-23,2024-03-23,On-time
613546,513546,2024-08-07,2024-08-07,On-time
613547,513547,2024-03-11,2024-03-15,Delayed
613548,513548,2023-07-07,\N,\N
613549,513549,2023-07-27,2023-07-27,On-time
613550,513550,2024-06-09,\N,\N
613551,513551,2024-02-28,2024-02-27,On-time
613552,513552,2024-02-05,2024-02-05,On-time
613553,513553,2023-08-28,\N,\N
613554,513554,2024-03-10,2024-03-11,On-time
613555,513555,2023-07-10,2023-07-10,On-time
613556,513556,2023-06-08,2023-06-09,On-time
613557,513557,2023-06-17,2023-06-16,On-time
613558,513558,2024-02-17,\N,Failed
613559,513559,2024-02-12,2024-02-13,On-time
613560,513560,2024-02-05,2024-02-04,On-time
613561,513561,2024-07-27,2024-07-29,Delayed
613562,513562,2024-03-06,\N,Failed
613563,513563,2023-07-12,2023-07-14,Delayed
613564,513564,2024-09-02,2024-09-02,On-time
613565,513565,2024-01-11,2024-01-11,On-time
613566,513566,2024-09-02,\N,Failed
613567,513567,2023-06-08,\N,\N
613568,513568,2024-05-27,\N,Failed
613569,513569,2023-10-14,2023-10-13,On-time
613570,513570,2024-08-22,2024-08-28,Delayed
613571,513571,2023-07-21,2023-07-27,Delayed
613572,513572,2024-05-17,\N,Failed
613573,513573,2024-03-15,2024-03-16,On-time
613574,513574,2023-08-23,2023-08-23,On-time
613575,513575,2023-11-04,2023-11-05,On-time
613576,513576,2024-08-23,2024-08-24,On-time
613577,513577,2023-12-13,\N,Failed
613578,513578,2023-09-04,2023-09-05,On-time
613579,513579,2024-07-24,2024-07-23,On-time
613580,513580,2023-10-12,2023-10-16,Delayed
613581,513581,2024-05-13,2024-05-13,On-time
613582,513582,2023-06-10,2023-06-09,On-time
613583,513583,2023-07-29,2023-07-28,On-time
613584,513584,2023-11-29,2023-12-02,Delayed
613585,513585,2023-08-10,2023-08-09,On-time
613586,513586,2023-09-11,2023-09-11,On-time
613587,513587,2023-07-28,2023-07-28,On-time
613588,513588,2024-06-24,2024-06-24,On-time
613589,513589,2024-08-01,2024-08-04,Delayed
613590,513590,2024-04-18,\N,\N
613591,513591,2024-08-05,2024-08-04,On-time
613592,513592,2024-01-20,2024-01-21,On-time
613593,513593,2024-01-14,2024-01-14,On-time
613594,513594,2024-06-27,2024-06-30,Delayed
613595,513595,2024-08-08,2024-08-12,Delayed
613596,513596,2023-10-09,2023-10-12,Delayed
613597,513597,2024-06-06,2024-06-08,Delayed
613598,513598,2023-08-26,2023-08-25,On-time
613599,513599,2023-06-27,2023-06-26,On-time
613600,513600,2024-08-09,2024-08-10,On-time
613601,513601,2024-05-28,2024-05-28,On-time
613602,513602,2024-09-25,2024-09-25,On-time
613603,513603,2023-06-18,2023-06-17,On-time
613604,513604,2024-07-27,2024-07-31,Delayed
613605,513605,2023-12-12,2023-12-11,On-time
613606,513606,2023-10-29,2023-10-28,On-time
613607,513607,2024-07-17,2024-07-17,On-time
613608,513608,2023-08-17,\N,\N
613609,513609,2023-06-11,2023-06-17,Delayed
613610,513610,2023-11-14,2023-11-13,On-time
613611,513611,2023-06-06,2023-06-05,On-time
613612,513612,2023-11-21,2023-11-22,On-time
613613,513613,2024-05-01,2024-05-04,Delayed
613614,513614,2023-09-14,\N,\N
613615,513615,2024-03-25,2024-03-26,On-time
613616,513616,2024-05-04,2024-05-07,Delayed
613617,513617,2024-01-30,2024-02-04,Delayed
613618,513618,2023-09-11,2023-09-10,On-time
613619,513619,2023-07-22,2023-07-23,On-time
613620,513620,2024-01-04,2024-01-04,On-time
613621,513621,2024-05-09,2024-05-14,Delayed
613622,513622,2024-03-25,2024-03-26,On-time
613623,513623,2023-10-08,2023-10-08,On-time
613624,513624,2024-10-03,2024-10-04,On-time
613625,513625,2023-10-26,2023-10-27,On-time
613626,513626,2024-09-14,2024-09-18,Delayed
613627,513627,2023-06-11,2023-06-10,On-time
613628,513628,2023-11-10,2023-11-11,On-time
613629,513629,2023-08-13,2023-08-13,On-time
613630,513630,2024-03-21,2024-03-21,On-time
613631,513631,2023-11-07,2023-11-08,On-time
613632,513632,2024-05-23,\N,Failed
613633,513633,2024-02-25,2024-02-25,On-time
613634,513634,2024-08-30,2024-09-02,Delayed
613635,513635,2024-05-29,2024-05-29,On-time
613636,513636,2024-05-14,\N,Failed
613637,513637,2024-02-12,2024-02-11,On-time
613638,513638,2023-10-29,2023-11-03,Delayed
613639,513639,2024-05-03,2024-05-02,On-time
613640,513640,2024-07-21,\N,Failed
613641,513641,2024-05-29,2024-05-29,On-time
613642,513642,2024-09-15,2024-09-19,Delayed
613643,513643,2023-06-19,2023-06-19,On-time
613644,513644,2023-08-23,2023-08-26,Delayed
613645,513645,2023-10-18,2023-10-24,Delayed
613646,513646,2024-06-02,2024-06-02,On-time
613647,513647,2023-06-13,2023-06-12,On-time
613648,513648,2024-01-20,2024-01-21,On-time
613649,513649,2024-08-31,2024-08-30,On-time
613650,513650,2024-09-12,2024-09-13,On-time
613651,513651,2024-07-06,2024-07-12,Delayed
613652,513652,2023-08-28,2023-08-27,On-time
613653,513653,2024-04-23,2024-04-24,On-time
613654,513654,2024-01-27,\N,Failed
613655,513655,2023-12-08,2023-12-07,On-time
613656,513656,2024-03-05,2024-03-05,On-time
613657,513657,2023-10-04,2023-10-07,Delayed
613658,513658,2023-08-16,2023-08-19,Delayed
613659,513659,2024-02-26,2024-02-25,On-time
613660,513660,2024-06-21,2024-06-20,On-time
613661,513661,2023-10-15,2023-10-14,On-time
613662,513662,2023-07-18,2023-07-19,On-time
613663,513663,2023-10-29,2023-10-29,On-time
613664,513664,2023-06-22,2023-06-23,On-time
613665,513665,2024-02-05,2024-02-08,Delayed
613666,513666,2024-09-27,2024-09-27,On-time
613667,513667,2024-07-24,2024-07-23,On-time
613668,513668,2024-05-04,2024-05-03,On-time
613669,513669,2024-03-07,2024-03-09,Delayed
613670,513670,2023-11-28,2023-11-29,On-time
613671,513671,2024-03-01,2024-03-03,Delayed
613672,513672,2024-05-05,2024-05-11,Delayed
613673,513673,2024-01-24,2024-01-24,On-time
613674,513674,2023-07-23,2023-07-23,On-time
613675,513675,2024-01-26,2024-01-28,Delayed
613676,513676,2024-05-01,2024-04-30,On-time
613677,513677,2023-06-13,2023-06-12,On-time
613678,513678,2024-03-09,2024-03-08,On-time
613679,513679,2024-04-04,2024-04-05,On-time
613680,513680,2024-01-13,2024-01-14,On-time
613681,513681,2024-07-23,2024-07-24,On-time
613682,513682,2023-12-31,2024-01-03,Delayed
613683,513683,2024-07-28,2024-07-29,On-time
613684,513684,2023-07-04,2023-07-04,On-time
613685,513685,2024-05-05,2024-05-09,Delayed
613686,513686,2024-01-06,2024-01-06,On-time
613687,513687,2023-12-29,\N,Failed
613688,513688,2024-03-07,2024-03-07,On-time
613689,513689,2023-10-04,2023-10-04,On-time
613690,513690,2024-05-08,2024-05-07,On-time
613691,513691,2024-09-06,2024-09-05,On-time
613692,513692,2023-10-07,2023-10-08,On-time
613693,513693,2024-09-04,2024-09-04,On-time
613694,513694,2024-03-16,2024-03-18,Delayed
613695,513695,2023-06-17,2023-06-16,On-time
613696,513696,2024-03-20,2024-03-19,On-time
613697,513697,2024-07-18,\N,Failed
613698,513698,2023-12-21,2023-12-26,Delayed
613699,513699,2024-09-26,2024-09-26,On-time
613700,513700,2023-09-27,\N,\N
613701,513701,2024-05-30,2024-05-29,On-time
613702,513702,2024-07-20,2024-07-19,On-time
613703,513703,2023-11-20,2023-11-19,On-time
613704,513704,2023-09-17,2023-09-17,On-time
613705,513705,2023-10-23,2023-10-22,On-time
613706,513706,2023-09-09,2023-09-08,On-time
613707,513707,2024-02-07,2024-02-06,On-time
613708,513708,2024-07-18,2024-07-18,On-time
613709,513709,2023-10-22,2023-10-23,On-time
613710,513710,2023-11-05,2023-11-07,Delayed
613711,513711,2023-09-14,\N,Failed
613712,513712,2023-08-07,2023-08-06,On-time
613713,513713,2024-05-10,2024-05-09,On-time
613714,513714,2023-06-13,2023-06-14,On-time
613715,513715,2024-02-05,2024-02-04,On-time
613716,513716,2024-01-19,2024-01-18,On-time
613717,513717,2024-02-25,2024-02-26,On-time
613718,513718,2024-01-24,2024-01-25,On-time
613719,513719,2023-07-07,2023-07-07,On-time
613720,513720,2023-09-12,\N,Failed
613721,513721,2024-02-10,\N,\N
613722,513722,2024-08-05,2024-08-11,Delayed
613723,513723,2024-08-02,2024-08-01,On-time
613724,513724,2023-10-11,2023-10-15,Delayed
613725,513725,2023-06-25,\N,Failed
613726,513726,2024-08-26,2024-08-27,On-time
613727,513727,2024-04-29,2024-04-29,On-time
613728,513728,2024-05-07,2024-05-09,Delayed
613729,513729,2024-07-28,2024-07-28,On-time
613730,513730,2024-08-30,2024-08-29,On-time
613731,513731,2024-07-20,2024-07-19,On-time
613732,513732,2024-05-21,\N,\N
613733,513733,2023-10-31,2023-10-30,On-time
613734,513734,2023-06-06,2023-06-06,On-time
613735,513735,2024-08-20,2024-08-19,On-time
613736,513736,2024-05-31,2024-06-04,Delayed
613737,513737,2024-09-01,2024-09-07,Delayed
613738,513738,2023-08-06,2023-08-08,Delayed
613739,513739,2024-01-17,2024-01-21,Delayed
613740,513740,2024-09-25,2024-09-25,On-time
613741,513741,2024-03-04,2024-03-04,On-time
613742,513742,2023-08-25,2023-08-25,On-time
613743,513743,2024-05-23,\N,Failed
613744,513744,2024-03-21,2024-03-21,On-time
613745,513745,2023-08-29,2023-08-29,On-time
613746,513746,2024-07-03,2024-07-05,Delayed
613747,513747,2023-09-24,\N,\N
613748,513748,2023-09-27,2023-09-27,On-time
613749,513749,2024-09-27,\N,Failed
613750,513750,2023-09-28,\N,Failed
613751,513751,2023-07-04,2023-07-05,On-time
613752,513752,2024-04-21,2024-04-21,On-time
613753,513753,2023-10-12,2023-10-13,On-time
613754,513754,2024-07-09,2024-07-09,On-time
613755,513755,2023-08-12,2023-08-12,On-time
613756,513756,2024-07-26,2024-07-29,Delayed
613757,513757,2023-08-11,\N,\N
613758,513758,2023-12-21,2023-12-24,Delayed
613759,513759,2023-10-01,2023-10-01,On-time
613760,513760,2024-09-07,2024-09-06,On-time
613761,513761,2023-11-18,2023-11-19,On-time
613762,513762,2024-02-18,2024-02-18,On-time
613763,513763,2024-02-17,2024-02-18,On-time
613764,513764,2023-08-11,2023-08-10,On-time
613765,513765,2024-04-26,2024-05-02,Delayed
613766,513766,2024-07-01,2024-07-04,Delayed
613767,513767,2023-08-07,2023-08-07,On-time
613768,513768,2024-01-08,2024-01-13,Delayed
613769,513769,2024-06-23,2024-06-24,On-time
613770,513770,2023-06-11,2023-06-11,On-time
613771,513771,2023-12-23,2023-12-22,On-time
613772,513772,2023-08-24,2023-08-25,On-time
613773,513773,2023-09-22,\N,\N
613774,513774,2023-11-26,2023-11-25,On-time
613775,513775,2023-08-31,2023-08-31,On-time
613776,513776,2023-10-04,2023-10-05,On-time
613777,513777,2023-12-29,2023-12-28,On-time
613778,513778,2024-09-21,2024-09-22,On-time
613779,513779,2023-07-31,2023-07-30,On-time
613780,513780,2024-08-20,\N,Failed
613781,513781,2024-07-19,2024-07-19,On-time
613782,513782,2023-09-20,2023-09-20,On-time
613783,513783,2023-12-08,2023-12-07,On-time
613784,513784,2024-05-15,2024-05-14,On-time
613785,513785,2023-09-15,2023-09-17,Delayed
613786,513786,2023-11-12,2023-11-11,On-time
613787,513787,2024-02-15,2024-02-16,On-time
613788,513788,2024-09-14,2024-09-13,On-time
613789,513789,2024-08-26,2024-08-26,On-time
613790,513790,2024-08-05,2024-08-06,On-time
613791,513791,2024-04-02,2024-04-06,Delayed
613792,513792,2024-02-07,2024-02-07,On-time
613793,513793,2024-03-18,2024-03-17,On-time
613794,513794,2023-08-27,2023-09-02,Delayed
613795,513795,2024-08-12,2024-08-12,On-time
613796,513796,2023-10-05,2023-10-05,On-time
613797,513797,2023-11-04,2023-11-05,On-time
613798,513798,2023-07-25,2023-07-24,On-time
613799,513799,2024-01-28,2024-01-29,On-time
613800,513800,2024-03-17,2024-03-18,On-time
613801,513801,2024-08-04,2024-08-09,Delayed
613802,513802,2023-07-31,2023-07-30,On-time
613803,513803,2024-06-13,2024-06-13,On-time
613804,513804,2023-11-23,2023-11-22,On-time
613805,513805,2023-10-25,2023-10-24,On-time
613806,513806,2023-10-15,\N,Failed
613807,513807,2024-05-26,2024-05-27,On-time
613808,513808,2023-10-02,2023-10-03,On-time
613809,513809,2023-11-28,2023-12-02,Delayed
613810,513810,2023-10-14,2023-10-13,On-time
613811,513811,2024-02-11,2024-02-12,On-time
613812,513812,2023-12-18,\N,\N
613813,513813,2024-07-08,2024-07-09,On-time
613814,513814,2023-06-10,2023-06-12,Delayed
613815,513815,2024-05-04,2024-05-03,On-time
613816,513816,2024-04-01,2024-04-02,On-time
613817,513817,2024-08-03,\N,\N
613818,513818,2023-12-31,2023-12-31,On-time
613819,513819,2023-12-15,2023-12-18,Delayed
613820,513820,2023-06-05,2023-06-09,Delayed
613821,513821,2024-03-06,\N,Failed
613822,513822,2023-12-28,2023-12-30,Delayed
613823,513823,2023-12-27,2023-12-27,On-time
613824,513824,2023-06-22,2023-06-22,On-time
613825,513825,2023-09-08,2023-09-09,On-time
613826,513826,2023-07-12,2023-07-17,Delayed
613827,513827,2023-10-07,2023-10-07,On-time
613828,513828,2024-03-17,2024-03-17,On-time
613829,513829,2023-12-11,2023-12-11,On-time
613830,513830,2024-02-06,2024-02-08,Delayed
613831,513831,2023-12-04,2023-12-03,On-time
613832,513832,2023-08-13,2023-08-14,On-time
613833,513833,2023-12-23,2023-12-23,On-time
613834,513834,2023-11-06,\N,\N
613835,513835,2024-09-14,2024-09-20,Delayed
613836,513836,2024-07-31,2024-07-30,On-time
613837,513837,2024-01-21,2024-01-20,On-time
613838,513838,2024-01-03,2024-01-09,Delayed
613839,513839,2023-10-15,2023-10-14,On-time
613840,513840,2024-05-28,2024-05-29,On-time
613841,513841,2023-10-24,\N,\N
613842,513842,2024-08-11,2024-08-11,On-time
613843,513843,2023-07-13,2023-07-12,On-time
613844,513844,2024-08-16,2024-08-17,On-time
613845,513845,2023-12-01,2023-12-01,On-time
613846,513846,2024-07-31,2024-08-01,On-time
613847,513847,2023-10-21,2023-10-20,On-time
613848,513848,2024-05-11,2024-05-10,On-time
613849,513849,2023-09-14,2023-09-15,On-time
613850,513850,2023-06-05,2023-06-06,On-time
613851,513851,2024-09-13,2024-09-14,On-time
613852,513852,2024-01-25,2024-01-24,On-time
613853,513853,2023-11-19,2023-11-19,On-time
613854,513854,2023-12-08,2023-12-07,On-time
613855,513855,2024-01-22,2024-01-21,On-time
613856,513856,2024-02-22,2024-02-22,On-time
613857,513857,2023-12-27,2023-12-27,On-time
613858,513858,2023-07-28,2023-07-28,On-time
613859,513859,2023-06-19,2023-06-19,On-time
613860,513860,2024-03-07,2024-03-08,On-time
613861,513861,2024-01-14,\N,\N
613862,513862,2023-08-30,2023-08-30,On-time
613863,513863,2024-04-29,2024-04-28,On-time
613864,513864,2023-12-20,2023-12-19,On-time
613865,513865,2023-12-21,2023-12-23,Delayed
613866,513866,2024-08-20,2024-08-19,On-time
613867,513867,2023-11-24,2023-11-25,On-time
613868,513868,2023-09-11,2023-09-16,Delayed
613869,513869,2023-10-15,2023-10-15,On-time
613870,513870,2024-04-26,2024-04-25,On-time
613871,513871,2024-02-27,2024-02-26,On-time
613872,513872,2024-09-03,2024-09-07,Delayed
613873,513873,2023-11-13,2023-11-14,On-time
613874,513874,2024-01-24,2024-01-27,Delayed
613875,513875,2023-11-20,2023-11-20,On-time
613876,513876,2023-09-13,2023-09-13,On-time
613877,513877,2024-01-25,2024-01-26,On-time
613878,513878,2023-11-26,2023-11-29,Delayed
613879,513879,2024-08-20,2024-08-20,On-time
613880,513880,2024-07-24,2024-07-25,On-time
613881,513881,2023-08-31,2023-09-01,On-time
613882,513882,2024-01-29,2024-01-30,On-time
613883,513883,2024-05-30,2024-05-31,On-time
613884,513884,2024-06-12,2024-06-13,On-time
613885,513885,2023-10-22,2023-10-21,On-time
613886,513886,2024-05-04,2024-05-03,On-time
613887,513887,2023-10-04,\N,\N
613888,513888,2023-09-11,2023-09-12,On-time
613889,513889,2023-12-24,2023-12-24,On-time
613890,513890,2024-06-14,2024-06-14,On-time
613891,513891,2023-08-24,2023-08-28,Delayed
613892,513892,2024-01-26,2024-01-25,On-time
613893,513893,2024-03-12,2024-03-11,On-time
613894,513894,2023-12-25,2023-12-26,On-time
613895,513895,2023-06-09,2023-06-10,On-time
613896,513896,2024-10-01,\N,Failed
613897,513897,2023-06-22,2023-06-21,On-time
613898,513898,2023-09-28,2023-09-28,On-time
613899,513899,2024-08-23,\N,Failed
613900,513900,2023-06-06,2023-06-08,Delayed
613901,513901,2023-09-08,2023-09-08,On-time
613902,513902,2024-09-24,\N,Failed
613903,513903,2024-02-18,2024-02-21,Delayed
613904,513904,2023-10-13,2023-10-13,On-time
613905,513905,2024-03-17,2024-03-17,On-time
613906,513906,2023-08-15,2023-08-20,Delayed
613907,513907,2024-01-05,2024-01-04,On-time
613908,513908,2023-12-30,2023-12-29,On-time
613909,513909,2024-08-10,2024-08-11,On-time
613910,513910,2023-07-20,2023-07-20,On-time
613911,513911,2024-09-11,\N,\N
613912,513912,2024-08-05,2024-08-09,Delayed
613913,513913,2024-01-19,2024-01-18,On-time
613914,513914,2023-08-18,2023-08-17,On-time
613915,513915,2024-01-01,\N,Failed
613916,513916,2024-03-24,2024-03-23,On-time
613917,513917,2023-07-05,\N,Failed
613918,513918,2023-09-07,2023-09-07,On-time
613919,513919,2023-09-11,2023-09-11,On-time
613920,513920,2023-08-20,\N,Failed
613921,513921,2023-06-04,2023-06-05,On-time
613922,513922,2024-04-16,2024-04-18,Delayed
613923,513923,2023-11-09,2023-11-08,On-time
613924,513924,2024-09-29,2024-09-28,On-time
613925,513925,2024-08-21,2024-08-21,On-time
613926,513926,2023-08-03,2023-08-03,On-time
613927,513927,2023-12-19,2023-12-19,On-time
613928,513928,2023-11-02,2023-11-01,On-time
613929,513929,2023-07-21,2023-07-23,Delayed
613930,513930,2023-09-27,2023-10-02,Delayed
613931,513931,2024-02-09,2024-02-14,Delayed
613932,513932,2024-07-31,2024-07-31,On-time
613933,513933,2023-07-16,2023-07-17,On-time
613934,513934,2023-10-21,2023-10-22,On-time
613935,513935,2023-08-02,\N,Failed
613936,513936,2024-02-02,\N,\N
613937,513937,2023-07-24,2023-07-24,On-time
613938,513938,2023-10-21,2023-10-22,On-time
613939,513939,2023-10-09,2023-10-13,Delayed
613940,513940,2023-10-15,2023-10-15,On-time
613941,513941,2024-08-19,2024-08-20,On-time
613942,513942,2023-11-19,2023-11-18,On-time
613943,513943,2024-03-19,2024-03-18,On-time
613944,513944,2023-06-06,2023-06-07,On-time
613945,513945,2024-03-10,2024-03-10,On-time
613946,513946,2024-06-23,2024-06-23,On-time
613947,513947,2024-08-10,2024-08-11,On-time
613948,513948,2023-12-10,2023-12-10,On-time
613949,513949,2024-08-11,\N,Failed
613950,513950,2024-07-09,2024-07-08,On-time
613951,513951,2023-09-13,2023-09-14,On-time
613952,513952,2024-05-20,\N,Failed
613953,513953,2024-08-27,2024-08-26,On-time
613954,513954,2024-07-06,2024-07-09,Delayed
613955,513955,2024-03-17,\N,\N
613956,513956,2023-06-23,\N,\N
613957,513957,2023-08-12,2023-08-11,On-time
613958,513958,2023-06-24,\N,Failed
613959,513959,2023-09-28,\N,Failed
613960,513960,2023-08-23,2023-08-22,On-time
613961,513961,2023-10-10,2023-10-16,Delayed
613962,513962,2024-02-25,2024-02-26,On-time
613963,513963,2024-08-05,2024-08-04,On-time
613964,513964,2023-11-15,2023-11-17,Delayed
613965,513965,2023-06-22,2023-06-23,On-time
613966,513966,2024-07-15,2024-07-15,On-time
613967,513967,2024-01-21,2024-01-21,On-time
613968,513968,2023-12-08,2023-12-09,On-time
613969,513969,2023-09-23,2023-09-24,On-time
613970,513970,2023-09-28,2023-10-04,Delayed
613971,513971,2024-09-02,2024-09-08,Delayed
613972,513972,2023-10-13,2023-10-15,Delayed
613973,513973,2023-09-04,2023-09-05,On-time
613974,513974,2024-01-29,2024-01-28,On-time
613975,513975,2023-09-18,2023-09-19,On-time
613976,513976,2023-08-12,2023-08-11,On-time
613977,513977,2024-07-01,2024-07-06,Delayed
613978,513978,2024-01-09,2024-01-08,On-time
613979,513979,2024-09-18,2024-09-24,Delayed
613980,513980,2024-08-11,2024-08-10,On-time
613981,513981,2024-01-09,\N,\N
613982,513982,2024-09-14,2024-09-14,On-time
613983,513983,2024-08-01,2024-08-01,On-time
613984,513984,2024-08-18,2024-08-22,Delayed
613985,513985,2023-08-24,\N,\N
613986,513986,2023-07-21,2023-07-20,On-time
613987,513987,2024-08-15,2024-08-15,On-time
613988,513988,2023-09-28,2023-09-28,On-time
613989,513989,2023-10-05,2023-10-06,On-time
613990,513990,2024-08-19,2024-08-18,On-time
613991,513991,2024-05-02,2024-05-01,On-time
613992,513992,2024-06-12,2024-06-12,On-time
613993,513993,2024-01-06,2024-01-09,Delayed
613994,513994,2024-09-22,\N,\N
613995,513995,2023-08-12,2023-08-12,On-time
613996,513996,2023-12-25,2023-12-29,Delayed
613997,513997,2024-02-21,2024-02-21,On-time
613998,513998,2023-09-18,2023-09-18,On-time
613999,513999,2023-07-26,2023-07-26,On-time
614000,514000,2024-04-15,2024-04-19,Delayed
614001,514001,2024-04-07,\N,Failed
614002,514002,2023-08-27,\N,\N
614003,514003,2024-07-17,2024-07-22,Delayed
614004,514004,2024-09-15,2024-09-14,On-time
614005,514005,2023-10-21,\N,Failed
614006,514006,2023-06-23,2023-06-23,On-time
614007,514007,2024-08-01,2024-08-01,On-time
614008,514008,2023-07-11,2023-07-10,On-time
614009,514009,2023-12-31,2023-12-30,On-time
614010,514010,2024-04-28,\N,\N
614011,514011,2023-11-16,2023-11-15,On-time
614012,514012,2024-07-09,\N,\N
614013,514013,2023-09-05,2023-09-04,On-time
614014,514014,2023-08-21,2023-08-20,On-time
614015,514015,2024-03-08,2024-03-14,Delayed
614016,514016,2023-11-10,2023-11-10,On-time
614017,514017,2024-08-20,\N,Failed
614018,514018,2024-08-11,2024-08-10,On-time
614019,514019,2023-09-11,2023-09-10,On-time
614020,514020,2024-01-24,\N,\N
614021,514021,2024-07-08,2024-07-07,On-time
614022,514022,2024-07-19,2024-07-18,On-time
614023,514023,2024-01-19,2024-01-20,On-time
614024,514024,2024-03-16,\N,Failed
614025,514025,2023-08-28,2023-09-01,Delayed
614026,514026,2024-04-03,\N,Failed
614027,514027,2024-06-04,2024-06-05,On-time
614028,514028,2024-07-01,2024-07-01,On-time
614029,514029,2024-06-10,2024-06-09,On-time
614030,514030,2024-07-25,\N,Failed
614031,514031,2023-07-16,2023-07-15,On-time
614032,514032,2024-02-16,2024-02-22,Delayed
614033,514033,2024-09-20,2024-09-20,On-time
614034,514034,2024-09-24,2024-09-23,On-time
614035,514035,2024-04-12,2024-04-13,On-time
614036,514036,2024-03-17,2024-03-17,On-time
614037,514037,2024-07-26,\N,Failed
614038,514038,2024-09-19,2024-09-22,Delayed
614039,514039,2024-04-18,2024-04-18,On-time
614040,514040,2023-09-06,2023-09-10,Delayed
614041,514041,2024-08-08,2024-08-09,On-time
614042,514042,2024-05-06,2024-05-07,On-time
614043,514043,2024-08-05,2024-08-05,On-time
614044,514044,2024-04-29,2024-04-30,On-time
614045,514045,2023-11-24,2023-11-25,On-time
614046,514046,2023-11-10,2023-11-09,On-time
614047,514047,2023-09-19,2023-09-19,On-time
614048,514048,2023-12-18,\N,Failed
614049,514049,2024-10-01,\N,\N
614050,514050,2024-02-22,2024-02-23,On-time
614051,514051,2024-01-04,2024-01-05,On-time
614052,514052,2023-09-08,2023-09-08,On-time
614053,514053,2023-06-30,\N,Failed
614054,514054,2023-08-14,2023-08-14,On-time
614055,514055,2024-06-18,2024-06-19,On-time
614056,514056,2024-07-15,\N,\N
614057,514057,2023-06-17,2023-06-17,On-time
614058,514058,2024-01-02,\N,Failed
614059,514059,2023-07-04,2023-07-06,Delayed
614060,514060,2024-09-06,2024-09-07,On-time
614061,514061,2024-01-20,2024-01-21,On-time
614062,514062,2024-04-16,2024-04-16,On-time
614063,514063,2023-11-14,2023-11-13,On-time
614064,514064,2024-03-03,2024-03-06,Delayed
614065,514065,2023-08-06,2023-08-05,On-time
614066,514066,2023-09-07,2023-09-08,On-time
614067,514067,2024-06-25,2024-06-30,Delayed
614068,514068,2024-09-01,2024-09-02,On-time
614069,514069,2024-05-06,2024-05-11,Delayed
614070,514070,2024-06-22,2024-06-21,On-time
614071,514071,2023-08-04,2023-08-09,Delayed
614072,514072,2024-06-06,2024-06-09,Delayed
614073,514073,2023-06-26,2023-07-02,Delayed
614074,514074,2024-07-23,\N,Failed
614075,514075,2024-03-04,2024-03-09,Delayed
614076,514076,2024-09-05,2024-09-04,On-time
614077,514077,2024-09-04,2024-09-04,On-time
614078,514078,2024-09-21,2024-09-24,Delayed
614079,514079,2023-11-18,2023-11-17,On-time
614080,514080,2023-10-24,2023-10-24,On-time
614081,514081,2023-12-20,2023-12-20,On-time
614082,514082,2023-12-27,2023-12-26,On-time
614083,514083,2024-04-06,2024-04-06,On-time
614084,514084,2024-07-16,2024-07-16,On-time
614085,514085,2024-05-09,2024-05-15,Delayed
614086,514086,2023-07-12,2023-07-14,Delayed
614087,514087,2023-10-02,2023-10-07,Delayed
614088,514088,2024-04-21,2024-04-27,Delayed
614089,514089,2023-08-10,2023-08-09,On-time
614090,514090,2024-08-22,2024-08-22,On-time
614091,514091,2023-09-17,2023-09-22,Delayed
614092,514092,2023-07-10,2023-07-09,On-time
614093,514093,2024-03-10,2024-03-10,On-time
614094,514094,2024-01-31,2024-02-06,Delayed
614095,514095,2024-07-21,2024-07-21,On-time
614096,514096,2024-10-01,2024-10-01,On-time
614097,514097,2024-01-11,2024-01-10,On-time
614098,514098,2024-08-30,2024-09-02,Delayed
614099,514099,2023-12-14,2023-12-15,On-time
614100,514100,2024-09-07,2024-09-06,On-time
614101,514101,2023-10-01,2023-09-30,On-time
614102,514102,2024-06-11,\N,Failed
614103,514103,2024-01-28,2024-01-28,On-time
614104,514104,2023-07-17,\N,Failed
614105,514105,2023-10-10,\N,\N
614106,514106,2023-07-15,\N,Failed
614107,514107,2023-07-15,2023-07-15,On-time
614108,514108,2024-04-02,2024-04-01,On-time
614109,514109,2024-04-22,\N,Failed
614110,514110,2024-09-14,2024-09-15,On-time
614111,514111,2023-11-18,2023-11-18,On-time
614112,514112,2024-06-23,2024-06-26,Delayed
614113,514113,2024-07-12,2024-07-12,On-time
614114,514114,2024-06-07,2024-06-06,On-time
614115,514115,2024-08-26,\N,Failed
614116,514116,2023-12-28,2023-12-31,Delayed
614117,514117,2024-04-24,\N,\N
614118,514118,2024-01-19,2024-01-19,On-time
614119,514119,2023-06-27,\N,\N
614120,514120,2024-08-09,\N,Failed
614121,514121,2024-03-22,2024-03-23,On-time
614122,514122,2024-03-25,2024-03-26,On-time
614123,514123,2024-08-09,2024-08-11,Delayed
614124,514124,2024-01-17,2024-01-17,On-time
614125,514125,2024-04-10,2024-04-14,Delayed
614126,514126,2024-06-04,2024-06-10,Delayed
614127,514127,2024-05-28,2024-05-28,On-time
614128,514128,2023-07-25,2023-07-25,On-time
614129,514129,2023-08-30,2023-09-03,Delayed
614130,514130,2023-11-06,2023-11-07,On-time
614131,514131,2024-06-10,2024-06-14,Delayed
614132,514132,2024-09-25,2024-09-26,On-time
614133,514133,2023-08-16,2023-08-19,Delayed
614134,514134,2024-02-07,2024-02-09,Delayed
614135,514135,2024-05-28,2024-05-27,On-time
614136,514136,2023-11-22,2023-11-22,On-time
614137,514137,2024-07-16,2024-07-15,On-time
614138,514138,2023-10-11,2023-10-11,On-time
614139,514139,2023-06-04,\N,\N
614140,514140,2024-01-26,2024-01-26,On-time
614141,514141,2023-06-17,2023-06-18,On-time
614142,514142,2023-09-16,2023-09-16,On-time
614143,514143,2024-06-13,2024-06-18,Delayed
614144,514144,2024-06-27,2024-06-28,On-time
614145,514145,2024-04-16,2024-04-17,On-time
614146,514146,2024-03-11,2024-03-12,On-time
614147,514147,2023-07-04,2023-07-04,On-time
614148,514148,2024-01-18,2024-01-17,On-time
614149,514149,2024-04-28,2024-04-27,On-time
614150,514150,2024-01-24,2024-01-25,On-time
614151,514151,2023-06-21,2023-06-22,On-time
614152,514152,2023-06-09,\N,\N
614153,514153,2024-05-22,2024-05-21,On-time
614154,514154,2023-07-28,2023-08-02,Delayed
614155,514155,2024-04-07,2024-04-06,On-time
614156,514156,2024-01-06,2024-01-11,Delayed
614157,514157,2023-09-16,2023-09-17,On-time
614158,514158,2024-09-24,2024-09-24,On-time
614159,514159,2024-09-28,2024-09-29,On-time
614160,514160,2024-06-28,\N,Failed
614161,514161,2024-06-04,2024-06-03,On-time
614162,514162,2023-08-28,\N,\N
614163,514163,2023-12-08,2023-12-09,On-time
614164,514164,2024-09-11,2024-09-11,On-time
614165,514165,2024-10-02,2024-10-01,On-time
614166,514166,2024-01-25,2024-01-31,Delayed
614167,514167,2024-05-28,2024-05-29,On-time
614168,514168,2024-02-17,\N,Failed
614169,514169,2023-12-18,\N,\N
614170,514170,2024-08-20,\N,Failed
614171,514171,2023-07-20,2023-07-19,On-time
614172,514172,2024-06-05,2024-06-10,Delayed
614173,514173,2024-08-22,2024-08-23,On-time
614174,514174,2024-07-02,2024-07-01,On-time
614175,514175,2024-01-19,2024-01-19,On-time
614176,514176,2023-11-03,2023-11-03,On-time
614177,514177,2024-09-23,\N,\N
614178,514178,2023-07-24,2023-07-24,On-time
614179,514179,2024-05-06,2024-05-05,On-time
614180,514180,2023-07-14,2023-07-13,On-time
614181,514181,2024-06-03,2024-06-04,On-time
614182,514182,2023-07-23,\N,Failed
614183,514183,2023-11-28,2023-11-29,On-time
614184,514184,2024-08-21,2024-08-21,On-time
614185,514185,2023-09-07,2023-09-10,Delayed
614186,514186,2024-01-30,2024-01-31,On-time
614187,514187,2024-07-02,2024-07-02,On-time
614188,514188,2024-07-15,2024-07-15,On-time
614189,514189,2024-06-23,2024-06-24,On-time
614190,514190,2024-08-28,2024-08-29,On-time
614191,514191,2024-03-07,2024-03-13,Delayed
614192,514192,2024-04-24,2024-04-24,On-time
614193,514193,2024-07-10,2024-07-11,On-time
614194,514194,2024-07-26,2024-07-25,On-time
614195,514195,2024-06-30,2024-07-02,Delayed
614196,514196,2023-06-28,2023-06-28,On-time
614197,514197,2024-06-30,\N,Failed
614198,514198,2023-12-08,2023-12-08,On-time
614199,514199,2023-11-30,2023-12-02,Delayed
614200,514200,2024-06-10,2024-06-10,On-time
614201,514201,2023-06-18,2023-06-19,On-time
614202,514202,2023-10-21,2023-10-23,Delayed
614203,514203,2024-07-23,2024-07-25,Delayed
614204,514204,2023-08-16,2023-08-17,On-time
614205,514205,2023-09-03,\N,\N
614206,514206,2023-10-07,2023-10-07,On-time
614207,514207,2023-10-16,\N,\N
614208,514208,2024-06-22,2024-06-21,On-time
614209,514209,2024-01-19,\N,Failed
614210,514210,2024-04-14,2024-04-15,On-time
614211,514211,2024-05-09,2024-05-08,On-time
614212,514212,2023-09-22,2023-09-23,On-time
614213,514213,2024-08-25,2024-08-24,On-time
614214,514214,2024-08-06,2024-08-05,On-time
614215,514215,2024-04-14,2024-04-13,On-time
614216,514216,2024-06-06,2024-06-05,On-time
614217,514217,2024-08-12,2024-08-13,On-time
614218,514218,2024-02-25,2024-02-27,Delayed
614219,514219,2024-01-13,2024-01-14,On-time
614220,514220,2024-08-07,2024-08-08,On-time
614221,514221,2024-02-03,2024-02-03,On-time
614222,514222,2024-04-29,2024-04-30,On-time
614223,514223,2024-05-17,2024-05-23,Delayed
614224,514224,2023-07-04,2023-07-09,Delayed
614225,514225,2023-08-05,2023-08-05,On-time
614226,514226,2023-11-12,2023-11-12,On-time
614227,514227,2024-03-05,2024-03-06,On-time
614228,514228,2024-09-24,2024-09-25,On-time
614229,514229,2024-04-13,2024-04-18,Delayed
614230,514230,2023-07-22,2023-07-21,On-time
614231,514231,2023-07-25,2023-07-29,Delayed
614232,514232,2024-04-04,2024-04-03,On-time
614233,514233,2024-03-21,\N,Failed
614234,514234,2023-07-29,2023-07-28,On-time
614235,514235,2024-04-26,2024-04-25,On-time
614236,514236,2024-09-03,2024-09-03,On-time
614237,514237,2024-09-28,2024-09-28,On-time
614238,514238,2024-09-02,2024-09-02,On-time
614239,514239,2023-11-05,2023-11-05,On-time
614240,514240,2024-05-20,2024-05-20,On-time
614241,514241,2024-06-11,\N,\N
614242,514242,2024-04-02,2024-04-02,On-time
614243,514243,2023-08-05,2023-08-04,On-time
614244,514244,2023-11-05,2023-11-04,On-time
614245,514245,2023-10-05,2023-10-04,On-time
614246,514246,2024-09-01,\N,\N
614247,514247,2024-02-08,2024-02-10,Delayed
614248,514248,2023-06-13,2023-06-13,On-time
614249,514249,2024-01-29,2024-01-30,On-time
614250,514250,2024-09-17,2024-09-18,On-time
614251,514251,2023-08-20,\N,Failed
614252,514252,2023-07-29,2023-07-30,On-time
614253,514253,2024-09-15,\N,\N
614254,514254,2024-02-13,2024-02-12,On-time
614255,514255,2023-08-26,2023-08-27,On-time
614256,514256,2024-09-23,2024-09-22,On-time
614257,514257,2023-11-12,2023-11-13,On-time
614258,514258,2024-03-23,2024-03-23,On-time
614259,514259,2024-06-12,2024-06-12,On-time
614260,514260,2024-01-11,2024-01-10,On-time
614261,514261,2024-02-19,2024-02-20,On-time
614262,514262,2024-01-02,2024-01-01,On-time
614263,514263,2023-06-10,2023-06-11,On-time
614264,514264,2024-01-27,2024-01-30,Delayed
614265,514265,2023-11-29,2023-11-29,On-time
614266,514266,2023-07-22,2023-07-24,Delayed
614267,514267,2024-01-18,2024-01-18,On-time
614268,514268,2024-09-26,2024-09-25,On-time
614269,514269,2023-12-02,2023-12-01,On-time
614270,514270,2023-09-19,2023-09-20,On-time
614271,514271,2024-04-13,2024-04-13,On-time
614272,514272,2024-07-27,2024-07-26,On-time
614273,514273,2023-10-28,\N,\N
614274,514274,2023-06-27,\N,Failed
614275,514275,2023-10-21,2023-10-22,On-time
614276,514276,2024-02-13,\N,\N
614277,514277,2023-06-21,2023-06-21,On-time
614278,514278,2024-07-27,2024-07-30,Delayed
614279,514279,2023-06-28,2023-06-29,On-time
614280,514280,2024-07-21,\N,Failed
614281,514281,2023-11-26,2023-11-26,On-time
614282,514282,2023-08-23,\N,Failed
614283,514283,2023-07-16,\N,\N
614284,514284,2023-09-17,2023-09-18,On-time
614285,514285,2023-06-23,\N,Failed
614286,514286,2024-08-07,2024-08-12,Delayed
614287,514287,2024-07-24,2024-07-23,On-time
614288,514288,2023-09-23,2023-09-23,On-time
614289,514289,2023-10-04,2023-10-05,On-time
614290,514290,2024-03-03,2024-03-02,On-time
614291,514291,2024-02-24,2024-02-25,On-time
614292,514292,2023-12-31,\N,Failed
614293,514293,2024-04-19,2024-04-24,Delayed
614294,514294,2023-07-25,2023-07-28,Delayed
614295,514295,2024-01-11,2024-01-11,On-time
614296,514296,2023-08-08,\N,\N
614297,514297,2024-02-26,\N,\N
614298,514298,2023-07-29,2023-07-28,On-time
614299,514299,2024-05-11,\N,Failed
614300,514300,2023-06-25,2023-06-25,On-time
614301,514301,2024-07-18,2024-07-19,On-time
614302,514302,2023-08-27,2023-08-28,On-time
614303,514303,2023-06-13,2023-06-13,On-time
614304,514304,2023-07-04,2023-07-05,On-time
614305,514305,2024-05-11,2024-05-11,On-time
614306,514306,2023-11-02,2023-11-02,On-time
614307,514307,2024-08-12,\N,Failed
614308,514308,2024-09-29,\N,\N
614309,514309,2023-10-26,\N,\N
614310,514310,2023-12-21,\N,\N
614311,514311,2024-01-16,2024-01-15,On-time
614312,514312,2024-02-12,\N,Failed
614313,514313,2023-12-07,\N,Failed
614314,514314,2024-04-21,2024-04-27,Delayed
614315,514315,2024-06-01,2024-06-01,On-time
614316,514316,2024-06-06,2024-06-08,Delayed
614317,514317,2023-09-27,2023-09-28,On-time
614318,514318,2023-08-09,2023-08-09,On-time
614319,514319,2024-02-25,2024-02-26,On-time
614320,514320,2023-10-10,2023-10-15,Delayed
614321,514321,2023-08-07,2023-08-08,On-time
614322,514322,2024-03-27,2024-03-27,On-time
614323,514323,2024-09-25,2024-10-01,Delayed
614324,514324,2023-12-11,2023-12-13,Delayed
614325,514325,2023-10-22,2023-10-23,On-time
614326,514326,2024-06-11,2024-06-11,On-time
614327,514327,2024-06-10,2024-06-11,On-time
614328,514328,2024-07-26,\N,Failed
614329,514329,2024-07-12,2024-07-13,On-time
614330,514330,2023-08-13,2023-08-12,On-time
614331,514331,2023-12-26,2023-12-25,On-time
614332,514332,2023-10-04,2023-10-10,Delayed
614333,514333,2023-06-12,2023-06-11,On-time
614334,514334,2023-09-08,2023-09-08,On-time
614335,514335,2023-09-02,2023-09-03,On-time
614336,514336,2024-05-10,2024-05-15,Delayed
614337,514337,2023-12-25,\N,\N
614338,514338,2023-11-26,2023-11-25,On-time
614339,514339,2024-03-18,\N,Failed
614340,514340,2023-07-15,2023-07-21,Delayed
614341,514341,2024-01-05,2024-01-06,On-time
614342,514342,2023-10-25,2023-10-25,On-time
614343,514343,2023-06-20,2023-06-20,On-time
614344,514344,2024-01-04,\N,Failed
614345,514345,2024-07-14,2024-07-13,On-time
614346,514346,2024-09-25,2024-09-29,Delayed
614347,514347,2023-06-11,2023-06-10,On-time
614348,514348,2023-08-09,2023-08-15,Delayed
614349,514349,2023-07-01,2023-07-01,On-time
614350,514350,2023-12-11,2023-12-12,On-time
614351,514351,2024-02-21,\N,\N
614352,514352,2024-09-22,\N,Failed
614353,514353,2023-06-14,\N,Failed
614354,514354,2024-01-23,2024-01-24,On-time
614355,514355,2024-05-08,2024-05-09,On-time
614356,514356,2023-07-24,2023-07-24,On-time
614357,514357,2023-07-09,2023-07-08,On-time
614358,514358,2023-11-30,2023-12-01,On-time
614359,514359,2024-04-03,\N,Failed
614360,514360,2023-12-10,2023-12-10,On-time
614361,514361,2024-01-18,2024-01-18,On-time
614362,514362,2024-03-07,2024-03-06,On-time
614363,514363,2024-01-01,2024-01-01,On-time
614364,514364,2024-07-18,2024-07-17,On-time
614365,514365,2024-09-16,2024-09-15,On-time
614366,514366,2024-03-04,2024-03-04,On-time
614367,514367,2024-01-01,2024-01-01,On-time
614368,514368,2024-07-19,\N,Failed
614369,514369,2024-06-17,2024-06-16,On-time
614370,514370,2023-07-06,2023-07-12,Delayed
614371,514371,2023-12-09,2023-12-10,On-time
614372,514372,2023-06-07,2023-06-06,On-time
614373,514373,2024-02-02,2024-02-02,On-time
614374,514374,2024-01-04,2024-01-04,On-time
614375,514375,2024-04-19,2024-04-25,Delayed
614376,514376,2023-08-17,2023-08-22,Delayed
614377,514377,2023-08-15,\N,Failed
614378,514378,2024-01-05,2024-01-05,On-time
614379,514379,2024-05-11,2024-05-11,On-time
614380,514380,2023-10-11,2023-10-11,On-time
614381,514381,2024-03-15,\N,Failed
614382,514382,2023-10-18,2023-10-23,Delayed
614383,514383,2023-12-31,2023-12-30,On-time
614384,514384,2024-02-09,2024-02-10,On-time
614385,514385,2024-05-26,2024-05-25,On-time
614386,514386,2024-09-14,\N,Failed
614387,514387,2023-10-09,2023-10-09,On-time
614388,514388,2024-03-06,\N,Failed
614389,514389,2023-07-02,2023-07-03,On-time
614390,514390,2023-12-15,\N,Failed
614391,514391,2024-04-09,2024-04-09,On-time
614392,514392,2024-01-22,\N,\N
614393,514393,2023-10-28,2023-10-28,On-time
614394,514394,2023-12-07,\N,Failed
614395,514395,2023-12-13,2023-12-16,Delayed
614396,514396,2024-06-29,2024-07-05,Delayed
614397,514397,2024-07-19,2024-07-20,On-time
614398,514398,2023-07-27,2023-07-28,On-time
614399,514399,2024-02-07,2024-02-06,On-time
614400,514400,2024-02-11,\N,Failed
614401,514401,2024-06-27,2024-06-28,On-time
614402,514402,2024-01-01,\N,Failed
614403,514403,2023-07-15,2023-07-15,On-time
614404,514404,2023-11-02,2023-11-01,On-time
614405,514405,2024-09-15,2024-09-19,Delayed
614406,514406,2023-11-04,2023-11-05,On-time
614407,514407,2024-08-03,2024-08-05,Delayed
614408,514408,2024-01-18,2024-01-18,On-time
614409,514409,2023-08-14,2023-08-13,On-time
614410,514410,2023-10-23,2023-10-24,On-time
614411,514411,2024-08-17,2024-08-16,On-time
614412,514412,2024-04-12,2024-04-11,On-time
614413,514413,2024-01-04,2024-01-03,On-time
614414,514414,2023-08-04,2023-08-05,On-time
614415,514415,2024-02-07,2024-02-13,Delayed
614416,514416,2024-04-30,2024-05-02,Delayed
614417,514417,2024-01-17,2024-01-17,On-time
614418,514418,2023-06-12,\N,\N
614419,514419,2024-04-08,2024-04-09,On-time
614420,514420,2023-09-28,2023-09-28,On-time
614421,514421,2023-10-25,2023-10-25,On-time
614422,514422,2024-06-02,2024-06-01,On-time
614423,514423,2024-02-28,\N,Failed
614424,514424,2024-01-20,2024-01-24,Delayed
614425,514425,2024-05-20,2024-05-25,Delayed
614426,514426,2024-03-25,2024-03-25,On-time
614427,514427,2024-08-18,2024-08-18,On-time
614428,514428,2024-08-10,2024-08-09,On-time
614429,514429,2023-12-31,2024-01-01,On-time
614430,514430,2023-12-11,2023-12-11,On-time
614431,514431,2023-10-23,\N,Failed
614432,514432,2023-06-10,2023-06-12,Delayed
614433,514433,2024-08-06,\N,\N
614434,514434,2024-09-14,2024-09-16,Delayed
614435,514435,2024-02-14,2024-02-14,On-time
614436,514436,2023-08-05,2023-08-06,On-time
614437,514437,2023-10-19,2023-10-21,Delayed
614438,514438,2024-05-05,2024-05-09,Delayed
614439,514439,2024-08-04,2024-08-03,On-time
614440,514440,2024-06-05,2024-06-06,On-time
614441,514441,2024-04-07,2024-04-08,On-time
614442,514442,2023-12-30,2023-12-31,On-time
614443,514443,2024-08-18,2024-08-18,On-time
614444,514444,2024-09-07,2024-09-09,Delayed
614445,514445,2024-08-16,2024-08-16,On-time
614446,514446,2023-07-11,2023-07-16,Delayed
614447,514447,2023-10-03,2023-10-02,On-time
614448,514448,2023-09-13,2023-09-14,On-time
614449,514449,2024-05-16,2024-05-21,Delayed
614450,514450,2024-04-28,2024-04-27,On-time
614451,514451,2023-10-05,\N,Failed
614452,514452,2024-08-21,2024-08-22,On-time
614453,514453,2024-09-26,2024-09-26,On-time
614454,514454,2023-08-10,\N,\N
614455,514455,2024-07-01,2024-07-02,On-time
614456,514456,2024-04-01,2024-04-01,On-time
614457,514457,2024-07-08,2024-07-11,Delayed
614458,514458,2024-06-13,\N,Failed
614459,514459,2023-08-07,2023-08-10,Delayed
614460,514460,2024-06-25,2024-06-24,On-time
614461,514461,2023-11-28,2023-11-27,On-time
614462,514462,2024-01-31,2024-01-31,On-time
614463,514463,2024-10-02,2024-10-04,Delayed
614464,514464,2024-02-25,2024-02-25,On-time
614465,514465,2024-08-30,2024-08-31,On-time
614466,514466,2024-06-19,2024-06-18,On-time
614467,514467,2024-06-21,2024-06-21,On-time
614468,514468,2023-06-11,2023-06-12,On-time
614469,514469,2024-06-11,\N,Failed
614470,514470,2023-08-14,2023-08-13,On-time
614471,514471,2023-10-01,2023-10-01,On-time
614472,514472,2024-10-06,2024-10-05,On-time
614473,514473,2023-07-19,2023-07-18,On-time
614474,514474,2023-08-04,2023-08-03,On-time
614475,514475,2024-07-18,2024-07-18,On-time
614476,514476,2023-07-31,2023-07-31,On-time
614477,514477,2023-12-05,2023-12-11,Delayed
614478,514478,2024-02-11,2024-02-11,On-time
614479,514479,2024-06-28,2024-07-02,Delayed
614480,514480,2024-06-01,2024-06-02,On-time
614481,514481,2023-12-22,2023-12-21,On-time
614482,514482,2023-08-06,2023-08-07,On-time
614483,514483,2023-09-10,2023-09-09,On-time
614484,514484,2023-11-03,2023-11-02,On-time
614485,514485,2024-04-01,2024-03-31,On-time
614486,514486,2023-11-03,2023-11-02,On-time
614487,514487,2023-09-15,2023-09-18,Delayed
614488,514488,2023-07-10,2023-07-10,On-time
614489,514489,2024-08-31,2024-09-01,On-time
614490,514490,2023-11-29,2023-11-30,On-time
614491,514491,2024-08-29,2024-08-30,On-time
614492,514492,2024-06-29,2024-06-28,On-time
614493,514493,2023-06-29,2023-06-29,On-time
614494,514494,2024-02-09,\N,\N
614495,514495,2023-12-28,2023-12-28,On-time
614496,514496,2023-06-09,\N,Failed
614497,514497,2023-10-08,2023-10-10,Delayed
614498,514498,2024-08-19,2024-08-18,On-time
614499,514499,2024-04-22,2024-04-22,On-time
614500,514500,2023-08-13,2023-08-14,On-time
614501,514501,2024-06-30,2024-06-30,On-time
614502,514502,2024-01-22,2024-01-27,Delayed
614503,514503,2023-10-11,\N,Failed
614504,514504,2024-03-31,\N,Failed
614505,514505,2023-10-15,2023-10-18,Delayed
614506,514506,2024-08-13,2024-08-16,Delayed
614507,514507,2023-09-14,2023-09-14,On-time
614508,514508,2024-07-09,2024-07-09,On-time
614509,514509,2024-05-16,\N,Failed
614510,514510,2024-09-14,2024-09-13,On-time
614511,514511,2023-08-18,2023-08-17,On-time
614512,514512,2024-01-25,2024-01-25,On-time
614513,514513,2023-11-17,2023-11-18,On-time
614514,514514,2023-06-08,2023-06-09,On-time
614515,514515,2024-08-31,2024-09-01,On-time
614516,514516,2024-04-12,2024-04-14,Delayed
614517,514517,2024-04-03,2024-04-02,On-time
614518,514518,2023-10-11,2023-10-11,On-time
614519,514519,2024-01-29,2024-01-30,On-time
614520,514520,2024-06-20,2024-06-19,On-time
614521,514521,2024-08-14,\N,\N
614522,514522,2023-09-02,2023-09-06,Delayed
614523,514523,2024-06-24,2024-06-23,On-time
614524,514524,2024-06-12,2024-06-13,On-time
614525,514525,2023-10-22,2023-10-22,On-time
614526,514526,2024-02-01,2024-02-01,On-time
614527,514527,2024-05-05,\N,\N
614528,514528,2024-02-20,2024-02-20,On-time
614529,514529,2023-12-24,2023-12-28,Delayed
614530,514530,2023-08-02,2023-08-07,Delayed
614531,514531,2024-10-05,\N,\N
614532,514532,2023-07-09,2023-07-09,On-time
614533,514533,2024-10-05,2024-10-05,On-time
614534,514534,2024-04-12,2024-04-13,On-time
614535,514535,2024-06-16,2024-06-18,Delayed
614536,514536,2024-07-23,2024-07-23,On-time
614537,514537,2023-12-26,2023-12-25,On-time
614538,514538,2023-07-03,2023-07-02,On-time
614539,514539,2024-06-19,2024-06-18,On-time
614540,514540,2023-06-14,\N,\N
614541,514541,2024-08-20,2024-08-21,On-time
614542,514542,2024-04-11,2024-04-11,On-time
614543,514543,2024-07-09,2024-07-09,On-time
614544,514544,2024-03-05,\N,Failed
614545,514545,2024-02-29,2024-02-29,On-time
614546,514546,2024-08-02,2024-08-03,On-time
614547,514547,2023-08-26,2023-08-25,On-time
614548,514548,2023-07-16,2023-07-15,On-time
614549,514549,2024-02-21,\N,Failed
614550,514550,2024-01-01,2024-01-01,On-time
614551,514551,2023-10-06,2023-10-05,On-time
614552,514552,2024-09-22,2024-09-25,Delayed
614553,514553,2024-05-08,\N,Failed
614554,514554,2024-09-29,2024-09-29,On-time
614555,514555,2024-09-29,\N,\N
614556,514556,2024-06-12,2024-06-13,On-time
614557,514557,2024-06-16,2024-06-19,Delayed
614558,514558,2024-05-15,2024-05-19,Delayed
614559,514559,2023-08-27,2023-09-01,Delayed
614560,514560,2024-07-01,2024-07-02,On-time
614561,514561,2024-04-21,2024-04-21,On-time
614562,514562,2024-03-26,2024-03-26,On-time
614563,514563,2023-09-11,2023-09-12,On-time
614564,514564,2023-09-29,2023-10-01,Delayed
614565,514565,2023-10-09,2023-10-14,Delayed
614566,514566,2023-11-01,\N,Failed
614567,514567,2024-06-28,2024-06-29,On-time
614568,514568,2024-08-11,2024-08-11,On-time
614569,514569,2024-08-26,\N,\N
614570,514570,2023-10-22,2023-10-23,On-time
614571,514571,2023-12-29,2023-12-28,On-time
614572,514572,2024-02-22,\N,Failed
614573,514573,2023-09-04,2023-09-05,On-time
614574,514574,2024-07-24,2024-07-23,On-time
614575,514575,2024-06-15,\N,Failed
614576,514576,2024-04-01,2024-03-31,On-time
614577,514577,2024-09-21,2024-09-21,On-time
614578,514578,2023-06-05,2023-06-09,Delayed
614579,514579,2024-01-03,2024-01-05,Delayed
614580,514580,2023-10-20,2023-10-20,On-time
614581,514581,2023-08-09,2023-08-10,On-time
614582,514582,2024-03-20,2024-03-21,On-time
614583,514583,2024-07-20,2024-07-19,On-time
614584,514584,2024-06-01,2024-06-02,On-time
614585,514585,2023-08-19,2023-08-19,On-time
614586,514586,2023-08-21,2023-08-22,On-time
614587,514587,2023-06-18,2023-06-17,On-time
614588,514588,2024-04-20,2024-04-24,Delayed
614589,514589,2023-10-31,2023-10-30,On-time
614590,514590,2023-10-30,2023-10-30,On-time
614591,514591,2024-01-19,\N,\N
614592,514592,2024-09-09,2024-09-10,On-time
614593,514593,2023-06-10,2023-06-13,Delayed
614594,514594,2024-06-20,2024-06-22,Delayed
614595,514595,2023-07-26,2023-07-27,On-time
614596,514596,2023-07-07,2023-07-07,On-time
614597,514597,2024-08-29,2024-08-28,On-time
614598,514598,2023-08-06,\N,Failed
614599,514599,2024-04-11,2024-04-10,On-time
614600,514600,2024-01-20,\N,\N
614601,514601,2024-06-22,2024-06-28,Delayed
614602,514602,2024-01-03,2024-01-02,On-time
614603,514603,2024-01-18,2024-01-19,On-time
614604,514604,2024-01-22,2024-01-22,On-time
614605,514605,2023-10-17,2023-10-21,Delayed
614606,514606,2024-07-17,2024-07-18,On-time
614607,514607,2024-09-24,2024-09-27,Delayed
614608,514608,2024-09-25,2024-09-24,On-time
614609,514609,2024-03-05,\N,\N
614610,514610,2024-05-21,2024-05-22,On-time
614611,514611,2024-03-19,\N,\N
614612,514612,2024-01-12,2024-01-13,On-time
614613,514613,2023-09-01,2023-09-02,On-time
614614,514614,2023-12-13,2023-12-14,On-time
614615,514615,2024-08-10,2024-08-10,On-time
614616,514616,2024-05-07,\N,\N
614617,514617,2024-03-11,2024-03-11,On-time
614618,514618,2024-03-28,2024-03-29,On-time
614619,514619,2024-02-17,2024-02-18,On-time
614620,514620,2024-01-27,2024-01-28,On-time
614621,514621,2024-07-13,2024-07-14,On-time
614622,514622,2024-01-12,2024-01-15,Delayed
614623,514623,2023-10-17,2023-10-17,On-time
614624,514624,2023-12-30,2023-12-31,On-time
614625,514625,2024-05-13,2024-05-13,On-time
614626,514626,2024-02-03,2024-02-09,Delayed
614627,514627,2023-10-26,\N,Failed
614628,514628,2023-07-11,2023-07-10,On-time
614629,514629,2024-08-27,2024-09-01,Delayed
614630,514630,2024-02-07,2024-02-10,Delayed
614631,514631,2024-09-27,2024-09-27,On-time
614632,514632,2024-01-21,2024-01-21,On-time
614633,514633,2024-01-17,2024-01-18,On-time
614634,514634,2024-03-13,2024-03-12,On-time
614635,514635,2024-06-05,2024-06-04,On-time
614636,514636,2024-06-15,2024-06-16,On-time
614637,514637,2024-01-24,\N,Failed
614638,514638,2023-09-15,2023-09-14,On-time
614639,514639,2024-06-02,2024-06-02,On-time
614640,514640,2024-06-30,2024-07-01,On-time
614641,514641,2024-04-18,2024-04-18,On-time
614642,514642,2024-04-08,2024-04-07,On-time
614643,514643,2024-06-29,2024-07-02,Delayed
614644,514644,2023-07-16,2023-07-17,On-time
614645,514645,2024-06-04,2024-06-04,On-time
614646,514646,2024-09-14,\N,\N
614647,514647,2024-07-18,\N,\N
614648,514648,2024-03-25,2024-03-30,Delayed
614649,514649,2023-06-10,2023-06-09,On-time
614650,514650,2024-09-10,2024-09-09,On-time
614651,514651,2023-11-04,2023-11-03,On-time
614652,514652,2023-09-17,2023-09-18,On-time
614653,514653,2024-02-12,2024-02-12,On-time
614654,514654,2023-12-28,2023-12-27,On-time
614655,514655,2023-11-17,2023-11-20,Delayed
614656,514656,2024-02-02,2024-02-02,On-time
614657,514657,2023-09-13,2023-09-14,On-time
614658,514658,2024-03-19,2024-03-19,On-time
614659,514659,2023-11-11,\N,\N
614660,514660,2024-04-17,2024-04-18,On-time
614661,514661,2024-03-25,2024-03-25,On-time
614662,514662,2024-03-07,2024-03-06,On-time
614663,514663,2024-08-22,2024-08-23,On-time
614664,514664,2024-04-11,2024-04-12,On-time
614665,514665,2023-07-26,2023-07-25,On-time
614666,514666,2024-04-24,\N,Failed
614667,514667,2024-05-31,2024-05-31,On-time
614668,514668,2024-02-02,2024-02-01,On-time
614669,514669,2024-05-24,2024-05-28,Delayed
614670,514670,2024-08-24,2024-08-25,On-time
614671,514671,2023-08-12,2023-08-11,On-time
614672,514672,2024-02-26,2024-02-26,On-time
614673,514673,2024-01-21,2024-01-22,On-time
614674,514674,2023-09-12,2023-09-13,On-time
614675,514675,2024-02-07,2024-02-07,On-time
614676,514676,2023-07-28,2023-07-28,On-time
614677,514677,2023-09-08,2023-09-08,On-time
614678,514678,2023-07-17,2023-07-18,On-time
614679,514679,2023-12-08,2023-12-07,On-time
614680,514680,2023-09-03,2023-09-07,Delayed
614681,514681,2023-11-08,2023-11-13,Delayed
614682,514682,2024-02-02,\N,\N
614683,514683,2023-07-02,2023-07-03,On-time
614684,514684,2024-06-10,2024-06-12,Delayed
614685,514685,2024-05-25,2024-05-28,Delayed
614686,514686,2023-08-15,2023-08-15,On-time
614687,514687,2023-07-10,2023-07-09,On-time
614688,514688,2023-06-15,2023-06-14,On-time
614689,514689,2024-05-22,2024-05-22,On-time
614690,514690,2024-04-06,2024-04-07,On-time
614691,514691,2023-06-08,\N,\N
614692,514692,2023-11-27,2023-11-28,On-time
614693,514693,2024-02-02,\N,Failed
614694,514694,2023-08-21,2023-08-24,Delayed
614695,514695,2023-06-27,\N,Failed
614696,514696,2024-01-11,2024-01-10,On-time
614697,514697,2023-11-10,2023-11-10,On-time
614698,514698,2024-09-15,2024-09-16,On-time
614699,514699,2024-06-23,2024-06-24,On-time
614700,514700,2023-11-06,2023-11-06,On-time
614701,514701,2024-08-14,2024-08-15,On-time
614702,514702,2023-12-07,2023-12-11,Delayed
614703,514703,2024-07-06,2024-07-10,Delayed
614704,514704,2023-07-08,\N,\N
614705,514705,2024-06-06,2024-06-11,Delayed
614706,514706,2024-05-14,2024-05-13,On-time
614707,514707,2024-04-19,2024-04-19,On-time
614708,514708,2024-04-29,2024-04-28,On-time
614709,514709,2023-10-05,2023-10-06,On-time
614710,514710,2024-01-15,2024-01-14,On-time
614711,514711,2024-03-03,2024-03-08,Delayed
614712,514712,2024-05-08,2024-05-09,On-time
614713,514713,2024-02-17,2024-02-18,On-time
614714,514714,2024-02-01,2024-01-31,On-time
614715,514715,2023-06-25,\N,Failed
614716,514716,2023-07-20,2023-07-19,On-time
614717,514717,2024-01-01,2024-01-02,On-time
614718,514718,2024-04-17,2024-04-16,On-time
614719,514719,2024-03-14,\N,\N
614720,514720,2023-11-15,2023-11-19,Delayed
614721,514721,2024-03-04,2024-03-04,On-time
614722,514722,2023-12-02,2023-12-08,Delayed
614723,514723,2024-02-29,2024-03-01,On-time
614724,514724,2024-09-03,2024-09-08,Delayed
614725,514725,2024-03-20,2024-03-20,On-time
614726,514726,2023-09-01,2023-09-06,Delayed
614727,514727,2024-08-01,2024-08-01,On-time
614728,514728,2023-10-22,2023-10-23,On-time
614729,514729,2024-04-25,\N,Failed
614730,514730,2024-06-15,\N,\N
614731,514731,2023-12-19,2023-12-18,On-time
614732,514732,2023-12-17,2023-12-16,On-time
614733,514733,2024-07-13,2024-07-12,On-time
614734,514734,2024-01-11,2024-01-10,On-time
614735,514735,2024-08-28,2024-08-28,On-time
614736,514736,2024-05-06,2024-05-08,Delayed
614737,514737,2023-11-26,2023-11-26,On-time
614738,514738,2024-02-08,2024-02-11,Delayed
614739,514739,2024-04-01,2024-04-04,Delayed
614740,514740,2023-06-27,2023-06-28,On-time
614741,514741,2024-08-04,2024-08-08,Delayed
614742,514742,2023-07-07,2023-07-07,On-time
614743,514743,2023-11-23,2023-11-26,Delayed
614744,514744,2024-09-19,2024-09-25,Delayed
614745,514745,2023-11-01,2023-11-02,On-time
614746,514746,2023-10-30,2023-10-31,On-time
614747,514747,2024-08-12,2024-08-18,Delayed
614748,514748,2024-03-26,2024-03-25,On-time
614749,514749,2024-08-15,2024-08-15,On-time
614750,514750,2024-08-03,2024-08-07,Delayed
614751,514751,2024-10-01,2024-10-02,On-time
614752,514752,2023-12-20,2023-12-21,On-time
614753,514753,2023-08-07,2023-08-08,On-time
614754,514754,2023-06-27,\N,\N
614755,514755,2024-08-29,2024-08-29,On-time
614756,514756,2024-02-07,2024-02-07,On-time
614757,514757,2023-11-02,2023-11-03,On-time
614758,514758,2023-06-22,2023-06-21,On-time
614759,514759,2024-01-06,2024-01-06,On-time
614760,514760,2023-08-01,2023-07-31,On-time
614761,514761,2023-07-01,2023-07-02,On-time
614762,514762,2024-08-26,2024-08-29,Delayed
614763,514763,2023-07-12,2023-07-12,On-time
614764,514764,2024-09-14,\N,\N
614765,514765,2024-02-12,2024-02-11,On-time
614766,514766,2024-07-02,2024-07-01,On-time
614767,514767,2023-11-24,2023-11-23,On-time
614768,514768,2023-07-14,2023-07-15,On-time
614769,514769,2023-11-16,2023-11-15,On-time
614770,514770,2023-12-22,2023-12-23,On-time
614771,514771,2024-05-16,2024-05-16,On-time
614772,514772,2024-07-13,2024-07-13,On-time
614773,514773,2023-09-12,\N,\N
614774,514774,2024-08-23,2024-08-24,On-time
614775,514775,2023-08-18,2023-08-17,On-time
614776,514776,2023-11-12,2023-11-13,On-time
614777,514777,2024-01-08,2024-01-09,On-time
614778,514778,2024-09-19,2024-09-18,On-time
614779,514779,2024-02-19,2024-02-19,On-time
614780,514780,2024-06-07,\N,Failed
614781,514781,2024-09-07,2024-09-12,Delayed
614782,514782,2024-06-24,2024-06-23,On-time
614783,514783,2024-08-18,2024-08-18,On-time
614784,514784,2023-12-18,2023-12-17,On-time
614785,514785,2024-05-06,2024-05-07,On-time
614786,514786,2024-04-18,\N,Failed
614787,514787,2023-07-07,\N,\N
614788,514788,2024-06-18,\N,Failed
614789,514789,2024-04-26,2024-04-26,On-time
614790,514790,2024-04-23,2024-04-26,Delayed
614791,514791,2023-07-26,\N,Failed
614792,514792,2023-06-09,2023-06-14,Delayed
614793,514793,2023-09-17,2023-09-18,On-time
614794,514794,2024-03-03,\N,Failed
614795,514795,2024-05-18,\N,Failed
614796,514796,2023-09-07,2023-09-06,On-time
614797,514797,2024-09-14,2024-09-14,On-time
614798,514798,2024-07-24,2024-07-29,Delayed
614799,514799,2024-10-03,2024-10-03,On-time
614800,514800,2024-07-14,2024-07-14,On-time
614801,514801,2023-11-19,2023-11-18,On-time
614802,514802,2023-07-07,2023-07-08,On-time
614803,514803,2024-06-06,2024-06-05,On-time
614804,514804,2024-03-16,2024-03-16,On-time
614805,514805,2023-07-07,2023-07-08,On-time
614806,514806,2023-08-17,\N,Failed
614807,514807,2023-07-07,2023-07-08,On-time
614808,514808,2023-09-25,2023-09-26,On-time
614809,514809,2024-10-01,2024-10-07,Delayed
614810,514810,2024-05-05,2024-05-06,On-time
614811,514811,2023-07-06,2023-07-11,Delayed
614812,514812,2023-10-27,2023-10-28,On-time
614813,514813,2024-03-20,2024-03-20,On-time
614814,514814,2024-07-28,\N,Failed
614815,514815,2024-04-16,2024-04-15,On-time
614816,514816,2024-01-08,2024-01-12,Delayed
614817,514817,2024-02-20,2024-02-21,On-time
614818,514818,2023-06-14,2023-06-14,On-time
614819,514819,2024-01-25,2024-01-26,On-time
614820,514820,2024-06-02,\N,Failed
614821,514821,2024-08-13,2024-08-12,On-time
614822,514822,2023-11-19,2023-11-18,On-time
614823,514823,2024-06-04,2024-06-04,On-time
614824,514824,2024-03-01,2024-02-29,On-time
614825,514825,2024-01-05,2024-01-04,On-time
614826,514826,2024-08-16,\N,\N
614827,514827,2024-02-06,2024-02-05,On-time
614828,514828,2024-07-28,2024-07-29,On-time
614829,514829,2024-06-24,2024-06-23,On-time
614830,514830,2023-07-05,2023-07-10,Delayed
614831,514831,2023-08-15,2023-08-14,On-time
614832,514832,2023-11-06,2023-11-07,On-time
614833,514833,2024-06-15,2024-06-14,On-time
614834,514834,2024-09-20,2024-09-19,On-time
614835,514835,2024-10-04,2024-10-04,On-time
614836,514836,2024-08-08,2024-08-09,On-time
614837,514837,2024-09-10,2024-09-16,Delayed
614838,514838,2024-04-28,2024-04-27,On-time
614839,514839,2024-02-15,\N,\N
614840,514840,2024-06-21,2024-06-20,On-time
614841,514841,2024-03-10,2024-03-09,On-time
614842,514842,2024-08-22,2024-08-28,Delayed
614843,514843,2024-05-07,2024-05-08,On-time
614844,514844,2024-08-15,2024-08-20,Delayed
614845,514845,2024-05-07,2024-05-08,On-time
614846,514846,2024-02-11,\N,Failed
614847,514847,2024-07-07,2024-07-08,On-time
614848,514848,2023-12-11,2023-12-13,Delayed
614849,514849,2024-08-22,2024-08-23,On-time
614850,514850,2023-09-22,2023-09-26,Delayed
614851,514851,2023-10-31,\N,\N
614852,514852,2023-10-09,2023-10-08,On-time
614853,514853,2024-08-19,2024-08-20,On-time
614854,514854,2023-08-04,2023-08-05,On-time
614855,514855,2024-03-10,2024-03-15,Delayed
614856,514856,2024-08-12,2024-08-13,On-time
614857,514857,2023-07-30,\N,Failed
614858,514858,2024-06-14,\N,\N
614859,514859,2024-06-28,2024-06-27,On-time
614860,514860,2023-06-25,2023-06-27,Delayed
614861,514861,2024-07-01,2024-07-01,On-time
614862,514862,2024-02-17,2024-02-17,On-time
614863,514863,2024-08-20,2024-08-19,On-time
614864,514864,2023-10-22,2023-10-23,On-time
614865,514865,2024-03-05,2024-03-04,On-time
614866,514866,2023-09-13,2023-09-15,Delayed
614867,514867,2024-02-11,2024-02-11,On-time
614868,514868,2023-07-31,2023-08-01,On-time
614869,514869,2024-04-29,\N,Failed
614870,514870,2023-08-12,2023-08-13,On-time
614871,514871,2024-06-19,2024-06-18,On-time
614872,514872,2023-10-30,\N,Failed
614873,514873,2024-02-22,2024-02-23,On-time
614874,514874,2024-02-17,2024-02-17,On-time
614875,514875,2023-11-09,\N,Failed
614876,514876,2024-08-14,2024-08-14,On-time
614877,514877,2024-01-23,2024-01-26,Delayed
614878,514878,2024-05-26,2024-05-25,On-time
614879,514879,2024-06-21,2024-06-27,Delayed
614880,514880,2023-07-14,2023-07-20,Delayed
614881,514881,2024-07-26,2024-07-27,On-time
614882,514882,2024-04-19,2024-04-18,On-time
614883,514883,2024-09-11,\N,Failed
614884,514884,2023-08-05,2023-08-04,On-time
614885,514885,2023-07-21,2023-07-21,On-time
614886,514886,2023-08-21,2023-08-20,On-time
614887,514887,2024-08-14,2024-08-14,On-time
614888,514888,2023-06-08,2023-06-08,On-time
614889,514889,2023-10-05,2023-10-04,On-time
614890,514890,2024-04-03,2024-04-07,Delayed
614891,514891,2024-06-14,2024-06-16,Delayed
614892,514892,2023-09-09,\N,Failed
614893,514893,2024-09-12,2024-09-13,On-time
614894,514894,2024-08-14,2024-08-15,On-time
614895,514895,2023-06-15,2023-06-20,Delayed
614896,514896,2024-01-12,2024-01-16,Delayed
614897,514897,2024-07-28,2024-07-29,On-time
614898,514898,2024-03-01,2024-03-05,Delayed
614899,514899,2023-06-23,2023-06-25,Delayed
614900,514900,2024-09-15,2024-09-14,On-time
614901,514901,2023-06-18,2023-06-18,On-time
614902,514902,2023-07-25,2023-07-31,Delayed
614903,514903,2023-11-05,\N,\N
614904,514904,2023-09-22,\N,Failed
614905,514905,2023-09-06,2023-09-06,On-time
614906,514906,2024-01-31,\N,Failed
614907,514907,2024-01-21,2024-01-20,On-time
614908,514908,2024-09-18,2024-09-19,On-time
614909,514909,2024-01-11,2024-01-14,Delayed
614910,514910,2023-10-16,2023-10-17,On-time
614911,514911,2023-11-03,2023-11-03,On-time
614912,514912,2023-06-13,2023-06-13,On-time
614913,514913,2024-07-13,2024-07-14,On-time
614914,514914,2024-06-10,\N,\N
614915,514915,2024-01-19,\N,\N
614916,514916,2024-05-11,2024-05-16,Delayed
614917,514917,2024-06-05,2024-06-04,On-time
614918,514918,2024-06-02,2024-06-02,On-time
614919,514919,2024-10-05,2024-10-05,On-time
614920,514920,2023-10-13,2023-10-14,On-time
614921,514921,2024-04-30,2024-05-01,On-time
614922,514922,2024-09-09,2024-09-10,On-time
614923,514923,2024-06-21,2024-06-27,Delayed
614924,514924,2023-11-01,2023-10-31,On-time
614925,514925,2024-03-26,2024-03-27,On-time
614926,514926,2024-05-11,2024-05-16,Delayed
614927,514927,2024-04-07,2024-04-08,On-time
614928,514928,2024-07-22,\N,\N
614929,514929,2023-07-11,2023-07-15,Delayed
614930,514930,2023-08-09,\N,Failed
614931,514931,2023-07-15,2023-07-14,On-time
614932,514932,2024-07-12,\N,Failed
614933,514933,2024-04-14,2024-04-20,Delayed
614934,514934,2024-06-11,2024-06-17,Delayed
614935,514935,2024-06-24,2024-06-25,On-time
614936,514936,2024-09-18,2024-09-17,On-time
614937,514937,2023-10-24,\N,Failed
614938,514938,2023-06-27,\N,Failed
614939,514939,2023-09-05,2023-09-06,On-time
614940,514940,2023-12-17,2023-12-18,On-time
614941,514941,2024-01-07,2024-01-07,On-time
614942,514942,2024-08-23,2024-08-22,On-time
614943,514943,2024-03-23,\N,Failed
614944,514944,2024-07-14,2024-07-13,On-time
614945,514945,2023-12-06,\N,Failed
614946,514946,2023-06-17,2023-06-20,Delayed
614947,514947,2024-01-27,2024-01-26,On-time
614948,514948,2024-03-16,2024-03-18,Delayed
614949,514949,2024-08-15,\N,Failed
614950,514950,2023-06-27,2023-06-26,On-time
614951,514951,2024-02-15,2024-02-16,On-time
614952,514952,2023-06-22,\N,\N
614953,514953,2023-09-22,2023-09-23,On-time
614954,514954,2024-03-06,2024-03-05,On-time
614955,514955,2023-10-16,2023-10-18,Delayed
614956,514956,2023-08-24,2023-08-23,On-time
614957,514957,2023-08-05,\N,\N
614958,514958,2023-12-23,2023-12-24,On-time
614959,514959,2024-09-17,2024-09-18,On-time
614960,514960,2023-06-12,2023-06-12,On-time
614961,514961,2023-10-01,\N,Failed
614962,514962,2024-05-08,2024-05-08,On-time
614963,514963,2024-02-20,2024-02-24,Delayed
614964,514964,2023-11-29,2023-11-28,On-time
614965,514965,2024-06-01,2024-05-31,On-time
614966,514966,2024-06-29,2024-06-29,On-time
614967,514967,2024-06-20,2024-06-24,Delayed
614968,514968,2023-08-10,2023-08-11,On-time
614969,514969,2024-01-20,2024-01-19,On-time
614970,514970,2023-08-28,2023-08-29,On-time
614971,514971,2024-08-04,2024-08-05,On-time
614972,514972,2023-12-08,2023-12-14,Delayed
614973,514973,2024-02-04,2024-02-06,Delayed
614974,514974,2024-01-14,2024-01-14,On-time
614975,514975,2024-06-07,2024-06-06,On-time
614976,514976,2024-05-03,2024-05-02,On-time
614977,514977,2024-02-21,2024-02-23,Delayed
614978,514978,2024-02-16,2024-02-16,On-time
614979,514979,2024-05-26,2024-05-27,On-time
614980,514980,2024-04-18,\N,Failed
614981,514981,2024-07-02,2024-07-05,Delayed
614982,514982,2023-06-27,2023-06-30,Delayed
614983,514983,2024-06-12,2024-06-12,On-time
614984,514984,2024-09-23,\N,Failed
614985,514985,2023-11-17,2023-11-21,Delayed
614986,514986,2024-02-08,2024-02-13,Delayed
614987,514987,2023-07-19,2023-07-18,On-time
614988,514988,2024-07-23,2024-07-22,On-time
614989,514989,2024-04-23,\N,Failed
614990,514990,2024-10-04,2024-10-03,On-time
614991,514991,2023-09-07,2023-09-09,Delayed
614992,514992,2023-08-12,\N,\N
614993,514993,2024-07-15,2024-07-16,On-time
614994,514994,2023-07-02,2023-07-07,Delayed
614995,514995,2023-10-05,2023-10-10,Delayed
614996,514996,2023-10-06,2023-10-08,Delayed
614997,514997,2024-07-08,2024-07-07,On-time
614998,514998,2023-08-04,2023-08-09,Delayed
614999,514999,2024-09-26,2024-09-25,On-time
615000,515000,2024-01-07,2024-01-06,On-time
