order_id,customer_id,order_date,order_status
500001,10470,2024-08-30,Delivered
500002,10350,2023-12-09,Delivered
500003,12195,2024-03-03,Returned
500004,11558,2023-10-09,Delivered
500005,10257,2023-11-22,Delivered
500006,10496,2023-09-20,Delivered
500007,11070,2023-12-13,Delivered
500008,10668,2024-07-09,Returned
500009,11847,2024-01-10,Delivered
500010,10175,2024-03-19,Delivered
500011,12931,2023-11-18,Cancelled
500012,11260,2023-08-16,Delivered
500013,11636,2023-08-23,Delivered
500014,12129,2023-06-23,Delivered
500015,11515,2023-06-03,Delivered
500016,11612,2023-10-09,Delivered
500017,10350,2023-06-03,Delivered
500018,12099,2024-03-11,Returned
500019,10620,2024-02-02,Delivered
500020,10217,2023-06-27,Delivered
500021,11915,2024-05-13,Delivered
500022,10034,2024-04-06,Delivered
500023,12568,2024-09-26,Delivered
500024,11474,2023-10-03,Cancelled
500025,11363,2024-07-08,Delivered
500026,12626,2024-07-29,Returned
500027,11413,2023-09-15,Delivered
500028,12757,2023-10-24,Delivered
500029,12681,2024-05-13,Delivered
500030,10211,2024-03-02,Delivered
500031,12456,2023-07-15,Delivered
500032,11699,2023-12-23,Cancelled
500033,10662,2023-11-11,Returned
500034,11118,2024-03-10,Delivered
500035,12205,2023-08-28,Delivered
500036,12011,2023-12-31,Delivered
500037,10016,2023-08-11,Cancelled
500038,11667,2023-10-10,Delivered
500039,12381,2023-06-05,Returned
500040,12451,2023-07-19,Delivered
500041,12278,2024-02-09,Delivered
500042,12301,2024-05-01,Delivered
500043,11985,2023-09-08,Delivered
500044,11753,2024-04-04,Delivered
500045,11439,2024-04-14,Delivered
500046,10614,2024-06-14,Delivered
500047,10743,2023-07-26,Returned
500048,11532,2024-02-29,Delivered
500049,10241,2023-12-02,Delivered
500050,11164,2024-03-14,Delivered
500051,12427,2024-08-23,Delivered
500052,10822,2024-04-03,Delivered
500053,10576,2024-07-20,Delivered
500054,10661,2024-01-18,Delivered
500055,12012,2023-12-18,Cancelled
500056,10271,2023-10-22,Delivered
500057,11110,2023-09-10,Delivered
500058,10100,2024-07-31,Delivered
500059,10748,2024-07-20,Delivered
500060,10115,2024-06-30,Returned
500061,10984,2024-01-07,Cancelled
500062,10991,2024-06-04,Delivered
500063,13050,2023-10-22,Delivered
500064,10214,2023-06-03,Delivered
500065,12470,2023-07-19,Delivered
500066,13055,2024-07-27,Delivered
500067,11246,2023-06-15,Delivered
500068,12386,2023-06-27,Delivered
500069,11986,2023-06-21,Delivered
500070,11898,2024-05-23,Delivered
500071,11884,2024-07-30,Delivered
500072,11761,2024-01-04,Delivered
500073,12320,2024-04-02,Delivered
500074,12155,2024-07-25,Delivered
500075,10694,2024-07-16,Delivered
500076,12830,2023-06-20,Delivered
500077,11034,2024-07-22,Delivered
500078,10646,2023-07-25,Delivered
500079,12999,2023-07-03,Delivered
500080,12459,2024-08-09,Delivered
500081,10160,2024-05-06,Cancelled
500082,12058,2024-04-05,Delivered
500083,12095,2024-03-30,Delivered
500084,11971,2023-07-29,Delivered
500085,10454,2023-11-25,Returned
500086,10539,2023-12-11,Delivered
500087,12029,2023-08-27,Delivered
500088,10063,2023-12-26,Delivered
500089,12124,2023-06-23,Delivered
500090,12450,2023-07-22,Delivered
500091,11624,2024-03-01,Delivered
500092,11217,2023-07-10,Returned
500093,10863,2024-05-07,Delivered
500094,11799,2024-01-06,Delivered
500095,10156,2024-01-29,Returned
500096,10262,2023-11-12,Delivered
500097,12689,2024-06-20,Delivered
500098,12000,2024-04-11,Delivered
500099,12642,2024-01-15,Delivered
500100,10886,2024-01-12,Delivered
500101,11895,2024-06-24,Cancelled
500102,12599,2023-06-01,Delivered
500103,10212,2024-02-17,Delivered
500104,12616,2024-03-02,Cancelled
500105,10262,2024-03-13,Delivered
500106,10226,2023-09-25,Delivered
500107,10696,2024-07-04,Cancelled
500108,10419,2024-01-18,Delivered
500109,12954,2024-04-29,Delivered
500110,10995,2024-04-15,Delivered
500111,10704,2024-07-09,Delivered
500112,10794,2024-01-08,Delivered
500113,12048,2023-08-26,Delivered
500114,11036,2024-02-25,Returned
500115,10256,2024-02-11,Delivered
500116,10386,2023-06-19,Delivered
500117,11530,2023-12-08,Delivered
500118,11899,2024-03-07,Delivered
500119,11484,2023-08-14,Returned
500120,12515,2024-07-31,Delivered
500121,11272,2024-05-27,Delivered
500122,12028,2023-11-08,Delivered
500123,11630,2023-12-03,Returned
500124,12717,2024-05-25,Delivered
500125,11489,2023-09-19,Cancelled
500126,11468,2023-06-06,Delivered
500127,11089,2023-07-19,Delivered
500128,10999,2023-07-19,Returned
500129,12333,2023-08-19,Delivered
500130,12906,2024-05-25,Returned
500131,11716,2023-06-05,Delivered
500132,11960,2023-11-07,Delivered
500133,11680,2023-12-15,Returned
500134,10398,2023-06-19,Delivered
500135,10563,2024-04-03,Delivered
500136,10661,2024-08-01,Delivered
500137,12827,2024-06-16,Delivered
500138,11729,2023-10-10,Delivered
500139,11133,2024-01-09,Delivered
500140,11105,2024-09-26,Delivered
500141,11689,2023-08-23,Cancelled
500142,12043,2024-01-03,Delivered
500143,10660,2023-08-03,Delivered
500144,10821,2023-09-17,Cancelled
500145,12302,2024-08-16,Returned
500146,11391,2023-06-14,Cancelled
500147,10292,2024-01-16,Delivered
500148,12810,2024-03-04,Delivered
500149,10903,2024-08-28,Delivered
500150,10727,2024-01-09,Delivered
500151,11419,2023-12-27,Returned
500152,10444,2024-01-09,Delivered
500153,13059,2023-11-13,Returned
500154,10096,2024-05-09,Delivered
500155,11031,2024-08-09,Delivered
500156,11872,2024-06-23,Delivered
500157,10105,2024-05-14,Delivered
500158,12575,2024-05-11,Cancelled
500159,10081,2024-06-15,Returned
500160,10723,2024-01-23,Delivered
500161,12215,2024-05-22,Delivered
500162,10873,2023-10-25,Delivered
500163,12302,2024-01-30,Delivered
500164,12359,2023-11-05,Delivered
500165,12057,2023-07-01,Delivered
500166,12831,2023-12-08,Delivered
500167,10063,2023-12-05,Delivered
500168,11046,2023-07-01,Delivered
500169,12842,2023-07-15,Delivered
500170,12060,2023-11-04,Delivered
500171,12600,2023-06-01,Delivered
500172,12266,2024-06-14,Delivered
500173,10874,2024-04-12,Delivered
500174,12181,2023-10-21,Delivered
500175,13034,2023-12-16,Delivered
500176,11031,2023-10-08,Delivered
500177,10810,2023-10-23,Delivered
500178,11128,2023-09-13,Delivered
500179,10192,2023-12-09,Delivered
500180,12957,2024-07-18,Delivered
500181,11430,2024-06-23,Delivered
500182,12303,2023-07-17,Delivered
500183,12766,2024-05-26,Delivered
500184,10025,2023-08-28,Delivered
500185,12016,2023-07-16,Delivered
500186,11218,2023-09-06,Delivered
500187,12736,2024-04-11,Cancelled
500188,12095,2024-06-18,Delivered
500189,10576,2023-08-12,Delivered
500190,11300,2024-01-01,Cancelled
500191,10892,2023-08-12,Delivered
500192,11806,2024-08-01,Delivered
500193,11662,2024-05-04,Delivered
500194,12243,2023-06-24,Cancelled
500195,12511,2023-08-02,Delivered
500196,11993,2024-08-26,Returned
500197,10996,2023-10-13,Delivered
500198,10320,2024-04-20,Delivered
500199,10351,2024-01-07,Delivered
500200,10651,2023-11-25,Delivered
500201,11999,2023-12-13,Delivered
500202,10318,2023-06-08,Delivered
500203,11718,2024-03-27,Delivered
500204,13007,2023-09-28,Delivered
500205,12963,2024-04-23,Delivered
500206,10153,2024-07-22,Delivered
500207,11388,2024-02-29,Delivered
500208,11749,2024-02-19,Delivered
500209,12510,2023-09-21,Delivered
500210,11060,2023-09-27,Delivered
500211,12465,2023-08-21,Returned
500212,10262,2024-02-25,Delivered
500213,10665,2024-04-09,Delivered
500214,11173,2024-03-16,Cancelled
500215,10931,2023-09-07,Delivered
500216,10351,2023-08-14,Delivered
500217,12076,2023-12-13,Delivered
500218,10099,2024-07-16,Delivered
500219,10474,2024-08-19,Delivered
500220,11705,2024-08-24,Delivered
500221,10216,2024-09-19,Delivered
500222,12011,2023-12-27,Delivered
500223,11676,2024-06-04,Returned
500224,11863,2023-10-12,Delivered
500225,10322,2024-07-30,Delivered
500226,11254,2024-02-03,Delivered
500227,11996,2024-07-04,Delivered
500228,11199,2024-06-24,Delivered
500229,10122,2024-06-06,Delivered
500230,12687,2024-07-14,Delivered
500231,12927,2023-08-03,Cancelled
500232,12846,2024-08-31,Delivered
500233,11922,2023-11-23,Delivered
500234,11298,2024-08-01,Delivered
500235,10418,2023-06-23,Delivered
500236,11303,2023-06-10,Delivered
500237,12795,2024-05-08,Delivered
500238,11470,2024-02-11,Cancelled
500239,10941,2023-12-16,Delivered
500240,10991,2024-06-18,Delivered
500241,10852,2024-05-24,Delivered
500242,12229,2023-09-10,Delivered
500243,12464,2023-08-05,Delivered
500244,12386,2023-10-18,Delivered
500245,10083,2023-11-08,Delivered
500246,10357,2024-09-11,Delivered
500247,11895,2023-09-01,Cancelled
500248,11661,2024-08-16,Delivered
500249,10469,2024-07-12,Delivered
500250,11270,2024-03-26,Delivered
500251,10259,2024-04-18,Delivered
500252,10304,2023-10-25,Returned
500253,12011,2023-07-14,Delivered
500254,12567,2024-03-01,Delivered
500255,10383,2024-09-27,Delivered
500256,12824,2023-09-15,Returned
500257,10154,2024-01-26,Returned
500258,11739,2024-03-05,Delivered
500259,11763,2024-02-11,Delivered
500260,12398,2024-02-12,Delivered
500261,11782,2024-04-10,Delivered
500262,12979,2024-05-15,Delivered
500263,10849,2024-05-27,Cancelled
500264,11674,2024-03-05,Delivered
500265,11291,2023-07-05,Delivered
500266,10676,2024-03-19,Delivered
500267,10295,2024-07-28,Delivered
500268,12656,2024-09-13,Delivered
500269,12309,2023-10-04,Delivered
500270,11327,2024-01-19,Delivered
500271,11732,2023-12-18,Delivered
500272,10425,2024-01-10,Returned
500273,11089,2024-07-14,Delivered
500274,10172,2024-06-18,Delivered
500275,12113,2024-09-02,Delivered
500276,11952,2024-03-04,Delivered
500277,12704,2024-03-31,Delivered
500278,10698,2024-03-21,Delivered
500279,10741,2023-08-16,Delivered
500280,12523,2024-02-15,Delivered
500281,12261,2024-06-02,Returned
500282,12040,2024-06-27,Returned
500283,10454,2023-09-03,Returned
500284,12001,2023-12-26,Delivered
500285,11884,2024-07-21,Delivered
500286,11295,2023-12-22,Delivered
500287,12608,2023-11-23,Delivered
500288,12094,2024-02-01,Delivered
500289,11689,2023-08-25,Delivered
500290,12718,2024-01-15,Delivered
500291,10905,2024-08-28,Delivered
500292,10783,2024-07-20,Delivered
500293,10369,2024-07-17,Delivered
500294,12048,2023-12-18,Delivered
500295,10988,2024-01-28,Delivered
500296,11805,2024-09-23,Delivered
500297,11740,2024-02-11,Delivered
500298,12349,2024-07-04,Delivered
500299,12101,2023-12-21,Delivered
500300,12286,2024-02-15,Cancelled
500301,10182,2023-06-06,Delivered
500302,10129,2024-04-13,Delivered
500303,11034,2024-05-08,Delivered
500304,11008,2023-09-30,Delivered
500305,10044,2024-06-21,Delivered
500306,10801,2024-04-19,Returned
500307,10528,2024-07-10,Cancelled
500308,12721,2024-07-10,Returned
500309,11515,2023-09-10,Delivered
500310,10276,2023-12-03,Delivered
500311,11033,2024-08-01,Delivered
500312,10905,2023-07-04,Delivered
500313,12116,2024-07-03,Cancelled
500314,12062,2023-10-16,Returned
500315,10004,2024-07-24,Delivered
500316,10658,2024-08-23,Delivered
500317,11929,2024-04-08,Delivered
500318,12230,2023-12-31,Delivered
500319,10383,2023-06-22,Delivered
500320,12552,2024-08-05,Delivered
500321,11973,2024-05-27,Delivered
500322,11217,2024-04-13,Delivered
500323,12380,2024-09-27,Delivered
500324,12171,2024-08-16,Delivered
500325,12610,2023-10-06,Delivered
500326,10262,2024-03-02,Delivered
500327,11845,2024-07-25,Delivered
500328,10739,2023-06-28,Delivered
500329,13021,2023-08-07,Delivered
500330,12665,2023-11-24,Returned
500331,11763,2023-07-06,Delivered
500332,11218,2024-04-19,Delivered
500333,11929,2023-06-05,Returned
500334,11751,2024-04-06,Delivered
500335,12125,2023-11-04,Delivered
500336,12662,2023-06-20,Delivered
500337,12233,2024-04-03,Delivered
500338,10878,2024-03-11,Delivered
500339,11878,2023-11-28,Cancelled
500340,10326,2023-08-20,Delivered
500341,11638,2024-01-02,Delivered
500342,10322,2024-04-17,Cancelled
500343,11651,2024-01-23,Returned
500344,11942,2024-06-05,Delivered
500345,10121,2023-11-29,Delivered
500346,12094,2024-02-13,Delivered
500347,11870,2024-01-06,Delivered
500348,12233,2024-08-03,Delivered
500349,11951,2023-06-30,Delivered
500350,10574,2023-10-30,Delivered
500351,11689,2024-08-07,Delivered
500352,10070,2023-10-06,Delivered
500353,12129,2023-10-21,Delivered
500354,11372,2024-07-03,Delivered
500355,12846,2023-06-20,Delivered
500356,11767,2024-09-15,Delivered
500357,10194,2024-03-23,Delivered
500358,10477,2023-08-11,Delivered
500359,11363,2023-10-07,Delivered
500360,12694,2024-05-22,Delivered
500361,12003,2023-10-14,Delivered
500362,12488,2024-05-02,Delivered
500363,11972,2023-10-27,Delivered
500364,10430,2024-09-26,Returned
500365,11215,2023-11-06,Delivered
500366,10369,2024-01-19,Delivered
500367,12249,2023-10-18,Delivered
500368,10176,2024-01-19,Delivered
500369,11805,2024-03-24,Delivered
500370,11636,2023-06-09,Delivered
500371,11715,2023-11-26,Delivered
500372,10430,2023-06-11,Delivered
500373,11805,2024-04-21,Delivered
500374,12312,2023-06-28,Returned
500375,10249,2024-03-20,Returned
500376,12545,2024-07-31,Delivered
500377,10863,2023-11-19,Delivered
500378,10364,2024-03-16,Delivered
500379,10117,2024-07-13,Delivered
500380,11564,2024-01-31,Delivered
500381,12042,2024-06-02,Delivered
500382,13003,2023-07-11,Cancelled
500383,11322,2024-07-27,Delivered
500384,10164,2024-06-19,Delivered
500385,12759,2024-09-23,Delivered
500386,12508,2024-03-25,Cancelled
500387,11781,2024-04-14,Returned
500388,12439,2023-06-29,Delivered
500389,12531,2024-07-08,Delivered
500390,11257,2024-05-06,Cancelled
500391,10664,2024-08-29,Cancelled
500392,10562,2023-08-04,Cancelled
500393,11580,2023-12-14,Delivered
500394,10249,2024-02-15,Delivered
500395,11178,2023-08-16,Returned
500396,11549,2024-03-17,Delivered
500397,10411,2024-06-08,Delivered
500398,10227,2023-06-13,Delivered
500399,12685,2024-05-23,Returned
500400,10298,2024-01-26,Delivered
500401,10563,2023-10-31,Delivered
500402,12888,2024-02-06,Returned
500403,10911,2023-10-16,Delivered
500404,10512,2024-02-26,Delivered
500405,11079,2023-06-17,Delivered
500406,12896,2024-07-14,Delivered
500407,10241,2023-06-02,Delivered
500408,12038,2024-07-29,Delivered
500409,11244,2023-07-04,Delivered
500410,10079,2024-04-12,Delivered
500411,10299,2023-08-08,Delivered
500412,11815,2024-05-08,Delivered
500413,10958,2024-06-27,Delivered
500414,10538,2024-06-07,Delivered
500415,12058,2024-09-25,Delivered
500416,11442,2023-10-27,Delivered
500417,10232,2023-08-13,Delivered
500418,11058,2023-06-04,Delivered
500419,13042,2024-06-30,Delivered
500420,12667,2023-08-08,Delivered
500421,12991,2023-08-29,Cancelled
500422,11014,2023-11-11,Delivered
500423,11275,2023-06-21,Delivered
500424,10181,2023-07-05,Delivered
500425,11668,2024-08-24,Delivered
500426,11569,2024-08-10,Delivered
500427,12051,2023-11-14,Delivered
500428,10465,2024-07-13,Delivered
500429,13039,2024-01-08,Delivered
500430,11073,2023-06-04,Delivered
500431,11804,2024-05-22,Delivered
500432,10475,2024-05-12,Delivered
500433,10640,2024-01-26,Delivered
500434,10081,2024-04-11,Delivered
500435,11709,2024-01-18,Delivered
500436,12253,2023-10-11,Delivered
500437,10382,2024-07-20,Delivered
500438,11551,2024-02-25,Delivered
500439,10880,2023-07-19,Returned
500440,11767,2023-08-16,Delivered
500441,11434,2023-11-18,Delivered
500442,11905,2024-05-15,Delivered
500443,11233,2023-10-24,Delivered
500444,12739,2023-07-09,Delivered
500445,11746,2023-07-29,Delivered
500446,11806,2024-07-14,Delivered
500447,12789,2023-06-16,Delivered
500448,10548,2024-05-29,Delivered
500449,10602,2024-09-22,Delivered
500450,10939,2024-01-06,Delivered
500451,11291,2023-07-02,Delivered
500452,10520,2024-01-04,Returned
500453,10875,2023-06-20,Delivered
500454,12036,2023-12-13,Delivered
500455,12840,2024-08-11,Delivered
500456,12704,2023-07-14,Delivered
500457,12837,2024-03-04,Delivered
500458,12199,2023-08-21,Delivered
500459,10147,2024-01-01,Delivered
500460,10794,2024-01-12,Delivered
500461,12637,2023-10-12,Delivered
500462,12051,2024-01-09,Delivered
500463,11241,2024-06-22,Delivered
500464,12984,2024-09-25,Delivered
500465,12846,2023-12-23,Delivered
500466,12947,2024-05-10,Delivered
500467,10380,2024-03-11,Delivered
500468,11740,2024-08-20,Returned
500469,11524,2024-01-28,Delivered
500470,11295,2024-04-01,Delivered
500471,10702,2023-06-27,Delivered
500472,10843,2023-12-08,Delivered
500473,12386,2024-04-12,Delivered
500474,11121,2024-01-29,Delivered
500475,12595,2024-07-30,Delivered
500476,12922,2023-08-24,Delivered
500477,11029,2024-09-24,Delivered
500478,10328,2024-07-09,Delivered
500479,12673,2024-07-18,Delivered
500480,12637,2024-02-16,Delivered
500481,12338,2023-10-24,Delivered
500482,12886,2024-06-26,Delivered
500483,11006,2024-09-09,Delivered
500484,11962,2024-04-08,Delivered
500485,12640,2023-06-05,Returned
500486,12910,2024-09-28,Delivered
500487,12888,2024-08-11,Delivered
500488,12636,2023-10-29,Delivered
500489,12144,2024-07-11,Returned
500490,12058,2023-11-24,Delivered
500491,10508,2024-03-28,Cancelled
500492,11442,2023-09-29,Delivered
500493,11166,2023-12-30,Cancelled
500494,12201,2024-08-04,Cancelled
500495,11833,2023-11-26,Delivered
500496,10322,2023-10-08,Delivered
500497,11092,2023-08-30,Delivered
500498,12705,2024-03-05,Delivered
500499,12061,2024-08-25,Delivered
500500,10771,2023-08-24,Delivered
500501,12366,2024-03-26,Delivered
500502,12983,2023-09-21,Delivered
500503,11078,2023-09-16,Delivered
500504,11530,2023-09-04,Delivered
500505,13004,2024-01-11,Cancelled
500506,11259,2024-08-30,Delivered
500507,12390,2024-06-27,Delivered
500508,12508,2024-09-25,Delivered
500509,11389,2024-07-08,Delivered
500510,10974,2024-04-28,Delivered
500511,13048,2024-01-02,Delivered
500512,10165,2024-06-17,Delivered
500513,10662,2023-11-17,Delivered
500514,12587,2024-03-25,Delivered
500515,10357,2023-07-14,Delivered
500516,12830,2023-08-13,Delivered
500517,10353,2023-06-20,Delivered
500518,11055,2023-11-14,Delivered
500519,11891,2024-09-17,Delivered
500520,10107,2024-04-09,Delivered
500521,10115,2023-09-23,Delivered
500522,12051,2024-08-21,Delivered
500523,12649,2023-06-21,Delivered
500524,11397,2023-11-01,Cancelled
500525,11468,2024-07-07,Delivered
500526,13041,2024-09-04,Delivered
500527,12153,2024-01-31,Delivered
500528,10025,2023-06-05,Delivered
500529,12541,2023-08-30,Returned
500530,10941,2024-06-28,Delivered
500531,10709,2023-09-23,Delivered
500532,10568,2023-06-26,Delivered
500533,11269,2024-05-12,Delivered
500534,12768,2023-07-19,Delivered
500535,11003,2024-09-16,Delivered
500536,10187,2024-08-28,Delivered
500537,10486,2024-03-30,Delivered
500538,10359,2023-06-30,Delivered
500539,10222,2023-07-31,Delivered
500540,11652,2023-09-05,Delivered
500541,10766,2024-09-10,Delivered
500542,10043,2024-07-05,Delivered
500543,12847,2024-07-14,Delivered
500544,12507,2024-03-09,Delivered
500545,10895,2024-05-17,Delivered
500546,12096,2024-01-06,Delivered
500547,11522,2024-02-28,Delivered
500548,12266,2024-09-03,Delivered
500549,11662,2023-11-18,Delivered
500550,11150,2023-06-03,Delivered
500551,10116,2024-05-27,Delivered
500552,12920,2023-11-05,Delivered
500553,11062,2024-06-18,Delivered
500554,12892,2024-02-11,Delivered
500555,11162,2024-04-03,Cancelled
500556,11912,2023-10-15,Delivered
500557,12857,2023-11-14,Delivered
500558,11904,2023-06-17,Delivered
500559,10217,2024-04-17,Delivered
500560,10955,2024-09-18,Delivered
500561,10424,2024-06-18,Delivered
500562,11162,2024-08-06,Delivered
500563,10723,2023-09-13,Delivered
500564,11824,2024-07-26,Delivered
500565,11091,2024-08-10,Delivered
500566,10619,2024-04-14,Delivered
500567,10544,2023-07-17,Delivered
500568,12076,2024-02-29,Delivered
500569,10961,2023-12-11,Delivered
500570,10741,2024-08-01,Delivered
500571,10276,2024-05-30,Delivered
500572,10941,2024-08-13,Delivered
500573,10476,2024-03-13,Delivered
500574,12697,2024-07-29,Delivered
500575,12800,2024-07-29,Delivered
500576,12910,2024-03-30,Delivered
500577,11808,2024-06-19,Delivered
500578,10687,2024-05-21,Delivered
500579,11282,2024-07-13,Delivered
500580,11486,2024-03-27,Delivered
500581,11721,2023-09-04,Delivered
500582,12485,2023-11-24,Delivered
500583,12421,2024-01-08,Delivered
500584,11896,2023-11-23,Delivered
500585,12461,2023-12-22,Delivered
500586,11217,2023-09-27,Delivered
500587,11076,2023-06-04,Delivered
500588,12295,2024-08-28,Delivered
500589,10903,2024-02-05,Returned
500590,10656,2024-05-12,Delivered
500591,11442,2024-05-22,Delivered
500592,11586,2023-09-10,Delivered
500593,10625,2024-01-26,Returned
500594,12987,2024-06-22,Delivered
500595,12575,2024-08-22,Returned
500596,12228,2024-07-29,Delivered
500597,12351,2023-11-19,Delivered
500598,11736,2023-10-02,Returned
500599,11971,2024-04-10,Delivered
500600,10354,2024-04-30,Delivered
500601,12493,2023-06-09,Delivered
500602,11437,2023-09-13,Delivered
500603,10270,2023-08-03,Delivered
500604,12599,2023-09-15,Cancelled
500605,10496,2023-09-10,Delivered
500606,11935,2023-09-10,Delivered
500607,11700,2024-03-03,Delivered
500608,11315,2024-03-10,Delivered
500609,12834,2023-10-19,Delivered
500610,10802,2023-06-21,Delivered
500611,10358,2024-07-15,Delivered
500612,11710,2023-09-04,Delivered
500613,11156,2024-01-01,Delivered
500614,12963,2023-10-11,Delivered
500615,12333,2024-06-21,Delivered
500616,12026,2024-09-05,Delivered
500617,11829,2023-08-07,Delivered
500618,11604,2023-06-01,Delivered
500619,11569,2023-07-06,Delivered
500620,12463,2024-03-13,Delivered
500621,11315,2023-06-19,Returned
500622,11317,2023-12-28,Delivered
500623,11695,2024-04-24,Delivered
500624,10999,2024-03-22,Delivered
500625,12808,2023-10-09,Delivered
500626,11681,2024-06-04,Delivered
500627,11474,2024-01-06,Delivered
500628,11566,2024-08-16,Delivered
500629,11469,2024-06-03,Returned
500630,10238,2024-03-11,Delivered
500631,10736,2023-10-26,Delivered
500632,11525,2024-02-21,Delivered
500633,10353,2023-10-10,Delivered
500634,10350,2024-07-29,Returned
500635,12587,2024-04-22,Delivered
500636,11358,2024-09-19,Returned
500637,11009,2024-04-05,Delivered
500638,11101,2023-12-23,Delivered
500639,12648,2024-03-03,Delivered
500640,12125,2024-08-22,Delivered
500641,12322,2023-09-14,Delivered
500642,11474,2024-08-23,Delivered
500643,11856,2024-09-07,Delivered
500644,10773,2024-09-13,Delivered
500645,12616,2024-05-30,Delivered
500646,10304,2023-10-22,Returned
500647,11830,2023-08-17,Delivered
500648,12071,2023-09-20,Delivered
500649,12343,2024-06-21,Delivered
500650,12746,2024-09-29,Delivered
500651,10381,2023-08-05,Delivered
500652,10610,2024-03-10,Delivered
500653,12328,2024-02-17,Cancelled
500654,10925,2024-05-28,Delivered
500655,12319,2024-01-15,Delivered
500656,11877,2023-09-06,Delivered
500657,10422,2024-07-24,Delivered
500658,10618,2023-09-18,Delivered
500659,10070,2024-08-05,Delivered
500660,11345,2023-11-02,Delivered
500661,10264,2024-02-18,Delivered
500662,10382,2023-09-18,Delivered
500663,12304,2023-06-08,Delivered
500664,12056,2023-09-20,Delivered
500665,10862,2024-08-14,Cancelled
500666,12832,2023-09-01,Delivered
500667,12265,2024-07-09,Delivered
500668,11179,2024-09-07,Delivered
500669,11956,2023-07-19,Delivered
500670,12984,2023-07-17,Delivered
500671,11314,2024-03-12,Delivered
500672,12892,2023-07-19,Delivered
500673,10995,2024-03-09,Delivered
500674,11847,2023-09-08,Returned
500675,12278,2024-01-30,Delivered
500676,10925,2023-07-08,Delivered
500677,10503,2024-01-08,Delivered
500678,11763,2023-11-19,Delivered
500679,11275,2023-07-20,Delivered
500680,11243,2024-07-14,Delivered
500681,12098,2023-12-13,Delivered
500682,10112,2024-07-15,Delivered
500683,12992,2024-07-13,Delivered
500684,12778,2024-01-14,Delivered
500685,11763,2024-04-12,Delivered
500686,11175,2024-09-18,Delivered
500687,12113,2024-02-01,Returned
500688,10217,2024-05-02,Delivered
500689,10619,2024-06-16,Delivered
500690,11694,2024-06-02,Delivered
500691,12975,2024-06-06,Delivered
500692,12635,2024-06-30,Cancelled
500693,10374,2024-06-04,Delivered
500694,12380,2024-07-20,Delivered
500695,10497,2023-08-30,Delivered
500696,11037,2024-01-18,Delivered
500697,11474,2023-10-15,Delivered
500698,13007,2024-05-28,Cancelled
500699,12201,2023-07-27,Delivered
500700,10115,2024-02-21,Delivered
500701,12362,2024-08-15,Delivered
500702,11417,2024-05-08,Delivered
500703,10090,2024-06-22,Delivered
500704,12332,2023-07-27,Delivered
500705,11623,2024-09-08,Returned
500706,12711,2024-04-17,Delivered
500707,11021,2023-06-19,Cancelled
500708,12937,2024-02-20,Delivered
500709,11368,2023-06-04,Returned
500710,11757,2024-07-16,Cancelled
500711,10866,2024-02-13,Delivered
500712,10254,2023-06-03,Delivered
500713,10801,2023-12-13,Delivered
500714,10265,2023-10-04,Delivered
500715,12883,2023-06-14,Delivered
500716,10021,2024-06-23,Cancelled
500717,10475,2023-10-26,Delivered
500718,11627,2024-03-27,Delivered
500719,12243,2024-08-10,Delivered
500720,10891,2024-05-17,Delivered
500721,11226,2024-06-07,Delivered
500722,11513,2024-03-26,Delivered
500723,12106,2024-03-31,Cancelled
500724,13035,2023-11-18,Delivered
500725,11122,2024-07-02,Delivered
500726,10512,2023-12-07,Delivered
500727,11306,2024-04-11,Delivered
500728,12422,2024-01-23,Returned
500729,10676,2024-07-02,Delivered
500730,10810,2024-02-07,Delivered
500731,11544,2023-07-23,Delivered
500732,10391,2024-01-04,Cancelled
500733,11127,2023-06-16,Delivered
500734,12651,2024-01-20,Delivered
500735,12952,2024-08-19,Delivered
500736,11049,2023-07-16,Delivered
500737,12952,2023-08-28,Delivered
500738,10974,2024-05-28,Delivered
500739,10855,2024-01-16,Delivered
500740,11066,2024-06-13,Delivered
500741,11490,2024-01-09,Delivered
500742,10583,2023-09-08,Delivered
500743,11338,2023-10-18,Delivered
500744,13007,2023-10-10,Delivered
500745,12180,2024-04-10,Delivered
500746,11806,2023-09-02,Delivered
500747,12585,2023-08-10,Delivered
500748,12587,2023-12-16,Delivered
500749,10658,2023-11-15,Delivered
500750,12913,2024-05-11,Delivered
500751,11049,2023-08-07,Returned
500752,10368,2024-01-26,Delivered
500753,10730,2023-06-22,Delivered
500754,11245,2023-08-10,Delivered
500755,10658,2023-06-12,Delivered
500756,11185,2023-07-15,Delivered
500757,10215,2023-07-20,Delivered
500758,10836,2023-08-17,Delivered
500759,12372,2024-03-24,Delivered
500760,12589,2024-04-11,Delivered
500761,12087,2023-11-07,Cancelled
500762,10188,2023-09-22,Delivered
500763,10034,2024-01-20,Delivered
500764,12343,2024-07-14,Delivered
500765,12482,2023-07-15,Returned
500766,13021,2024-06-17,Delivered
500767,11853,2024-03-08,Delivered
500768,10456,2023-07-13,Delivered
500769,11720,2023-12-04,Delivered
500770,11441,2023-10-18,Delivered
500771,12715,2023-08-14,Returned
500772,11569,2024-06-13,Delivered
500773,10704,2024-05-29,Delivered
500774,10556,2023-09-12,Delivered
500775,10982,2024-08-19,Delivered
500776,10382,2023-08-15,Delivered
500777,12158,2024-08-01,Delivered
500778,12348,2024-04-05,Delivered
500779,11964,2024-04-29,Delivered
500780,10103,2023-11-27,Delivered
500781,10904,2024-03-22,Delivered
500782,10382,2024-09-25,Delivered
500783,10482,2024-07-24,Cancelled
500784,10411,2024-04-06,Returned
500785,10324,2024-02-11,Delivered
500786,12544,2024-08-09,Delivered
500787,10239,2024-08-25,Cancelled
500788,10147,2023-12-23,Delivered
500789,10383,2024-07-13,Delivered
500790,11173,2023-12-06,Delivered
500791,12165,2024-08-24,Delivered
500792,10859,2024-01-17,Cancelled
500793,11033,2024-05-07,Delivered
500794,10822,2024-03-29,Delivered
500795,12836,2024-05-22,Delivered
500796,12113,2024-03-18,Delivered
500797,12980,2023-06-21,Delivered
500798,10208,2023-11-16,Delivered
500799,11964,2023-10-08,Delivered
500800,10373,2024-06-16,Delivered
500801,12785,2024-09-06,Cancelled
500802,12532,2024-07-04,Delivered
500803,11395,2024-04-24,Delivered
500804,11293,2023-06-17,Returned
500805,12830,2023-12-12,Delivered
500806,10209,2024-07-17,Delivered
500807,11086,2024-04-25,Returned
500808,11071,2024-07-04,Delivered
500809,12177,2024-02-14,Delivered
500810,10368,2023-09-16,Delivered
500811,12654,2023-10-25,Delivered
500812,10241,2024-07-30,Delivered
500813,10756,2024-05-07,Delivered
500814,12574,2024-07-31,Returned
500815,11675,2024-07-01,Delivered
500816,10314,2023-06-01,Returned
500817,12508,2023-11-20,Delivered
500818,12587,2023-12-02,Delivered
500819,11036,2024-05-22,Delivered
500820,10282,2024-03-07,Delivered
500821,11763,2024-07-21,Delivered
500822,10570,2024-02-13,Delivered
500823,10173,2024-05-21,Delivered
500824,11733,2024-09-04,Delivered
500825,10996,2023-12-18,Delivered
500826,10857,2024-01-21,Returned
500827,12254,2023-08-03,Cancelled
500828,10625,2024-08-28,Cancelled
500829,10369,2023-08-15,Returned
500830,12942,2023-08-21,Delivered
500831,10560,2024-04-12,Returned
500832,12487,2023-11-02,Delivered
500833,12380,2023-06-11,Delivered
500834,12562,2024-07-21,Delivered
500835,12609,2024-08-27,Delivered
500836,10955,2024-03-09,Delivered
500837,10100,2024-03-22,Delivered
500838,10498,2024-02-20,Delivered
500839,11499,2023-09-29,Delivered
500840,10646,2023-11-11,Delivered
500841,11516,2024-06-05,Delivered
500842,10459,2024-07-20,Delivered
500843,12312,2023-07-22,Delivered
500844,13007,2023-06-14,Delivered
500845,11071,2023-06-06,Cancelled
500846,10782,2024-09-06,Delivered
500847,10831,2024-08-18,Cancelled
500848,10318,2024-07-27,Delivered
500849,12773,2024-06-19,Delivered
500850,12056,2024-04-06,Delivered
500851,10570,2023-06-28,Delivered
500852,10405,2023-10-03,Delivered
500853,11280,2023-08-18,Delivered
500854,10377,2024-01-27,Delivered
500855,10297,2023-06-11,Delivered
500856,12512,2024-07-17,Delivered
500857,12056,2024-06-04,Delivered
500858,11378,2024-09-24,Delivered
500859,12552,2024-01-24,Delivered
500860,10482,2024-04-25,Delivered
500861,12049,2023-10-08,Delivered
500862,12085,2024-03-02,Delivered
500863,10325,2023-11-26,Returned
500864,11924,2024-07-28,Delivered
500865,11317,2023-06-16,Cancelled
500866,12333,2023-06-28,Delivered
500867,12259,2024-09-22,Delivered
500868,10214,2024-08-21,Delivered
500869,10798,2024-07-05,Delivered
500870,10092,2023-07-19,Cancelled
500871,11908,2023-10-10,Cancelled
500872,12518,2023-10-11,Delivered
500873,11978,2024-07-03,Delivered
500874,11805,2024-07-07,Delivered
500875,12778,2024-04-03,Delivered
500876,13058,2024-08-23,Delivered
500877,12799,2023-10-04,Delivered
500878,12425,2023-08-25,Delivered
500879,12944,2023-11-29,Returned
500880,10851,2023-08-03,Delivered
500881,11152,2023-12-12,Delivered
500882,11036,2023-08-30,Delivered
500883,11264,2024-07-22,Delivered
500884,13017,2024-05-16,Delivered
500885,10172,2024-03-01,Cancelled
500886,11759,2023-10-17,Returned
500887,12587,2024-02-17,Delivered
500888,12162,2024-09-17,Delivered
500889,10526,2024-07-25,Delivered
500890,11941,2024-05-26,Delivered
500891,11622,2024-01-05,Delivered
500892,11441,2023-12-17,Delivered
500893,11306,2023-09-25,Delivered
500894,11244,2023-10-08,Delivered
500895,11923,2024-08-11,Cancelled
500896,10406,2023-08-09,Delivered
500897,10644,2024-04-20,Delivered
500898,12931,2024-09-17,Delivered
500899,11230,2024-08-21,Delivered
500900,10029,2023-08-22,Delivered
500901,10027,2023-07-21,Delivered
500902,11329,2024-02-28,Delivered
500903,10704,2023-08-26,Delivered
500904,11913,2024-06-01,Delivered
500905,12036,2024-02-23,Delivered
500906,11908,2024-03-13,Delivered
500907,11461,2024-01-17,Delivered
500908,11363,2024-04-06,Delivered
500909,10583,2024-08-20,Delivered
500910,11017,2024-07-21,Delivered
500911,11926,2023-06-08,Delivered
500912,11144,2023-08-26,Cancelled
500913,11348,2024-02-20,Delivered
500914,10487,2023-10-30,Delivered
500915,11566,2024-07-11,Cancelled
500916,13009,2024-05-18,Delivered
500917,10880,2024-04-05,Returned
500918,10529,2024-03-13,Delivered
500919,12191,2023-10-17,Delivered
500920,10246,2024-01-19,Delivered
500921,10769,2023-11-30,Delivered
500922,12240,2024-02-03,Delivered
500923,10646,2023-08-31,Cancelled
500924,10712,2023-12-17,Returned
500925,11027,2024-07-02,Delivered
500926,12064,2024-09-12,Delivered
500927,10466,2024-07-25,Delivered
500928,11875,2023-10-15,Delivered
500929,10942,2024-09-23,Delivered
500930,11211,2023-09-09,Delivered
500931,11229,2024-09-07,Delivered
500932,12740,2024-02-24,Delivered
500933,12527,2024-01-27,Delivered
500934,10609,2024-05-31,Delivered
500935,12910,2023-10-27,Delivered
500936,11960,2023-12-31,Delivered
500937,10403,2024-06-19,Delivered
500938,12516,2023-11-07,Delivered
500939,11642,2024-02-21,Delivered
500940,11515,2023-10-20,Delivered
500941,12079,2023-08-27,Delivered
500942,11474,2024-08-14,Cancelled
500943,11971,2023-06-29,Delivered
500944,11868,2024-07-15,Returned
500945,12939,2024-02-11,Delivered
500946,10233,2023-09-07,Delivered
500947,12454,2024-08-24,Delivered
500948,11518,2024-05-02,Cancelled
500949,11662,2024-05-15,Delivered
500950,10274,2023-08-06,Delivered
500951,12619,2024-07-15,Returned
500952,12671,2023-08-07,Delivered
500953,11074,2024-04-22,Delivered
500954,10709,2024-07-22,Cancelled
500955,10719,2023-09-20,Delivered
500956,12666,2024-06-09,Delivered
500957,12650,2024-04-25,Delivered
500958,10369,2023-08-12,Returned
500959,12125,2024-09-25,Delivered
500960,10322,2023-08-11,Delivered
500961,12489,2024-05-08,Delivered
500962,11551,2024-01-30,Delivered
500963,11624,2024-01-14,Delivered
500964,11489,2024-06-16,Returned
500965,11221,2024-07-30,Returned
500966,11733,2024-02-14,Delivered
500967,12421,2024-04-04,Returned
500968,10731,2024-09-14,Delivered
500969,10935,2023-09-04,Cancelled
500970,11397,2023-06-24,Delivered
500971,10106,2023-10-07,Delivered
500972,11651,2024-05-19,Delivered
500973,11150,2024-09-14,Delivered
500974,11388,2023-06-23,Returned
500975,12164,2023-12-24,Delivered
500976,11275,2023-10-27,Delivered
500977,11027,2023-12-29,Returned
500978,12278,2024-06-22,Delivered
500979,11064,2024-09-13,Returned
500980,12770,2023-06-05,Delivered
500981,10536,2024-04-20,Delivered
500982,10596,2023-11-05,Delivered
500983,12984,2024-03-13,Delivered
500984,12815,2024-04-06,Delivered
500985,12132,2024-03-12,Delivered
500986,10827,2023-10-29,Delivered
500987,10156,2023-12-22,Delivered
500988,10010,2024-04-20,Delivered
500989,12394,2023-11-19,Delivered
500990,10925,2023-09-16,Delivered
500991,12319,2024-01-29,Cancelled
500992,10058,2024-01-07,Delivered
500993,11240,2023-07-15,Delivered
500994,11089,2024-04-05,Returned
500995,12675,2023-12-02,Delivered
500996,11904,2024-03-23,Delivered
500997,11757,2024-02-08,Cancelled
500998,10197,2023-09-19,Delivered
500999,12207,2023-09-20,Delivered
501000,12568,2023-10-04,Delivered
501001,10771,2023-07-21,Delivered
501002,11485,2024-04-23,Cancelled
501003,10168,2024-08-09,Delivered
501004,10159,2023-11-08,Delivered
501005,12568,2024-02-03,Delivered
501006,10599,2023-08-31,Delivered
501007,11803,2023-08-31,Delivered
501008,10349,2023-12-14,Delivered
501009,10072,2024-03-15,Delivered
501010,12403,2024-05-13,Delivered
501011,10411,2023-12-28,Delivered
501012,12098,2024-02-03,Delivered
501013,10232,2023-06-02,Delivered
501014,12808,2024-01-18,Delivered
501015,10278,2023-10-18,Delivered
501016,11218,2023-10-03,Returned
501017,11507,2023-08-06,Delivered
501018,11214,2024-08-09,Delivered
501019,12359,2023-07-04,Delivered
501020,11101,2024-03-17,Delivered
501021,12433,2024-06-12,Delivered
501022,10576,2024-02-22,Delivered
501023,10322,2024-05-23,Delivered
501024,12380,2023-08-18,Delivered
501025,11753,2024-06-23,Delivered
501026,11682,2023-09-26,Delivered
501027,12587,2024-04-21,Delivered
501028,12651,2023-08-27,Delivered
501029,11651,2023-12-23,Delivered
501030,12322,2024-05-12,Delivered
501031,12430,2024-06-10,Delivered
501032,11404,2024-09-01,Delivered
501033,11023,2024-07-04,Delivered
501034,11211,2023-11-23,Delivered
501035,12568,2023-12-03,Delivered
501036,10357,2024-01-26,Delivered
501037,12586,2024-06-28,Delivered
501038,12999,2023-10-18,Delivered
501039,11942,2024-06-07,Delivered
501040,12830,2023-12-02,Delivered
501041,11671,2024-04-29,Delivered
501042,10792,2024-07-21,Returned
501043,12587,2023-08-11,Delivered
501044,12175,2023-12-17,Delivered
501045,11721,2024-07-14,Returned
501046,11306,2024-01-04,Delivered
501047,11184,2024-09-08,Delivered
501048,10972,2023-09-25,Delivered
501049,12691,2024-04-11,Delivered
501050,10256,2024-06-20,Cancelled
501051,12385,2023-12-18,Delivered
501052,12374,2024-02-21,Delivered
501053,11105,2023-06-15,Delivered
501054,11089,2024-01-27,Delivered
501055,10844,2024-07-23,Delivered
501056,12207,2024-04-12,Delivered
501057,11970,2024-09-07,Returned
501058,11878,2024-02-12,Delivered
501059,11657,2023-06-12,Returned
501060,10252,2024-04-20,Delivered
501061,12906,2024-06-26,Delivered
501062,10158,2024-02-04,Returned
501063,12188,2024-09-25,Delivered
501064,12283,2024-03-28,Delivered
501065,10768,2024-05-06,Delivered
501066,11975,2023-07-13,Cancelled
501067,11270,2024-05-21,Delivered
501068,10856,2023-11-18,Delivered
501069,11806,2023-07-01,Delivered
501070,10027,2024-04-02,Delivered
501071,11723,2024-02-15,Delivered
501072,12957,2023-09-12,Cancelled
501073,12886,2024-04-30,Delivered
501074,10206,2024-09-09,Delivered
501075,10738,2024-02-04,Delivered
501076,11763,2023-12-11,Delivered
501077,10486,2023-07-27,Delivered
501078,11026,2024-07-26,Delivered
501079,10637,2023-11-07,Cancelled
501080,12541,2024-01-12,Delivered
501081,12718,2023-07-25,Cancelled
501082,11395,2024-03-17,Delivered
501083,12278,2024-01-19,Delivered
501084,11711,2024-03-13,Delivered
501085,11256,2023-11-18,Delivered
501086,12103,2023-10-31,Delivered
501087,11002,2024-03-02,Delivered
501088,12633,2024-05-17,Delivered
501089,12693,2024-05-13,Delivered
501090,12664,2024-05-23,Delivered
501091,10955,2023-12-29,Delivered
501092,10140,2024-08-05,Delivered
501093,12633,2024-06-24,Delivered
501094,10603,2024-09-07,Returned
501095,12797,2024-08-14,Delivered
501096,13028,2023-06-08,Delivered
501097,11315,2024-09-19,Delivered
501098,12892,2024-04-24,Delivered
501099,12871,2023-06-30,Delivered
501100,12362,2024-06-09,Delivered
501101,11681,2024-09-12,Delivered
501102,10369,2024-08-15,Delivered
501103,10070,2023-12-29,Delivered
501104,10099,2024-06-09,Delivered
501105,11471,2023-09-20,Delivered
501106,11678,2023-09-14,Delivered
501107,13054,2024-05-19,Delivered
501108,10973,2023-11-16,Delivered
501109,10120,2023-06-16,Delivered
501110,10829,2023-11-03,Delivered
501111,10840,2024-02-07,Delivered
501112,11630,2024-05-03,Delivered
501113,12343,2023-06-25,Delivered
501114,12960,2024-08-08,Returned
501115,12819,2024-02-14,Delivered
501116,11599,2024-03-21,Delivered
501117,11796,2024-02-16,Returned
501118,11895,2024-05-01,Delivered
501119,10591,2024-08-12,Delivered
501120,11285,2023-11-23,Delivered
501121,11832,2023-11-25,Delivered
501122,10658,2024-06-22,Delivered
501123,10380,2024-01-22,Delivered
501124,10083,2024-02-08,Delivered
501125,11441,2024-04-12,Delivered
501126,12354,2023-06-01,Delivered
501127,12624,2024-08-03,Returned
501128,10156,2023-09-12,Delivered
501129,12589,2023-10-17,Cancelled
501130,12589,2023-07-19,Delivered
501131,10447,2024-03-15,Delivered
501132,10646,2024-04-07,Delivered
501133,13057,2023-10-10,Delivered
501134,11684,2024-09-27,Delivered
501135,10033,2024-05-01,Delivered
501136,10774,2024-06-21,Delivered
501137,12713,2023-11-08,Delivered
501138,10570,2023-12-17,Returned
501139,12953,2024-09-01,Cancelled
501140,11500,2024-03-15,Delivered
501141,11327,2024-04-15,Returned
501142,10029,2023-07-31,Delivered
501143,10159,2024-07-05,Returned
501144,10737,2023-10-17,Delivered
501145,11746,2024-03-31,Returned
501146,11074,2023-07-03,Delivered
501147,11701,2024-05-21,Delivered
501148,11275,2024-05-13,Delivered
501149,12691,2024-06-25,Returned
501150,10849,2024-04-28,Delivered
501151,12692,2023-10-11,Delivered
501152,10264,2023-12-10,Delivered
501153,11239,2023-08-10,Delivered
501154,10147,2024-09-23,Cancelled
501155,12407,2023-08-25,Cancelled
501156,12294,2023-10-07,Delivered
501157,10782,2024-06-20,Returned
501158,11762,2023-08-19,Delivered
501159,11099,2023-06-01,Returned
501160,10374,2024-04-09,Delivered
501161,10941,2024-09-06,Returned
501162,10768,2024-09-30,Delivered
501163,10314,2023-07-18,Delivered
501164,11518,2023-06-26,Delivered
501165,11228,2024-04-23,Delivered
501166,12502,2024-01-27,Delivered
501167,12472,2023-11-07,Delivered
501168,12123,2024-05-28,Delivered
501169,11947,2023-11-04,Delivered
501170,10262,2023-11-07,Delivered
501171,12319,2024-07-09,Delivered
501172,10840,2023-12-12,Returned
501173,12744,2024-03-06,Delivered
501174,12083,2023-11-26,Delivered
501175,10271,2023-10-15,Delivered
501176,10735,2024-05-03,Delivered
501177,10778,2023-09-28,Cancelled
501178,10911,2023-07-04,Delivered
501179,12726,2023-11-29,Delivered
501180,10432,2024-06-12,Delivered
501181,12472,2023-06-24,Delivered
501182,10200,2023-10-23,Delivered
501183,10783,2023-09-06,Delivered
501184,11596,2023-10-04,Delivered
501185,12644,2024-02-17,Returned
501186,10050,2023-07-01,Delivered
501187,11651,2024-08-11,Delivered
501188,12406,2023-12-20,Delivered
501189,12275,2023-06-04,Delivered
501190,12474,2024-04-16,Delivered
501191,11729,2024-04-07,Delivered
501192,11155,2024-09-27,Delivered
501193,11395,2023-08-16,Delivered
501194,11654,2023-09-21,Delivered
501195,12162,2024-05-26,Returned
501196,12633,2023-10-18,Delivered
501197,10272,2023-06-21,Delivered
501198,10698,2023-11-20,Delivered
501199,11295,2024-02-21,Returned
501200,10276,2023-10-21,Returned
501201,10276,2024-01-20,Delivered
501202,10675,2024-01-12,Cancelled
501203,12879,2024-02-07,Delivered
501204,12857,2023-06-14,Delivered
501205,10339,2024-01-25,Delivered
501206,12640,2023-12-06,Delivered
501207,13042,2024-07-06,Delivered
501208,10891,2023-11-07,Cancelled
501209,10934,2024-06-10,Delivered
501210,11360,2024-07-26,Delivered
501211,11732,2024-07-20,Delivered
501212,10871,2024-05-07,Delivered
501213,10484,2023-11-29,Delivered
501214,12769,2024-09-18,Delivered
501215,10702,2023-07-01,Delivered
501216,10999,2024-02-01,Delivered
501217,12655,2024-06-11,Delivered
501218,10489,2023-08-31,Cancelled
501219,12259,2023-12-21,Delivered
501220,11071,2024-01-02,Delivered
501221,10960,2023-06-23,Delivered
501222,12671,2023-06-17,Delivered
501223,12461,2023-09-24,Delivered
501224,11675,2023-11-13,Delivered
501225,10931,2023-07-29,Delivered
501226,10964,2024-06-16,Delivered
501227,10880,2023-06-17,Cancelled
501228,10298,2023-10-30,Delivered
501229,10661,2024-04-14,Cancelled
501230,11309,2023-08-04,Delivered
501231,12266,2023-08-28,Cancelled
501232,11013,2023-06-13,Delivered
501233,10156,2023-07-09,Returned
501234,12427,2024-01-19,Delivered
501235,10380,2024-04-15,Cancelled
501236,12840,2023-12-21,Delivered
501237,12165,2023-08-17,Delivered
501238,11575,2023-07-19,Cancelled
501239,12947,2023-07-08,Delivered
501240,10599,2024-06-07,Delivered
501241,12836,2024-04-07,Returned
501242,11549,2024-05-30,Delivered
501243,12764,2023-11-21,Delivered
501244,12956,2023-06-12,Returned
501245,12778,2024-07-02,Delivered
501246,11357,2024-08-07,Delivered
501247,10229,2024-06-16,Delivered
501248,12836,2023-11-29,Delivered
501249,10997,2023-10-27,Delivered
501250,10860,2024-08-23,Delivered
501251,12778,2024-09-12,Delivered
501252,10243,2024-03-05,Delivered
501253,11193,2023-10-17,Delivered
501254,10256,2023-12-30,Delivered
501255,10584,2023-11-21,Delivered
501256,10830,2023-07-16,Returned
501257,10976,2023-10-25,Delivered
501258,12878,2024-04-14,Delivered
501259,11079,2024-08-12,Delivered
501260,11539,2024-04-26,Delivered
501261,11167,2024-04-24,Delivered
501262,12470,2024-03-29,Delivered
501263,11278,2023-12-03,Delivered
501264,10606,2023-09-04,Delivered
501265,10698,2024-07-20,Delivered
501266,11263,2023-06-29,Returned
501267,10653,2024-08-10,Delivered
501268,11156,2024-02-20,Delivered
501269,11873,2024-04-12,Delivered
501270,10640,2023-06-27,Delivered
501271,11873,2024-02-14,Returned
501272,11973,2024-02-01,Delivered
501273,10973,2024-02-14,Delivered
501274,10373,2024-06-27,Delivered
501275,11442,2023-06-08,Delivered
501276,12343,2023-10-18,Delivered
501277,10949,2024-01-03,Delivered
501278,12044,2024-06-15,Delivered
501279,11715,2024-01-24,Delivered
501280,10385,2023-12-16,Delivered
501281,12310,2023-07-09,Delivered
501282,10025,2024-08-05,Delivered
501283,11085,2024-07-11,Delivered
501284,11607,2024-09-19,Cancelled
501285,10369,2024-02-11,Delivered
501286,12004,2023-07-16,Delivered
501287,11826,2023-10-31,Delivered
501288,11662,2023-07-02,Delivered
501289,12293,2023-12-17,Delivered
501290,12354,2024-08-20,Delivered
501291,12567,2024-02-03,Returned
501292,11429,2023-07-16,Cancelled
501293,12891,2024-05-02,Delivered
501294,10737,2024-07-22,Delivered
501295,12830,2024-02-11,Delivered
501296,12785,2024-06-20,Delivered
501297,11891,2023-12-03,Returned
501298,12551,2024-06-28,Delivered
501299,11617,2024-04-28,Delivered
501300,10634,2023-06-18,Delivered
501301,12467,2024-09-28,Delivered
501302,11524,2024-03-04,Delivered
501303,10742,2024-07-26,Delivered
501304,12289,2023-12-10,Delivered
501305,12497,2024-01-13,Delivered
501306,11832,2024-02-13,Delivered
501307,10432,2024-09-08,Delivered
501308,10877,2024-01-05,Delivered
501309,11775,2023-12-27,Delivered
501310,10827,2023-12-04,Delivered
501311,11628,2024-05-15,Delivered
501312,10428,2023-11-11,Delivered
501313,12232,2024-01-14,Delivered
501314,11593,2024-09-13,Delivered
501315,11489,2024-06-08,Delivered
501316,10766,2023-09-05,Delivered
501317,12781,2024-08-23,Delivered
501318,12375,2023-08-01,Delivered
501319,10445,2024-09-20,Delivered
501320,11096,2024-02-11,Delivered
501321,10556,2024-09-01,Cancelled
501322,11018,2024-04-14,Delivered
501323,11307,2024-03-26,Delivered
501324,11985,2024-05-09,Delivered
501325,10949,2023-12-04,Delivered
501326,10279,2023-06-18,Delivered
501327,10369,2024-02-29,Delivered
501328,11796,2024-09-22,Delivered
501329,10125,2023-07-14,Delivered
501330,12718,2024-07-29,Cancelled
501331,10610,2023-09-13,Cancelled
501332,11868,2023-12-20,Delivered
501333,10092,2023-10-27,Delivered
501334,12692,2023-10-29,Delivered
501335,12201,2024-03-03,Returned
501336,11566,2024-09-24,Delivered
501337,12102,2024-01-06,Delivered
501338,11620,2023-06-22,Delivered
501339,10219,2024-09-17,Delivered
501340,10989,2024-08-10,Returned
501341,12040,2024-02-04,Delivered
501342,12265,2024-04-21,Returned
501343,12036,2024-03-29,Returned
501344,10382,2024-02-09,Delivered
501345,12198,2024-09-30,Delivered
501346,12352,2023-10-08,Delivered
501347,12518,2023-11-29,Returned
501348,11761,2024-04-29,Delivered
501349,12122,2023-11-18,Delivered
501350,10156,2024-05-15,Delivered
501351,10818,2024-07-13,Returned
501352,11152,2023-12-18,Cancelled
501353,11442,2023-08-01,Delivered
501354,12353,2023-09-06,Delivered
501355,11518,2024-06-03,Delivered
501356,11239,2024-08-05,Delivered
501357,10692,2024-09-05,Delivered
501358,11157,2023-12-18,Delivered
501359,11837,2024-06-10,Delivered
501360,11478,2024-01-16,Delivered
501361,12487,2024-06-25,Delivered
501362,12892,2024-07-29,Delivered
501363,10336,2023-09-16,Delivered
501364,10558,2024-02-03,Delivered
501365,11230,2023-09-05,Delivered
501366,11380,2024-03-02,Delivered
501367,10837,2023-09-08,Delivered
501368,10421,2023-10-12,Delivered
501369,12856,2023-06-20,Cancelled
501370,12888,2024-04-05,Delivered
501371,12975,2023-06-17,Delivered
501372,11281,2024-02-27,Delivered
501373,11027,2023-06-28,Delivered
501374,11312,2024-02-02,Delivered
501375,12768,2024-04-15,Delivered
501376,10878,2023-08-18,Delivered
501377,10481,2024-03-08,Delivered
501378,10829,2024-01-30,Delivered
501379,10154,2024-04-28,Delivered
501380,12201,2024-02-11,Delivered
501381,10001,2023-07-27,Delivered
501382,10246,2023-12-25,Delivered
501383,11071,2023-12-16,Delivered
501384,12944,2023-10-28,Delivered
501385,11301,2023-11-10,Delivered
501386,10292,2023-06-06,Delivered
501387,10161,2023-10-01,Delivered
501388,11895,2024-07-06,Delivered
501389,11653,2023-12-05,Returned
501390,12895,2024-02-11,Delivered
501391,12204,2024-05-21,Delivered
501392,10470,2023-12-23,Delivered
501393,11483,2023-10-13,Delivered
501394,11947,2024-01-12,Delivered
501395,10118,2023-11-28,Delivered
501396,12404,2023-09-14,Delivered
501397,12953,2024-05-06,Cancelled
501398,11091,2024-08-03,Delivered
501399,13029,2024-09-09,Delivered
501400,12896,2023-11-03,Cancelled
501401,11467,2023-08-13,Delivered
501402,10650,2023-10-12,Delivered
501403,10571,2024-09-13,Delivered
501404,10653,2023-09-05,Delivered
501405,12876,2024-07-03,Delivered
501406,10149,2024-04-19,Delivered
501407,11617,2024-01-18,Delivered
501408,11201,2024-05-10,Delivered
501409,10840,2023-10-06,Delivered
501410,12155,2024-05-06,Delivered
501411,10123,2024-02-21,Delivered
501412,11652,2023-08-26,Delivered
501413,12328,2024-02-27,Delivered
501414,10599,2023-10-26,Delivered
501415,12605,2023-06-14,Delivered
501416,11496,2024-09-22,Delivered
501417,12755,2024-02-11,Delivered
501418,11929,2024-05-18,Delivered
501419,11832,2024-02-09,Delivered
501420,10246,2024-05-12,Returned
501421,11784,2024-01-20,Delivered
501422,10529,2023-09-24,Cancelled
501423,10293,2024-01-22,Delivered
501424,11283,2023-07-14,Delivered
501425,10080,2023-09-05,Delivered
501426,10191,2024-07-26,Delivered
501427,12733,2024-08-27,Delivered
501428,12095,2023-09-14,Delivered
501429,11223,2023-12-10,Delivered
501430,12037,2024-04-02,Delivered
501431,11284,2024-01-15,Delivered
501432,10786,2024-01-12,Returned
501433,10935,2024-07-03,Delivered
501434,12176,2023-10-22,Delivered
501435,11185,2024-01-05,Delivered
501436,11423,2024-05-14,Returned
501437,10308,2024-06-02,Delivered
501438,12016,2024-03-31,Delivered
501439,10884,2024-04-14,Delivered
501440,10640,2024-09-01,Delivered
501441,10869,2023-10-03,Delivered
501442,10382,2024-04-15,Delivered
501443,11031,2023-11-24,Delivered
501444,11975,2023-10-13,Delivered
501445,11624,2024-07-27,Delivered
501446,10840,2024-04-21,Delivered
501447,12656,2023-06-05,Delivered
501448,11847,2024-05-13,Delivered
501449,11105,2024-01-08,Delivered
501450,11128,2023-10-07,Delivered
501451,12569,2023-12-26,Delivered
501452,10112,2023-07-28,Delivered
501453,11510,2024-09-24,Delivered
501454,11348,2024-07-24,Delivered
501455,11506,2023-10-09,Returned
501456,12060,2023-10-07,Delivered
501457,12935,2024-08-16,Delivered
501458,12472,2024-07-04,Delivered
501459,11022,2023-11-04,Delivered
501460,12640,2023-09-29,Returned
501461,10647,2024-05-10,Delivered
501462,11644,2023-11-12,Delivered
501463,11689,2024-01-08,Delivered
501464,12835,2024-02-27,Delivered
501465,13048,2024-01-10,Delivered
501466,10339,2024-02-02,Returned
501467,12394,2023-10-10,Delivered
501468,11116,2023-09-19,Delivered
501469,11866,2023-06-02,Delivered
501470,10262,2024-05-10,Delivered
501471,11515,2024-07-23,Delivered
501472,12127,2024-01-09,Delivered
501473,11060,2024-07-16,Cancelled
501474,11195,2024-07-15,Delivered
501475,10189,2023-10-21,Delivered
501476,13029,2024-01-06,Delivered
501477,10132,2023-12-16,Delivered
501478,10783,2024-01-31,Delivered
501479,12137,2024-03-23,Delivered
501480,11237,2023-08-29,Delivered
501481,11409,2024-04-23,Delivered
501482,10570,2024-03-04,Delivered
501483,12478,2024-07-28,Delivered
501484,12201,2024-05-11,Delivered
501485,12807,2024-04-18,Delivered
501486,12510,2024-07-09,Delivered
501487,10422,2023-08-14,Delivered
501488,11759,2024-03-18,Delivered
501489,12042,2023-06-10,Delivered
501490,10355,2023-11-10,Delivered
501491,12051,2024-09-01,Delivered
501492,10235,2024-02-26,Returned
501493,12581,2023-12-07,Delivered
501494,12732,2023-12-20,Delivered
501495,13035,2024-06-01,Delivered
501496,13054,2023-06-04,Delivered
501497,12031,2024-05-03,Delivered
501498,10973,2024-05-12,Returned
501499,10568,2024-03-30,Delivered
501500,11022,2023-10-17,Delivered
501501,10537,2023-06-17,Cancelled
501502,11204,2024-03-19,Cancelled
501503,10973,2024-07-12,Returned
501504,12640,2023-08-26,Delivered
501505,10460,2024-02-12,Delivered
501506,11551,2024-02-11,Delivered
501507,12718,2024-03-11,Delivered
501508,12757,2024-03-12,Delivered
501509,11830,2024-09-06,Cancelled
501510,12028,2024-08-08,Delivered
501511,10996,2023-12-28,Delivered
501512,11361,2024-05-03,Delivered
501513,11318,2024-03-22,Delivered
501514,12094,2023-11-13,Delivered
501515,11794,2024-09-10,Delivered
501516,10421,2024-04-16,Delivered
501517,12309,2023-11-01,Delivered
501518,12183,2024-01-18,Cancelled
501519,11955,2023-06-28,Returned
501520,12374,2024-08-23,Delivered
501521,10863,2024-02-28,Delivered
501522,12102,2023-06-20,Delivered
501523,11704,2023-12-18,Delivered
501524,11599,2024-03-04,Returned
501525,10234,2023-06-24,Delivered
501526,11467,2024-09-11,Delivered
501527,10953,2023-09-27,Cancelled
501528,12690,2024-04-17,Delivered
501529,11800,2024-07-12,Delivered
501530,12059,2023-06-30,Delivered
501531,12094,2023-10-13,Delivered
501532,11960,2024-02-04,Delivered
501533,10147,2023-11-09,Delivered
501534,11682,2023-07-30,Delivered
501535,11627,2024-06-24,Cancelled
501536,10100,2023-08-01,Returned
501537,11350,2024-09-22,Delivered
501538,10674,2024-01-29,Delivered
501539,13016,2023-06-22,Delivered
501540,12836,2023-12-05,Delivered
501541,12292,2024-04-08,Delivered
501542,10296,2024-01-07,Delivered
501543,10398,2024-03-25,Delivered
501544,12476,2023-07-26,Delivered
501545,12794,2023-10-22,Delivered
501546,11831,2024-05-03,Delivered
501547,12257,2024-01-06,Delivered
501548,11815,2023-09-12,Delivered
501549,12276,2024-07-01,Delivered
501550,10373,2024-09-15,Delivered
501551,10767,2024-08-03,Delivered
501552,12692,2024-07-01,Returned
501553,10596,2023-11-07,Delivered
501554,10269,2024-01-03,Delivered
501555,12173,2024-04-08,Delivered
501556,10315,2024-01-20,Delivered
501557,11523,2024-03-03,Delivered
501558,10989,2024-01-03,Delivered
501559,10083,2023-11-03,Delivered
501560,12453,2023-08-28,Returned
501561,11378,2024-09-01,Delivered
501562,12883,2023-08-01,Delivered
501563,12817,2024-02-10,Cancelled
501564,11762,2024-01-31,Delivered
501565,10661,2024-09-11,Delivered
501566,10001,2023-11-23,Delivered
501567,10487,2023-12-23,Delivered
501568,10112,2024-05-07,Delivered
501569,13017,2024-03-12,Delivered
501570,10325,2023-08-19,Delivered
501571,10070,2023-06-27,Delivered
501572,10172,2023-08-22,Delivered
501573,10698,2024-08-11,Delivered
501574,12770,2024-03-30,Returned
501575,11071,2024-08-19,Delivered
501576,11247,2024-09-09,Delivered
501577,11363,2024-05-17,Cancelled
501578,12880,2023-12-21,Delivered
501579,10608,2023-09-18,Delivered
501580,10627,2024-01-21,Cancelled
501581,12098,2024-08-29,Delivered
501582,11320,2023-11-23,Delivered
501583,12510,2024-08-25,Delivered
501584,10044,2024-01-21,Delivered
501585,12116,2023-11-24,Delivered
501586,11506,2024-04-21,Delivered
501587,10698,2023-12-27,Delivered
501588,10602,2024-04-21,Delivered
501589,11910,2024-01-27,Cancelled
501590,12979,2023-12-04,Delivered
501591,11079,2024-08-30,Delivered
501592,12723,2023-10-01,Delivered
501593,11985,2023-06-11,Delivered
501594,11968,2023-09-02,Delivered
501595,11383,2024-04-21,Cancelled
501596,12713,2024-09-27,Delivered
501597,12516,2023-08-31,Cancelled
501598,10963,2023-10-09,Delivered
501599,10428,2024-09-16,Delivered
501600,11326,2024-07-20,Delivered
501601,12604,2024-02-15,Returned
501602,10799,2023-07-24,Delivered
501603,10665,2023-07-21,Delivered
501604,12451,2023-07-07,Delivered
501605,13041,2024-07-30,Delivered
501606,12427,2024-07-15,Delivered
501607,11492,2024-08-28,Delivered
501608,11627,2023-06-28,Returned
501609,12064,2024-03-21,Returned
501610,11244,2023-11-10,Delivered
501611,12171,2024-08-13,Delivered
501612,10247,2023-10-07,Delivered
501613,10809,2024-03-21,Cancelled
501614,10508,2024-05-06,Delivered
501615,12350,2023-07-01,Delivered
501616,11022,2023-07-16,Delivered
501617,10359,2024-07-29,Delivered
501618,11768,2024-07-12,Delivered
501619,11442,2024-06-28,Delivered
501620,11160,2024-04-25,Delivered
501621,10866,2023-07-31,Delivered
501622,11829,2023-11-12,Delivered
501623,12036,2024-07-16,Delivered
501624,10427,2023-12-21,Delivered
501625,12686,2024-05-02,Delivered
501626,11420,2024-03-17,Cancelled
501627,10097,2024-08-15,Delivered
501628,11276,2024-03-03,Delivered
501629,11941,2024-01-15,Cancelled
501630,12814,2024-07-15,Cancelled
501631,12238,2024-06-26,Delivered
501632,10662,2023-07-11,Delivered
501633,12381,2024-05-04,Delivered
501634,11986,2023-06-14,Delivered
501635,10856,2024-06-29,Delivered
501636,10638,2024-04-14,Cancelled
501637,12777,2024-01-05,Cancelled
501638,12199,2023-07-12,Delivered
501639,12814,2023-12-27,Returned
501640,12320,2023-06-06,Delivered
501641,10116,2023-07-04,Delivered
501642,11940,2023-11-03,Delivered
501643,12357,2023-07-09,Delivered
501644,11878,2024-09-20,Delivered
501645,12729,2024-02-28,Delivered
501646,12585,2024-06-14,Delivered
501647,11240,2023-06-03,Delivered
501648,11227,2024-08-19,Cancelled
501649,10690,2023-10-06,Delivered
501650,10759,2023-10-07,Delivered
501651,12422,2023-11-14,Cancelled
501652,10849,2024-01-02,Delivered
501653,12995,2023-12-12,Delivered
501654,12144,2024-04-18,Delivered
501655,10098,2024-05-06,Delivered
501656,10389,2024-04-21,Cancelled
501657,12932,2023-11-20,Delivered
501658,11022,2024-08-08,Delivered
501659,11678,2024-05-03,Returned
501660,10798,2024-07-10,Delivered
501661,10512,2023-08-19,Cancelled
501662,10048,2024-07-30,Delivered
501663,11011,2023-06-30,Delivered
501664,11315,2023-07-09,Delivered
501665,12240,2023-08-14,Cancelled
501666,10773,2023-10-04,Delivered
501667,11768,2024-06-21,Delivered
501668,11476,2023-11-11,Delivered
501669,10650,2024-06-25,Delivered
501670,12071,2024-05-26,Delivered
501671,12906,2024-05-05,Delivered
501672,10156,2023-08-28,Delivered
501673,11771,2023-09-28,Delivered
501674,11612,2023-11-16,Cancelled
501675,10256,2023-06-17,Delivered
501676,11767,2023-12-15,Delivered
501677,11184,2024-01-16,Delivered
501678,12442,2024-03-05,Delivered
501679,12278,2024-03-10,Returned
501680,11515,2024-01-22,Delivered
501681,11234,2023-08-30,Delivered
501682,10744,2023-07-13,Returned
501683,11605,2023-06-19,Delivered
501684,11916,2024-08-05,Returned
501685,10875,2023-11-14,Cancelled
501686,10369,2024-08-23,Returned
501687,10709,2024-08-01,Cancelled
501688,11130,2023-06-26,Delivered
501689,10201,2023-07-22,Delivered
501690,10892,2023-10-02,Delivered
501691,12137,2024-06-28,Delivered
501692,10933,2023-11-26,Delivered
501693,10782,2023-08-01,Returned
501694,10317,2024-04-27,Delivered
501695,12424,2023-11-25,Delivered
501696,11218,2024-07-05,Delivered
501697,12942,2024-06-04,Cancelled
501698,11145,2024-03-13,Cancelled
501699,10156,2023-09-09,Cancelled
501700,11315,2023-09-13,Delivered
501701,12493,2024-02-23,Delivered
501702,10913,2023-06-07,Delivered
501703,10893,2023-10-09,Delivered
501704,10117,2023-07-20,Delivered
501705,13048,2024-06-24,Returned
501706,12852,2024-06-04,Delivered
501707,11017,2023-10-05,Delivered
501708,12057,2023-11-24,Delivered
501709,10578,2024-06-24,Delivered
501710,12016,2024-08-09,Returned
501711,10369,2024-07-20,Delivered
501712,10462,2024-05-18,Returned
501713,10049,2023-10-29,Cancelled
501714,11706,2024-03-09,Delivered
501715,10907,2024-04-02,Returned
501716,10583,2024-09-28,Delivered
501717,11678,2023-11-05,Delivered
501718,11586,2024-09-20,Delivered
501719,12428,2024-01-13,Delivered
501720,11666,2023-09-05,Delivered
501721,11919,2023-06-13,Delivered
501722,12165,2023-08-01,Delivered
501723,12036,2023-06-10,Delivered
501724,12432,2023-06-06,Delivered
501725,11253,2024-05-20,Delivered
501726,12420,2024-06-16,Cancelled
501727,10558,2024-06-13,Delivered
501728,12497,2024-03-11,Delivered
501729,11993,2024-04-21,Delivered
501730,12111,2024-02-29,Delivered
501731,11577,2023-11-06,Delivered
501732,11538,2023-06-02,Delivered
501733,11206,2023-10-03,Delivered
501734,12983,2024-07-08,Delivered
501735,11326,2024-04-19,Delivered
501736,11540,2024-07-23,Delivered
501737,10224,2024-08-08,Delivered
501738,11878,2024-01-15,Delivered
501739,10092,2024-01-04,Delivered
501740,10802,2024-05-17,Delivered
501741,10651,2024-06-30,Delivered
501742,10609,2023-12-30,Delivered
501743,11271,2023-11-23,Delivered
501744,10849,2024-03-01,Cancelled
501745,12651,2023-09-02,Delivered
501746,10380,2024-06-23,Delivered
501747,10626,2023-09-23,Delivered
501748,12525,2024-02-18,Delivered
501749,12763,2024-01-23,Returned
501750,11408,2024-05-13,Delivered
501751,11884,2023-12-01,Returned
501752,11306,2023-12-11,Delivered
501753,11401,2024-06-21,Delivered
501754,11478,2024-06-02,Delivered
501755,10542,2023-07-11,Delivered
501756,12957,2024-03-29,Delivered
501757,12481,2023-11-16,Delivered
501758,12548,2024-03-06,Delivered
501759,11667,2024-02-19,Delivered
501760,10966,2023-09-23,Cancelled
501761,10156,2024-04-09,Delivered
501762,12487,2024-09-26,Cancelled
501763,11370,2023-06-16,Returned
501764,11350,2023-09-16,Cancelled
501765,11880,2023-12-07,Delivered
501766,11202,2024-06-15,Delivered
501767,10687,2024-05-09,Delivered
501768,11281,2024-08-04,Delivered
501769,10512,2024-06-27,Delivered
501770,12616,2024-06-27,Delivered
501771,11490,2023-10-01,Delivered
501772,11011,2023-09-04,Delivered
501773,11840,2024-01-22,Delivered
501774,12930,2024-08-20,Delivered
501775,12139,2024-02-23,Cancelled
501776,12635,2024-01-27,Delivered
501777,11515,2023-12-19,Cancelled
501778,11630,2023-07-05,Delivered
501779,10637,2024-09-04,Delivered
501780,10743,2023-08-12,Delivered
501781,11157,2023-10-08,Delivered
501782,12997,2023-10-16,Cancelled
501783,10140,2024-05-24,Delivered
501784,12330,2023-11-29,Delivered
501785,11731,2024-04-02,Delivered
501786,10944,2024-05-21,Delivered
501787,10942,2024-03-19,Delivered
501788,10603,2024-04-11,Delivered
501789,10202,2023-07-13,Delivered
501790,11361,2024-02-05,Returned
501791,11257,2023-10-23,Delivered
501792,10629,2024-01-19,Delivered
501793,11265,2024-06-20,Delivered
501794,12094,2023-09-17,Delivered
501795,12392,2024-05-21,Cancelled
501796,10342,2024-01-19,Delivered
501797,10399,2024-05-08,Delivered
501798,11002,2023-11-26,Delivered
501799,10847,2024-06-26,Delivered
501800,13048,2024-03-26,Cancelled
501801,10907,2024-03-24,Delivered
501802,10662,2024-06-16,Delivered
501803,12663,2024-04-06,Delivered
501804,10262,2024-03-31,Delivered
501805,12922,2024-03-07,Delivered
501806,12201,2024-04-19,Delivered
501807,10699,2024-05-13,Delivered
501808,10383,2024-01-18,Delivered
501809,12857,2024-08-27,Cancelled
501810,10512,2023-09-06,Delivered
501811,11287,2023-09-29,Delivered
501812,12976,2024-02-06,Returned
501813,10001,2024-07-02,Cancelled
501814,12800,2024-03-20,Delivered
501815,10565,2023-10-05,Delivered
501816,12091,2023-11-17,Delivered
501817,12921,2023-09-16,Cancelled
501818,12595,2024-08-09,Cancelled
501819,11285,2024-07-09,Delivered
501820,11291,2023-07-08,Delivered
501821,11333,2024-06-03,Delivered
501822,12064,2024-08-19,Delivered
501823,10058,2024-01-23,Returned
501824,12398,2024-07-23,Delivered
501825,10384,2024-06-29,Delivered
501826,11430,2024-07-23,Delivered
501827,11771,2023-11-26,Delivered
501828,12459,2024-09-28,Delivered
501829,11551,2024-02-15,Delivered
501830,11182,2024-03-10,Cancelled
501831,11971,2023-09-27,Delivered
501832,11804,2024-09-03,Delivered
501833,12544,2024-01-18,Delivered
501834,12740,2024-01-01,Cancelled
501835,11642,2023-09-04,Delivered
501836,12748,2024-06-02,Delivered
501837,11181,2023-07-22,Delivered
501838,12640,2024-06-07,Delivered
501839,10524,2024-05-25,Delivered
501840,10847,2024-05-15,Delivered
501841,10665,2023-06-28,Delivered
501842,12333,2023-11-12,Delivered
501843,12039,2023-10-29,Returned
501844,10033,2023-10-02,Delivered
501845,12775,2023-09-29,Delivered
501846,11605,2023-11-07,Delivered
501847,11989,2023-08-06,Delivered
501848,11363,2024-08-09,Delivered
501849,12087,2023-07-05,Delivered
501850,11949,2023-11-15,Delivered
501851,12782,2024-02-04,Delivered
501852,10322,2023-08-31,Delivered
501853,12905,2024-04-22,Returned
501854,10474,2023-11-06,Delivered
501855,10543,2024-06-27,Delivered
501856,12602,2024-05-14,Returned
501857,10863,2023-06-05,Delivered
501858,10875,2023-12-15,Delivered
501859,11238,2023-08-25,Delivered
501860,12474,2024-03-11,Delivered
501861,11383,2024-04-23,Delivered
501862,12539,2023-06-23,Cancelled
501863,10827,2023-06-04,Delivered
501864,11359,2024-08-17,Delivered
501865,12195,2024-03-04,Delivered
501866,10692,2023-07-05,Cancelled
501867,10618,2023-11-18,Delivered
501868,11249,2023-11-13,Delivered
501869,11513,2024-02-14,Delivered
501870,10534,2023-11-12,Cancelled
501871,12892,2024-05-08,Delivered
501872,10992,2024-08-09,Delivered
501873,11618,2023-11-02,Delivered
501874,12473,2023-11-25,Delivered
501875,11770,2024-06-25,Delivered
501876,11297,2024-06-08,Delivered
501877,10822,2024-05-26,Delivered
501878,11840,2024-09-01,Delivered
501879,12829,2024-09-26,Delivered
501880,10983,2023-07-19,Returned
501881,11524,2024-08-29,Delivered
501882,11522,2024-01-20,Delivered
501883,12016,2023-06-13,Delivered
501884,12716,2023-12-23,Delivered
501885,11506,2023-10-14,Delivered
501886,12649,2024-02-23,Delivered
501887,11221,2023-11-14,Delivered
501888,11074,2023-08-17,Delivered
501889,12280,2024-07-06,Delivered
501890,11185,2024-01-27,Delivered
501891,11789,2024-04-19,Delivered
501892,11306,2023-09-05,Delivered
501893,11525,2024-08-14,Delivered
501894,10363,2024-06-20,Returned
501895,10526,2023-07-26,Delivered
501896,10698,2023-11-15,Delivered
501897,10640,2023-09-01,Delivered
501898,10065,2024-07-20,Delivered
501899,11579,2024-07-25,Delivered
501900,10487,2023-08-06,Delivered
501901,12415,2023-10-19,Delivered
501902,11207,2023-10-04,Delivered
501903,10788,2023-06-20,Delivered
501904,11689,2024-06-07,Delivered
501905,12892,2023-12-05,Delivered
501906,10698,2023-11-18,Delivered
501907,10403,2024-09-01,Delivered
501908,10942,2023-08-09,Delivered
501909,11506,2023-12-05,Cancelled
501910,10269,2024-03-11,Delivered
501911,12736,2023-06-23,Returned
501912,12184,2023-08-04,Delivered
501913,11221,2023-06-14,Delivered
501914,11445,2023-11-13,Delivered
501915,10800,2023-08-26,Delivered
501916,13040,2024-08-18,Delivered
501917,12584,2024-06-23,Delivered
501918,10118,2024-07-22,Delivered
501919,10617,2024-06-29,Delivered
501920,12590,2023-10-26,Delivered
501921,11986,2024-01-16,Delivered
501922,11078,2024-09-20,Delivered
501923,11036,2023-12-28,Delivered
501924,13042,2024-06-20,Cancelled
501925,10928,2023-06-28,Delivered
501926,10817,2024-02-06,Delivered
501927,12879,2024-09-27,Delivered
501928,11522,2024-09-27,Delivered
501929,12808,2023-11-14,Delivered
501930,11736,2024-06-29,Delivered
501931,12676,2023-10-07,Delivered
501932,12240,2023-09-25,Returned
501933,11319,2023-10-21,Delivered
501934,12094,2024-03-23,Delivered
501935,10364,2023-11-24,Delivered
501936,11740,2024-03-12,Delivered
501937,12640,2023-12-05,Cancelled
501938,10042,2024-05-06,Delivered
501939,11714,2024-08-30,Delivered
501940,10382,2023-06-14,Delivered
501941,10294,2023-08-19,Delivered
501942,11130,2023-10-31,Returned
501943,11329,2023-11-19,Delivered
501944,12218,2024-01-11,Delivered
501945,10952,2023-12-29,Delivered
501946,12997,2023-12-08,Delivered
501947,10392,2024-03-26,Delivered
501948,11753,2024-09-12,Delivered
501949,12380,2023-07-09,Delivered
501950,11843,2023-11-10,Delivered
501951,11942,2023-10-14,Delivered
501952,11681,2023-08-07,Cancelled
501953,12370,2023-07-11,Returned
501954,10654,2023-07-28,Delivered
501955,11467,2024-08-21,Delivered
501956,11593,2024-06-17,Delivered
501957,11805,2024-03-25,Delivered
501958,10363,2024-07-20,Delivered
501959,10689,2024-08-06,Delivered
501960,12029,2024-03-29,Returned
501961,11958,2024-07-25,Delivered
501962,12726,2024-01-08,Delivered
501963,11184,2023-08-15,Delivered
501964,12831,2024-01-20,Delivered
501965,12642,2024-02-13,Delivered
501966,12836,2023-11-29,Delivered
501967,11746,2023-12-16,Delivered
501968,12522,2024-06-10,Delivered
501969,11711,2024-01-03,Delivered
501970,11853,2024-07-01,Delivered
501971,10823,2023-06-23,Delivered
501972,10038,2024-07-30,Returned
501973,11795,2024-07-29,Delivered
501974,11806,2024-04-01,Delivered
501975,11000,2023-09-30,Delivered
501976,11971,2023-09-05,Delivered
501977,11681,2024-08-14,Delivered
501978,12112,2024-09-27,Delivered
501979,12877,2024-09-30,Delivered
501980,11779,2024-02-08,Delivered
501981,11031,2024-03-03,Delivered
501982,10911,2023-10-10,Returned
501983,10326,2023-06-10,Delivered
501984,12789,2023-10-26,Delivered
501985,11315,2023-08-07,Delivered
501986,11031,2023-06-10,Delivered
501987,11750,2024-09-05,Delivered
501988,10887,2024-08-09,Delivered
501989,10156,2024-01-12,Delivered
501990,12487,2024-08-06,Delivered
501991,12000,2024-06-20,Delivered
501992,11474,2024-03-02,Cancelled
501993,11566,2023-07-06,Delivered
501994,13054,2024-01-05,Returned
501995,12165,2024-06-21,Delivered
501996,11372,2024-05-18,Delivered
501997,12595,2024-02-23,Delivered
501998,10646,2023-09-24,Delivered
501999,12983,2024-04-12,Delivered
502000,11379,2024-02-19,Delivered
502001,11730,2024-06-15,Delivered
502002,11566,2023-11-03,Delivered
502003,10957,2023-07-01,Delivered
502004,10694,2024-04-19,Returned
502005,10609,2023-07-05,Delivered
502006,11524,2024-05-24,Delivered
502007,10783,2024-05-14,Delivered
502008,10382,2024-06-27,Delivered
502009,12305,2023-12-29,Delivered
502010,12274,2023-10-31,Cancelled
502011,12205,2024-02-28,Delivered
502012,11025,2023-09-01,Delivered
502013,10387,2023-10-05,Delivered
502014,12996,2023-09-01,Delivered
502015,10226,2024-08-11,Cancelled
502016,12129,2023-08-24,Delivered
502017,12659,2024-01-17,Delivered
502018,11152,2023-10-01,Delivered
502019,12415,2024-07-24,Returned
502020,10903,2023-12-23,Delivered
502021,12190,2023-07-14,Delivered
502022,11599,2024-08-06,Delivered
502023,10993,2023-12-21,Delivered
502024,12856,2023-08-28,Cancelled
502025,12716,2023-08-04,Delivered
502026,11995,2024-08-05,Delivered
502027,12936,2023-08-17,Delivered
502028,11824,2023-10-01,Delivered
502029,12906,2023-11-25,Returned
502030,11577,2023-06-01,Delivered
502031,12369,2023-09-16,Delivered
502032,11466,2023-10-04,Delivered
502033,11549,2024-06-25,Returned
502034,11245,2024-02-28,Delivered
502035,11233,2023-11-16,Delivered
502036,11651,2024-07-16,Cancelled
502037,11510,2023-11-07,Delivered
502038,10369,2023-06-14,Delivered
502039,12002,2024-04-10,Delivered
502040,12778,2024-04-04,Delivered
502041,11112,2023-09-19,Delivered
502042,12623,2024-07-04,Delivered
502043,10849,2023-06-20,Delivered
502044,10606,2024-02-08,Delivered
502045,12432,2024-04-19,Delivered
502046,11299,2024-07-14,Delivered
502047,12055,2024-09-08,Delivered
502048,12202,2023-06-14,Returned
502049,12764,2024-08-06,Cancelled
502050,12476,2023-11-19,Delivered
502051,12266,2024-05-12,Cancelled
502052,11726,2024-03-09,Returned
502053,11329,2023-08-23,Delivered
502054,11443,2023-07-22,Delivered
502055,11518,2024-07-21,Delivered
502056,11763,2024-02-27,Returned
502057,12874,2024-05-12,Delivered
502058,10077,2024-06-01,Delivered
502059,12781,2024-07-09,Delivered
502060,10289,2023-10-10,Cancelled
502061,10835,2024-08-06,Delivered
502062,12827,2024-06-07,Delivered
502063,11168,2023-08-24,Delivered
502064,12829,2024-03-04,Delivered
502065,12250,2023-10-09,Delivered
502066,11506,2023-12-28,Delivered
502067,11016,2023-07-16,Returned
502068,11492,2024-04-16,Cancelled
502069,11361,2023-07-21,Delivered
502070,10940,2023-10-14,Delivered
502071,10769,2023-12-06,Delivered
502072,10744,2024-02-07,Delivered
502073,12363,2024-06-14,Delivered
502074,12087,2024-04-16,Delivered
502075,12479,2024-02-01,Returned
502076,10869,2023-08-28,Delivered
502077,11578,2023-08-10,Delivered
502078,11160,2023-07-30,Delivered
502079,11022,2024-04-24,Delivered
502080,10078,2023-06-13,Cancelled
502081,11270,2024-04-29,Delivered
502082,10270,2023-11-26,Delivered
502083,12239,2024-01-15,Delivered
502084,12508,2024-04-11,Returned
502085,11549,2024-06-09,Delivered
502086,11630,2023-09-16,Delivered
502087,12896,2024-06-13,Returned
502088,12878,2023-07-31,Delivered
502089,11500,2023-12-23,Delivered
502090,11526,2024-07-13,Delivered
502091,10782,2023-11-25,Returned
502092,11060,2023-11-05,Delivered
502093,11058,2023-11-05,Cancelled
502094,11107,2024-03-02,Delivered
502095,11119,2024-01-24,Delivered
502096,12220,2024-05-20,Cancelled
502097,11873,2023-08-01,Delivered
502098,12312,2024-04-24,Delivered
502099,11023,2023-07-24,Delivered
502100,12110,2023-09-02,Delivered
502101,12184,2023-11-15,Returned
502102,10643,2023-12-24,Delivered
502103,12983,2023-06-13,Delivered
502104,11398,2023-08-22,Delivered
502105,11638,2024-01-23,Delivered
502106,10176,2024-06-11,Delivered
502107,12308,2023-11-25,Delivered
502108,10336,2023-06-14,Delivered
502109,10244,2023-07-20,Delivered
502110,12568,2024-08-29,Delivered
502111,12623,2023-10-17,Returned
502112,11573,2023-06-24,Cancelled
502113,10588,2024-03-17,Delivered
502114,11526,2024-08-27,Delivered
502115,12411,2023-06-17,Delivered
502116,12380,2023-08-15,Delivered
502117,12665,2024-03-08,Delivered
502118,10764,2024-05-31,Delivered
502119,11239,2024-05-03,Delivered
502120,10039,2023-11-07,Delivered
502121,11750,2024-04-28,Cancelled
502122,11622,2024-01-25,Returned
502123,12787,2023-12-29,Delivered
502124,12897,2024-08-20,Delivered
502125,12224,2023-07-07,Delivered
502126,10029,2024-05-14,Delivered
502127,10077,2023-07-07,Delivered
502128,10905,2024-02-04,Delivered
502129,10499,2024-03-13,Delivered
502130,11536,2023-12-13,Delivered
502131,12039,2023-06-26,Delivered
502132,10330,2023-10-22,Delivered
502133,10224,2023-10-14,Delivered
502134,10823,2024-03-23,Delivered
502135,11566,2023-11-15,Delivered
502136,11763,2023-09-18,Delivered
502137,12896,2024-07-29,Delivered
502138,12587,2024-06-05,Delivered
502139,12545,2024-07-03,Delivered
502140,10901,2023-07-23,Delivered
502141,10003,2023-12-20,Delivered
502142,10320,2023-09-24,Delivered
502143,11157,2024-04-24,Delivered
502144,10127,2023-09-17,Returned
502145,12181,2023-07-15,Delivered
502146,10418,2023-11-29,Delivered
502147,12656,2023-09-29,Delivered
502148,11034,2024-08-10,Delivered
502149,10065,2023-08-15,Delivered
502150,11481,2024-07-11,Delivered
502151,12821,2023-07-24,Delivered
502152,11549,2023-06-08,Delivered
502153,11409,2023-07-15,Cancelled
502154,12696,2023-09-24,Delivered
502155,12804,2023-09-26,Returned
502156,12992,2024-08-17,Cancelled
502157,10869,2024-07-15,Delivered
502158,10902,2023-11-22,Delivered
502159,12746,2023-07-22,Delivered
502160,10566,2023-11-12,Delivered
502161,11092,2023-12-30,Delivered
502162,10124,2023-09-24,Delivered
502163,10539,2023-06-03,Delivered
502164,11295,2023-08-11,Cancelled
502165,10651,2024-04-09,Delivered
502166,11689,2023-12-15,Delivered
502167,11404,2024-01-18,Cancelled
502168,11851,2024-05-27,Delivered
502169,11612,2023-10-29,Delivered
502170,12117,2023-09-20,Delivered
502171,11424,2024-02-04,Delivered
502172,10981,2023-12-03,Delivered
502173,12861,2023-09-25,Delivered
502174,10236,2024-07-18,Delivered
502175,13028,2023-08-05,Delivered
502176,12842,2023-08-02,Delivered
502177,12589,2023-08-21,Returned
502178,11323,2024-08-05,Delivered
502179,12362,2023-06-12,Cancelled
502180,11801,2023-10-07,Returned
502181,11047,2024-07-20,Delivered
502182,11423,2024-04-14,Returned
502183,10326,2023-12-26,Delivered
502184,11428,2023-08-13,Delivered
502185,10347,2023-07-03,Delivered
502186,12245,2023-06-29,Delivered
502187,11525,2023-10-23,Delivered
502188,10230,2023-07-04,Delivered
502189,11619,2023-09-15,Delivered
502190,11031,2023-10-13,Delivered
502191,12722,2023-07-31,Cancelled
502192,11217,2024-06-23,Delivered
502193,11022,2023-07-05,Delivered
502194,12279,2023-08-18,Returned
502195,10665,2024-06-29,Delivered
502196,10382,2024-09-08,Delivered
502197,10547,2024-02-13,Delivered
502198,10373,2023-08-10,Delivered
502199,11202,2023-06-13,Delivered
502200,11512,2024-03-03,Delivered
502201,10063,2023-06-14,Delivered
502202,10126,2024-01-15,Delivered
502203,12360,2023-07-23,Delivered
502204,10623,2023-06-14,Cancelled
502205,12124,2024-02-05,Delivered
502206,13004,2023-06-29,Delivered
502207,12859,2024-08-01,Delivered
502208,11328,2023-11-25,Delivered
502209,12276,2023-11-14,Delivered
502210,11003,2024-06-24,Delivered
502211,11175,2023-12-01,Returned
502212,12108,2024-09-24,Delivered
502213,12019,2024-03-26,Delivered
502214,10602,2023-11-06,Returned
502215,10061,2024-03-06,Delivered
502216,11517,2023-07-23,Delivered
502217,12042,2024-03-24,Delivered
502218,11786,2023-07-20,Returned
502219,10890,2023-07-20,Delivered
502220,10679,2024-08-17,Delivered
502221,12885,2023-09-23,Cancelled
502222,10788,2024-03-21,Delivered
502223,12283,2023-06-28,Delivered
502224,10661,2024-09-03,Delivered
502225,12382,2023-09-15,Delivered
502226,11182,2024-09-06,Delivered
502227,11206,2023-06-19,Delivered
502228,10217,2023-09-13,Delivered
502229,10079,2024-03-27,Delivered
502230,12507,2023-09-13,Delivered
502231,10880,2024-08-27,Delivered
502232,12568,2024-04-26,Delivered
502233,11319,2023-06-14,Returned
502234,11678,2024-05-04,Delivered
502235,12280,2023-07-14,Delivered
502236,12380,2024-05-14,Delivered
502237,12440,2023-10-20,Delivered
502238,11062,2024-05-11,Cancelled
502239,10568,2023-11-04,Delivered
502240,10799,2023-07-21,Delivered
502241,11463,2024-05-08,Returned
502242,12195,2023-10-01,Delivered
502243,12176,2023-08-27,Delivered
502244,12511,2024-08-12,Delivered
502245,12292,2024-07-26,Delivered
502246,12385,2023-12-17,Delivered
502247,12084,2023-12-11,Delivered
502248,11942,2024-09-19,Delivered
502249,10099,2024-08-05,Delivered
502250,12090,2023-06-01,Cancelled
502251,12840,2023-08-21,Delivered
502252,11491,2023-10-07,Delivered
502253,10665,2024-05-25,Delivered
502254,11740,2023-10-10,Delivered
502255,12698,2024-04-02,Delivered
502256,11930,2024-04-01,Returned
502257,10546,2023-09-05,Cancelled
502258,10529,2024-02-26,Delivered
502259,11627,2024-09-09,Delivered
502260,11193,2023-11-21,Delivered
502261,12857,2024-01-14,Delivered
502262,12349,2023-09-03,Delivered
502263,10643,2024-04-26,Delivered
502264,10783,2024-07-12,Delivered
502265,11553,2023-12-05,Delivered
502266,11258,2023-10-27,Delivered
502267,12390,2023-08-13,Delivered
502268,12052,2024-08-11,Returned
502269,13017,2023-12-06,Delivered
502270,12370,2024-04-23,Delivered
502271,12113,2023-09-25,Returned
502272,11939,2024-06-15,Returned
502273,12412,2024-03-21,Delivered
502274,11624,2023-12-10,Delivered
502275,12010,2023-06-28,Delivered
502276,12736,2024-01-12,Delivered
502277,12719,2024-09-24,Delivered
502278,12232,2023-12-05,Delivered
502279,12637,2024-09-17,Delivered
502280,12165,2023-06-24,Delivered
502281,11231,2023-07-20,Delivered
502282,11793,2024-01-25,Delivered
502283,10167,2024-01-05,Delivered
502284,12642,2024-02-03,Delivered
502285,10246,2024-06-09,Delivered
502286,11008,2024-03-26,Cancelled
502287,12842,2024-06-25,Delivered
502288,12102,2024-02-23,Delivered
502289,10528,2024-01-11,Returned
502290,11566,2023-12-06,Returned
502291,11813,2023-06-22,Delivered
502292,10175,2023-10-19,Delivered
502293,12202,2023-06-30,Delivered
502294,11715,2023-10-15,Delivered
502295,12722,2023-09-28,Delivered
502296,10259,2023-10-28,Delivered
502297,12232,2024-03-05,Delivered
502298,12191,2023-07-02,Delivered
502299,12550,2024-03-13,Delivered
502300,10425,2023-09-09,Delivered
502301,11186,2024-08-03,Cancelled
502302,10001,2023-08-31,Delivered
502303,10999,2024-02-15,Delivered
502304,10297,2024-07-21,Delivered
502305,10359,2024-09-11,Delivered
502306,10865,2024-04-29,Delivered
502307,11837,2023-11-12,Delivered
502308,11610,2023-12-23,Delivered
502309,11339,2024-07-30,Delivered
502310,12519,2024-04-09,Delivered
502311,10690,2023-08-29,Delivered
502312,10931,2023-11-07,Delivered
502313,12056,2024-07-30,Cancelled
502314,12857,2024-09-03,Delivered
502315,10042,2024-08-05,Delivered
502316,10847,2024-01-06,Delivered
502317,11322,2023-08-19,Delivered
502318,10778,2023-08-09,Cancelled
502319,11056,2024-07-19,Delivered
502320,12320,2024-05-09,Delivered
502321,11781,2024-07-19,Delivered
502322,11674,2024-09-16,Delivered
502323,12177,2023-07-08,Delivered
502324,10383,2023-06-12,Delivered
502325,12983,2024-03-12,Delivered
502326,10187,2024-02-05,Delivered
502327,12549,2024-09-21,Delivered
502328,11932,2023-10-05,Delivered
502329,11830,2023-10-20,Delivered
502330,11695,2024-02-15,Delivered
502331,12493,2024-02-28,Delivered
502332,11432,2024-02-03,Delivered
502333,10364,2024-03-05,Delivered
502334,10657,2024-01-15,Delivered
502335,11845,2024-01-07,Delivered
502336,11958,2023-11-27,Cancelled
502337,12704,2023-08-29,Delivered
502338,12829,2024-06-12,Delivered
502339,11522,2023-12-28,Delivered
502340,10025,2023-11-06,Delivered
502341,10806,2024-05-08,Delivered
502342,12778,2024-06-04,Returned
502343,12257,2023-07-13,Delivered
502344,12787,2024-01-30,Delivered
502345,11985,2024-07-09,Delivered
502346,13010,2024-03-06,Delivered
502347,11046,2024-06-22,Delivered
502348,11705,2024-06-01,Delivered
502349,11695,2024-06-11,Delivered
502350,10004,2024-04-26,Delivered
502351,13014,2024-09-03,Delivered
502352,11239,2023-06-21,Delivered
502353,11350,2023-06-12,Delivered
502354,10112,2023-09-16,Delivered
502355,11985,2024-02-22,Delivered
502356,12729,2023-09-19,Delivered
502357,11936,2024-03-13,Delivered
502358,13005,2023-07-20,Delivered
502359,12992,2024-07-05,Delivered
502360,11690,2024-08-20,Delivered
502361,11864,2023-08-10,Delivered
502362,10688,2023-11-12,Delivered
502363,12597,2023-07-18,Returned
502364,10742,2023-11-02,Delivered
502365,12975,2023-09-20,Delivered
502366,11024,2023-10-22,Delivered
502367,11549,2024-05-20,Delivered
502368,10820,2023-08-24,Delivered
502369,12141,2023-06-14,Delivered
502370,10315,2024-08-30,Delivered
502371,10292,2023-06-18,Returned
502372,12721,2024-05-09,Returned
502373,10233,2023-07-29,Returned
502374,12596,2024-08-05,Cancelled
502375,11899,2024-01-31,Delivered
502376,10115,2024-08-18,Delivered
502377,11681,2023-12-18,Delivered
502378,11423,2024-09-23,Delivered
502379,11205,2023-10-18,Delivered
502380,12380,2023-09-23,Delivered
502381,11569,2024-04-18,Delivered
502382,11185,2024-06-21,Delivered
502383,10871,2024-01-16,Delivered
502384,12427,2023-11-12,Delivered
502385,10694,2024-09-21,Delivered
502386,12561,2023-08-31,Returned
502387,12798,2024-08-26,Delivered
502388,11044,2023-08-03,Delivered
502389,11569,2024-06-07,Delivered
502390,10206,2024-06-09,Cancelled
502391,11907,2024-03-27,Delivered
502392,12061,2023-12-18,Delivered
502393,11181,2024-02-28,Returned
502394,11949,2024-05-22,Delivered
502395,12671,2024-07-08,Delivered
502396,10384,2023-08-05,Delivered
502397,10925,2024-02-14,Cancelled
502398,12714,2024-02-10,Delivered
502399,12333,2024-06-10,Delivered
502400,10711,2023-06-04,Delivered
502401,10935,2023-12-08,Cancelled
502402,10622,2023-09-18,Delivered
502403,10499,2023-08-16,Delivered
502404,10351,2024-04-27,Delivered
502405,12772,2024-07-18,Delivered
502406,10958,2023-07-02,Delivered
502407,10282,2023-07-28,Delivered
502408,12947,2024-06-27,Delivered
502409,11656,2023-08-16,Delivered
502410,12407,2023-07-23,Returned
502411,10815,2024-04-04,Delivered
502412,12639,2023-06-13,Delivered
502413,11758,2024-03-04,Delivered
502414,11009,2024-01-17,Delivered
502415,11657,2023-07-05,Cancelled
502416,11442,2024-03-20,Returned
502417,10835,2023-08-20,Cancelled
502418,10469,2024-03-11,Delivered
502419,10066,2023-07-12,Delivered
502420,10118,2024-03-08,Delivered
502421,11781,2024-02-24,Delivered
502422,12066,2024-05-19,Delivered
502423,12036,2024-06-04,Delivered
502424,12518,2024-08-04,Delivered
502425,11206,2023-08-12,Delivered
502426,11363,2023-09-30,Cancelled
502427,11306,2024-08-12,Delivered
502428,11461,2024-05-12,Delivered
502429,11239,2024-09-18,Delivered
502430,10328,2024-04-10,Delivered
502431,11883,2024-01-09,Delivered
502432,10027,2024-08-03,Delivered
502433,12991,2023-06-13,Delivered
502434,10130,2024-08-29,Delivered
502435,12782,2023-06-29,Delivered
502436,10373,2024-06-15,Delivered
502437,10801,2024-03-17,Delivered
502438,12776,2024-03-31,Returned
502439,10945,2024-05-17,Cancelled
502440,10873,2023-08-18,Delivered
502441,11611,2024-08-04,Returned
502442,10576,2024-04-12,Delivered
502443,12920,2024-03-20,Delivered
502444,10606,2024-08-22,Delivered
502445,10704,2023-12-16,Delivered
502446,12660,2023-09-04,Delivered
502447,10272,2023-08-08,Delivered
502448,12393,2023-12-07,Cancelled
502449,11266,2023-09-20,Delivered
502450,10369,2024-09-07,Delivered
502451,10400,2023-06-21,Delivered
502452,11315,2024-08-16,Returned
502453,11751,2024-09-17,Delivered
502454,10324,2024-07-07,Delivered
502455,11149,2023-12-18,Delivered
502456,12687,2024-01-04,Delivered
502457,12652,2023-07-23,Delivered
502458,11158,2024-02-25,Delivered
502459,11100,2023-11-19,Delivered
502460,11841,2023-09-11,Delivered
502461,13055,2023-08-29,Delivered
502462,11551,2023-11-25,Delivered
502463,12369,2023-09-19,Delivered
502464,12640,2024-06-16,Delivered
502465,10588,2024-09-02,Delivered
502466,12983,2023-11-18,Delivered
502467,12705,2023-07-05,Cancelled
502468,10155,2024-02-08,Delivered
502469,11528,2024-01-09,Cancelled
502470,11521,2024-01-30,Delivered
502471,10594,2024-09-05,Delivered
502472,10433,2024-02-28,Delivered
502473,11856,2023-06-26,Delivered
502474,12420,2024-08-13,Delivered
502475,10722,2024-09-18,Delivered
502476,12857,2023-12-11,Delivered
502477,12115,2024-02-01,Delivered
502478,11270,2024-07-18,Cancelled
502479,10568,2023-11-13,Delivered
502480,12380,2023-10-12,Delivered
502481,10987,2024-06-28,Delivered
502482,10318,2023-08-14,Delivered
502483,10256,2023-10-11,Delivered
502484,11435,2024-05-25,Delivered
502485,11092,2024-08-27,Delivered
502486,11516,2023-08-25,Delivered
502487,11044,2024-04-01,Delivered
502488,12617,2023-10-17,Delivered
502489,12182,2024-01-10,Delivered
502490,12056,2024-06-11,Delivered
502491,13043,2024-02-08,Delivered
502492,12910,2023-10-26,Delivered
502493,11395,2023-12-08,Returned
502494,11121,2023-11-28,Delivered
502495,11582,2024-01-08,Cancelled
502496,12980,2023-07-24,Delivered
502497,10476,2024-06-01,Delivered
502498,11087,2023-11-29,Returned
502499,11583,2024-06-15,Cancelled
502500,12617,2024-04-26,Delivered
502501,10382,2024-06-27,Delivered
502502,11315,2024-03-01,Delivered
502503,10152,2023-12-30,Delivered
502504,11073,2023-06-18,Returned
502505,10756,2024-09-23,Delivered
502506,10034,2024-03-25,Delivered
502507,10976,2024-02-09,Cancelled
502508,11863,2023-12-17,Delivered
502509,11604,2023-12-03,Delivered
502510,10106,2023-08-24,Returned
502511,10086,2024-02-12,Delivered
502512,11306,2024-08-15,Delivered
502513,11551,2024-06-10,Delivered
502514,11688,2023-11-17,Delivered
502515,11328,2024-04-07,Delivered
502516,11498,2024-03-17,Delivered
502517,11651,2023-08-11,Delivered
502518,12060,2023-08-03,Delivered
502519,11306,2024-05-06,Delivered
502520,12336,2024-05-18,Delivered
502521,10226,2024-01-18,Delivered
502522,12293,2023-08-04,Delivered
502523,10164,2024-07-17,Returned
502524,11004,2024-03-07,Delivered
502525,11705,2024-08-26,Delivered
502526,12261,2024-07-30,Delivered
502527,12768,2023-06-29,Delivered
502528,10911,2024-03-08,Delivered
502529,11740,2024-03-21,Returned
502530,12301,2023-07-06,Returned
502531,10320,2023-08-20,Delivered
502532,12970,2024-04-24,Cancelled
502533,10132,2024-05-27,Delivered
502534,12608,2024-08-25,Delivered
502535,12830,2024-01-15,Delivered
502536,12589,2023-08-01,Delivered
502537,12770,2024-06-12,Delivered
502538,12984,2024-08-26,Cancelled
502539,11239,2024-05-11,Delivered
502540,11435,2024-06-08,Delivered
502541,12736,2023-12-15,Delivered
502542,10391,2023-08-07,Delivered
502543,10784,2024-08-12,Delivered
502544,11666,2024-03-05,Delivered
502545,10636,2023-12-13,Delivered
502546,11972,2024-08-23,Delivered
502547,12293,2023-06-26,Delivered
502548,11624,2024-04-22,Delivered
502549,10392,2024-01-24,Delivered
502550,11184,2024-03-03,Delivered
502551,12830,2024-03-25,Delivered
502552,10524,2024-09-25,Delivered
502553,10901,2024-06-29,Delivered
502554,11984,2023-12-13,Delivered
502555,11587,2024-02-14,Delivered
502556,11586,2024-02-21,Delivered
502557,11094,2023-06-01,Cancelled
502558,12302,2024-03-12,Returned
502559,12887,2024-02-22,Delivered
502560,12599,2023-06-20,Delivered
502561,12061,2024-06-02,Delivered
502562,12538,2024-02-20,Delivered
502563,12846,2024-07-10,Returned
502564,11711,2024-09-11,Delivered
502565,11784,2023-06-25,Delivered
502566,12141,2024-01-24,Delivered
502567,10651,2023-09-10,Delivered
502568,10045,2024-06-01,Delivered
502569,12671,2023-08-24,Cancelled
502570,10569,2024-08-27,Returned
502571,10768,2023-11-01,Delivered
502572,11379,2023-12-04,Delivered
502573,12434,2024-01-31,Delivered
502574,10215,2024-05-11,Returned
502575,12476,2023-08-11,Delivered
502576,11450,2024-02-11,Delivered
502577,11122,2023-08-18,Delivered
502578,10296,2024-07-15,Delivered
502579,10349,2024-05-01,Delivered
502580,12333,2023-10-21,Delivered
502581,10112,2023-07-13,Delivered
502582,10593,2024-04-16,Delivered
502583,12060,2024-08-20,Delivered
502584,11537,2023-09-05,Delivered
502585,11128,2024-06-19,Delivered
502586,10532,2024-03-03,Delivered
502587,11094,2024-03-05,Delivered
502588,12320,2023-11-24,Delivered
502589,12366,2024-05-10,Delivered
502590,10496,2024-06-25,Delivered
502591,10694,2023-09-05,Delivered
502592,11363,2024-05-09,Cancelled
502593,11363,2024-04-14,Delivered
502594,11694,2023-06-19,Delivered
502595,10556,2024-02-28,Delivered
502596,11233,2023-06-12,Delivered
502597,10687,2024-06-26,Returned
502598,11467,2024-09-11,Delivered
502599,11435,2024-02-12,Delivered
502600,10018,2024-03-20,Delivered
502601,12422,2024-04-01,Delivered
502602,12930,2023-11-11,Delivered
502603,12801,2024-02-25,Delivered
502604,10262,2024-05-14,Delivered
502605,12393,2023-06-12,Delivered
502606,10380,2024-05-09,Delivered
502607,11033,2024-08-30,Returned
502608,11060,2024-04-05,Delivered
502609,12877,2024-06-18,Delivered
502610,10271,2024-01-16,Delivered
502611,11128,2023-07-17,Delivered
502612,11805,2024-01-26,Delivered
502613,12322,2024-05-06,Delivered
502614,12556,2023-09-07,Delivered
502615,12718,2024-07-11,Delivered
502616,10610,2023-06-16,Delivered
502617,12918,2024-06-30,Delivered
502618,12114,2023-08-04,Delivered
502619,12819,2024-01-10,Delivered
502620,10359,2024-08-17,Delivered
502621,10791,2023-12-09,Delivered
502622,11740,2023-10-01,Delivered
502623,11433,2023-11-09,Delivered
502624,10903,2024-03-13,Delivered
502625,12716,2024-04-15,Delivered
502626,10162,2023-09-14,Delivered
502627,10872,2023-10-20,Delivered
502628,10383,2024-07-22,Delivered
502629,10326,2024-02-27,Delivered
502630,10114,2023-09-02,Cancelled
502631,11586,2023-09-16,Delivered
502632,10209,2023-09-26,Delivered
502633,11768,2023-06-28,Delivered
502634,12779,2024-02-16,Delivered
502635,11360,2024-04-21,Delivered
502636,11133,2024-02-02,Delivered
502637,11822,2024-01-01,Delivered
502638,12105,2023-11-30,Cancelled
502639,10878,2024-05-18,Delivered
502640,12632,2024-01-21,Delivered
502641,11087,2024-01-11,Delivered
502642,10432,2023-09-16,Delivered
502643,10656,2024-08-27,Delivered
502644,12406,2023-09-06,Delivered
502645,11247,2024-06-16,Delivered
502646,11258,2024-03-07,Delivered
502647,10698,2024-02-08,Delivered
502648,10614,2023-09-21,Delivered
502649,11500,2023-06-21,Delivered
502650,10858,2024-03-04,Delivered
502651,10990,2023-07-30,Delivered
502652,12302,2024-07-27,Delivered
502653,11276,2024-02-19,Delivered
502654,12642,2023-10-01,Delivered
502655,10636,2023-08-04,Delivered
502656,12766,2024-09-02,Delivered
502657,10068,2023-10-21,Delivered
502658,10952,2023-10-13,Delivered
502659,12064,2024-09-25,Delivered
502660,10670,2023-11-16,Delivered
502661,10515,2024-07-22,Delivered
502662,10674,2024-02-27,Returned
502663,12671,2023-11-02,Delivered
502664,12132,2024-05-24,Delivered
502665,12617,2024-01-22,Delivered
502666,12722,2024-05-07,Delivered
502667,11746,2023-08-30,Delivered
502668,10590,2024-08-15,Delivered
502669,12271,2023-09-28,Delivered
502670,12856,2024-01-01,Delivered
502671,11795,2024-03-08,Delivered
502672,10650,2024-05-19,Delivered
502673,10124,2023-12-26,Cancelled
502674,12060,2024-01-08,Delivered
502675,12656,2024-07-14,Delivered
502676,12118,2024-08-12,Returned
502677,11614,2024-01-12,Delivered
502678,11793,2023-10-26,Delivered
502679,12895,2024-01-18,Delivered
502680,12677,2023-07-04,Delivered
502681,11076,2024-02-26,Delivered
502682,10783,2024-09-11,Delivered
502683,12817,2024-05-04,Delivered
502684,12911,2024-02-21,Delivered
502685,12773,2023-09-14,Returned
502686,11423,2024-08-17,Delivered
502687,10049,2024-03-17,Delivered
502688,11260,2024-06-08,Delivered
502689,11847,2024-07-10,Delivered
502690,12365,2023-09-18,Delivered
502691,12171,2024-08-02,Returned
502692,10117,2023-12-25,Delivered
502693,11228,2023-06-02,Delivered
502694,11986,2023-08-25,Delivered
502695,11047,2023-12-21,Delivered
502696,12855,2024-06-09,Delivered
502697,12191,2024-06-14,Delivered
502698,12487,2023-08-03,Delivered
502699,10282,2023-10-01,Delivered
502700,11016,2024-04-19,Delivered
502701,10840,2024-08-29,Delivered
502702,11110,2024-05-12,Returned
502703,10925,2024-03-20,Delivered
502704,11234,2024-09-21,Delivered
502705,10381,2023-06-17,Delivered
502706,13050,2023-10-30,Delivered
502707,11188,2023-12-30,Delivered
502708,11965,2023-06-28,Delivered
502709,12422,2023-07-03,Cancelled
502710,11008,2024-04-29,Delivered
502711,10955,2024-07-12,Delivered
502712,12532,2023-09-19,Delivered
502713,13029,2024-07-31,Delivered
502714,12671,2023-12-04,Delivered
502715,12405,2023-10-14,Delivered
502716,11990,2024-08-13,Delivered
502717,10096,2024-01-06,Delivered
502718,12677,2024-02-17,Delivered
502719,12285,2023-07-16,Delivered
502720,11122,2024-04-09,Cancelled
502721,12568,2024-06-21,Delivered
502722,12613,2024-09-09,Delivered
502723,10987,2024-04-08,Delivered
502724,11707,2023-12-22,Delivered
502725,10949,2024-08-30,Delivered
502726,13017,2023-09-11,Delivered
502727,12354,2024-03-04,Delivered
502728,12039,2023-11-07,Delivered
502729,11048,2024-05-19,Delivered
502730,11853,2024-09-29,Delivered
502731,11260,2024-09-15,Delivered
502732,12877,2023-06-01,Delivered
502733,12014,2023-08-03,Delivered
502734,12564,2023-09-30,Delivered
502735,10192,2024-09-02,Delivered
502736,12192,2024-06-08,Delivered
502737,11683,2023-08-09,Delivered
502738,10096,2023-08-31,Delivered
502739,12768,2023-09-28,Delivered
502740,12040,2024-02-17,Returned
502741,12028,2023-07-14,Delivered
502742,11949,2024-03-25,Delivered
502743,10629,2023-12-25,Delivered
502744,10997,2023-10-16,Delivered
502745,10689,2024-05-02,Returned
502746,12757,2024-04-03,Delivered
502747,10694,2024-09-20,Delivered
502748,11167,2024-06-04,Cancelled
502749,12010,2024-01-25,Delivered
502750,12569,2024-02-23,Delivered
502751,12030,2023-11-19,Delivered
502752,11326,2023-07-16,Delivered
502753,12338,2023-06-03,Returned
502754,11255,2024-06-30,Delivered
502755,11322,2024-03-23,Delivered
502756,11913,2024-04-07,Returned
502757,11540,2024-03-01,Delivered
502758,12676,2023-10-26,Delivered
502759,10512,2023-07-24,Delivered
502760,10568,2024-03-03,Delivered
502761,11440,2023-09-09,Delivered
502762,11089,2023-10-10,Returned
502763,12757,2024-05-26,Delivered
502764,12910,2024-02-07,Delivered
502765,12736,2024-04-27,Delivered
502766,11865,2023-12-17,Delivered
502767,12049,2023-10-10,Delivered
502768,12840,2023-11-28,Delivered
502769,10426,2023-07-05,Cancelled
502770,10339,2024-08-12,Delivered
502771,10925,2024-01-20,Delivered
502772,10819,2024-02-02,Delivered
502773,10029,2024-03-08,Delivered
502774,10606,2024-03-18,Delivered
502775,11036,2024-04-26,Delivered
502776,12155,2023-08-28,Returned
502777,10968,2023-07-21,Delivered
502778,10123,2024-04-26,Delivered
502779,11390,2024-07-29,Cancelled
502780,10650,2023-09-21,Delivered
502781,10349,2023-07-25,Delivered
502782,10155,2024-07-25,Delivered
502783,10326,2024-05-31,Delivered
502784,11409,2023-11-20,Delivered
502785,11373,2023-10-15,Cancelled
502786,11829,2023-09-12,Delivered
502787,12887,2023-11-22,Delivered
502788,10091,2024-05-04,Delivered
502789,12706,2023-08-08,Cancelled
502790,11715,2024-07-20,Delivered
502791,12637,2024-08-15,Cancelled
502792,11207,2024-06-27,Delivered
502793,11165,2024-09-03,Delivered
502794,12888,2024-07-27,Delivered
502795,10534,2024-03-05,Delivered
502796,11809,2023-08-25,Returned
502797,12814,2024-05-13,Delivered
502798,12349,2023-10-21,Delivered
502799,10755,2023-08-30,Delivered
502800,11275,2023-06-29,Delivered
502801,11057,2024-07-07,Delivered
502802,12840,2024-09-16,Cancelled
502803,11361,2024-01-22,Delivered
502804,11415,2023-11-23,Cancelled
502805,11837,2024-01-13,Delivered
502806,11466,2023-12-30,Delivered
502807,10037,2023-10-16,Returned
502808,11979,2023-11-23,Delivered
502809,12403,2023-11-14,Delivered
502810,10982,2023-08-05,Cancelled
502811,11276,2023-11-06,Returned
502812,11762,2024-05-28,Delivered
502813,11207,2023-11-15,Delivered
502814,11266,2024-06-09,Delivered
502815,10301,2023-10-08,Delivered
502816,10935,2024-04-20,Delivered
502817,11143,2023-08-01,Delivered
502818,12138,2024-07-19,Cancelled
502819,11606,2023-12-06,Delivered
502820,10029,2024-06-09,Delivered
502821,10584,2024-05-13,Delivered
502822,12497,2024-08-18,Cancelled
502823,11506,2024-09-10,Delivered
502824,12718,2023-09-02,Delivered
502825,10911,2024-04-04,Returned
502826,11333,2024-06-30,Delivered
502827,12737,2024-06-28,Delivered
502828,11892,2024-09-21,Delivered
502829,13017,2024-05-19,Delivered
502830,11282,2024-09-05,Delivered
502831,10252,2024-06-11,Delivered
502832,10382,2024-08-23,Delivered
502833,10647,2023-11-09,Delivered
502834,10176,2023-08-24,Delivered
502835,12137,2024-07-17,Delivered
502836,12222,2024-08-19,Delivered
502837,11184,2023-06-13,Delivered
502838,11745,2023-09-07,Delivered
502839,11218,2023-12-15,Delivered
502840,11213,2024-04-16,Delivered
502841,10905,2024-02-16,Returned
502842,10160,2024-06-03,Cancelled
502843,10849,2024-09-20,Returned
502844,12697,2023-07-26,Delivered
502845,11651,2023-08-25,Delivered
502846,10470,2023-06-09,Delivered
502847,10122,2024-04-19,Delivered
502848,12625,2023-07-23,Delivered
502849,12270,2023-09-25,Delivered
502850,11143,2023-09-18,Delivered
502851,10055,2023-11-02,Delivered
502852,12319,2024-01-15,Cancelled
502853,11685,2024-01-31,Delivered
502854,12971,2024-07-15,Delivered
502855,12757,2024-02-07,Delivered
502856,12772,2024-07-30,Delivered
502857,12161,2023-11-30,Delivered
502858,10358,2023-09-24,Delivered
502859,11537,2023-12-12,Delivered
502860,12213,2023-10-13,Delivered
502861,11711,2023-07-03,Delivered
502862,12512,2023-10-05,Delivered
502863,12602,2024-07-09,Delivered
502864,12654,2023-09-29,Delivered
502865,12474,2024-06-08,Delivered
502866,12311,2023-06-29,Delivered
502867,11331,2024-01-12,Delivered
502868,10887,2024-04-16,Returned
502869,12062,2024-03-29,Delivered
502870,10774,2024-07-30,Delivered
502871,12177,2024-03-23,Delivered
502872,11257,2023-10-18,Delivered
502873,12060,2023-11-13,Delivered
502874,11022,2023-06-09,Delivered
502875,12428,2024-02-05,Delivered
502876,10652,2024-03-04,Delivered
502877,12569,2023-06-14,Delivered
502878,11150,2023-09-27,Delivered
502879,10499,2023-07-18,Delivered
502880,12764,2024-07-05,Delivered
502881,10628,2024-02-21,Delivered
502882,10081,2024-05-13,Delivered
502883,10975,2023-09-27,Delivered
502884,12803,2024-05-03,Delivered
502885,10857,2024-07-23,Delivered
502886,10346,2023-08-04,Returned
502887,11474,2024-07-25,Delivered
502888,11270,2024-03-15,Delivered
502889,12781,2024-09-02,Delivered
502890,12699,2023-08-27,Delivered
502891,11160,2024-08-16,Delivered
502892,11898,2024-09-01,Delivered
502893,11213,2024-03-03,Delivered
502894,12225,2024-02-06,Delivered
502895,11062,2024-02-27,Delivered
502896,12489,2024-04-15,Delivered
502897,10235,2024-03-03,Delivered
502898,11847,2024-03-07,Delivered
502899,10915,2024-08-31,Delivered
502900,13057,2024-08-24,Delivered
502901,11072,2023-08-16,Delivered
502902,12556,2023-12-26,Delivered
502903,10070,2023-06-07,Delivered
502904,10704,2024-02-28,Delivered
502905,10111,2024-06-02,Delivered
502906,10946,2024-03-13,Delivered
502907,10720,2024-06-30,Delivered
502908,10177,2024-05-23,Delivered
502909,11000,2024-03-04,Delivered
502910,10869,2023-12-21,Delivered
502911,12357,2023-11-19,Delivered
502912,10811,2024-08-03,Delivered
502913,12827,2024-04-25,Delivered
502914,10382,2024-09-15,Delivered
502915,10324,2024-06-04,Delivered
502916,10424,2024-09-18,Delivered
502917,13052,2023-06-27,Returned
502918,12094,2023-11-14,Delivered
502919,10627,2024-09-17,Delivered
502920,10241,2024-02-04,Delivered
502921,10952,2024-04-29,Delivered
502922,11732,2023-09-15,Delivered
502923,10583,2024-09-01,Delivered
502924,10369,2024-07-27,Delivered
502925,12165,2024-05-21,Delivered
502926,10939,2023-08-22,Delivered
502927,11898,2023-07-08,Cancelled
502928,10904,2023-06-13,Delivered
502929,10939,2023-10-30,Cancelled
502930,10123,2023-09-24,Delivered
502931,11617,2023-07-24,Delivered
502932,12259,2024-03-13,Delivered
502933,12575,2024-05-01,Delivered
502934,11537,2024-09-16,Delivered
502935,11712,2023-12-16,Delivered
502936,11930,2024-03-17,Delivered
502937,10156,2024-01-30,Delivered
502938,10029,2023-06-18,Delivered
502939,10665,2023-11-25,Delivered
502940,10938,2023-06-29,Cancelled
502941,12635,2024-04-03,Delivered
502942,11704,2023-08-12,Delivered
502943,12228,2024-04-19,Returned
502944,12655,2024-02-22,Delivered
502945,11300,2023-11-23,Delivered
502946,12500,2024-08-17,Delivered
502947,13040,2024-09-01,Cancelled
502948,10679,2024-06-13,Delivered
502949,10533,2023-09-19,Delivered
502950,11129,2024-07-24,Delivered
502951,10342,2023-12-18,Delivered
502952,10096,2024-05-20,Delivered
502953,10588,2023-11-07,Delivered
502954,10741,2024-08-30,Delivered
502955,11724,2023-09-01,Delivered
502956,10946,2023-10-04,Delivered
502957,11315,2024-06-09,Delivered
502958,10901,2023-11-30,Delivered
502959,10489,2023-11-24,Delivered
502960,12354,2024-04-22,Returned
502961,12375,2023-06-23,Delivered
502962,10522,2023-07-15,Delivered
502963,12709,2024-06-08,Delivered
502964,13001,2023-09-04,Delivered
502965,12763,2023-11-23,Delivered
502966,10955,2024-04-05,Delivered
502967,10892,2023-08-28,Delivered
502968,12689,2023-08-01,Cancelled
502969,11708,2024-03-15,Delivered
502970,11076,2024-06-12,Delivered
502971,12781,2024-04-29,Delivered
502972,12857,2023-07-25,Delivered
502973,10377,2023-10-10,Delivered
502974,10069,2023-10-09,Delivered
502975,13019,2023-10-30,Returned
502976,12854,2023-10-20,Delivered
502977,11293,2024-05-17,Delivered
502978,12633,2024-01-16,Delivered
502979,10001,2024-08-01,Delivered
502980,10912,2023-11-17,Delivered
502981,12051,2023-08-04,Cancelled
502982,10910,2023-12-20,Delivered
502983,12736,2024-08-28,Delivered
502984,10206,2024-06-05,Returned
502985,12065,2023-08-08,Cancelled
502986,11450,2023-12-28,Delivered
502987,10037,2024-02-15,Delivered
502988,10617,2024-05-29,Delivered
502989,12795,2024-02-10,Delivered
502990,10756,2024-07-21,Delivered
502991,10299,2024-05-07,Delivered
502992,10911,2024-02-08,Delivered
502993,10012,2024-06-03,Delivered
502994,10730,2023-12-29,Delivered
502995,10242,2024-05-26,Cancelled
502996,11182,2023-11-23,Delivered
502997,12417,2024-05-15,Delivered
502998,10279,2024-05-10,Delivered
502999,12637,2024-02-21,Cancelled
503000,12532,2024-05-19,Delivered
503001,12204,2023-10-07,Delivered
503002,10147,2024-05-31,Delivered
503003,12552,2023-07-10,Delivered
503004,12915,2023-10-26,Delivered
503005,12791,2023-08-25,Delivered
503006,10948,2023-09-29,Delivered
503007,11368,2023-10-09,Delivered
503008,12305,2023-07-22,Delivered
503009,10974,2024-09-18,Delivered
503010,11895,2023-11-12,Delivered
503011,12639,2024-03-18,Delivered
503012,12801,2024-06-02,Delivered
503013,10859,2023-10-23,Delivered
503014,10010,2023-09-24,Delivered
503015,10325,2024-01-29,Delivered
503016,11785,2024-06-10,Delivered
503017,10529,2023-12-28,Delivered
503018,12890,2023-12-25,Delivered
503019,10447,2024-02-25,Delivered
503020,10112,2023-09-16,Delivered
503021,12666,2024-05-18,Delivered
503022,10248,2024-03-08,Delivered
503023,11604,2023-11-20,Delivered
503024,11298,2023-09-08,Cancelled
503025,12993,2023-06-30,Returned
503026,10640,2024-06-05,Delivered
503027,10528,2023-11-25,Delivered
503028,11211,2023-07-05,Delivered
503029,12626,2024-08-29,Delivered
503030,11712,2023-09-23,Delivered
503031,11520,2024-09-26,Delivered
503032,12322,2024-08-29,Returned
503033,12677,2024-05-24,Cancelled
503034,12609,2024-05-30,Returned
503035,10629,2024-09-07,Delivered
503036,12222,2024-07-15,Delivered
503037,13006,2023-10-06,Delivered
503038,10469,2024-06-18,Delivered
503039,11002,2023-07-04,Delivered
503040,12479,2024-08-09,Delivered
503041,10363,2024-06-25,Delivered
503042,11753,2024-01-27,Returned
503043,11298,2023-12-05,Delivered
503044,12642,2024-09-28,Delivered
503045,12927,2023-11-06,Delivered
503046,12671,2024-02-15,Delivered
503047,10079,2023-09-16,Delivered
503048,10156,2023-09-27,Delivered
503049,10236,2024-06-18,Delivered
503050,11911,2024-01-10,Delivered
503051,11863,2024-08-31,Delivered
503052,10386,2023-11-03,Delivered
503053,11876,2024-06-08,Delivered
503054,10534,2023-09-20,Returned
503055,12278,2023-11-27,Delivered
503056,11231,2024-06-18,Delivered
503057,12430,2023-08-30,Delivered
503058,10912,2024-04-22,Delivered
503059,10566,2023-08-18,Delivered
503060,12205,2023-07-09,Delivered
503061,13048,2024-09-06,Delivered
503062,11435,2024-04-19,Delivered
503063,12326,2023-09-12,Delivered
503064,11370,2023-09-12,Delivered
503065,10844,2023-11-19,Returned
503066,12038,2024-06-17,Delivered
503067,10339,2023-11-07,Delivered
503068,12333,2024-05-29,Delivered
503069,10315,2024-04-09,Delivered
503070,12037,2024-06-12,Delivered
503071,11438,2024-03-14,Returned
503072,10375,2023-08-13,Delivered
503073,11299,2024-04-06,Delivered
503074,10387,2023-08-26,Delivered
503075,11806,2023-09-28,Cancelled
503076,10044,2023-11-20,Returned
503077,11186,2024-03-12,Delivered
503078,11148,2024-03-01,Returned
503079,11666,2023-09-23,Delivered
503080,11040,2024-05-31,Returned
503081,11681,2023-10-01,Returned
503082,11096,2023-09-01,Delivered
503083,13027,2024-06-04,Delivered
503084,12065,2024-02-23,Delivered
503085,11474,2024-02-29,Returned
503086,11255,2024-01-28,Delivered
503087,11871,2024-05-06,Delivered
503088,11803,2023-12-30,Delivered
503089,11784,2023-10-21,Delivered
503090,12465,2024-08-19,Delivered
503091,10905,2024-02-09,Delivered
503092,10958,2023-11-16,Delivered
503093,10215,2024-02-10,Delivered
503094,12743,2023-07-21,Delivered
503095,10704,2024-03-26,Delivered
503096,11934,2024-07-30,Delivered
503097,10313,2024-07-10,Delivered
503098,10234,2023-06-13,Delivered
503099,11474,2024-04-02,Delivered
503100,11474,2024-05-03,Returned
503101,10849,2024-01-29,Delivered
503102,10646,2024-08-14,Delivered
503103,12356,2023-11-01,Delivered
503104,10315,2024-08-10,Delivered
503105,10278,2024-08-25,Delivered
503106,10320,2023-12-24,Delivered
503107,12376,2023-07-04,Delivered
503108,10955,2023-12-09,Delivered
503109,11617,2024-08-29,Returned
503110,13000,2024-01-08,Delivered
503111,10304,2024-02-10,Delivered
503112,11123,2023-09-10,Cancelled
503113,11857,2023-12-25,Delivered
503114,10243,2024-09-30,Delivered
503115,11002,2024-08-08,Returned
503116,11826,2024-05-25,Delivered
503117,11484,2024-01-28,Delivered
503118,10650,2024-05-18,Delivered
503119,10903,2023-08-12,Delivered
503120,12336,2024-04-20,Delivered
503121,10252,2023-10-08,Delivered
503122,13028,2024-01-02,Delivered
503123,12722,2024-05-12,Cancelled
503124,11814,2023-06-06,Delivered
503125,11164,2024-01-18,Delivered
503126,11044,2023-07-07,Delivered
503127,12779,2024-01-04,Delivered
503128,12930,2024-04-25,Delivered
503129,12062,2024-06-24,Delivered
503130,10955,2024-06-09,Delivered
503131,11275,2023-12-31,Delivered
503132,12966,2023-06-18,Returned
503133,10394,2024-02-24,Delivered
503134,10609,2023-12-21,Delivered
503135,12787,2023-10-22,Delivered
503136,11868,2024-07-19,Delivered
503137,12693,2024-05-28,Delivered
503138,10570,2023-07-30,Delivered
503139,12003,2024-06-20,Delivered
503140,11034,2023-09-14,Returned
503141,11415,2023-12-27,Cancelled
503142,12406,2024-03-20,Delivered
503143,10588,2024-03-04,Delivered
503144,10783,2024-06-02,Delivered
503145,12360,2023-06-19,Delivered
503146,12363,2024-04-10,Delivered
503147,11929,2024-03-01,Delivered
503148,10432,2023-12-22,Delivered
503149,12584,2023-12-16,Delivered
503150,11201,2024-03-23,Delivered
503151,12785,2024-03-19,Delivered
503152,12176,2024-07-12,Delivered
503153,10954,2023-09-21,Delivered
503154,10625,2024-07-08,Delivered
503155,11363,2024-06-29,Delivered
503156,12016,2023-11-06,Delivered
503157,11086,2024-07-30,Delivered
503158,10698,2024-05-27,Delivered
503159,13057,2024-01-14,Delivered
503160,12993,2024-01-06,Delivered
503161,12687,2023-12-13,Delivered
503162,10312,2024-05-18,Delivered
503163,12988,2024-01-23,Delivered
503164,10428,2024-02-16,Delivered
503165,12552,2024-06-02,Delivered
503166,10837,2024-04-05,Delivered
503167,13017,2024-05-16,Delivered
503168,12706,2024-09-15,Delivered
503169,11007,2024-06-26,Delivered
503170,12789,2023-11-09,Delivered
503171,10358,2023-06-14,Delivered
503172,11534,2023-11-30,Delivered
503173,12106,2024-01-31,Delivered
503174,10049,2023-07-07,Delivered
503175,10426,2023-08-21,Delivered
503176,11288,2024-05-20,Returned
503177,10522,2024-06-05,Delivered
503178,10756,2023-11-25,Returned
503179,11678,2024-02-13,Delivered
503180,12064,2024-09-13,Delivered
503181,12066,2023-09-15,Delivered
503182,11132,2023-08-23,Delivered
503183,10270,2023-11-29,Delivered
503184,12266,2024-02-18,Delivered
503185,11194,2024-02-13,Delivered
503186,10630,2024-04-07,Delivered
503187,10235,2024-05-04,Returned
503188,12339,2024-07-16,Delivered
503189,10567,2023-10-23,Delivered
503190,11143,2024-07-20,Delivered
503191,12021,2023-07-10,Returned
503192,13030,2023-12-13,Returned
503193,11307,2023-09-12,Delivered
503194,11832,2024-03-24,Returned
503195,11970,2024-05-07,Delivered
503196,11794,2023-09-09,Delivered
503197,10005,2024-04-25,Delivered
503198,10571,2024-04-17,Delivered
503199,11983,2024-05-30,Delivered
503200,10426,2024-03-25,Returned
503201,12011,2023-11-30,Cancelled
503202,10790,2024-04-12,Delivered
503203,11291,2023-12-29,Delivered
503204,10658,2024-04-13,Cancelled
503205,11957,2024-01-02,Delivered
503206,12014,2023-07-08,Delivered
503207,11942,2024-01-07,Delivered
503208,12376,2024-02-16,Returned
503209,12757,2024-06-04,Delivered
503210,11762,2024-09-19,Delivered
503211,10329,2023-08-01,Delivered
503212,11046,2024-02-15,Delivered
503213,10312,2024-01-03,Delivered
503214,12320,2023-07-22,Delivered
503215,10657,2024-03-20,Delivered
503216,12338,2024-01-14,Delivered
503217,11180,2023-09-22,Delivered
503218,11319,2024-05-27,Delivered
503219,10863,2023-09-23,Delivered
503220,11184,2024-08-14,Delivered
503221,12649,2024-02-07,Returned
503222,10847,2024-08-07,Delivered
503223,10810,2024-04-17,Delivered
503224,12778,2023-06-15,Delivered
503225,10252,2023-06-27,Returned
503226,11924,2024-05-18,Delivered
503227,12638,2023-11-27,Delivered
503228,10610,2023-12-29,Delivered
503229,11740,2024-01-24,Delivered
503230,11489,2024-02-08,Delivered
503231,12195,2024-06-07,Delivered
503232,12285,2023-06-20,Delivered
503233,12060,2023-06-10,Delivered
503234,10496,2024-05-12,Delivered
503235,11199,2023-07-08,Delivered
503236,10709,2023-10-23,Delivered
503237,11632,2024-04-12,Cancelled
503238,10832,2024-08-15,Delivered
503239,11988,2024-09-27,Delivered
503240,11048,2023-12-03,Delivered
503241,10229,2024-01-08,Delivered
503242,11022,2024-06-23,Cancelled
503243,10905,2023-10-19,Delivered
503244,12283,2023-07-29,Cancelled
503245,12291,2024-05-20,Delivered
503246,11947,2023-10-01,Delivered
503247,12069,2024-04-30,Delivered
503248,12246,2023-07-02,Delivered
503249,10428,2024-09-18,Returned
503250,11485,2023-10-20,Delivered
503251,12312,2024-05-02,Returned
503252,10548,2024-01-25,Delivered
503253,10999,2024-02-22,Delivered
503254,11675,2024-03-29,Delivered
503255,10336,2024-09-28,Delivered
503256,12281,2023-09-05,Delivered
503257,12764,2023-07-06,Delivered
503258,12482,2024-07-24,Delivered
503259,11724,2024-02-18,Delivered
503260,10658,2023-11-08,Delivered
503261,10801,2024-02-10,Delivered
503262,11783,2023-07-08,Delivered
503263,12026,2023-06-27,Delivered
503264,11484,2024-06-14,Returned
503265,12301,2024-08-17,Delivered
503266,11125,2023-07-21,Delivered
503267,10386,2024-04-26,Delivered
503268,11128,2023-07-21,Delivered
503269,10648,2024-06-27,Delivered
503270,11885,2024-08-14,Delivered
503271,12332,2024-04-08,Delivered
503272,10916,2024-04-14,Delivered
503273,12191,2024-01-09,Delivered
503274,10536,2024-06-16,Delivered
503275,11275,2023-07-12,Delivered
503276,12818,2023-06-14,Delivered
503277,11466,2024-07-02,Delivered
503278,10383,2024-04-30,Delivered
503279,12436,2024-05-25,Delivered
503280,13007,2023-10-09,Delivered
503281,10905,2024-07-19,Delivered
503282,12920,2024-02-08,Delivered
503283,12910,2024-01-05,Returned
503284,12048,2023-10-06,Delivered
503285,11695,2023-06-09,Delivered
503286,12111,2023-06-04,Delivered
503287,10720,2024-09-27,Returned
503288,11806,2023-12-03,Delivered
503289,10912,2024-03-21,Delivered
503290,10312,2024-04-16,Delivered
503291,11550,2023-11-06,Delivered
503292,11678,2024-08-09,Delivered
503293,11858,2024-07-17,Delivered
503294,10594,2023-08-03,Delivered
503295,11063,2023-07-19,Returned
503296,11269,2023-10-31,Cancelled
503297,11212,2023-06-23,Delivered
503298,11373,2024-07-22,Delivered
503299,10866,2023-12-29,Delivered
503300,12697,2024-04-07,Delivered
503301,10679,2023-11-24,Delivered
503302,11596,2023-12-28,Delivered
503303,11903,2024-09-17,Delivered
503304,11014,2023-07-17,Delivered
503305,11578,2023-09-07,Delivered
503306,10537,2024-09-10,Delivered
503307,12693,2023-10-31,Delivered
503308,10239,2023-08-29,Cancelled
503309,11896,2024-01-29,Delivered
503310,10622,2024-04-17,Delivered
503311,11681,2023-07-15,Delivered
503312,10259,2024-01-31,Delivered
503313,12386,2023-10-21,Delivered
503314,11566,2023-10-10,Delivered
503315,10324,2024-08-26,Delivered
503316,12666,2024-02-25,Delivered
503317,10037,2023-07-22,Delivered
503318,10115,2023-07-11,Delivered
503319,11806,2024-08-08,Delivered
503320,12487,2024-09-29,Delivered
503321,12719,2024-06-23,Cancelled
503322,10349,2023-12-08,Delivered
503323,11515,2024-09-18,Delivered
503324,11868,2024-02-01,Returned
503325,11532,2024-04-06,Cancelled
503326,12863,2023-06-08,Delivered
503327,11079,2024-05-06,Delivered
503328,11569,2024-05-20,Delivered
503329,11367,2023-07-24,Delivered
503330,11027,2023-08-01,Delivered
503331,11695,2024-02-29,Delivered
503332,10880,2024-01-26,Delivered
503333,12314,2024-03-10,Delivered
503334,10949,2024-03-13,Delivered
503335,10656,2024-05-03,Delivered
503336,11873,2023-12-13,Delivered
503337,11276,2024-01-24,Delivered
503338,12979,2023-10-17,Returned
503339,10091,2023-12-20,Returned
503340,10721,2024-08-12,Delivered
503341,11902,2023-12-06,Cancelled
503342,12489,2024-07-27,Delivered
503343,13003,2024-07-25,Delivered
503344,10196,2024-05-18,Delivered
503345,10504,2024-01-06,Returned
503346,10290,2024-03-12,Delivered
503347,10021,2023-10-24,Delivered
503348,10080,2023-12-24,Delivered
503349,10330,2024-08-11,Delivered
503350,12102,2024-09-20,Delivered
503351,10054,2023-10-22,Delivered
503352,10034,2023-10-09,Delivered
503353,12997,2024-08-05,Delivered
503354,11714,2024-09-10,Delivered
503355,12266,2023-10-17,Delivered
503356,11635,2023-12-10,Delivered
503357,11763,2023-10-22,Delivered
503358,12913,2024-08-13,Delivered
503359,11669,2023-08-28,Delivered
503360,10566,2023-06-09,Delivered
503361,10935,2024-01-10,Delivered
503362,11276,2023-07-21,Delivered
503363,12048,2023-06-06,Delivered
503364,11333,2023-09-21,Delivered
503365,12541,2023-08-08,Delivered
503366,11951,2023-06-26,Delivered
503367,12580,2023-07-31,Delivered
503368,10532,2023-08-11,Delivered
503369,12999,2024-04-09,Delivered
503370,11233,2024-09-21,Delivered
503371,11755,2024-09-12,Delivered
503372,12510,2024-05-19,Delivered
503373,12427,2024-09-26,Delivered
503374,11089,2023-07-14,Delivered
503375,11855,2023-11-12,Delivered
503376,12050,2024-09-20,Cancelled
503377,12906,2024-03-14,Delivered
503378,12497,2023-11-20,Returned
503379,12578,2024-01-11,Delivered
503380,10854,2023-07-26,Delivered
503381,10689,2024-05-28,Delivered
503382,12960,2023-07-21,Returned
503383,11074,2023-11-27,Delivered
503384,10324,2024-05-06,Delivered
503385,13055,2024-05-28,Delivered
503386,10164,2024-07-17,Delivered
503387,11401,2023-06-02,Delivered
503388,12171,2024-02-20,Delivered
503389,11179,2024-09-08,Delivered
503390,12963,2023-11-27,Delivered
503391,11590,2024-08-30,Cancelled
503392,11315,2024-07-20,Delivered
503393,11005,2023-12-16,Delivered
503394,12930,2024-05-19,Delivered
503395,11986,2023-07-11,Delivered
503396,10210,2024-03-18,Delivered
503397,10515,2023-06-08,Delivered
503398,12137,2023-07-11,Delivered
503399,12034,2024-08-16,Delivered
503400,13047,2023-08-14,Returned
503401,10012,2024-09-15,Delivered
503402,12911,2024-05-05,Delivered
503403,10283,2024-09-17,Delivered
503404,11858,2024-04-05,Delivered
503405,10820,2023-08-01,Delivered
503406,10196,2023-08-08,Delivered
503407,12795,2024-04-09,Cancelled
503408,10302,2024-06-19,Delivered
503409,10156,2023-06-22,Delivered
503410,10570,2024-07-07,Delivered
503411,12102,2024-06-29,Returned
503412,11179,2023-10-14,Delivered
503413,10661,2024-03-31,Delivered
503414,11429,2024-09-10,Delivered
503415,10131,2024-06-06,Returned
503416,10719,2024-06-17,Delivered
503417,12918,2024-06-11,Delivered
503418,11721,2024-06-13,Delivered
503419,13048,2023-06-28,Delivered
503420,10566,2024-02-28,Delivered
503421,11537,2024-06-10,Delivered
503422,12525,2023-06-01,Delivered
503423,12582,2023-10-11,Delivered
503424,10512,2023-11-12,Delivered
503425,12824,2024-08-01,Returned
503426,10955,2024-09-16,Delivered
503427,11087,2023-11-28,Delivered
503428,13001,2024-03-16,Delivered
503429,11319,2023-06-07,Delivered
503430,12182,2023-06-15,Delivered
503431,10847,2024-05-03,Delivered
503432,11306,2024-08-28,Delivered
503433,10080,2023-07-26,Delivered
503434,10720,2024-07-26,Cancelled
503435,12982,2024-05-22,Delivered
503436,12129,2024-04-08,Delivered
503437,10512,2023-07-24,Delivered
503438,12230,2024-04-29,Delivered
503439,11027,2023-07-02,Delivered
503440,10644,2024-05-01,Delivered
503441,10293,2024-08-03,Delivered
503442,10109,2024-07-06,Returned
503443,10992,2023-06-02,Delivered
503444,11762,2024-01-27,Delivered
503445,12640,2023-07-07,Delivered
503446,10996,2024-02-28,Cancelled
503447,12171,2023-08-24,Delivered
503448,12095,2023-10-26,Delivered
503449,12623,2024-08-09,Delivered
503450,11891,2024-05-19,Delivered
503451,12687,2024-05-06,Delivered
503452,10903,2024-07-21,Delivered
503453,10005,2024-09-14,Delivered
503454,10662,2024-01-11,Returned
503455,12225,2023-12-18,Delivered
503456,10649,2023-08-19,Delivered
503457,11930,2024-04-30,Delivered
503458,12827,2024-04-18,Delivered
503459,10937,2023-07-07,Delivered
503460,11939,2023-11-01,Cancelled
503461,10599,2024-08-12,Delivered
503462,11715,2024-08-05,Delivered
503463,11029,2023-10-15,Delivered
503464,11350,2024-06-22,Delivered
503465,11496,2024-02-10,Delivered
503466,10556,2024-01-14,Returned
503467,11539,2023-09-24,Delivered
503468,11266,2024-05-31,Delivered
503469,10949,2024-07-08,Delivered
503470,11075,2023-11-11,Delivered
503471,10127,2023-10-02,Returned
503472,11714,2024-01-23,Delivered
503473,11635,2024-03-10,Returned
503474,11303,2023-12-08,Delivered
503475,12757,2024-08-15,Delivered
503476,12652,2023-08-24,Returned
503477,10068,2024-09-09,Cancelled
503478,10107,2024-04-09,Delivered
503479,12662,2024-07-01,Delivered
503480,10798,2023-09-25,Delivered
503481,11074,2024-06-23,Delivered
503482,10486,2024-07-09,Delivered
503483,12486,2024-07-12,Delivered
503484,12616,2023-09-25,Delivered
503485,11716,2023-12-15,Delivered
503486,12964,2024-02-18,Returned
503487,12244,2024-06-20,Delivered
503488,11345,2023-09-17,Delivered
503489,10526,2024-01-27,Delivered
503490,10698,2024-09-16,Delivered
503491,11668,2023-09-14,Delivered
503492,10027,2024-07-20,Delivered
503493,10835,2024-04-25,Delivered
503494,12582,2024-01-21,Delivered
503495,10112,2024-02-27,Delivered
503496,11395,2023-06-15,Returned
503497,12687,2024-03-09,Delivered
503498,12842,2024-04-27,Delivered
503499,12654,2024-08-09,Delivered
503500,11047,2024-04-29,Delivered
503501,12850,2023-10-28,Delivered
503502,11576,2024-04-06,Delivered
503503,11017,2023-08-25,Delivered
503504,11152,2023-11-02,Delivered
503505,12789,2024-05-31,Delivered
503506,12713,2024-01-08,Delivered
503507,10570,2024-05-24,Returned
503508,11806,2024-09-20,Delivered
503509,11276,2023-09-08,Delivered
503510,10871,2023-06-11,Delivered
503511,10556,2024-08-19,Delivered
503512,12311,2024-08-08,Delivered
503513,10714,2024-01-27,Delivered
503514,10447,2024-01-11,Delivered
503515,10774,2024-01-24,Delivered
503516,11433,2024-06-13,Delivered
503517,11299,2024-04-22,Delivered
503518,12105,2023-07-27,Delivered
503519,10292,2024-04-29,Delivered
503520,11607,2023-11-29,Delivered
503521,12633,2023-11-20,Returned
503522,11341,2024-08-29,Delivered
503523,12829,2024-09-29,Delivered
503524,12162,2024-09-10,Delivered
503525,11991,2024-09-15,Delivered
503526,11678,2024-03-22,Delivered
503527,11009,2023-12-24,Returned
503528,11500,2024-06-01,Cancelled
503529,12289,2024-08-27,Delivered
503530,11673,2024-02-23,Returned
503531,10847,2023-08-05,Delivered
503532,10374,2024-08-16,Delivered
503533,12640,2024-05-03,Delivered
503534,10874,2024-04-06,Delivered
503535,10256,2024-08-04,Cancelled
503536,11221,2024-05-13,Delivered
503537,11136,2024-02-29,Returned
503538,12561,2024-03-20,Delivered
503539,12666,2024-06-08,Delivered
503540,10661,2024-02-18,Delivered
503541,11681,2023-12-09,Delivered
503542,12481,2023-08-20,Delivered
503543,10571,2024-02-09,Delivered
503544,10279,2023-06-27,Delivered
503545,10202,2024-02-01,Delivered
503546,11824,2024-09-20,Delivered
503547,11223,2024-05-27,Delivered
503548,12913,2024-07-15,Returned
503549,10093,2023-11-02,Delivered
503550,10955,2024-01-08,Delivered
503551,12959,2024-06-08,Delivered
503552,10437,2023-07-19,Returned
503553,10620,2024-05-27,Delivered
503554,10908,2024-04-28,Delivered
503555,12881,2024-03-11,Delivered
503556,10721,2024-07-24,Delivered
503557,12808,2024-05-02,Delivered
503558,11244,2024-04-14,Delivered
503559,10748,2024-01-11,Delivered
503560,12861,2024-07-02,Delivered
503561,10602,2023-11-08,Delivered
503562,11490,2023-08-10,Delivered
503563,11152,2023-08-18,Delivered
503564,10694,2023-11-22,Delivered
503565,11693,2024-06-17,Delivered
503566,10994,2024-08-17,Returned
503567,11288,2024-09-18,Returned
503568,10100,2024-04-21,Delivered
503569,12589,2024-08-10,Delivered
503570,11511,2024-03-06,Delivered
503571,12724,2024-06-23,Delivered
503572,10551,2023-12-13,Delivered
503573,12600,2023-11-11,Delivered
503574,12091,2024-08-08,Delivered
503575,11958,2023-08-02,Delivered
503576,11569,2024-01-16,Delivered
503577,11360,2024-08-27,Cancelled
503578,10005,2023-09-11,Delivered
503579,11196,2023-10-05,Delivered
503580,11850,2024-01-06,Delivered
503581,11331,2023-12-10,Delivered
503582,12640,2024-05-04,Delivered
503583,10084,2024-04-17,Delivered
503584,12976,2024-07-02,Delivered
503585,10958,2024-01-27,Delivered
503586,12605,2024-05-03,Delivered
503587,11549,2024-06-07,Delivered
503588,10539,2024-09-08,Delivered
503589,13007,2024-09-13,Delivered
503590,11489,2024-06-18,Delivered
503591,12335,2024-02-28,Delivered
503592,11926,2024-05-19,Delivered
503593,10374,2024-06-26,Delivered
503594,12171,2024-04-21,Delivered
503595,11441,2023-10-27,Delivered
503596,12987,2024-05-28,Cancelled
503597,12391,2024-05-18,Delivered
503598,10644,2024-01-11,Returned
503599,12396,2023-07-09,Delivered
503600,11407,2023-12-01,Delivered
503601,10662,2023-10-03,Delivered
503602,10569,2023-10-03,Delivered
503603,11031,2023-08-03,Returned
503604,12923,2023-06-09,Returned
503605,12212,2023-06-02,Delivered
503606,12778,2023-08-12,Cancelled
503607,10482,2024-05-11,Delivered
503608,10250,2024-01-25,Delivered
503609,11985,2024-09-20,Delivered
503610,10971,2023-09-14,Delivered
503611,12060,2023-09-18,Delivered
503612,10647,2023-09-26,Cancelled
503613,10863,2023-09-15,Delivered
503614,10713,2024-02-25,Delivered
503615,11740,2024-01-07,Delivered
503616,10559,2023-11-25,Delivered
503617,10044,2023-12-22,Delivered
503618,12988,2024-08-07,Delivered
503619,12324,2023-12-06,Delivered
503620,12489,2024-05-17,Delivered
503621,12856,2024-09-24,Delivered
503622,12408,2024-08-15,Delivered
503623,13048,2024-06-19,Cancelled
503624,11071,2024-05-15,Delivered
503625,12163,2023-06-21,Delivered
503626,10774,2024-03-24,Delivered
503627,12333,2023-06-21,Delivered
503628,11762,2023-07-03,Delivered
503629,12732,2023-09-08,Returned
503630,12947,2024-09-07,Delivered
503631,10371,2024-09-04,Delivered
503632,10361,2024-04-08,Delivered
503633,10954,2024-05-19,Delivered
503634,10788,2024-01-01,Delivered
503635,11485,2023-08-17,Returned
503636,10767,2023-11-24,Delivered
503637,11489,2024-02-24,Delivered
503638,11207,2023-10-22,Delivered
503639,11904,2024-04-23,Delivered
503640,11404,2024-04-17,Delivered
503641,11549,2023-12-27,Delivered
503642,10474,2024-07-22,Delivered
503643,11380,2024-03-14,Delivered
503644,10418,2024-03-24,Delivered
503645,10880,2023-08-15,Delivered
503646,12675,2024-04-17,Delivered
503647,11235,2024-07-14,Delivered
503648,10937,2024-01-02,Delivered
503649,12209,2024-03-16,Returned
503650,11395,2024-01-30,Delivered
503651,10944,2024-05-18,Delivered
503652,11217,2024-07-08,Delivered
503653,11047,2023-12-04,Delivered
503654,12906,2024-07-29,Delivered
503655,10783,2024-09-23,Returned
503656,12069,2023-07-27,Delivered
503657,12836,2023-08-05,Delivered
503658,11806,2024-06-01,Delivered
503659,10360,2023-06-10,Delivered
503660,11880,2023-10-06,Delivered
503661,12814,2024-02-29,Delivered
503662,12633,2024-02-21,Delivered
503663,11757,2024-05-18,Delivered
503664,11437,2023-06-21,Delivered
503665,12461,2023-10-21,Delivered
503666,12819,2024-01-02,Delivered
503667,10525,2024-06-19,Cancelled
503668,10763,2024-01-19,Delivered
503669,10107,2023-10-27,Delivered
503670,11079,2024-06-02,Delivered
503671,10218,2024-02-16,Returned
503672,11875,2024-05-05,Delivered
503673,12061,2024-01-06,Delivered
503674,10866,2023-10-24,Cancelled
503675,10642,2023-12-27,Delivered
503676,12802,2024-08-30,Delivered
503677,11295,2024-09-22,Delivered
503678,12744,2023-10-13,Delivered
503679,12967,2024-06-12,Returned
503680,12942,2024-02-26,Delivered
503681,11217,2024-07-06,Delivered
503682,10855,2023-06-27,Delivered
503683,12842,2023-12-12,Delivered
503684,12205,2023-10-28,Delivered
503685,12836,2024-03-30,Delivered
503686,10620,2024-05-17,Delivered
503687,12339,2023-07-25,Delivered
503688,12406,2024-01-23,Delivered
503689,10607,2023-07-06,Delivered
503690,10801,2024-09-20,Delivered
503691,12931,2024-06-17,Delivered
503692,10877,2023-11-18,Delivered
503693,11802,2024-04-17,Delivered
503694,12799,2023-09-02,Delivered
503695,10234,2024-04-03,Delivered
503696,11977,2024-07-08,Delivered
503697,11183,2023-11-19,Returned
503698,12785,2024-03-08,Delivered
503699,10830,2024-09-24,Delivered
503700,10063,2024-01-28,Delivered
503701,10862,2023-09-14,Returned
503702,11770,2024-06-04,Delivered
503703,10203,2024-06-17,Delivered
503704,10756,2024-02-23,Delivered
503705,11237,2023-08-21,Delivered
503706,10084,2023-06-12,Delivered
503707,11909,2024-01-14,Delivered
503708,10581,2024-04-06,Delivered
503709,11172,2023-06-14,Cancelled
503710,12598,2023-06-06,Delivered
503711,12515,2024-07-02,Cancelled
503712,12353,2023-11-16,Returned
503713,12313,2024-06-14,Delivered
503714,12944,2024-08-03,Delivered
503715,11656,2024-08-30,Delivered
503716,11048,2024-09-09,Delivered
503717,10416,2024-03-20,Delivered
503718,10994,2024-01-25,Delivered
503719,10568,2024-05-22,Delivered
503720,10567,2023-11-16,Delivered
503721,12291,2024-02-03,Cancelled
503722,10065,2024-08-01,Delivered
503723,12924,2023-11-22,Delivered
503724,12105,2024-07-06,Delivered
503725,11705,2023-11-19,Delivered
503726,12123,2024-07-29,Delivered
503727,10901,2023-09-13,Delivered
503728,10912,2024-04-07,Delivered
503729,10771,2024-07-04,Delivered
503730,10331,2023-07-23,Delivered
503731,10567,2024-06-30,Delivered
503732,10874,2024-08-04,Returned
503733,11060,2024-07-30,Cancelled
503734,13017,2023-09-08,Delivered
503735,12014,2024-04-07,Delivered
503736,12048,2023-07-04,Delivered
503737,10340,2024-07-08,Delivered
503738,10869,2024-07-19,Cancelled
503739,11415,2023-10-26,Delivered
503740,10958,2024-09-29,Returned
503741,12147,2024-02-04,Delivered
503742,12004,2024-09-30,Delivered
503743,10395,2024-01-12,Delivered
503744,10510,2023-09-10,Delivered
503745,12689,2024-02-13,Delivered
503746,10288,2023-06-24,Delivered
503747,10217,2023-07-08,Delivered
503748,10952,2023-08-10,Delivered
503749,10512,2024-04-10,Delivered
503750,12362,2023-07-07,Delivered
503751,12044,2023-07-18,Delivered
503752,12676,2024-05-04,Delivered
503753,10799,2023-06-29,Delivered
503754,10958,2023-08-25,Cancelled
503755,11704,2023-10-19,Returned
503756,11393,2023-08-16,Delivered
503757,10911,2024-06-30,Returned
503758,10188,2024-02-26,Delivered
503759,10301,2024-06-19,Delivered
503760,12336,2023-11-30,Delivered
503761,11419,2024-04-12,Delivered
503762,12487,2023-10-18,Delivered
503763,11389,2024-07-10,Delivered
503764,12930,2023-09-09,Cancelled
503765,12665,2024-09-23,Delivered
503766,10249,2024-04-26,Delivered
503767,11485,2023-09-14,Delivered
503768,11326,2023-08-11,Delivered
503769,11633,2024-08-09,Delivered
503770,10031,2024-05-22,Delivered
503771,10297,2024-07-18,Delivered
503772,12830,2023-08-05,Delivered
503773,10852,2023-12-06,Delivered
503774,12469,2024-08-06,Delivered
503775,10297,2024-06-26,Delivered
503776,12311,2024-09-16,Delivered
503777,13048,2024-03-31,Delivered
503778,12632,2023-09-10,Delivered
503779,12539,2023-09-06,Returned
503780,12800,2023-09-17,Delivered
503781,10431,2024-08-23,Delivered
503782,11306,2024-09-07,Delivered
503783,12545,2023-12-03,Delivered
503784,10638,2023-11-02,Delivered
503785,12743,2024-05-09,Delivered
503786,11515,2024-06-07,Returned
503787,10618,2024-09-26,Delivered
503788,11485,2023-06-21,Delivered
503789,11721,2024-09-21,Returned
503790,12029,2023-09-23,Delivered
503791,12373,2024-07-08,Delivered
503792,10042,2023-09-15,Cancelled
503793,10208,2023-08-12,Delivered
503794,12315,2023-08-02,Delivered
503795,10013,2024-06-21,Delivered
503796,12143,2024-02-04,Delivered
503797,11973,2024-09-20,Delivered
503798,10551,2023-12-17,Delivered
503799,10415,2023-07-23,Delivered
503800,10687,2024-01-04,Delivered
503801,11985,2023-09-02,Delivered
503802,12366,2024-03-05,Delivered
503803,10146,2023-09-07,Delivered
503804,10247,2024-06-14,Delivered
503805,10072,2024-01-01,Delivered
503806,11763,2024-07-19,Delivered
503807,11244,2023-06-26,Delivered
503808,10912,2024-06-04,Delivered
503809,10387,2023-11-06,Delivered
503810,10741,2023-12-14,Delivered
503811,11751,2024-01-08,Delivered
503812,11388,2024-09-11,Delivered
503813,10556,2023-12-04,Delivered
503814,13019,2023-06-29,Delivered
503815,11281,2024-07-30,Delivered
503816,10374,2024-07-16,Delivered
503817,11060,2024-04-25,Delivered
503818,11297,2023-11-19,Delivered
503819,11000,2023-10-16,Delivered
503820,12910,2023-12-31,Delivered
503821,12003,2024-04-13,Returned
503822,11403,2024-03-25,Delivered
503823,12939,2023-10-28,Delivered
503824,12328,2024-03-26,Cancelled
503825,12817,2024-03-09,Delivered
503826,10107,2023-06-15,Delivered
503827,10913,2023-08-24,Cancelled
503828,12546,2023-06-27,Cancelled
503829,11960,2023-07-28,Delivered
503830,10029,2023-07-13,Delivered
503831,10268,2023-11-25,Delivered
503832,12824,2024-07-21,Delivered
503833,11300,2024-06-10,Delivered
503834,10118,2024-02-23,Delivered
503835,11317,2023-09-16,Delivered
503836,12440,2024-02-17,Delivered
503837,10678,2023-08-23,Delivered
503838,12961,2023-10-10,Returned
503839,11630,2023-06-09,Delivered
503840,10303,2023-08-25,Returned
503841,12350,2024-03-01,Delivered
503842,11661,2024-02-26,Delivered
503843,10070,2024-04-22,Delivered
503844,11068,2024-09-19,Delivered
503845,11031,2024-01-19,Delivered
503846,11287,2024-04-25,Delivered
503847,12551,2024-01-09,Delivered
503848,12729,2023-10-11,Returned
503849,12923,2024-04-29,Returned
503850,11436,2024-04-06,Delivered
503851,10340,2023-07-01,Cancelled
503852,12360,2024-09-30,Delivered
503853,10117,2023-07-07,Delivered
503854,11768,2024-05-05,Returned
503855,12716,2024-07-22,Delivered
503856,11583,2023-10-08,Delivered
503857,10647,2024-08-15,Delivered
503858,10234,2024-02-21,Delivered
503859,10116,2024-08-23,Returned
503860,10639,2023-11-03,Delivered
503861,10229,2024-01-29,Delivered
503862,11047,2023-07-04,Delivered
503863,12757,2024-07-22,Delivered
503864,11420,2023-09-05,Delivered
503865,12840,2023-11-08,Cancelled
503866,12846,2023-11-06,Delivered
503867,10698,2024-09-07,Delivered
503868,10512,2023-06-04,Delivered
503869,11433,2024-06-20,Delivered
503870,12874,2024-09-10,Delivered
503871,11049,2023-12-25,Delivered
503872,12532,2023-09-06,Delivered
503873,11581,2024-04-09,Delivered
503874,11484,2024-09-08,Delivered
503875,10735,2024-01-07,Delivered
503876,11000,2024-09-19,Returned
503877,10558,2024-09-18,Delivered
503878,11266,2024-02-06,Delivered
503879,11586,2024-04-20,Delivered
503880,11715,2023-06-30,Delivered
503881,12330,2024-03-15,Delivered
503882,11513,2024-03-23,Delivered
503883,10194,2023-06-28,Delivered
503884,13011,2024-01-21,Delivered
503885,10558,2024-02-12,Delivered
503886,11612,2023-12-26,Delivered
503887,11017,2024-01-20,Delivered
503888,11467,2024-08-28,Delivered
503889,11275,2024-05-28,Delivered
503890,11071,2024-02-01,Delivered
503891,10548,2024-01-06,Delivered
503892,12245,2024-01-13,Delivered
503893,12505,2024-05-11,Delivered
503894,11474,2024-02-04,Delivered
503895,12851,2023-11-09,Delivered
503896,10783,2023-11-29,Returned
503897,10851,2023-07-07,Delivered
503898,12617,2024-04-24,Delivered
503899,11925,2024-06-12,Delivered
503900,12162,2024-02-02,Delivered
503901,12116,2024-02-03,Delivered
503902,12701,2024-06-18,Delivered
503903,11160,2024-02-09,Delivered
503904,12716,2024-04-25,Delivered
503905,11407,2024-03-18,Delivered
503906,11009,2023-12-05,Delivered
503907,11990,2024-05-28,Delivered
503908,12687,2023-12-10,Delivered
503909,10576,2024-05-02,Delivered
503910,11829,2024-04-28,Returned
503911,10855,2023-09-22,Delivered
503912,12122,2024-05-31,Delivered
503913,11612,2023-12-16,Delivered
503914,11878,2023-11-10,Delivered
503915,11015,2024-03-31,Delivered
503916,11871,2024-09-29,Delivered
503917,10661,2024-08-31,Delivered
503918,11122,2024-03-07,Delivered
503919,11442,2023-12-01,Delivered
503920,10657,2024-08-31,Delivered
503921,11624,2023-12-12,Delivered
503922,10415,2023-08-14,Delivered
503923,11184,2023-06-17,Delivered
503924,12673,2024-01-15,Delivered
503925,10109,2024-08-24,Delivered
503926,12338,2023-06-23,Delivered
503927,11586,2023-09-08,Delivered
503928,12184,2024-04-21,Returned
503929,10504,2024-06-01,Delivered
503930,11123,2024-08-31,Delivered
503931,10584,2023-06-15,Delivered
503932,11164,2024-06-07,Delivered
503933,13047,2024-08-08,Cancelled
503934,11637,2024-03-10,Delivered
503935,11434,2023-08-27,Delivered
503936,10157,2024-05-05,Delivered
503937,10939,2023-09-25,Delivered
503938,10574,2024-02-15,Delivered
503939,11868,2023-07-11,Cancelled
503940,12798,2024-07-30,Cancelled
503941,11757,2023-10-20,Delivered
503942,12836,2024-09-12,Delivered
503943,12961,2023-07-17,Delivered
503944,10470,2024-02-03,Delivered
503945,12713,2023-06-21,Delivered
503946,11804,2024-01-06,Delivered
503947,10339,2024-01-25,Cancelled
503948,11678,2023-06-15,Cancelled
503949,13039,2024-06-12,Delivered
503950,11321,2023-09-02,Cancelled
503951,11566,2023-12-15,Delivered
503952,11727,2024-01-09,Delivered
503953,12823,2024-05-21,Delivered
503954,10603,2024-05-30,Delivered
503955,12637,2024-04-20,Delivered
503956,12568,2024-08-08,Delivered
503957,10053,2023-10-02,Delivered
503958,12637,2023-11-13,Delivered
503959,12687,2024-03-16,Delivered
503960,11337,2024-03-22,Delivered
503961,10267,2024-07-24,Delivered
503962,11092,2023-08-11,Delivered
503963,12048,2024-07-11,Delivered
503964,10899,2023-06-29,Returned
503965,11229,2023-11-30,Delivered
503966,12947,2024-03-04,Cancelled
503967,12867,2024-04-14,Delivered
503968,12544,2023-06-08,Delivered
503969,10788,2024-04-25,Delivered
503970,11518,2023-09-16,Returned
503971,11788,2024-02-05,Delivered
503972,11348,2024-02-18,Delivered
503973,10054,2024-02-09,Delivered
503974,11017,2023-11-27,Delivered
503975,10941,2024-08-21,Delivered
503976,10382,2024-08-25,Delivered
503977,11367,2024-09-16,Delivered
503978,12478,2023-11-07,Delivered
503979,12127,2024-06-09,Delivered
503980,11270,2024-07-26,Delivered
503981,11081,2024-04-03,Cancelled
503982,12432,2024-03-21,Delivered
503983,13028,2024-08-16,Delivered
503984,12232,2024-01-25,Cancelled
503985,10596,2023-09-29,Delivered
503986,12640,2023-06-04,Delivered
503987,12585,2023-07-14,Delivered
503988,12094,2024-03-02,Cancelled
503989,10124,2024-06-22,Delivered
503990,10363,2023-09-21,Returned
503991,10588,2023-07-31,Delivered
503992,12362,2023-09-29,Delivered
503993,10103,2023-09-10,Delivered
503994,11413,2023-06-02,Cancelled
503995,12718,2024-08-04,Delivered
503996,12808,2023-08-24,Delivered
503997,12410,2023-07-11,Cancelled
503998,10217,2023-06-26,Cancelled
503999,11280,2024-03-28,Delivered
504000,10470,2023-09-14,Delivered
504001,10622,2024-06-08,Delivered
504002,12474,2024-01-04,Delivered
504003,10099,2023-12-11,Delivered
504004,10799,2023-10-23,Delivered
504005,10350,2023-06-02,Delivered
504006,11093,2024-04-16,Delivered
504007,12775,2024-02-10,Delivered
504008,11623,2023-12-09,Returned
504009,10372,2023-11-06,Delivered
504010,11703,2023-06-25,Delivered
504011,10227,2024-08-14,Delivered
504012,12574,2024-05-22,Delivered
504013,11474,2023-07-25,Delivered
504014,10364,2023-10-13,Delivered
504015,13056,2024-03-27,Delivered
504016,11367,2023-08-09,Delivered
504017,11730,2023-07-05,Delivered
504018,11793,2024-05-24,Delivered
504019,11847,2023-10-07,Delivered
504020,11522,2024-01-16,Delivered
504021,12682,2024-07-22,Delivered
504022,11173,2024-09-27,Delivered
504023,11008,2023-12-30,Delivered
504024,11494,2024-02-06,Delivered
504025,10123,2023-06-02,Cancelled
504026,11652,2023-12-22,Delivered
504027,11042,2024-01-08,Delivered
504028,12330,2024-09-20,Delivered
504029,12029,2023-06-25,Delivered
504030,12861,2024-02-27,Delivered
504031,12323,2023-11-01,Delivered
504032,10777,2024-07-19,Delivered
504033,12285,2023-09-06,Delivered
504034,10256,2024-06-23,Delivered
504035,11713,2023-09-21,Delivered
504036,10215,2023-10-18,Delivered
504037,13009,2024-06-09,Delivered
504038,12652,2023-09-26,Delivered
504039,12155,2024-06-17,Delivered
504040,12091,2023-11-23,Delivered
504041,12552,2023-06-20,Delivered
504042,12359,2024-02-27,Returned
504043,12690,2024-04-13,Delivered
504044,11483,2023-06-10,Returned
504045,10121,2024-03-31,Delivered
504046,11852,2023-06-11,Delivered
504047,11435,2023-10-23,Delivered
504048,11622,2024-09-09,Delivered
504049,11952,2023-08-21,Delivered
504050,11763,2024-05-23,Delivered
504051,11071,2023-06-05,Delivered
504052,12656,2023-06-22,Delivered
504053,10259,2023-12-01,Delivered
504054,11435,2024-08-10,Delivered
504055,10392,2024-03-30,Delivered
504056,10720,2023-09-04,Returned
504057,10431,2023-07-28,Cancelled
504058,10304,2024-02-08,Delivered
504059,10092,2024-01-19,Cancelled
504060,12887,2023-11-21,Delivered
504061,10091,2023-08-23,Delivered
504062,10241,2024-06-18,Delivered
504063,12037,2023-08-21,Delivered
504064,11167,2023-06-25,Cancelled
504065,10757,2023-08-12,Delivered
504066,11805,2023-12-10,Delivered
504067,10685,2024-01-10,Delivered
504068,11490,2024-04-11,Delivered
504069,12036,2023-11-28,Delivered
504070,10175,2023-08-02,Delivered
504071,11702,2023-06-04,Delivered
504072,12694,2024-05-25,Delivered
504073,11763,2024-03-03,Delivered
504074,12339,2023-09-13,Delivered
504075,10657,2024-02-11,Delivered
504076,12732,2024-08-25,Delivered
504077,11807,2024-06-27,Delivered
504078,10107,2024-07-18,Delivered
504079,11853,2023-07-07,Delivered
504080,11949,2024-06-30,Delivered
504081,10835,2024-02-24,Delivered
504082,10092,2024-01-03,Delivered
504083,10330,2024-01-29,Delivered
504084,10844,2024-06-09,Delivered
504085,12165,2024-02-19,Delivered
504086,13058,2024-03-24,Cancelled
504087,12857,2023-11-11,Delivered
504088,12609,2024-03-14,Delivered
504089,10768,2023-06-11,Delivered
504090,10799,2024-03-29,Delivered
504091,11326,2023-10-18,Delivered
504092,10914,2023-10-27,Delivered
504093,12393,2024-07-13,Delivered
504094,12294,2024-07-01,Delivered
504095,10896,2024-03-26,Delivered
504096,10530,2023-10-07,Delivered
504097,11552,2023-07-06,Delivered
504098,11282,2024-07-09,Delivered
504099,10650,2023-12-27,Cancelled
504100,12992,2023-07-10,Delivered
504101,10877,2023-12-01,Cancelled
504102,11154,2024-01-24,Cancelled
504103,12789,2023-12-15,Delivered
504104,11647,2023-06-03,Delivered
504105,11485,2024-07-29,Delivered
504106,10271,2024-03-08,Delivered
504107,12634,2023-06-28,Delivered
504108,10297,2023-07-12,Delivered
504109,11230,2024-09-28,Delivered
504110,12930,2024-02-28,Delivered
504111,10421,2023-07-17,Delivered
504112,12547,2024-04-10,Delivered
504113,12802,2023-12-22,Delivered
504114,10318,2024-03-22,Delivered
504115,11144,2024-03-01,Delivered
504116,11319,2024-09-04,Delivered
504117,13044,2023-12-22,Delivered
504118,12918,2024-07-08,Delivered
504119,10571,2024-08-24,Delivered
504120,10810,2023-12-08,Delivered
504121,11566,2024-07-14,Delivered
504122,11951,2024-04-13,Delivered
504123,12385,2023-09-10,Delivered
504124,11953,2023-11-25,Delivered
504125,11939,2024-08-27,Delivered
504126,11877,2024-05-03,Cancelled
504127,10248,2024-04-23,Delivered
504128,11089,2024-04-28,Delivered
504129,11138,2023-08-20,Delivered
504130,11074,2023-12-10,Returned
504131,12600,2024-01-20,Delivered
504132,11359,2024-04-11,Delivered
504133,12278,2024-04-07,Delivered
504134,11051,2023-06-25,Delivered
504135,12096,2023-08-31,Delivered
504136,12391,2024-08-09,Delivered
504137,11905,2023-10-04,Delivered
504138,13030,2024-03-24,Delivered
504139,10241,2023-06-05,Delivered
504140,12836,2023-06-11,Delivered
504141,10478,2023-10-22,Delivered
504142,10071,2023-06-11,Cancelled
504143,12383,2024-08-26,Delivered
504144,10154,2023-11-16,Delivered
504145,10688,2024-01-03,Delivered
504146,12983,2023-10-05,Returned
504147,12855,2023-10-24,Delivered
504148,11586,2023-08-11,Cancelled
504149,10841,2024-02-02,Delivered
504150,10241,2023-06-29,Cancelled
504151,11195,2023-06-09,Delivered
504152,12197,2024-09-27,Delivered
504153,11710,2023-09-23,Returned
504154,11485,2023-12-09,Delivered
504155,11809,2024-06-02,Delivered
504156,11206,2024-01-17,Delivered
504157,10254,2023-10-12,Delivered
504158,11363,2023-07-16,Delivered
504159,11215,2024-07-11,Delivered
504160,12061,2023-11-03,Delivered
504161,12585,2023-08-22,Returned
504162,12548,2023-11-26,Delivered
504163,12715,2023-06-16,Delivered
504164,12587,2023-06-01,Delivered
504165,11413,2024-01-09,Delivered
504166,10426,2024-08-23,Returned
504167,10903,2023-12-22,Delivered
504168,11295,2023-07-13,Delivered
504169,12446,2023-12-15,Cancelled
504170,12079,2023-09-20,Delivered
504171,10595,2023-06-06,Cancelled
504172,10968,2023-10-26,Delivered
504173,12694,2024-08-31,Delivered
504174,12311,2023-10-17,Delivered
504175,11212,2023-12-05,Delivered
504176,12085,2024-02-13,Delivered
504177,12164,2024-05-07,Delivered
504178,10217,2023-11-13,Delivered
504179,10880,2024-01-09,Delivered
504180,12992,2024-07-08,Delivered
504181,12215,2023-11-08,Delivered
504182,12432,2023-06-16,Cancelled
504183,12125,2024-03-20,Delivered
504184,10462,2023-10-13,Delivered
504185,11386,2023-11-14,Delivered
504186,11417,2023-12-25,Delivered
504187,11081,2024-01-09,Delivered
504188,10726,2024-05-28,Delivered
504189,11516,2024-07-15,Delivered
504190,11446,2024-02-26,Delivered
504191,10071,2024-07-22,Delivered
504192,11666,2024-01-18,Delivered
504193,10905,2024-06-09,Delivered
504194,11922,2024-08-24,Returned
504195,12568,2023-07-17,Delivered
504196,11870,2024-04-05,Cancelled
504197,12257,2023-11-15,Delivered
504198,10556,2023-06-25,Delivered
504199,12205,2023-10-30,Delivered
504200,10241,2024-09-22,Delivered
504201,11513,2024-04-19,Delivered
504202,11184,2024-04-20,Returned
504203,11233,2024-08-18,Delivered
504204,10175,2024-01-18,Delivered
504205,12091,2023-09-01,Delivered
504206,12342,2023-09-17,Delivered
504207,11458,2024-05-07,Delivered
504208,12375,2024-06-10,Delivered
504209,12215,2023-08-01,Delivered
504210,10173,2023-11-17,Delivered
504211,13030,2024-09-16,Delivered
504212,12600,2024-06-10,Delivered
504213,12431,2023-06-25,Delivered
504214,11556,2024-06-12,Delivered
504215,11990,2024-07-30,Delivered
504216,10877,2023-07-25,Delivered
504217,11622,2024-05-03,Delivered
504218,10925,2023-11-01,Delivered
504219,12285,2023-08-14,Delivered
504220,12474,2024-04-22,Cancelled
504221,10315,2024-04-25,Delivered
504222,11055,2023-06-29,Delivered
504223,12808,2023-09-11,Delivered
504224,10661,2024-08-24,Returned
504225,10649,2023-11-10,Delivered
504226,11559,2024-07-09,Returned
504227,11370,2023-06-30,Delivered
504228,12686,2023-07-08,Delivered
504229,10499,2023-08-17,Delivered
504230,12303,2024-07-28,Delivered
504231,10628,2024-01-14,Delivered
504232,11201,2023-06-08,Delivered
504233,11992,2024-07-31,Delivered
504234,12162,2024-08-31,Delivered
504235,10375,2023-12-07,Delivered
504236,12285,2024-02-10,Delivered
504237,12952,2024-01-24,Delivered
504238,10640,2023-07-07,Delivered
504239,12084,2024-02-26,Delivered
504240,11680,2023-11-15,Delivered
504241,12256,2024-05-29,Delivered
504242,11064,2023-10-18,Delivered
504243,10942,2024-03-25,Delivered
504244,12133,2023-08-25,Delivered
504245,11297,2023-11-12,Delivered
504246,12464,2023-11-29,Delivered
504247,11403,2024-05-12,Delivered
504248,10326,2024-06-10,Delivered
504249,11409,2024-06-03,Delivered
504250,10084,2024-05-05,Delivered
504251,10296,2024-05-04,Delivered
504252,11299,2023-06-11,Delivered
504253,10894,2023-06-27,Delivered
504254,12861,2024-01-17,Cancelled
504255,10593,2024-05-05,Delivered
504256,12362,2024-05-02,Delivered
504257,12231,2024-08-31,Delivered
504258,13006,2024-06-04,Delivered
504259,11145,2024-07-18,Delivered
504260,11489,2024-06-08,Delivered
504261,12497,2023-09-10,Delivered
504262,11875,2024-05-04,Delivered
504263,12507,2023-06-07,Delivered
504264,10935,2024-04-07,Delivered
504265,12508,2023-06-02,Delivered
504266,12326,2024-04-19,Delivered
504267,10350,2023-10-31,Delivered
504268,12764,2024-08-23,Delivered
504269,10256,2023-11-21,Returned
504270,12616,2023-12-19,Delivered
504271,11892,2023-10-15,Delivered
504272,10354,2023-12-29,Delivered
504273,10092,2024-01-21,Delivered
504274,11272,2024-08-20,Delivered
504275,12878,2023-12-06,Delivered
504276,12693,2024-06-25,Delivered
504277,12262,2023-12-24,Delivered
504278,12348,2023-09-05,Returned
504279,12814,2024-06-06,Delivered
504280,11194,2024-05-21,Delivered
504281,12324,2024-08-14,Delivered
504282,12814,2023-08-02,Delivered
504283,11092,2023-08-07,Delivered
504284,11221,2024-05-27,Delivered
504285,12378,2024-06-22,Delivered
504286,10187,2024-09-27,Delivered
504287,12530,2023-11-07,Delivered
504288,12020,2024-07-06,Delivered
504289,10050,2024-07-13,Returned
504290,11678,2023-09-23,Delivered
504291,10550,2024-09-06,Delivered
504292,11873,2023-09-10,Delivered
504293,11122,2024-06-17,Delivered
504294,10687,2023-06-25,Delivered
504295,12994,2024-03-02,Delivered
504296,10099,2024-09-14,Delivered
504297,10301,2023-07-13,Delivered
504298,10783,2023-11-23,Delivered
504299,11315,2023-12-13,Cancelled
504300,11034,2024-06-19,Cancelled
504301,10606,2024-01-01,Delivered
504302,10640,2023-06-24,Delivered
504303,10359,2024-05-11,Delivered
504304,10862,2023-06-13,Delivered
504305,10335,2023-09-09,Cancelled
504306,12511,2023-08-02,Delivered
504307,10339,2024-03-11,Delivered
504308,11847,2023-12-10,Delivered
504309,11128,2024-05-03,Delivered
504310,10206,2023-09-28,Delivered
504311,10216,2024-09-19,Delivered
504312,12419,2024-09-02,Delivered
504313,10855,2023-09-24,Delivered
504314,10799,2024-07-04,Delivered
504315,12233,2024-01-12,Delivered
504316,10373,2024-03-12,Delivered
504317,11714,2023-07-25,Delivered
504318,11504,2024-08-03,Delivered
504319,11743,2024-08-08,Delivered
504320,10985,2024-02-29,Delivered
504321,12360,2024-02-15,Delivered
504322,12013,2023-07-26,Delivered
504323,10698,2024-01-23,Delivered
504324,11391,2024-04-09,Delivered
504325,11499,2024-03-09,Delivered
504326,13014,2024-01-25,Delivered
504327,10794,2024-08-10,Returned
504328,12819,2024-03-06,Returned
504329,10993,2023-06-01,Returned
504330,11975,2023-12-10,Delivered
504331,11395,2023-07-04,Delivered
504332,10234,2023-11-29,Returned
504333,10100,2023-09-06,Delivered
504334,10546,2024-01-13,Cancelled
504335,10620,2023-09-10,Delivered
504336,11056,2024-05-22,Delivered
504337,12843,2023-09-06,Delivered
504338,11515,2023-06-11,Delivered
504339,11205,2024-06-01,Delivered
504340,10227,2024-03-12,Delivered
504341,10827,2023-06-26,Delivered
504342,10380,2023-09-12,Delivered
504343,10763,2023-09-02,Returned
504344,12406,2024-04-06,Delivered
504345,12568,2023-12-19,Delivered
504346,12514,2024-01-25,Cancelled
504347,11283,2024-08-31,Delivered
504348,10445,2024-02-09,Delivered
504349,10115,2024-01-20,Delivered
504350,12713,2024-08-16,Delivered
504351,10522,2024-01-22,Delivered
504352,12682,2023-09-26,Delivered
504353,10856,2024-05-29,Returned
504354,10723,2023-07-05,Delivered
504355,12357,2023-06-11,Delivered
504356,10347,2023-07-09,Cancelled
504357,12478,2023-09-22,Delivered
504358,11473,2024-06-20,Delivered
504359,10181,2024-01-28,Delivered
504360,10829,2024-03-01,Delivered
504361,11089,2023-07-07,Delivered
504362,12695,2024-04-16,Delivered
504363,12842,2024-05-16,Delivered
504364,12125,2024-03-22,Delivered
504365,10535,2024-05-06,Delivered
504366,12723,2024-03-11,Delivered
504367,11589,2024-08-17,Delivered
504368,12282,2024-05-10,Delivered
504369,12946,2023-10-27,Delivered
504370,10027,2024-02-04,Returned
504371,12188,2023-11-29,Delivered
504372,10001,2024-04-07,Delivered
504373,10093,2023-07-26,Returned
504374,10188,2024-09-10,Delivered
504375,11157,2023-09-09,Delivered
504376,13032,2024-03-22,Delivered
504377,11652,2024-09-25,Cancelled
504378,12957,2024-07-04,Delivered
504379,12112,2023-08-30,Delivered
504380,11528,2023-06-08,Returned
504381,12283,2023-11-17,Delivered
504382,12673,2023-10-05,Delivered
504383,11270,2024-05-16,Delivered
504384,11666,2024-07-08,Delivered
504385,12476,2024-07-20,Delivered
504386,12736,2024-04-14,Delivered
504387,12814,2023-06-15,Delivered
504388,12322,2024-01-10,Delivered
504389,11904,2023-10-11,Delivered
504390,12584,2024-08-20,Delivered
504391,11069,2024-02-14,Cancelled
504392,11091,2023-07-26,Delivered
504393,12093,2023-07-05,Delivered
504394,10289,2024-03-25,Delivered
504395,12946,2024-05-13,Delivered
504396,10827,2024-05-20,Delivered
504397,12375,2024-09-27,Delivered
504398,11689,2023-06-15,Delivered
504399,12321,2023-07-25,Delivered
504400,11732,2024-01-08,Delivered
504401,10873,2024-07-31,Delivered
504402,11193,2023-08-10,Delivered
504403,12995,2024-09-01,Delivered
504404,11435,2023-08-05,Delivered
504405,10054,2023-12-20,Delivered
504406,11435,2024-05-14,Delivered
504407,11206,2023-09-22,Delivered
504408,13056,2024-09-24,Cancelled
504409,10912,2024-03-10,Delivered
504410,12549,2024-06-17,Delivered
504411,11149,2024-01-09,Returned
504412,11599,2024-08-21,Delivered
504413,12777,2023-07-31,Delivered
504414,12285,2023-08-19,Delivered
504415,12776,2024-09-23,Delivered
504416,10625,2023-07-28,Returned
504417,11951,2023-06-06,Delivered
504418,11363,2024-07-15,Delivered
504419,10320,2024-01-06,Delivered
504420,12113,2023-10-27,Delivered
504421,11695,2024-03-07,Delivered
504422,10912,2023-06-12,Delivered
504423,10213,2023-10-31,Delivered
504424,10600,2024-03-04,Delivered
504425,11847,2023-08-22,Returned
504426,11276,2023-06-26,Delivered
504427,11321,2024-07-07,Delivered
504428,10153,2024-05-09,Delivered
504429,12613,2024-08-28,Delivered
504430,10874,2024-06-27,Delivered
504431,11709,2023-09-03,Delivered
504432,12778,2023-08-03,Delivered
504433,10871,2024-05-02,Delivered
504434,10953,2023-07-01,Delivered
504435,10130,2023-11-05,Delivered
504436,11913,2023-12-17,Delivered
504437,11627,2023-08-08,Delivered
504438,11926,2023-10-26,Delivered
504439,12375,2024-07-19,Delivered
504440,10687,2023-09-05,Delivered
504441,13047,2023-07-16,Delivered
504442,12852,2023-11-21,Delivered
504443,12954,2024-04-16,Delivered
504444,11297,2024-08-15,Delivered
504445,11960,2023-11-21,Delivered
504446,12184,2023-06-17,Delivered
504447,12461,2024-03-29,Delivered
504448,10130,2023-09-16,Cancelled
504449,10405,2023-10-26,Delivered
504450,10257,2024-02-26,Delivered
504451,10871,2024-03-16,Delivered
504452,11685,2024-02-04,Delivered
504453,11516,2024-05-07,Delivered
504454,10930,2023-11-04,Returned
504455,12043,2024-01-21,Returned
504456,11027,2024-01-28,Delivered
504457,10156,2024-08-31,Delivered
504458,12259,2024-09-20,Delivered
504459,12196,2024-01-07,Delivered
504460,10568,2023-09-04,Delivered
504461,11757,2024-06-13,Delivered
504462,11023,2024-09-08,Delivered
504463,12250,2023-11-03,Delivered
504464,11917,2024-09-20,Delivered
504465,10646,2024-04-05,Delivered
504466,12412,2024-02-20,Delivered
504467,11965,2023-07-24,Returned
504468,10054,2023-06-03,Delivered
504469,12487,2024-07-26,Cancelled
504470,10801,2024-05-09,Delivered
504471,11991,2024-01-09,Delivered
504472,11925,2024-09-18,Delivered
504473,11031,2024-02-15,Delivered
504474,11793,2024-03-30,Delivered
504475,11259,2024-08-03,Cancelled
504476,12794,2023-08-17,Delivered
504477,11299,2024-07-22,Delivered
504478,11805,2023-06-27,Delivered
504479,12781,2024-01-29,Delivered
504480,12359,2023-08-08,Cancelled
504481,10713,2024-07-12,Delivered
504482,12155,2024-04-13,Delivered
504483,12285,2024-01-21,Delivered
504484,12966,2023-12-02,Delivered
504485,11058,2024-02-17,Delivered
504486,10005,2024-09-28,Delivered
504487,12285,2023-12-09,Delivered
504488,11085,2023-08-09,Delivered
504489,11705,2024-05-29,Delivered
504490,10033,2024-04-27,Delivered
504491,11559,2024-02-03,Delivered
504492,11764,2023-10-28,Delivered
504493,12587,2023-06-25,Delivered
504494,10807,2024-09-08,Cancelled
504495,11133,2023-10-16,Delivered
504496,11185,2024-04-29,Delivered
504497,11306,2024-04-07,Delivered
504498,11781,2024-02-17,Delivered
504499,11275,2023-09-22,Delivered
504500,10612,2024-07-22,Delivered
504501,11467,2024-08-10,Delivered
504502,12896,2024-01-15,Delivered
504503,11564,2023-09-17,Cancelled
504504,10624,2024-09-10,Delivered
504505,12042,2024-01-30,Delivered
504506,10944,2023-08-13,Delivered
504507,11395,2023-11-28,Delivered
504508,12906,2024-03-21,Delivered
504509,11302,2024-04-30,Delivered
504510,12687,2024-06-01,Delivered
504511,10603,2023-11-08,Delivered
504512,10981,2024-04-05,Returned
504513,11218,2023-10-22,Cancelled
504514,11046,2024-07-25,Delivered
504515,10799,2024-08-15,Delivered
504516,12176,2024-03-27,Delivered
504517,12071,2023-10-30,Cancelled
504518,11813,2024-05-06,Delivered
504519,10901,2023-10-18,Delivered
504520,12467,2024-06-15,Delivered
504521,10925,2023-12-16,Delivered
504522,12109,2024-07-19,Returned
504523,11193,2024-09-08,Delivered
504524,10788,2024-04-20,Delivered
504525,10289,2023-11-12,Delivered
504526,12534,2024-09-28,Delivered
504527,12773,2024-07-12,Delivered
504528,12596,2024-09-06,Delivered
504529,10071,2024-05-25,Delivered
504530,10237,2024-03-26,Delivered
504531,12311,2023-11-20,Returned
504532,12048,2023-10-10,Delivered
504533,10511,2023-09-09,Returned
504534,10676,2023-09-20,Delivered
504535,10509,2023-06-03,Delivered
504536,10723,2024-07-20,Delivered
504537,10878,2024-06-27,Returned
504538,10539,2023-06-07,Delivered
504539,11285,2023-08-30,Returned
504540,12406,2023-08-27,Delivered
504541,11306,2024-05-09,Delivered
504542,11970,2023-07-23,Delivered
504543,10096,2023-11-11,Delivered
504544,10297,2023-06-25,Delivered
504545,11025,2024-05-11,Delivered
504546,12706,2024-01-15,Delivered
504547,11295,2023-09-12,Delivered
504548,11112,2024-04-28,Delivered
504549,10651,2024-04-20,Delivered
504550,12687,2023-08-13,Returned
504551,11489,2024-04-20,Delivered
504552,11463,2024-05-20,Delivered
504553,10535,2024-05-30,Delivered
504554,11655,2023-06-23,Delivered
504555,11320,2023-12-03,Delivered
504556,12302,2023-10-24,Delivered
504557,10473,2024-04-13,Delivered
504558,11929,2023-12-04,Delivered
504559,11868,2024-08-03,Delivered
504560,12323,2023-10-22,Delivered
504561,11975,2024-03-02,Delivered
504562,13040,2024-08-17,Delivered
504563,11165,2024-06-20,Delivered
504564,12943,2023-12-14,Delivered
504565,11618,2023-11-26,Delivered
504566,11911,2023-09-28,Delivered
504567,12763,2023-07-25,Delivered
504568,11847,2023-10-12,Delivered
504569,10915,2024-03-10,Delivered
504570,10556,2024-03-17,Delivered
504571,10322,2024-04-01,Delivered
504572,10143,2023-11-26,Delivered
504573,12498,2024-05-07,Returned
504574,12603,2024-03-14,Delivered
504575,10849,2024-05-02,Delivered
504576,12464,2024-06-26,Delivered
504577,11977,2024-04-10,Delivered
504578,12362,2023-10-01,Delivered
504579,12205,2024-07-01,Delivered
504580,12942,2023-09-07,Delivered
504581,11678,2023-11-30,Delivered
504582,11047,2024-03-10,Delivered
504583,10702,2023-12-18,Delivered
504584,11732,2023-11-03,Delivered
504585,10556,2024-05-29,Cancelled
504586,10147,2023-07-22,Delivered
504587,12489,2024-01-15,Delivered
504588,12764,2023-07-14,Delivered
504589,11739,2024-03-27,Delivered
504590,10850,2024-04-29,Delivered
504591,11841,2024-08-26,Delivered
504592,11199,2024-01-07,Delivered
504593,12536,2024-02-03,Cancelled
504594,12516,2023-08-25,Delivered
504595,12589,2023-12-19,Delivered
504596,11513,2023-11-15,Delivered
504597,11079,2023-12-25,Delivered
504598,11199,2024-02-18,Returned
504599,11549,2023-11-07,Delivered
504600,10020,2023-07-18,Delivered
504601,12654,2024-04-30,Delivered
504602,10696,2024-04-12,Returned
504603,12754,2023-09-20,Delivered
504604,11778,2023-07-31,Cancelled
504605,13058,2024-07-06,Delivered
504606,11871,2024-09-14,Cancelled
504607,11199,2023-08-29,Delivered
504608,10259,2023-10-17,Delivered
504609,10842,2023-08-22,Delivered
504610,11652,2023-12-03,Delivered
504611,12381,2024-03-11,Delivered
504612,12382,2023-06-03,Delivered
504613,12071,2024-09-28,Delivered
504614,12027,2023-12-05,Delivered
504615,10166,2024-05-27,Delivered
504616,12266,2024-04-19,Returned
504617,12810,2024-05-27,Delivered
504618,11840,2023-08-11,Delivered
504619,12276,2024-08-29,Delivered
504620,12800,2023-12-20,Delivered
504621,10818,2023-12-18,Delivered
504622,11326,2024-06-07,Delivered
504623,11132,2024-03-18,Delivered
504624,12333,2024-03-12,Delivered
504625,10099,2023-10-31,Delivered
504626,10157,2024-03-11,Cancelled
504627,12801,2023-07-29,Delivered
504628,12556,2023-11-21,Delivered
504629,11566,2024-08-23,Cancelled
504630,12406,2024-04-19,Delivered
504631,10661,2024-04-14,Delivered
504632,10332,2024-03-05,Delivered
504633,10556,2024-04-26,Delivered
504634,11863,2023-08-21,Delivered
504635,11437,2024-07-17,Delivered
504636,11295,2023-07-16,Delivered
504637,11531,2024-08-05,Delivered
504638,11601,2024-02-26,Delivered
504639,10654,2024-04-12,Returned
504640,11710,2024-07-23,Delivered
504641,11669,2023-10-26,Returned
504642,12777,2023-08-10,Delivered
504643,10955,2024-04-06,Delivered
504644,11315,2023-09-26,Delivered
504645,11499,2024-09-17,Delivered
504646,12686,2024-02-18,Returned
504647,11764,2023-07-22,Delivered
504648,11021,2023-09-26,Delivered
504649,10503,2024-04-19,Delivered
504650,11636,2024-06-22,Delivered
504651,12693,2024-03-10,Delivered
504652,10224,2024-02-15,Delivered
504653,12085,2024-06-07,Delivered
504654,11767,2024-09-03,Delivered
504655,11008,2023-08-17,Delivered
504656,11578,2024-07-10,Delivered
504657,11595,2024-06-11,Delivered
504658,10357,2024-07-01,Delivered
504659,11778,2024-04-15,Delivered
504660,10324,2024-08-20,Delivered
504661,10092,2023-06-21,Delivered
504662,12573,2023-08-17,Delivered
504663,11796,2024-01-05,Delivered
504664,12630,2023-12-22,Delivered
504665,12283,2024-02-04,Cancelled
504666,12469,2023-09-26,Delivered
504667,12740,2024-07-26,Delivered
504668,13043,2023-10-19,Delivered
504669,11346,2023-09-05,Cancelled
504670,11304,2024-04-19,Delivered
504671,11929,2024-06-12,Delivered
504672,10649,2024-02-29,Delivered
504673,12038,2024-07-01,Delivered
504674,12617,2024-03-13,Delivered
504675,11891,2024-06-25,Delivered
504676,10786,2023-09-19,Delivered
504677,12281,2024-08-31,Delivered
504678,11295,2024-08-26,Delivered
504679,10784,2024-02-25,Delivered
504680,11579,2024-01-30,Delivered
504681,12549,2024-02-08,Returned
504682,10217,2024-06-03,Delivered
504683,12850,2024-04-18,Delivered
504684,11358,2024-03-04,Delivered
504685,12068,2024-07-04,Delivered
504686,10195,2024-05-28,Delivered
504687,12910,2024-02-13,Cancelled
504688,10606,2023-10-25,Delivered
504689,11362,2024-08-12,Delivered
504690,12011,2024-01-05,Delivered
504691,12249,2023-08-31,Cancelled
504692,12819,2024-03-17,Delivered
504693,10837,2024-05-12,Delivered
504694,12426,2024-07-21,Delivered
504695,10957,2024-06-25,Delivered
504696,10499,2023-07-16,Delivered
504697,10802,2023-09-11,Cancelled
504698,10107,2023-11-04,Delivered
504699,11458,2023-10-09,Delivered
504700,10356,2023-07-11,Delivered
504701,11056,2023-11-01,Delivered
504702,12991,2024-03-31,Delivered
504703,12718,2024-08-25,Delivered
504704,12267,2024-05-25,Delivered
504705,12539,2024-05-02,Delivered
504706,11619,2024-07-10,Delivered
504707,12281,2023-12-24,Delivered
504708,10906,2024-02-26,Delivered
504709,12856,2023-09-29,Cancelled
504710,11973,2023-12-07,Delivered
504711,10304,2023-12-25,Delivered
504712,12608,2024-06-13,Delivered
504713,10027,2024-08-23,Delivered
504714,10219,2024-08-15,Delivered
504715,11666,2023-11-12,Delivered
504716,11150,2024-05-12,Delivered
504717,12137,2024-05-08,Delivered
504718,12487,2024-02-10,Delivered
504719,11359,2023-12-02,Cancelled
504720,11160,2023-11-11,Delivered
504721,12428,2024-01-16,Delivered
504722,10972,2024-08-29,Delivered
504723,10912,2024-09-26,Delivered
504724,12404,2024-02-24,Returned
504725,10991,2024-04-19,Returned
504726,11338,2024-08-31,Delivered
504727,12601,2024-05-12,Delivered
504728,12555,2024-02-07,Delivered
504729,10396,2024-06-29,Delivered
504730,11538,2023-08-21,Delivered
504731,12195,2023-09-15,Delivered
504732,11727,2024-02-04,Delivered
504733,10386,2024-03-06,Returned
504734,10618,2024-09-24,Cancelled
504735,10261,2023-10-26,Delivered
504736,10676,2024-01-31,Delivered
504737,12732,2023-12-30,Delivered
504738,11704,2023-08-10,Delivered
504739,12927,2023-12-14,Delivered
504740,12608,2024-07-11,Delivered
504741,11873,2023-08-29,Delivered
504742,10404,2023-08-30,Delivered
504743,11388,2024-02-03,Delivered
504744,10316,2024-07-20,Delivered
504745,12380,2024-03-30,Delivered
504746,10794,2023-10-19,Delivered
504747,10275,2024-09-18,Delivered
504748,12939,2023-12-06,Returned
504749,12640,2023-09-16,Cancelled
504750,12286,2023-10-28,Delivered
504751,12605,2024-07-14,Delivered
504752,11064,2024-04-07,Delivered
504753,12233,2024-04-02,Delivered
504754,11924,2024-04-26,Cancelled
504755,12757,2024-04-24,Delivered
504756,10257,2023-11-16,Returned
504757,11651,2024-07-20,Delivered
504758,10665,2024-04-20,Delivered
504759,11471,2024-07-28,Delivered
504760,10420,2023-11-09,Returned
504761,12474,2023-07-26,Returned
504762,11873,2023-07-06,Returned
504763,12120,2024-01-21,Delivered
504764,11806,2023-08-23,Delivered
504765,12605,2024-06-15,Delivered
504766,12241,2023-08-20,Delivered
504767,10419,2024-07-28,Delivered
504768,11379,2024-09-09,Delivered
504769,12552,2024-01-14,Delivered
504770,12113,2023-11-24,Delivered
504771,11668,2023-09-25,Delivered
504772,12967,2023-11-16,Delivered
504773,12975,2023-09-02,Delivered
504774,10012,2023-07-01,Delivered
504775,10011,2024-04-26,Delivered
504776,11291,2023-09-25,Delivered
504777,12553,2024-08-23,Delivered
504778,11954,2023-08-20,Delivered
504779,11237,2023-09-20,Delivered
504780,10570,2024-08-05,Returned
504781,11384,2023-06-29,Delivered
504782,11614,2024-09-29,Delivered
504783,12407,2023-12-02,Delivered
504784,12212,2024-09-11,Delivered
504785,11162,2024-09-15,Returned
504786,11582,2024-09-02,Delivered
504787,12273,2024-04-04,Delivered
504788,12302,2023-10-18,Delivered
504789,11162,2024-06-19,Delivered
504790,11071,2024-01-24,Delivered
504791,12815,2023-12-16,Delivered
504792,10384,2024-08-11,Delivered
504793,12432,2024-05-09,Delivered
504794,11763,2023-06-15,Delivered
504795,12230,2023-06-06,Returned
504796,10655,2024-04-23,Delivered
504797,12913,2023-09-20,Delivered
504798,10680,2023-11-30,Delivered
504799,12507,2023-11-02,Delivered
504800,10547,2024-04-06,Delivered
504801,12382,2023-12-19,Delivered
504802,12961,2024-03-02,Delivered
504803,12302,2024-09-23,Cancelled
504804,11184,2023-06-26,Returned
504805,10534,2023-10-05,Delivered
504806,11678,2024-01-20,Delivered
504807,11284,2024-03-11,Delivered
504808,11579,2023-07-02,Delivered
504809,11236,2023-09-01,Delivered
504810,12285,2024-08-30,Delivered
504811,11087,2023-11-27,Delivered
504812,12420,2023-12-11,Delivered
504813,12195,2023-07-28,Returned
504814,10749,2023-08-17,Delivered
504815,12671,2024-05-23,Delivered
504816,11826,2023-09-04,Delivered
504817,11666,2023-08-02,Delivered
504818,10276,2024-07-28,Delivered
504819,10182,2023-12-31,Delivered
504820,12427,2024-05-17,Delivered
504821,10874,2023-11-11,Delivered
504822,11805,2023-09-27,Delivered
504823,11531,2023-08-28,Delivered
504824,11514,2024-06-22,Delivered
504825,12742,2024-04-24,Delivered
504826,10010,2024-01-26,Delivered
504827,11524,2023-09-19,Returned
504828,11674,2024-09-23,Cancelled
504829,12243,2023-06-01,Returned
504830,10512,2023-06-27,Delivered
504831,10609,2023-06-20,Delivered
504832,10027,2024-06-02,Delivered
504833,12103,2023-08-01,Delivered
504834,10795,2023-11-11,Delivered
504835,12000,2024-06-24,Delivered
504836,11930,2024-05-21,Delivered
504837,12202,2023-11-01,Delivered
504838,10445,2024-01-14,Cancelled
504839,11193,2023-07-29,Delivered
504840,11942,2023-07-04,Returned
504841,12804,2023-06-22,Delivered
504842,12952,2024-04-25,Returned
504843,11975,2024-02-05,Delivered
504844,10618,2023-12-20,Delivered
504845,10025,2024-03-20,Delivered
504846,12490,2024-03-23,Returned
504847,10744,2024-09-29,Delivered
504848,10664,2023-10-05,Delivered
504849,11442,2024-06-17,Delivered
504850,10716,2024-03-23,Delivered
504851,12649,2023-09-04,Delivered
504852,12386,2024-01-30,Delivered
504853,13001,2024-06-23,Delivered
504854,10473,2024-02-02,Delivered
504855,12138,2024-05-17,Delivered
504856,12336,2024-04-10,Delivered
504857,11489,2024-04-26,Delivered
504858,11434,2024-08-18,Delivered
504859,10481,2024-01-30,Delivered
504860,12807,2024-09-17,Delivered
504861,11202,2024-02-07,Delivered
504862,11914,2023-11-02,Delivered
504863,11122,2023-07-05,Delivered
504864,10086,2024-04-18,Delivered
504865,12816,2024-09-30,Delivered
504866,10099,2024-02-03,Delivered
504867,11228,2023-11-30,Returned
504868,11319,2023-06-13,Delivered
504869,11622,2023-09-15,Delivered
504870,10698,2023-07-29,Delivered
504871,11550,2024-07-24,Delivered
504872,11280,2024-04-04,Cancelled
504873,11636,2023-06-17,Delivered
504874,11185,2024-08-22,Delivered
504875,10413,2023-08-30,Delivered
504876,10214,2023-12-23,Delivered
504877,11853,2023-08-13,Delivered
504878,11102,2024-01-14,Delivered
504879,10993,2024-08-20,Cancelled
504880,11036,2023-07-09,Cancelled
504881,11085,2023-07-11,Delivered
504882,10411,2023-08-24,Delivered
504883,12125,2023-08-08,Delivered
504884,11372,2024-05-24,Delivered
504885,12836,2024-02-24,Returned
504886,10029,2023-12-15,Delivered
504887,10831,2024-06-07,Cancelled
504888,11460,2024-07-29,Delivered
504889,12810,2024-06-12,Delivered
504890,12105,2024-06-24,Delivered
504891,11213,2024-07-07,Delivered
504892,12870,2023-06-08,Delivered
504893,11637,2024-01-26,Delivered
504894,11703,2023-06-12,Delivered
504895,11239,2024-03-30,Delivered
504896,10563,2024-06-15,Delivered
504897,12764,2024-09-20,Delivered
504898,11196,2024-03-25,Delivered
504899,12772,2024-02-21,Delivered
504900,12608,2024-01-17,Delivered
504901,11569,2023-09-15,Delivered
504902,13043,2024-03-31,Returned
504903,12419,2023-10-16,Delivered
504904,12633,2023-06-06,Returned
504905,11194,2023-10-31,Delivered
504906,12812,2024-08-19,Delivered
504907,11071,2024-04-03,Delivered
504908,12095,2023-12-29,Delivered
504909,11878,2023-06-08,Delivered
504910,12231,2023-07-19,Delivered
504911,12744,2023-09-26,Delivered
504912,12827,2024-08-13,Cancelled
504913,10328,2023-10-03,Delivered
504914,10091,2023-07-23,Delivered
504915,12234,2024-06-27,Delivered
504916,10974,2023-07-24,Delivered
504917,11699,2023-07-06,Delivered
504918,11952,2024-03-17,Delivered
504919,10696,2024-02-02,Cancelled
504920,12382,2024-01-27,Delivered
504921,12369,2024-05-19,Delivered
504922,11997,2023-11-10,Delivered
504923,11532,2023-11-01,Returned
504924,11186,2023-07-15,Returned
504925,11442,2023-08-11,Delivered
504926,11089,2024-03-12,Delivered
504927,11117,2024-08-22,Delivered
504928,11709,2023-07-08,Delivered
504929,10099,2024-02-14,Delivered
504930,12897,2024-09-14,Delivered
504931,11470,2023-10-06,Delivered
504932,11960,2024-09-07,Delivered
504933,11930,2024-05-30,Delivered
504934,11947,2023-08-15,Delivered
504935,11388,2023-10-30,Delivered
504936,10526,2023-09-27,Delivered
504937,10866,2024-02-22,Delivered
504938,12927,2024-05-24,Delivered
504939,12197,2024-04-30,Delivered
504940,10930,2024-06-03,Returned
504941,12164,2024-07-15,Delivered
504942,12805,2024-08-18,Returned
504943,11352,2024-02-21,Delivered
504944,11532,2023-10-01,Delivered
504945,11724,2024-02-18,Returned
504946,12171,2023-10-07,Delivered
504947,12069,2023-06-12,Delivered
504948,11907,2023-10-30,Delivered
504949,11532,2023-11-24,Delivered
504950,12151,2023-08-16,Delivered
504951,12961,2024-05-26,Delivered
504952,12361,2023-11-23,Delivered
504953,10892,2024-05-03,Delivered
504954,10364,2024-03-08,Delivered
504955,12671,2023-11-13,Delivered
504956,12362,2024-09-28,Delivered
504957,12256,2023-08-27,Delivered
504958,10311,2023-11-09,Delivered
504959,12648,2024-05-30,Delivered
504960,10996,2024-07-27,Delivered
504961,11850,2024-05-06,Delivered
504962,12573,2023-07-14,Delivered
504963,12836,2023-09-30,Delivered
504964,10406,2024-03-12,Returned
504965,11461,2024-05-05,Delivered
504966,11307,2024-08-17,Delivered
504967,10931,2024-09-10,Delivered
504968,12035,2024-07-28,Delivered
504969,11071,2023-11-03,Delivered
504970,13019,2024-07-21,Cancelled
504971,12265,2023-10-14,Returned
504972,11260,2023-11-20,Delivered
504973,12218,2024-03-31,Delivered
504974,10354,2023-06-02,Delivered
504975,11056,2024-08-09,Delivered
504976,10068,2023-09-03,Delivered
504977,12493,2024-08-10,Delivered
504978,10880,2023-10-31,Delivered
504979,12188,2023-12-06,Delivered
504980,12279,2023-07-05,Delivered
504981,11299,2024-02-23,Delivered
504982,10719,2024-01-25,Delivered
504983,10745,2023-12-10,Delivered
504984,11415,2023-10-16,Returned
504985,12209,2023-12-07,Delivered
504986,10081,2023-08-11,Delivered
504987,11858,2023-08-11,Delivered
504988,12878,2024-01-21,Delivered
504989,10687,2024-06-25,Returned
504990,10635,2024-05-06,Delivered
504991,10877,2024-09-13,Delivered
504992,10843,2023-12-22,Delivered
504993,11910,2024-07-14,Delivered
504994,12497,2023-09-25,Delivered
504995,12056,2024-06-04,Delivered
504996,10531,2023-10-28,Delivered
504997,11983,2023-06-16,Delivered
504998,10034,2023-08-05,Delivered
504999,11299,2023-06-06,Delivered
505000,12640,2023-12-04,Delivered
505001,10783,2024-06-19,Delivered
505002,11074,2023-12-19,Delivered
505003,12285,2023-08-09,Delivered
505004,11868,2024-04-22,Delivered
505005,11678,2023-08-28,Delivered
505006,12877,2023-09-30,Delivered
505007,10904,2023-06-05,Delivered
505008,10913,2023-08-16,Delivered
505009,12926,2024-04-07,Cancelled
505010,11753,2023-12-06,Delivered
505011,11275,2023-11-11,Cancelled
505012,10571,2023-06-29,Delivered
505013,11592,2024-07-19,Delivered
505014,11069,2023-08-15,Delivered
505015,12871,2023-07-17,Delivered
505016,12660,2023-12-03,Delivered
505017,11174,2024-09-19,Delivered
505018,11159,2023-08-03,Delivered
505019,10070,2024-05-23,Delivered
505020,12836,2024-01-23,Cancelled
505021,11297,2024-05-04,Delivered
505022,10505,2023-08-06,Delivered
505023,10642,2023-09-13,Delivered
505024,12474,2024-01-09,Delivered
505025,12693,2024-07-03,Delivered
505026,12870,2023-09-18,Returned
505027,12381,2023-06-22,Delivered
505028,12312,2024-09-12,Delivered
505029,10375,2023-10-20,Delivered
505030,12394,2024-02-13,Delivered
505031,12945,2023-06-25,Delivered
505032,11960,2024-09-15,Delivered
505033,11878,2024-09-09,Delivered
505034,11196,2024-08-20,Delivered
505035,11739,2023-07-25,Delivered
505036,10215,2023-09-10,Delivered
505037,12313,2023-10-14,Delivered
505038,12857,2023-07-12,Delivered
505039,10760,2024-01-12,Cancelled
505040,11632,2023-12-11,Delivered
505041,11214,2023-09-14,Delivered
505042,11951,2024-01-16,Delivered
505043,10602,2023-10-19,Delivered
505044,10556,2023-08-26,Cancelled
505045,12438,2023-10-29,Delivered
505046,12265,2023-10-19,Delivered
505047,12162,2023-08-03,Delivered
505048,11655,2024-08-12,Delivered
505049,12328,2023-09-12,Returned
505050,11218,2024-01-21,Delivered
505051,12184,2024-08-09,Delivered
505052,10853,2024-07-13,Delivered
505053,12016,2023-12-09,Delivered
505054,12519,2024-05-24,Delivered
505055,10633,2023-10-06,Delivered
505056,11002,2023-09-20,Delivered
505057,10847,2024-03-06,Delivered
505058,12095,2023-06-08,Delivered
505059,11368,2024-06-23,Delivered
505060,12165,2024-01-07,Delivered
505061,11905,2023-06-10,Delivered
505062,12905,2023-11-17,Delivered
505063,12126,2024-03-26,Delivered
505064,11663,2024-05-14,Delivered
505065,10188,2023-11-17,Delivered
505066,12048,2024-06-06,Delivered
505067,10096,2024-08-16,Delivered
505068,12476,2024-09-04,Delivered
505069,12162,2023-09-08,Delivered
505070,11291,2024-08-25,Delivered
505071,10254,2024-07-06,Delivered
505072,13056,2023-12-30,Delivered
505073,10616,2024-04-30,Cancelled
505074,12550,2024-04-05,Delivered
505075,12653,2024-07-21,Delivered
505076,12592,2024-02-08,Delivered
505077,11158,2024-08-13,Delivered
505078,10999,2024-07-01,Cancelled
505079,12526,2023-08-18,Delivered
505080,10735,2024-09-02,Returned
505081,12967,2024-06-23,Cancelled
505082,10373,2024-06-21,Delivered
505083,11614,2024-03-20,Delivered
505084,12906,2024-05-22,Returned
505085,10241,2024-07-03,Delivered
505086,11156,2023-09-04,Delivered
505087,10335,2024-07-02,Delivered
505088,11270,2024-08-16,Delivered
505089,10262,2024-02-24,Delivered
505090,11569,2024-06-09,Delivered
505091,10295,2024-01-04,Delivered
505092,12795,2024-03-27,Delivered
505093,12336,2024-07-11,Cancelled
505094,10554,2024-02-02,Delivered
505095,11415,2024-02-08,Delivered
505096,11306,2024-01-25,Delivered
505097,11525,2023-08-01,Delivered
505098,12294,2024-07-31,Delivered
505099,12694,2024-02-23,Delivered
505100,12223,2023-09-02,Delivered
505101,10159,2023-07-11,Delivered
505102,10996,2024-08-12,Delivered
505103,12004,2023-11-23,Returned
505104,11307,2024-05-28,Delivered
505105,12175,2024-08-08,Returned
505106,12380,2024-04-17,Delivered
505107,12385,2023-08-01,Delivered
505108,11321,2023-07-26,Delivered
505109,12104,2024-04-12,Delivered
505110,12797,2024-05-29,Delivered
505111,11150,2024-01-11,Delivered
505112,11002,2024-05-22,Delivered
505113,10326,2024-05-28,Cancelled
505114,10882,2024-06-03,Returned
505115,10486,2023-09-04,Delivered
505116,11108,2023-06-26,Delivered
505117,11702,2024-08-08,Returned
505118,12038,2023-09-17,Delivered
505119,12721,2024-03-30,Delivered
505120,13035,2023-11-07,Delivered
505121,10973,2023-10-26,Delivered
505122,12393,2023-06-28,Returned
505123,10559,2024-09-05,Delivered
505124,10994,2023-08-19,Delivered
505125,12128,2024-09-29,Delivered
505126,12552,2023-07-27,Delivered
505127,12245,2023-10-05,Delivered
505128,12389,2024-03-02,Delivered
505129,10583,2024-05-20,Delivered
505130,12184,2024-05-06,Delivered
505131,11797,2024-06-02,Delivered
505132,10069,2024-01-23,Delivered
505133,11702,2024-08-21,Cancelled
505134,10646,2023-09-06,Delivered
505135,10213,2024-06-14,Delivered
505136,11404,2023-12-24,Delivered
505137,12342,2024-06-04,Delivered
505138,11235,2024-05-13,Delivered
505139,12863,2024-07-06,Delivered
505140,12403,2024-02-27,Delivered
505141,11956,2024-08-08,Delivered
505142,11919,2023-08-02,Returned
505143,12040,2023-11-23,Delivered
505144,11047,2024-08-14,Delivered
505145,12196,2024-06-10,Delivered
505146,10822,2023-07-05,Delivered
505147,11442,2024-08-25,Delivered
505148,12545,2024-03-25,Cancelled
505149,11362,2024-09-07,Delivered
505150,10179,2024-06-11,Delivered
505151,10568,2023-07-18,Delivered
505152,12656,2024-04-19,Delivered
505153,11986,2023-08-28,Delivered
505154,11459,2023-10-04,Delivered
505155,12637,2024-08-23,Delivered
505156,10649,2024-04-06,Delivered
505157,10166,2024-04-03,Delivered
505158,10469,2023-07-06,Delivered
505159,12102,2024-04-02,Delivered
505160,10732,2023-10-07,Delivered
505161,10939,2023-12-10,Delivered
505162,10520,2023-08-01,Delivered
505163,11516,2024-05-16,Delivered
505164,12349,2024-01-26,Delivered
505165,11651,2024-08-28,Delivered
505166,12476,2023-07-04,Delivered
505167,12302,2023-11-04,Delivered
505168,10835,2023-08-07,Delivered
505169,12715,2023-08-01,Delivered
505170,12824,2024-07-15,Cancelled
505171,10447,2024-03-02,Delivered
505172,10042,2023-09-01,Returned
505173,10982,2024-08-29,Delivered
505174,12873,2023-07-14,Delivered
505175,12581,2024-01-12,Delivered
505176,12165,2024-02-04,Delivered
505177,12888,2023-09-09,Delivered
505178,11784,2023-09-24,Delivered
505179,12935,2024-01-03,Delivered
505180,12333,2024-08-24,Delivered
505181,10043,2024-09-30,Delivered
505182,10676,2023-08-21,Delivered
505183,11830,2024-07-12,Delivered
505184,10033,2024-05-14,Delivered
505185,10166,2024-09-04,Delivered
505186,12584,2024-01-08,Delivered
505187,11878,2024-01-20,Delivered
505188,13007,2023-12-25,Delivered
505189,10658,2024-05-23,Returned
505190,10262,2024-01-01,Delivered
505191,12085,2024-06-18,Delivered
505192,11196,2024-02-18,Delivered
505193,12870,2024-04-19,Cancelled
505194,10005,2024-03-19,Delivered
505195,12267,2024-09-09,Delivered
505196,11368,2023-10-12,Delivered
505197,10743,2023-09-06,Returned
505198,10403,2024-03-21,Delivered
505199,10460,2023-12-02,Delivered
505200,10196,2023-11-05,Delivered
505201,10680,2024-04-02,Cancelled
505202,11421,2023-08-18,Delivered
505203,11878,2023-10-07,Cancelled
505204,12478,2024-03-05,Delivered
505205,11128,2024-01-26,Delivered
505206,11566,2024-09-28,Cancelled
505207,11315,2024-03-06,Delivered
505208,12768,2024-08-13,Cancelled
505209,11715,2024-01-26,Delivered
505210,11846,2023-11-20,Delivered
505211,11202,2023-11-18,Delivered
505212,12693,2023-11-05,Delivered
505213,11401,2024-07-04,Delivered
505214,12360,2023-12-13,Returned
505215,10422,2023-09-21,Delivered
505216,12716,2024-03-03,Delivered
505217,10347,2023-12-05,Delivered
505218,11128,2024-01-02,Delivered
505219,11226,2023-06-28,Delivered
505220,12351,2023-07-02,Delivered
505221,11634,2023-08-22,Delivered
505222,12754,2023-11-03,Delivered
505223,12514,2024-05-03,Delivered
505224,12188,2023-06-15,Delivered
505225,11036,2023-08-14,Delivered
505226,10955,2024-04-03,Delivered
505227,10694,2024-02-15,Delivered
505228,11569,2024-09-30,Delivered
505229,10127,2024-03-16,Delivered
505230,12171,2023-08-07,Delivered
505231,10470,2024-08-07,Returned
505232,10905,2024-03-07,Delivered
505233,11513,2024-01-24,Delivered
505234,11017,2024-03-29,Delivered
505235,11317,2024-06-15,Returned
505236,12616,2023-10-07,Delivered
505237,11489,2024-07-31,Delivered
505238,11788,2024-09-21,Delivered
505239,12380,2024-08-19,Delivered
505240,10349,2023-12-19,Delivered
505241,12296,2023-08-07,Delivered
505242,11977,2023-06-09,Cancelled
505243,10426,2023-11-15,Delivered
505244,12129,2024-02-22,Returned
505245,11395,2024-03-05,Returned
505246,10955,2024-08-21,Delivered
505247,10339,2023-12-10,Delivered
505248,12035,2023-07-05,Delivered
505249,10720,2024-04-29,Delivered
505250,12420,2023-11-01,Delivered
505251,12819,2023-08-22,Delivered
505252,12121,2024-02-29,Delivered
505253,11014,2024-05-23,Cancelled
505254,10991,2023-09-17,Delivered
505255,10512,2024-09-30,Delivered
505256,11607,2023-08-03,Cancelled
505257,11834,2024-05-16,Delivered
505258,12362,2024-03-05,Delivered
505259,10662,2023-09-26,Delivered
505260,11320,2023-06-24,Delivered
505261,12930,2023-12-10,Delivered
505262,10331,2023-11-05,Delivered
505263,10934,2024-04-14,Delivered
505264,10905,2024-02-03,Delivered
505265,11910,2023-09-06,Returned
505266,12555,2023-08-10,Delivered
505267,12453,2023-09-04,Delivered
505268,11160,2024-04-08,Delivered
505269,11489,2023-09-10,Delivered
505270,11533,2024-01-07,Delivered
505271,11021,2024-08-09,Returned
505272,12923,2024-01-21,Delivered
505273,11898,2024-01-06,Returned
505274,11813,2024-05-24,Delivered
505275,10580,2023-08-25,Delivered
505276,11601,2024-07-29,Delivered
505277,11635,2024-06-06,Delivered
505278,12952,2024-03-25,Delivered
505279,13039,2023-06-30,Delivered
505280,12616,2024-09-10,Delivered
505281,12076,2023-09-01,Delivered
505282,10530,2024-08-08,Delivered
505283,11878,2024-05-31,Delivered
505284,10326,2024-02-22,Delivered
505285,10400,2023-09-22,Delivered
505286,11675,2024-05-16,Delivered
505287,12081,2023-07-03,Delivered
505288,11407,2024-07-23,Cancelled
505289,11004,2024-03-30,Cancelled
505290,12280,2024-04-25,Delivered
505291,12597,2023-12-31,Delivered
505292,10129,2023-07-07,Delivered
505293,12953,2024-04-25,Delivered
505294,12124,2024-03-24,Delivered
505295,12173,2023-09-16,Delivered
505296,12823,2024-04-18,Delivered
505297,13001,2024-04-17,Delivered
505298,10096,2024-02-17,Delivered
505299,10661,2024-07-19,Delivered
505300,12640,2023-08-15,Delivered
505301,11515,2023-10-08,Delivered
505302,11372,2024-01-10,Delivered
505303,11182,2023-10-16,Delivered
505304,11000,2024-08-10,Delivered
505305,13047,2023-09-10,Cancelled
505306,10010,2023-11-27,Delivered
505307,10154,2024-02-27,Delivered
505308,10907,2024-09-27,Returned
505309,10676,2024-09-15,Delivered
505310,12003,2024-06-29,Delivered
505311,10743,2023-08-08,Cancelled
505312,11008,2023-10-05,Delivered
505313,11905,2024-04-15,Delivered
505314,12125,2023-10-25,Delivered
505315,11805,2024-02-03,Returned
505316,12294,2024-05-31,Delivered
505317,12283,2024-05-29,Delivered
505318,12378,2024-02-24,Delivered
505319,12514,2023-06-16,Delivered
505320,10583,2023-07-23,Returned
505321,12704,2023-07-20,Delivered
505322,10405,2024-05-29,Delivered
505323,13029,2024-05-23,Delivered
505324,11805,2024-06-11,Delivered
505325,12259,2024-02-15,Delivered
505326,10342,2023-08-24,Delivered
505327,12098,2024-03-18,Delivered
505328,12989,2024-03-04,Delivered
505329,12550,2023-12-24,Delivered
505330,10783,2024-02-29,Delivered
505331,13017,2023-11-16,Delivered
505332,10171,2023-12-25,Delivered
505333,12931,2024-05-13,Delivered
505334,11492,2024-06-17,Delivered
505335,10322,2023-07-04,Delivered
505336,11332,2024-02-11,Delivered
505337,11878,2024-04-23,Cancelled
505338,11955,2024-05-18,Cancelled
505339,10863,2024-05-06,Delivered
505340,11638,2023-06-23,Cancelled
505341,10773,2023-09-27,Delivered
505342,11709,2024-03-15,Delivered
505343,12366,2024-08-03,Returned
505344,13003,2023-08-20,Delivered
505345,12982,2024-01-06,Delivered
505346,10391,2023-09-12,Delivered
505347,11173,2024-01-02,Delivered
505348,10470,2023-09-11,Delivered
505349,10858,2023-12-30,Delivered
505350,10176,2024-06-23,Delivered
505351,10719,2024-08-29,Delivered
505352,10077,2024-02-17,Delivered
505353,12120,2023-06-12,Delivered
505354,10320,2023-06-02,Delivered
505355,10912,2023-12-08,Delivered
505356,11235,2024-07-17,Delivered
505357,12184,2023-12-24,Delivered
505358,12249,2023-06-14,Returned
505359,10289,2023-12-18,Delivered
505360,10925,2024-06-16,Returned
505361,11446,2024-03-14,Delivered
505362,12814,2024-05-13,Cancelled
505363,10045,2023-09-12,Delivered
505364,12510,2023-12-01,Delivered
505365,11709,2023-11-27,Delivered
505366,11071,2024-05-31,Delivered
505367,11500,2024-07-27,Delivered
505368,10215,2023-12-25,Delivered
505369,10132,2024-04-26,Delivered
505370,11068,2024-09-26,Returned
505371,10092,2024-06-14,Delivered
505372,12814,2023-10-11,Delivered
505373,12202,2023-08-24,Delivered
505374,11350,2024-04-11,Delivered
505375,11240,2023-07-14,Delivered
505376,13014,2023-12-09,Delivered
505377,11762,2023-09-24,Cancelled
505378,12967,2023-08-27,Delivered
505379,12096,2023-10-31,Delivered
505380,12757,2024-02-14,Delivered
505381,12609,2023-09-16,Delivered
505382,10578,2023-06-25,Delivered
505383,10072,2024-09-25,Returned
505384,11624,2024-06-29,Returned
505385,11518,2024-09-23,Delivered
505386,12139,2023-08-18,Delivered
505387,12690,2023-09-07,Delivered
505388,10863,2024-01-25,Delivered
505389,10361,2024-08-20,Delivered
505390,11977,2023-06-23,Delivered
505391,10297,2023-07-24,Returned
505392,10048,2023-06-20,Delivered
505393,10182,2024-06-30,Delivered
505394,12451,2024-08-17,Delivered
505395,12327,2024-09-08,Delivered
505396,10383,2024-04-29,Delivered
505397,10241,2024-01-20,Delivered
505398,10893,2023-11-24,Delivered
505399,10698,2024-06-29,Delivered
505400,11770,2023-10-09,Delivered
505401,12056,2023-10-23,Delivered
505402,11879,2023-08-08,Delivered
505403,12825,2024-02-26,Delivered
505404,12152,2023-06-01,Returned
505405,12161,2024-08-10,Delivered
505406,10544,2024-05-06,Cancelled
505407,10611,2024-08-21,Cancelled
505408,11237,2023-10-15,Delivered
505409,10424,2023-06-11,Delivered
505410,12879,2023-08-24,Delivered
505411,12048,2024-07-23,Delivered
505412,10350,2023-07-05,Delivered
505413,11923,2024-03-02,Delivered
505414,10570,2023-10-08,Delivered
505415,10571,2024-01-05,Delivered
505416,10350,2024-06-26,Delivered
505417,11299,2024-04-07,Returned
505418,10302,2024-01-19,Delivered
505419,11532,2024-03-26,Delivered
505420,12545,2024-09-06,Cancelled
505421,11935,2024-01-10,Returned
505422,12419,2024-08-26,Delivered
505423,12435,2023-08-25,Delivered
505424,11746,2024-03-27,Delivered
505425,12010,2023-10-26,Delivered
505426,10474,2024-09-04,Delivered
505427,11395,2024-02-20,Cancelled
505428,11069,2024-01-03,Delivered
505429,12999,2023-07-10,Delivered
505430,11516,2023-07-08,Delivered
505431,11633,2023-06-26,Delivered
505432,11404,2024-04-30,Delivered
505433,11689,2024-04-11,Delivered
505434,10432,2023-07-27,Returned
505435,10765,2024-04-16,Delivered
505436,12545,2023-11-28,Delivered
505437,12831,2023-12-16,Cancelled
505438,11942,2024-04-25,Delivered
505439,11906,2024-03-16,Delivered
505440,10862,2024-06-18,Delivered
505441,12787,2024-09-19,Cancelled
505442,11699,2024-08-15,Delivered
505443,10524,2023-11-14,Delivered
505444,11579,2023-09-13,Cancelled
505445,10330,2024-02-07,Delivered
505446,10832,2023-08-12,Delivered
505447,10374,2024-05-04,Delivered
505448,11955,2024-01-07,Delivered
505449,11681,2023-10-27,Cancelled
505450,10071,2024-04-08,Delivered
505451,10217,2023-11-14,Delivered
505452,12259,2024-03-10,Delivered
505453,10561,2024-08-10,Delivered
505454,11578,2023-07-04,Delivered
505455,12176,2024-07-30,Cancelled
505456,12545,2024-08-07,Delivered
505457,12806,2023-10-13,Delivered
505458,10575,2023-08-31,Delivered
505459,13014,2024-01-22,Delivered
505460,12993,2024-09-30,Delivered
505461,10994,2023-07-12,Delivered
505462,10074,2024-02-02,Delivered
505463,12649,2024-05-15,Returned
505464,12913,2024-05-06,Cancelled
505465,12905,2023-09-20,Delivered
505466,10772,2024-08-03,Delivered
505467,10375,2024-06-18,Returned
505468,11079,2023-06-17,Delivered
505469,10627,2023-11-30,Delivered
505470,10910,2024-01-18,Delivered
505471,12244,2024-01-25,Delivered
505472,10566,2023-06-18,Delivered
505473,11467,2023-07-01,Delivered
505474,12830,2024-04-19,Delivered
505475,13047,2023-08-07,Delivered
505476,12634,2023-10-03,Delivered
505477,11233,2023-11-12,Returned
505478,10419,2023-11-16,Delivered
505479,10112,2024-03-07,Delivered
505480,10367,2024-03-04,Delivered
505481,10526,2024-04-10,Delivered
505482,12795,2024-04-05,Delivered
505483,11990,2023-09-20,Cancelled
505484,13039,2023-09-27,Delivered
505485,10712,2024-04-12,Delivered
505486,11360,2024-01-14,Delivered
505487,11700,2024-08-15,Delivered
505488,11233,2024-01-27,Delivered
505489,12947,2024-02-12,Delivered
505490,11936,2023-12-03,Delivered
505491,10721,2024-04-06,Delivered
505492,12278,2024-03-05,Delivered
505493,12545,2023-11-17,Cancelled
505494,10428,2024-02-15,Delivered
505495,11001,2024-07-08,Delivered
505496,12333,2023-09-08,Delivered
505497,13054,2024-03-15,Delivered
505498,10954,2023-10-05,Delivered
505499,12736,2023-08-01,Delivered
505500,11656,2024-02-25,Delivered
505501,11162,2024-06-14,Cancelled
505502,13016,2024-02-20,Delivered
505503,12943,2024-06-30,Delivered
505504,10086,2024-03-29,Delivered
505505,12887,2024-09-07,Delivered
505506,11657,2023-10-27,Delivered
505507,10270,2024-07-17,Delivered
505508,12967,2023-12-20,Delivered
505509,11471,2024-03-11,Cancelled
505510,12443,2024-05-19,Delivered
505511,11763,2024-03-24,Delivered
505512,10096,2024-03-14,Delivered
505513,11206,2024-03-19,Delivered
505514,12587,2023-07-21,Delivered
505515,10982,2023-11-28,Delivered
505516,12233,2023-10-16,Delivered
505517,12927,2023-10-20,Delivered
505518,12360,2023-12-04,Delivered
505519,12204,2023-12-25,Delivered
505520,12371,2023-12-23,Cancelled
505521,10886,2023-07-02,Cancelled
505522,11785,2023-12-13,Delivered
505523,12694,2024-08-02,Delivered
505524,11260,2023-09-15,Delivered
505525,12403,2024-01-27,Delivered
505526,11856,2024-06-09,Delivered
505527,11060,2024-06-11,Delivered
505528,11726,2023-12-21,Delivered
505529,10850,2024-02-15,Delivered
505530,10903,2024-04-26,Delivered
505531,11036,2023-08-23,Delivered
505532,11538,2024-05-24,Delivered
505533,11279,2024-07-14,Delivered
505534,12065,2024-07-15,Delivered
505535,11632,2023-11-25,Delivered
505536,11498,2024-02-02,Cancelled
505537,11330,2024-03-29,Delivered
505538,12037,2023-06-27,Delivered
505539,11375,2023-08-09,Delivered
505540,11331,2024-07-08,Delivered
505541,12165,2024-08-21,Delivered
505542,10664,2024-06-24,Delivered
505543,11303,2024-07-18,Delivered
505544,10582,2024-01-04,Delivered
505545,11168,2023-08-23,Delivered
505546,11322,2024-02-27,Delivered
505547,11711,2024-06-07,Delivered
505548,10283,2024-05-19,Delivered
505549,12183,2024-03-21,Delivered
505550,12616,2023-09-27,Cancelled
505551,11226,2023-06-28,Delivered
505552,11033,2023-10-05,Delivered
505553,10432,2024-05-05,Delivered
505554,12651,2024-02-23,Delivered
505555,10363,2024-09-26,Delivered
505556,13052,2024-06-15,Delivered
505557,10537,2024-03-09,Delivered
505558,10735,2024-07-06,Delivered
505559,12489,2024-09-06,Delivered
505560,11221,2024-03-15,Delivered
505561,12794,2023-12-15,Delivered
505562,11926,2023-11-12,Delivered
505563,12717,2023-10-08,Delivered
505564,13058,2023-09-09,Delivered
505565,12589,2023-09-13,Delivered
505566,12021,2024-04-28,Delivered
505567,11255,2023-11-14,Delivered
505568,12276,2024-07-08,Delivered
505569,11678,2023-06-15,Delivered
505570,12671,2023-06-27,Delivered
505571,12303,2023-12-17,Delivered
505572,10661,2024-09-03,Delivered
505573,11731,2023-09-11,Delivered
505574,13057,2023-08-28,Cancelled
505575,11275,2023-10-24,Delivered
505576,11806,2024-07-19,Delivered
505577,12687,2023-07-23,Cancelled
505578,11504,2024-05-12,Delivered
505579,12283,2023-08-02,Delivered
505580,11060,2024-03-29,Delivered
505581,10419,2024-04-26,Returned
505582,12214,2023-11-08,Delivered
505583,11793,2023-07-10,Delivered
505584,12595,2024-04-07,Delivered
505585,10236,2023-12-31,Cancelled
505586,10685,2023-12-07,Returned
505587,12302,2024-08-13,Delivered
505588,10263,2024-06-28,Returned
505589,11732,2024-08-26,Delivered
505590,10224,2024-07-31,Delivered
505591,11303,2023-11-24,Delivered
505592,12103,2023-10-28,Delivered
505593,10176,2023-12-02,Delivered
505594,12125,2023-09-19,Delivered
505595,11162,2024-04-19,Delivered
505596,10159,2024-05-22,Delivered
505597,10069,2024-06-15,Delivered
505598,10524,2024-08-29,Cancelled
505599,12428,2024-08-05,Delivered
505600,12365,2024-01-09,Delivered
505601,12476,2023-06-12,Cancelled
505602,12049,2023-08-26,Delivered
505603,11979,2024-01-16,Delivered
505604,12782,2024-01-11,Delivered
505605,10584,2024-03-20,Delivered
505606,10689,2024-04-22,Delivered
505607,11607,2024-01-17,Delivered
505608,12906,2024-09-08,Delivered
505609,12556,2023-11-26,Delivered
505610,10416,2024-03-04,Delivered
505611,12096,2023-07-26,Cancelled
505612,11622,2023-06-13,Delivered
505613,11357,2024-06-28,Returned
505614,10240,2023-10-23,Delivered
505615,11920,2024-07-20,Delivered
505616,12616,2024-08-23,Returned
505617,12048,2024-09-07,Returned
505618,11298,2023-08-05,Delivered
505619,12914,2024-07-17,Delivered
505620,10807,2024-05-04,Delivered
505621,12815,2023-12-08,Delivered
505622,11239,2023-10-09,Cancelled
505623,10202,2024-07-07,Cancelled
505624,11237,2024-06-05,Cancelled
505625,10618,2024-04-30,Delivered
505626,12087,2023-09-25,Delivered
505627,11822,2023-07-15,Cancelled
505628,11413,2024-05-11,Delivered
505629,11883,2023-07-31,Delivered
505630,10241,2024-04-26,Delivered
505631,11412,2024-01-21,Delivered
505632,10079,2024-07-12,Returned
505633,10631,2024-06-22,Delivered
505634,10865,2023-06-08,Returned
505635,11315,2024-08-08,Delivered
505636,10159,2023-06-16,Delivered
505637,12024,2024-05-22,Delivered
505638,11417,2024-09-12,Delivered
505639,11317,2023-09-30,Delivered
505640,11515,2024-06-08,Delivered
505641,11152,2023-06-07,Delivered
505642,11130,2024-04-03,Cancelled
505643,11370,2024-08-11,Delivered
505644,12744,2023-06-11,Delivered
505645,11937,2023-12-11,Delivered
505646,11755,2023-08-18,Delivered
505647,11270,2024-09-06,Delivered
505648,11972,2024-08-11,Delivered
505649,10903,2023-12-18,Delivered
505650,11123,2023-10-26,Delivered
505651,10306,2023-10-14,Delivered
505652,11099,2024-09-22,Returned
505653,10079,2023-12-10,Delivered
505654,12165,2024-03-15,Returned
505655,11184,2024-05-02,Delivered
505656,10289,2023-10-19,Delivered
505657,10054,2023-09-26,Delivered
505658,11293,2023-10-11,Delivered
505659,10347,2024-05-22,Delivered
505660,11511,2024-04-14,Delivered
505661,11843,2024-01-23,Delivered
505662,10617,2024-03-30,Delivered
505663,10229,2023-11-22,Delivered
505664,11909,2024-04-22,Delivered
505665,11490,2024-01-12,Delivered
505666,13048,2023-10-25,Delivered
505667,10904,2024-03-02,Delivered
505668,10961,2024-01-15,Delivered
505669,11081,2023-12-21,Delivered
505670,11201,2023-12-27,Delivered
505671,11415,2024-09-08,Delivered
505672,10812,2024-03-13,Delivered
505673,12839,2024-01-18,Delivered
505674,11651,2024-01-15,Delivered
505675,11181,2023-10-18,Delivered
505676,11721,2023-09-09,Delivered
505677,12637,2024-08-22,Delivered
505678,10127,2024-01-20,Delivered
505679,10938,2024-09-20,Delivered
505680,10742,2024-02-04,Returned
505681,10029,2023-10-26,Returned
505682,12918,2024-08-16,Cancelled
505683,10636,2024-05-23,Delivered
505684,12222,2024-08-28,Delivered
505685,12144,2024-09-30,Cancelled
505686,11312,2023-08-08,Delivered
505687,10391,2024-08-20,Delivered
505688,12338,2024-07-04,Delivered
505689,11832,2023-09-29,Returned
505690,13003,2024-05-09,Delivered
505691,11741,2024-01-08,Delivered
505692,10445,2023-10-22,Delivered
505693,12094,2024-06-20,Delivered
505694,10345,2024-07-06,Delivered
505695,10848,2024-08-01,Delivered
505696,10961,2024-08-18,Delivered
505697,10324,2024-02-08,Delivered
505698,10974,2024-02-07,Delivered
505699,12389,2024-06-23,Delivered
505700,10263,2023-11-06,Delivered
505701,11026,2024-05-07,Delivered
505702,12657,2023-12-15,Delivered
505703,11029,2024-09-29,Delivered
505704,12245,2024-08-08,Delivered
505705,11803,2024-04-09,Delivered
505706,10843,2023-06-11,Delivered
505707,10730,2024-08-26,Delivered
505708,12179,2023-06-20,Delivered
505709,10502,2024-04-01,Returned
505710,11740,2024-04-11,Delivered
505711,11624,2024-02-09,Delivered
505712,11578,2024-05-13,Delivered
505713,11840,2024-08-16,Cancelled
505714,12359,2024-05-13,Delivered
505715,11578,2024-05-06,Delivered
505716,10483,2023-06-04,Delivered
505717,12110,2023-11-15,Cancelled
505718,12490,2023-06-19,Delivered
505719,12336,2024-08-15,Delivered
505720,10277,2024-04-07,Delivered
505721,11416,2024-07-13,Delivered
505722,11030,2024-01-18,Delivered
505723,10720,2023-12-24,Delivered
505724,10274,2024-02-17,Cancelled
505725,12679,2024-09-06,Delivered
505726,10522,2023-09-20,Delivered
505727,11467,2024-05-08,Delivered
505728,10698,2023-12-14,Delivered
505729,10972,2023-12-24,Delivered
505730,12746,2023-12-12,Delivered
505731,10743,2024-05-09,Delivered
505732,10972,2023-09-09,Delivered
505733,11607,2024-02-16,Delivered
505734,10073,2023-11-23,Delivered
505735,10326,2024-05-23,Delivered
505736,12213,2023-11-25,Delivered
505737,10719,2023-09-01,Delivered
505738,10129,2023-07-25,Delivered
505739,10896,2023-09-08,Delivered
505740,10594,2023-09-06,Returned
505741,10124,2024-06-07,Delivered
505742,11732,2024-07-08,Delivered
505743,12282,2024-06-27,Returned
505744,10405,2023-10-22,Delivered
505745,11734,2024-07-07,Delivered
505746,12807,2024-07-19,Delivered
505747,10905,2023-10-25,Delivered
505748,11805,2024-03-13,Delivered
505749,10433,2024-02-01,Delivered
505750,11496,2023-06-28,Delivered
505751,11258,2023-10-16,Delivered
505752,10742,2024-02-08,Delivered
505753,10259,2024-08-09,Delivered
505754,10636,2024-04-21,Delivered
505755,12283,2023-08-15,Returned
505756,11239,2023-07-23,Returned
505757,12892,2024-07-15,Delivered
505758,10941,2024-02-26,Delivered
505759,11906,2023-08-07,Delivered
505760,12693,2024-01-18,Delivered
505761,11977,2023-06-15,Delivered
505762,12550,2024-02-02,Delivered
505763,12129,2024-07-21,Delivered
505764,11781,2024-09-07,Delivered
505765,11401,2023-10-18,Delivered
505766,12942,2024-02-27,Delivered
505767,11843,2024-04-18,Delivered
505768,12108,2024-04-17,Delivered
505769,10149,2023-06-04,Delivered
505770,10950,2024-04-30,Delivered
505771,10780,2024-07-31,Delivered
505772,12461,2024-08-24,Cancelled
505773,11977,2024-03-28,Returned
505774,11497,2023-07-24,Delivered
505775,10244,2024-01-16,Delivered
505776,10575,2023-12-18,Delivered
505777,11868,2024-02-29,Delivered
505778,12051,2023-10-13,Delivered
505779,10853,2023-11-03,Delivered
505780,12471,2024-09-02,Cancelled
505781,12596,2023-08-08,Returned
505782,10130,2024-08-23,Delivered
505783,11172,2023-09-08,Delivered
505784,10077,2024-04-18,Delivered
505785,12036,2024-09-19,Delivered
505786,11510,2024-08-30,Delivered
505787,12162,2023-10-01,Delivered
505788,11847,2024-01-17,Delivered
505789,11125,2024-05-21,Delivered
505790,10322,2023-06-25,Delivered
505791,12911,2023-08-12,Delivered
505792,10418,2023-12-22,Delivered
505793,10877,2024-05-14,Delivered
505794,10582,2024-05-23,Delivered
505795,10137,2024-09-15,Delivered
505796,12556,2023-09-07,Delivered
505797,12983,2024-08-03,Delivered
505798,12640,2023-07-09,Delivered
505799,12497,2023-10-24,Cancelled
505800,11623,2024-05-22,Delivered
505801,12261,2023-06-02,Delivered
505802,12539,2024-03-28,Delivered
505803,10047,2023-12-16,Delivered
505804,12681,2023-10-06,Delivered
505805,10879,2023-07-01,Delivered
505806,12856,2024-06-29,Delivered
505807,10747,2023-12-05,Delivered
505808,12560,2024-06-11,Delivered
505809,12522,2023-11-03,Delivered
505810,11322,2023-06-21,Delivered
505811,11736,2024-04-14,Delivered
505812,12578,2024-06-09,Delivered
505813,11578,2024-02-23,Returned
505814,10339,2024-09-23,Delivered
505815,11406,2023-10-14,Delivered
505816,12516,2024-03-06,Delivered
505817,13054,2024-04-29,Delivered
505818,10823,2023-09-14,Delivered
505819,12587,2023-06-12,Delivered
505820,12767,2024-04-15,Delivered
505821,12727,2024-08-29,Delivered
505822,11276,2023-11-05,Cancelled
505823,12488,2024-07-12,Delivered
505824,10994,2023-10-31,Delivered
505825,11633,2023-12-26,Delivered
505826,10252,2023-09-17,Delivered
505827,10905,2024-02-01,Delivered
505828,10117,2024-06-01,Delivered
505829,12188,2024-08-11,Delivered
505830,12556,2023-11-21,Returned
505831,10782,2024-02-18,Cancelled
505832,12897,2024-03-01,Delivered
505833,10010,2023-06-29,Delivered
505834,12122,2024-01-27,Delivered
505835,13011,2023-06-15,Delivered
505836,11516,2023-12-17,Delivered
505837,10880,2024-05-30,Delivered
505838,10661,2024-02-25,Delivered
505839,11079,2024-04-25,Delivered
505840,11055,2024-07-17,Delivered
505841,10100,2023-12-21,Delivered
505842,10874,2024-04-08,Delivered
505843,11721,2024-09-16,Delivered
505844,10338,2023-11-07,Returned
505845,10875,2024-09-18,Delivered
505846,10849,2023-09-21,Delivered
505847,12633,2023-11-24,Delivered
505848,12532,2023-06-19,Delivered
505849,13007,2024-07-23,Delivered
505850,10987,2024-05-28,Delivered
505851,12328,2023-12-16,Delivered
505852,10006,2023-11-08,Delivered
505853,12406,2024-03-17,Delivered
505854,11306,2023-07-13,Delivered
505855,12633,2023-08-15,Delivered
505856,11715,2024-07-11,Delivered
505857,10698,2024-09-16,Delivered
505858,10131,2023-12-24,Delivered
505859,10853,2023-06-22,Delivered
505860,11315,2024-04-05,Delivered
505861,12574,2024-01-29,Delivered
505862,11056,2023-12-05,Delivered
505863,12164,2023-10-22,Delivered
505864,11291,2024-05-26,Delivered
505865,10676,2024-04-03,Delivered
505866,11847,2023-10-07,Delivered
505867,12894,2024-03-28,Delivered
505868,10975,2023-08-19,Delivered
505869,11805,2023-10-10,Delivered
505870,12824,2024-01-18,Delivered
505871,10217,2024-01-27,Cancelled
505872,11235,2024-08-05,Delivered
505873,12589,2024-09-03,Delivered
505874,12561,2024-08-23,Delivered
505875,10580,2023-09-27,Delivered
505876,10874,2023-06-19,Delivered
505877,10282,2023-10-15,Delivered
505878,12637,2024-07-07,Delivered
505879,11904,2023-08-15,Delivered
505880,10419,2023-10-10,Delivered
505881,11581,2023-09-03,Cancelled
505882,11081,2023-09-19,Delivered
505883,12994,2024-06-28,Delivered
505884,11467,2024-08-28,Delivered
505885,11169,2024-02-06,Delivered
505886,10156,2024-05-09,Delivered
505887,11771,2024-01-25,Delivered
505888,10608,2023-11-11,Delivered
505889,12589,2024-09-05,Delivered
505890,12571,2024-09-06,Delivered
505891,11027,2023-12-13,Delivered
505892,10698,2023-06-16,Delivered
505893,11805,2024-06-21,Cancelled
505894,11223,2023-07-19,Delivered
505895,11485,2023-08-29,Delivered
505896,11476,2023-12-28,Delivered
505897,12171,2024-09-12,Cancelled
505898,10563,2024-02-13,Delivered
505899,10537,2023-10-10,Delivered
505900,13046,2024-07-29,Delivered
505901,11239,2024-06-22,Delivered
505902,12782,2024-07-21,Delivered
505903,11508,2023-12-25,Delivered
505904,12352,2023-08-29,Delivered
505905,12340,2023-08-05,Delivered
505906,10364,2023-08-02,Delivered
505907,11506,2024-02-07,Delivered
505908,11275,2024-06-15,Delivered
505909,11282,2024-06-25,Cancelled
505910,11011,2024-06-06,Returned
505911,12295,2023-10-13,Delivered
505912,12946,2023-11-04,Delivered
505913,12403,2024-05-19,Delivered
505914,11704,2023-07-12,Delivered
505915,11239,2023-08-15,Delivered
505916,10313,2023-09-07,Delivered
505917,10391,2024-05-02,Cancelled
505918,12422,2024-06-08,Delivered
505919,11740,2024-08-08,Delivered
505920,11089,2023-09-20,Delivered
505921,12171,2023-06-08,Delivered
505922,10043,2024-07-12,Delivered
505923,11853,2024-07-14,Delivered
505924,12195,2024-02-20,Delivered
505925,10678,2024-08-29,Delivered
505926,10676,2023-09-14,Delivered
505927,12701,2024-03-01,Delivered
505928,11623,2023-08-19,Delivered
505929,12067,2024-05-02,Delivered
505930,10536,2024-04-20,Cancelled
505931,12966,2023-10-15,Delivered
505932,12094,2023-07-25,Delivered
505933,10051,2023-08-07,Delivered
505934,11960,2023-09-26,Delivered
505935,12768,2023-12-26,Delivered
505936,10905,2023-08-17,Delivered
505937,12697,2024-09-09,Delivered
505938,12836,2024-01-07,Cancelled
505939,12897,2024-06-14,Returned
505940,12081,2024-01-15,Cancelled
505941,12970,2023-08-24,Returned
505942,11060,2023-09-30,Delivered
505943,10352,2023-06-13,Returned
505944,10034,2024-02-25,Delivered
505945,11960,2024-05-31,Delivered
505946,10635,2024-05-06,Delivered
505947,12481,2023-06-28,Delivered
505948,11481,2024-09-29,Delivered
505949,10504,2024-04-25,Delivered
505950,11630,2023-12-04,Delivered
505951,12952,2023-10-18,Delivered
505952,11147,2023-10-20,Delivered
505953,11804,2024-09-22,Delivered
505954,12600,2024-02-20,Delivered
505955,11102,2023-08-23,Delivered
505956,11223,2023-10-27,Returned
505957,11213,2024-07-17,Delivered
505958,10858,2024-02-02,Delivered
505959,10961,2023-12-24,Delivered
505960,12589,2024-07-23,Delivered
505961,10873,2024-05-14,Returned
505962,12998,2024-09-30,Delivered
505963,12692,2024-08-26,Cancelled
505964,12322,2023-10-08,Delivered
505965,12363,2023-06-04,Delivered
505966,10791,2023-12-18,Delivered
505967,10297,2024-02-19,Delivered
505968,11223,2023-08-21,Delivered
505969,11416,2024-03-30,Delivered
505970,10112,2024-06-14,Cancelled
505971,10702,2024-09-23,Delivered
505972,12906,2023-09-05,Delivered
505973,11359,2023-08-24,Delivered
505974,11368,2024-06-30,Cancelled
505975,12652,2023-11-04,Delivered
505976,11958,2023-10-24,Delivered
505977,10566,2024-02-24,Delivered
505978,12736,2023-10-07,Delivered
505979,10904,2024-07-18,Delivered
505980,11530,2023-07-28,Delivered
505981,11746,2024-02-13,Delivered
505982,12586,2024-02-14,Returned
505983,11149,2023-06-27,Delivered
505984,12307,2023-09-26,Delivered
505985,10718,2024-04-23,Delivered
505986,11942,2023-10-16,Delivered
505987,10317,2024-08-04,Returned
505988,12586,2023-10-20,Returned
505989,11370,2023-08-11,Delivered
505990,12855,2023-10-26,Cancelled
505991,12312,2024-05-15,Delivered
505992,10382,2023-11-06,Delivered
505993,12380,2024-03-20,Delivered
505994,12656,2024-02-15,Delivered
505995,12382,2024-01-09,Delivered
505996,10958,2024-04-15,Delivered
505997,12084,2023-07-06,Cancelled
505998,12721,2023-09-19,Delivered
505999,10874,2023-08-31,Delivered
506000,12776,2023-07-03,Delivered
506001,12489,2024-03-05,Cancelled
506002,10007,2024-01-25,Delivered
506003,12094,2024-09-22,Delivered
506004,10639,2023-10-04,Delivered
506005,11548,2024-07-18,Delivered
506006,12952,2024-04-27,Delivered
506007,12690,2023-10-23,Delivered
506008,12127,2024-06-24,Delivered
506009,11226,2024-07-30,Delivered
506010,11042,2023-06-16,Delivered
506011,11766,2023-12-07,Delivered
506012,12682,2024-04-11,Delivered
506013,13054,2024-09-15,Delivered
506014,11612,2023-10-10,Delivered
506015,11858,2023-08-17,Delivered
506016,12805,2023-11-01,Delivered
506017,11560,2024-02-20,Delivered
506018,11348,2023-09-16,Delivered
506019,10274,2024-07-23,Delivered
506020,12739,2023-10-28,Returned
506021,12003,2023-10-16,Delivered
506022,10217,2023-07-09,Delivered
506023,10044,2023-08-16,Delivered
506024,12839,2023-09-17,Delivered
506025,12865,2023-07-25,Delivered
506026,10955,2024-04-24,Delivered
506027,12693,2023-06-02,Delivered
506028,12697,2024-01-13,Delivered
506029,12555,2024-06-02,Delivered
506030,10758,2024-04-04,Delivered
506031,10667,2024-01-08,Delivered
506032,10421,2024-03-12,Delivered
506033,12639,2023-11-16,Delivered
506034,11979,2023-10-12,Delivered
506035,13042,2024-04-06,Delivered
506036,12094,2023-07-21,Delivered
506037,10674,2024-09-01,Delivered
506038,12814,2024-01-12,Returned
506039,11224,2023-10-07,Delivered
506040,10143,2024-09-16,Delivered
506041,11766,2023-10-25,Delivered
506042,10062,2024-07-23,Delivered
506043,10445,2024-03-24,Cancelled
506044,11951,2023-08-31,Delivered
506045,12497,2024-05-06,Delivered
506046,13043,2024-02-02,Delivered
506047,10650,2023-12-25,Delivered
506048,13028,2024-02-26,Delivered
506049,11572,2023-11-20,Delivered
506050,12110,2023-08-03,Delivered
506051,12625,2024-02-24,Delivered
506052,12888,2023-10-27,Delivered
506053,12824,2023-08-09,Delivered
506054,12179,2024-08-10,Cancelled
506055,11908,2024-02-25,Delivered
506056,12099,2023-10-07,Delivered
506057,10905,2023-12-12,Delivered
506058,10315,2024-02-06,Delivered
506059,10883,2024-03-25,Delivered
506060,12350,2024-06-08,Delivered
506061,11666,2024-01-24,Delivered
506062,10102,2023-06-01,Delivered
506063,10100,2023-09-15,Delivered
506064,10955,2024-01-12,Delivered
506065,11298,2024-09-11,Delivered
506066,10234,2024-07-17,Delivered
506067,11678,2024-02-16,Returned
506068,10458,2024-07-10,Delivered
506069,10596,2024-08-15,Delivered
506070,12083,2023-11-05,Delivered
506071,11033,2024-09-18,Cancelled
506072,11583,2023-08-28,Delivered
506073,11783,2023-07-03,Delivered
506074,12587,2024-04-11,Delivered
506075,10048,2023-06-14,Cancelled
506076,10578,2023-12-05,Delivered
506077,10618,2023-07-03,Delivered
506078,12155,2024-01-08,Delivered
506079,13017,2024-07-07,Delivered
506080,12654,2023-10-25,Delivered
506081,11176,2023-07-02,Delivered
506082,10077,2024-05-13,Delivered
506083,11695,2024-01-16,Returned
506084,11678,2023-08-08,Delivered
506085,12595,2023-07-04,Delivered
506086,11428,2024-05-09,Delivered
506087,11156,2024-07-09,Delivered
506088,11757,2023-12-11,Delivered
506089,11863,2024-02-19,Delivered
506090,10748,2023-09-02,Delivered
506091,10757,2023-10-04,Delivered
506092,10188,2024-08-13,Delivered
506093,12819,2024-06-20,Cancelled
506094,10232,2023-06-19,Returned
506095,12655,2024-06-29,Delivered
506096,12026,2024-04-13,Delivered
506097,10589,2023-12-16,Delivered
506098,12785,2024-02-23,Delivered
506099,10175,2024-03-19,Delivered
506100,12085,2024-06-25,Delivered
506101,11272,2024-01-06,Returned
506102,10383,2024-02-26,Delivered
506103,11623,2023-09-22,Delivered
506104,11955,2024-05-10,Delivered
506105,11280,2024-02-18,Delivered
506106,10712,2023-07-20,Delivered
506107,12430,2024-03-04,Delivered
506108,10646,2024-06-06,Delivered
506109,10044,2024-05-19,Delivered
506110,12128,2023-12-05,Delivered
506111,12976,2024-01-27,Delivered
506112,10486,2024-06-03,Returned
506113,12386,2023-11-29,Returned
506114,10397,2023-12-20,Delivered
506115,11830,2024-07-27,Delivered
506116,10849,2023-06-08,Delivered
506117,12830,2023-08-21,Returned
506118,10676,2023-09-30,Delivered
506119,13054,2024-08-14,Delivered
506120,12280,2023-11-20,Delivered
506121,11895,2024-07-21,Delivered
506122,11384,2023-07-16,Delivered
506123,12649,2023-12-25,Delivered
506124,11740,2023-11-19,Delivered
506125,13029,2024-01-06,Cancelled
506126,11249,2024-05-24,Cancelled
506127,12581,2023-07-08,Delivered
506128,10899,2023-08-06,Delivered
506129,10472,2023-07-18,Delivered
506130,12842,2023-12-30,Delivered
506131,11087,2024-05-12,Delivered
506132,11704,2023-10-16,Delivered
506133,10575,2024-07-28,Delivered
506134,12205,2023-07-07,Delivered
506135,11805,2023-12-23,Delivered
506136,10648,2024-02-14,Delivered
506137,10522,2024-07-31,Delivered
506138,11763,2024-03-05,Delivered
506139,11857,2024-05-21,Delivered
506140,12768,2023-12-09,Delivered
506141,12302,2023-09-03,Delivered
506142,10774,2024-04-28,Delivered
506143,11362,2024-01-20,Returned
506144,11317,2024-02-28,Cancelled
506145,12437,2024-08-30,Delivered
506146,12094,2023-11-14,Delivered
506147,10935,2024-03-08,Delivered
506148,12567,2024-07-20,Delivered
506149,10037,2024-05-06,Delivered
506150,12870,2023-08-11,Cancelled
506151,10482,2023-11-29,Delivered
506152,10020,2024-04-08,Delivered
506153,10768,2023-07-22,Delivered
506154,11085,2024-03-24,Delivered
506155,11544,2024-08-17,Delivered
506156,10363,2024-08-22,Delivered
506157,12120,2024-02-13,Delivered
506158,12978,2023-11-24,Delivered
506159,11513,2023-11-01,Delivered
506160,11930,2024-09-01,Delivered
506161,11977,2024-05-08,Delivered
506162,10631,2023-09-03,Delivered
506163,10862,2023-07-01,Delivered
506164,11841,2024-03-08,Delivered
506165,10909,2023-09-25,Delivered
506166,12281,2023-12-19,Delivered
506167,10295,2024-08-24,Delivered
506168,12925,2023-10-03,Delivered
506169,10572,2024-02-10,Delivered
506170,11003,2023-11-05,Delivered
506171,11311,2024-09-07,Delivered
506172,12506,2023-09-23,Cancelled
506173,10357,2023-06-15,Delivered
506174,12892,2024-07-11,Delivered
506175,11679,2023-10-13,Delivered
506176,13029,2024-02-29,Returned
506177,12311,2024-08-18,Returned
506178,10383,2024-09-30,Delivered
506179,12947,2023-07-24,Delivered
506180,12960,2023-10-19,Delivered
506181,12768,2024-01-04,Delivered
506182,10698,2023-12-27,Delivered
506183,11517,2023-12-12,Delivered
506184,12084,2023-11-10,Delivered
506185,11612,2023-11-22,Delivered
506186,11929,2024-07-28,Delivered
506187,10930,2023-08-31,Delivered
506188,12546,2023-10-31,Delivered
506189,11693,2024-07-31,Delivered
506190,12856,2023-10-03,Delivered
506191,10425,2023-11-05,Delivered
506192,11230,2024-06-12,Delivered
506193,11694,2023-07-07,Delivered
506194,11377,2024-04-20,Delivered
506195,11666,2024-01-22,Delivered
506196,12050,2023-10-18,Delivered
506197,10215,2024-09-27,Returned
506198,11689,2024-07-31,Delivered
506199,10644,2024-02-13,Delivered
506200,11964,2023-12-25,Delivered
506201,11712,2024-07-12,Delivered
506202,11183,2023-07-03,Cancelled
506203,11573,2024-01-09,Delivered
506204,12572,2024-02-02,Delivered
506205,10432,2024-09-13,Returned
506206,11607,2024-03-17,Delivered
506207,10292,2023-11-20,Delivered
506208,12245,2024-03-27,Delivered
506209,11048,2023-12-31,Delivered
506210,10058,2024-02-06,Delivered
506211,10064,2023-10-27,Delivered
506212,10359,2023-10-07,Delivered
506213,10609,2024-06-09,Delivered
506214,10469,2023-10-30,Delivered
506215,10642,2024-08-05,Delivered
506216,12808,2024-06-09,Returned
506217,10992,2024-06-03,Delivered
506218,11652,2023-07-19,Delivered
506219,10575,2024-01-06,Delivered
506220,11506,2023-08-24,Returned
506221,12766,2024-07-30,Delivered
506222,12654,2023-08-19,Delivered
506223,10320,2024-05-07,Delivered
506224,10099,2024-03-06,Delivered
506225,11936,2023-06-09,Delivered
506226,12199,2024-04-08,Delivered
506227,12787,2023-10-30,Delivered
506228,12230,2023-10-04,Delivered
506229,10080,2024-08-14,Delivered
506230,11532,2024-04-08,Delivered
506231,11358,2024-08-22,Delivered
506232,12854,2024-05-30,Delivered
506233,10158,2023-11-25,Delivered
506234,10329,2024-04-03,Delivered
506235,12907,2024-02-10,Delivered
506236,10815,2024-04-02,Delivered
506237,10954,2023-10-20,Delivered
506238,10005,2023-10-02,Cancelled
506239,12699,2023-12-18,Returned
506240,12024,2023-11-23,Delivered
506241,10179,2024-06-10,Delivered
506242,10512,2023-06-20,Delivered
506243,11467,2024-08-04,Returned
506244,10361,2023-08-30,Delivered
506245,10330,2024-06-15,Delivered
506246,10248,2024-03-29,Returned
506247,11198,2023-11-17,Cancelled
506248,10530,2024-02-19,Delivered
506249,11651,2024-02-18,Returned
506250,11407,2023-10-20,Delivered
506251,11485,2023-11-14,Cancelled
506252,10357,2024-05-13,Delivered
506253,12498,2023-06-04,Delivered
506254,11721,2024-04-03,Delivered
506255,10360,2023-08-27,Delivered
506256,12291,2023-07-13,Delivered
506257,11878,2024-06-27,Delivered
506258,10648,2023-09-01,Delivered
506259,12642,2024-05-14,Returned
506260,10063,2023-12-30,Returned
506261,11428,2023-08-11,Delivered
506262,10278,2024-07-28,Delivered
506263,11905,2024-04-05,Delivered
506264,10382,2024-09-13,Delivered
506265,11924,2024-03-10,Delivered
506266,11765,2023-07-22,Delivered
506267,10172,2023-08-25,Delivered
506268,11988,2023-08-26,Delivered
506269,12997,2023-11-27,Delivered
506270,12922,2023-11-30,Delivered
506271,12226,2024-02-06,Delivered
506272,10146,2023-08-06,Delivered
506273,11489,2024-02-14,Delivered
506274,11205,2024-02-16,Delivered
506275,12640,2024-03-15,Delivered
506276,10959,2023-07-15,Delivered
506277,10131,2024-02-15,Delivered
506278,11446,2023-11-09,Returned
506279,10588,2024-07-25,Delivered
506280,12545,2024-08-12,Delivered
506281,11580,2023-06-27,Delivered
506282,12246,2023-06-18,Delivered
506283,10849,2024-01-09,Delivered
506284,10737,2023-06-10,Delivered
506285,11807,2024-02-16,Delivered
506286,10661,2024-03-19,Delivered
506287,12599,2023-09-08,Delivered
506288,12892,2024-05-10,Returned
506289,12038,2024-07-01,Delivered
506290,10265,2023-06-19,Delivered
506291,12305,2024-06-11,Delivered
506292,10177,2024-07-28,Delivered
506293,12876,2023-06-19,Delivered
506294,11834,2023-10-05,Delivered
506295,11682,2023-10-22,Returned
506296,10252,2023-09-10,Delivered
506297,12366,2024-05-29,Delivered
506298,12507,2023-12-04,Delivered
506299,10543,2024-05-28,Delivered
506300,10709,2023-11-06,Delivered
506301,10912,2024-05-03,Returned
506302,10604,2023-10-16,Delivered
506303,11566,2023-07-29,Delivered
506304,11047,2024-06-17,Delivered
506305,10164,2023-09-25,Delivered
506306,12787,2023-11-12,Delivered
506307,10939,2024-09-06,Delivered
506308,12376,2023-11-04,Delivered
506309,12589,2024-02-04,Returned
506310,12381,2024-04-01,Delivered
506311,10883,2024-04-28,Cancelled
506312,11360,2023-09-05,Delivered
506313,11006,2024-03-03,Delivered
506314,11211,2023-09-03,Delivered
506315,12156,2023-12-24,Returned
506316,12573,2024-04-05,Delivered
506317,12963,2024-08-02,Delivered
506318,10698,2024-07-09,Delivered
506319,10091,2024-02-20,Delivered
506320,11199,2024-06-14,Cancelled
506321,13007,2024-06-09,Delivered
506322,11324,2024-06-10,Delivered
506323,10809,2024-03-31,Delivered
506324,11699,2023-10-28,Delivered
506325,10594,2024-07-18,Delivered
506326,10051,2024-02-22,Delivered
506327,12380,2023-11-15,Delivered
506328,11591,2024-04-24,Returned
506329,11806,2024-09-09,Delivered
506330,13055,2024-02-01,Delivered
506331,13016,2024-02-13,Delivered
506332,11575,2023-11-19,Delivered
506333,11579,2023-07-23,Delivered
506334,11071,2023-08-23,Delivered
506335,12888,2023-08-28,Delivered
506336,11695,2023-09-13,Delivered
506337,11632,2024-09-30,Delivered
506338,11275,2024-08-29,Delivered
506339,10359,2023-06-23,Delivered
506340,12568,2023-12-03,Returned
506341,10098,2023-08-12,Delivered
506342,11257,2024-04-09,Delivered
506343,11300,2024-03-26,Delivered
506344,10007,2024-04-29,Delivered
506345,10037,2024-07-30,Cancelled
506346,10098,2023-07-31,Delivered
506347,11805,2023-09-22,Delivered
506348,12883,2023-09-17,Delivered
506349,10202,2024-05-06,Delivered
506350,11579,2023-12-14,Delivered
506351,12294,2023-11-10,Delivered
506352,10941,2023-08-11,Delivered
506353,12982,2023-12-17,Delivered
506354,11228,2024-01-12,Delivered
506355,11485,2024-04-02,Delivered
506356,12545,2023-12-09,Delivered
506357,10909,2023-10-17,Delivered
506358,11276,2023-09-01,Delivered
506359,10093,2024-04-15,Returned
506360,12278,2023-12-06,Delivered
506361,10391,2024-08-29,Delivered
506362,11555,2024-02-13,Returned
506363,11976,2023-10-04,Delivered
506364,12824,2023-11-02,Delivered
506365,13036,2023-07-12,Delivered
506366,11807,2023-08-23,Delivered
506367,11421,2023-09-06,Delivered
506368,12407,2024-07-12,Delivered
506369,11716,2024-01-08,Delivered
506370,11986,2024-03-30,Delivered
506371,12642,2024-04-20,Cancelled
506372,10178,2024-01-11,Delivered
506373,12634,2024-02-18,Delivered
506374,12253,2023-07-10,Delivered
506375,11666,2023-08-13,Delivered
506376,12639,2024-07-13,Delivered
506377,11979,2024-05-11,Delivered
506378,10748,2023-10-04,Delivered
506379,12427,2024-05-01,Delivered
506380,10165,2024-09-03,Delivered
506381,12236,2023-10-07,Delivered
506382,11327,2024-01-12,Delivered
506383,12469,2024-07-05,Delivered
506384,10239,2023-12-17,Delivered
506385,11467,2023-12-19,Delivered
506386,12704,2024-08-08,Delivered
506387,12088,2023-09-07,Delivered
506388,10640,2024-06-11,Delivered
506389,12599,2024-06-10,Delivered
506390,12494,2024-02-25,Delivered
506391,11048,2023-08-04,Delivered
506392,11884,2023-08-13,Returned
506393,11704,2024-07-03,Returned
506394,11853,2023-08-13,Delivered
506395,11763,2024-04-27,Delivered
506396,12122,2023-10-24,Delivered
506397,10239,2023-11-08,Delivered
506398,11924,2023-12-06,Delivered
506399,12950,2023-08-15,Delivered
506400,12801,2023-06-17,Delivered
506401,11847,2024-08-08,Returned
506402,13022,2023-10-12,Delivered
506403,12711,2023-11-14,Delivered
506404,10761,2023-08-14,Delivered
506405,10383,2023-10-05,Delivered
506406,11276,2024-04-04,Delivered
506407,11832,2024-03-06,Cancelled
506408,12809,2024-03-10,Delivered
506409,11188,2023-09-12,Delivered
506410,12133,2023-06-07,Cancelled
506411,11163,2024-01-27,Delivered
506412,10716,2024-07-18,Returned
506413,12085,2024-08-01,Delivered
506414,12378,2024-05-24,Delivered
506415,12337,2023-06-20,Returned
506416,11446,2023-08-27,Delivered
506417,11440,2023-06-23,Delivered
506418,12773,2023-06-08,Delivered
506419,12439,2024-09-29,Delivered
506420,12151,2024-09-08,Delivered
506421,11133,2024-07-17,Delivered
506422,12931,2023-12-16,Delivered
506423,12448,2024-07-12,Delivered
506424,10297,2023-12-17,Delivered
506425,12429,2023-09-02,Delivered
506426,10165,2023-09-26,Delivered
506427,12065,2023-10-21,Delivered
506428,12877,2023-07-12,Delivered
506429,11578,2023-12-19,Returned
506430,11168,2023-06-26,Delivered
506431,12220,2024-03-20,Delivered
506432,12176,2024-09-01,Delivered
506433,10405,2024-07-16,Delivered
506434,10481,2023-12-09,Delivered
506435,10241,2024-09-24,Delivered
506436,11771,2023-09-11,Delivered
506437,10877,2024-01-28,Delivered
506438,11295,2023-07-22,Delivered
506439,11152,2024-04-12,Delivered
506440,10858,2024-06-07,Delivered
506441,12624,2023-08-05,Cancelled
506442,10474,2023-11-19,Delivered
506443,12639,2023-08-17,Delivered
506444,10009,2023-09-25,Delivered
506445,11258,2024-09-18,Delivered
506446,11025,2023-08-06,Returned
506447,10993,2023-12-01,Delivered
506448,11901,2024-02-10,Delivered
506449,12780,2024-08-19,Delivered
506450,12404,2024-02-01,Delivered
506451,10844,2024-05-28,Delivered
506452,11794,2024-02-20,Delivered
506453,10954,2023-08-28,Cancelled
506454,12478,2024-02-19,Delivered
506455,10254,2023-11-06,Delivered
506456,11578,2024-01-19,Delivered
506457,10514,2024-08-09,Delivered
506458,12827,2023-09-29,Delivered
506459,12743,2024-06-14,Delivered
506460,12941,2023-10-19,Returned
506461,10048,2023-12-29,Delivered
506462,12375,2023-06-17,Delivered
506463,11516,2024-03-01,Cancelled
506464,11143,2024-08-22,Delivered
506465,10941,2023-10-13,Delivered
506466,10524,2023-06-24,Cancelled
506467,10912,2024-02-29,Delivered
506468,12549,2024-03-23,Delivered
506469,10901,2024-09-26,Delivered
506470,12365,2024-02-10,Delivered
506471,11924,2024-02-09,Returned
506472,13054,2024-06-01,Delivered
506473,11732,2024-01-19,Delivered
506474,11199,2024-03-24,Delivered
506475,12850,2023-10-22,Delivered
506476,10445,2024-01-27,Delivered
506477,10677,2024-09-20,Cancelled
506478,12378,2023-08-25,Cancelled
506479,11032,2023-08-12,Delivered
506480,12649,2024-09-16,Delivered
506481,11456,2024-08-30,Delivered
506482,11122,2024-07-02,Delivered
506483,10768,2024-04-15,Cancelled
506484,11998,2023-10-14,Delivered
506485,11904,2024-02-23,Delivered
506486,10208,2024-01-24,Delivered
506487,10369,2024-04-09,Delivered
506488,10203,2023-06-04,Delivered
506489,10866,2024-09-18,Cancelled
506490,11466,2023-07-10,Delivered
506491,10386,2023-08-27,Delivered
506492,12880,2024-05-24,Delivered
506493,12892,2024-05-21,Delivered
506494,11060,2023-06-06,Delivered
506495,12642,2023-10-05,Delivered
506496,10350,2024-09-01,Delivered
506497,10556,2023-11-14,Delivered
506498,12720,2024-01-15,Delivered
506499,12420,2024-07-22,Delivered
506500,12497,2023-10-30,Delivered
506501,12814,2023-10-29,Delivered
506502,12390,2023-08-02,Delivered
506503,11763,2024-08-16,Delivered
506504,12640,2024-04-19,Delivered
506505,12861,2024-03-08,Delivered
506506,12103,2024-03-16,Delivered
506507,10140,2024-02-13,Delivered
506508,10325,2023-11-30,Delivered
506509,12605,2023-07-08,Delivered
506510,10474,2023-09-14,Delivered
506511,12125,2023-08-15,Delivered
506512,11975,2023-09-26,Delivered
506513,11314,2023-06-19,Delivered
506514,11872,2024-05-09,Delivered
506515,11732,2024-06-24,Delivered
506516,12064,2024-07-19,Delivered
506517,11260,2024-01-04,Delivered
506518,12582,2023-09-26,Delivered
506519,12626,2024-06-20,Delivered
506520,11513,2023-09-09,Returned
506521,10466,2024-08-24,Delivered
506522,12165,2023-06-21,Delivered
506523,12420,2024-03-23,Delivered
506524,11160,2024-01-08,Delivered
506525,10107,2023-10-29,Cancelled
506526,11971,2024-02-01,Delivered
506527,11913,2023-07-16,Delivered
506528,10716,2024-03-12,Delivered
506529,11429,2024-01-08,Delivered
506530,10593,2024-07-24,Returned
506531,11872,2024-05-06,Delivered
506532,12749,2023-10-02,Delivered
506533,12353,2023-11-18,Delivered
506534,12746,2024-06-24,Delivered
506535,12686,2024-06-07,Delivered
506536,11198,2024-03-11,Delivered
506537,11991,2024-07-06,Cancelled
506538,10874,2024-02-04,Delivered
506539,10324,2023-10-30,Delivered
506540,12736,2024-06-29,Returned
506541,12266,2023-11-12,Delivered
506542,11317,2024-06-10,Delivered
506543,11009,2024-06-01,Delivered
506544,12809,2024-01-13,Delivered
506545,12050,2024-02-10,Delivered
506546,11838,2023-08-12,Delivered
506547,12807,2023-07-26,Delivered
506548,12493,2023-08-05,Delivered
506549,10766,2024-03-03,Delivered
506550,11390,2024-05-05,Delivered
506551,12957,2024-08-19,Returned
506552,10576,2024-03-12,Delivered
506553,12859,2024-09-29,Delivered
506554,11525,2023-09-21,Delivered
506555,11499,2024-04-18,Returned
506556,10033,2024-08-24,Delivered
506557,11902,2024-07-02,Delivered
506558,11630,2024-05-28,Delivered
506559,10925,2024-04-05,Cancelled
506560,11974,2024-03-17,Delivered
506561,12411,2024-02-21,Delivered
506562,10422,2024-09-28,Delivered
506563,11716,2023-09-01,Delivered
506564,10283,2024-03-20,Delivered
506565,11853,2024-09-22,Delivered
506566,10939,2024-01-09,Delivered
506567,10064,2024-09-22,Delivered
506568,12749,2024-08-28,Delivered
506569,13050,2023-11-11,Delivered
506570,12686,2023-12-24,Returned
506571,11369,2023-07-03,Delivered
506572,10529,2024-06-25,Delivered
506573,12301,2023-09-29,Delivered
506574,11275,2024-01-30,Delivered
506575,12616,2023-08-20,Delivered
506576,11784,2023-10-12,Cancelled
506577,12857,2024-09-19,Delivered
506578,11757,2023-07-03,Delivered
506579,12487,2023-07-31,Delivered
506580,12947,2024-06-27,Delivered
506581,11970,2023-06-15,Delivered
506582,12649,2023-12-29,Delivered
506583,10954,2024-05-19,Cancelled
506584,11303,2024-01-16,Delivered
506585,12064,2023-06-12,Delivered
506586,12427,2024-06-23,Delivered
506587,12030,2023-08-31,Delivered
506588,12766,2024-03-31,Delivered
506589,10899,2024-09-02,Delivered
506590,11287,2023-11-27,Returned
506591,12983,2023-06-26,Cancelled
506592,10329,2024-07-23,Delivered
506593,12693,2024-04-24,Delivered
506594,12381,2024-08-23,Returned
506595,10935,2024-06-10,Delivered
506596,11095,2024-04-19,Delivered
506597,11048,2024-04-16,Returned
506598,12357,2023-07-27,Delivered
506599,10326,2023-07-19,Cancelled
506600,11218,2023-11-29,Delivered
506601,12003,2024-09-21,Delivered
506602,12330,2024-04-17,Delivered
506603,11860,2024-01-31,Delivered
506604,11011,2023-08-14,Cancelled
506605,10037,2024-05-29,Delivered
506606,10661,2024-05-14,Delivered
506607,12722,2024-02-14,Delivered
506608,11350,2024-08-16,Delivered
506609,11185,2024-04-27,Delivered
506610,11305,2024-07-09,Delivered
506611,11518,2024-09-18,Delivered
506612,10068,2024-03-15,Delivered
506613,11382,2024-05-10,Delivered
506614,11666,2023-06-11,Delivered
506615,11681,2023-10-29,Cancelled
506616,10256,2023-09-19,Delivered
506617,13009,2024-06-22,Delivered
506618,12014,2023-10-12,Delivered
506619,10976,2023-07-02,Delivered
506620,11795,2023-09-05,Delivered
506621,10278,2024-06-14,Delivered
506622,11707,2024-06-12,Delivered
506623,10998,2024-04-24,Delivered
506624,10698,2024-07-20,Delivered
506625,11509,2024-04-24,Delivered
506626,11489,2023-11-18,Delivered
506627,10115,2024-02-12,Delivered
506628,12503,2023-10-23,Delivered
506629,10865,2024-05-06,Delivered
506630,13057,2023-12-12,Delivered
506631,12362,2023-06-19,Delivered
506632,10716,2023-10-24,Delivered
506633,10432,2024-06-30,Delivered
506634,10832,2024-07-25,Delivered
506635,12868,2024-08-01,Delivered
506636,10294,2024-04-05,Delivered
506637,11525,2024-01-01,Returned
506638,12094,2024-03-21,Returned
506639,12496,2023-10-31,Delivered
506640,11074,2024-07-06,Delivered
506641,10382,2024-09-01,Delivered
506642,10643,2023-12-14,Delivered
506643,12196,2023-08-08,Delivered
506644,10665,2023-11-01,Delivered
506645,10182,2023-08-25,Delivered
506646,12239,2024-08-15,Delivered
506647,10637,2023-12-02,Delivered
506648,10349,2024-04-12,Delivered
506649,13009,2024-08-25,Delivered
506650,12278,2023-11-08,Delivered
506651,12607,2024-02-16,Delivered
506652,12311,2023-11-23,Delivered
506653,10515,2024-09-22,Delivered
506654,12966,2023-08-07,Delivered
506655,10874,2024-03-19,Delivered
506656,11489,2023-08-08,Delivered
506657,12375,2023-10-14,Delivered
506658,10446,2023-06-14,Delivered
506659,12757,2024-01-21,Returned
506660,10599,2023-08-09,Delivered
506661,11435,2023-09-04,Delivered
506662,13054,2024-07-10,Delivered
506663,12678,2024-01-26,Delivered
506664,12834,2023-11-22,Delivered
506665,12814,2023-10-10,Delivered
506666,12349,2024-03-15,Delivered
506667,11101,2024-08-14,Delivered
506668,10667,2024-03-18,Delivered
506669,12788,2024-03-25,Delivered
506670,10789,2023-10-12,Delivered
506671,11750,2024-05-21,Delivered
506672,12154,2023-10-25,Delivered
506673,11047,2024-07-07,Cancelled
506674,10911,2024-05-05,Delivered
506675,10449,2024-03-25,Delivered
506676,10664,2023-07-23,Delivered
506677,11684,2024-08-17,Delivered
506678,10004,2024-03-03,Delivered
506679,10301,2023-07-04,Delivered
506680,12711,2024-06-06,Delivered
506681,11206,2024-04-14,Returned
506682,12354,2024-04-29,Delivered
506683,12606,2023-09-08,Delivered
506684,13019,2024-06-09,Delivered
506685,12302,2024-08-16,Delivered
506686,10025,2023-10-13,Delivered
506687,12803,2024-07-23,Delivered
506688,10025,2024-04-06,Delivered
506689,11652,2023-10-11,Delivered
506690,11363,2024-08-14,Delivered
506691,12763,2023-11-09,Delivered
506692,11349,2024-03-09,Delivered
506693,11000,2024-06-13,Delivered
506694,10380,2024-06-16,Delivered
506695,10816,2023-06-28,Delivered
506696,12387,2024-08-15,Delivered
506697,11257,2024-02-05,Returned
506698,12768,2023-07-23,Delivered
506699,10033,2023-10-26,Delivered
506700,10878,2023-07-15,Delivered
506701,12461,2024-06-29,Delivered
506702,12083,2024-02-13,Returned
506703,10901,2023-08-19,Cancelled
506704,10482,2023-07-15,Delivered
506705,11983,2024-09-12,Delivered
506706,10404,2024-07-08,Returned
506707,10466,2024-02-04,Delivered
506708,11804,2023-08-02,Delivered
506709,11889,2023-09-01,Delivered
506710,12266,2023-07-24,Delivered
506711,11168,2024-08-02,Delivered
506712,12255,2024-02-05,Delivered
506713,10576,2024-03-29,Returned
506714,12975,2024-04-26,Delivered
506715,12505,2024-09-24,Cancelled
506716,10804,2024-02-09,Delivered
506717,11255,2023-08-15,Returned
506718,10096,2023-12-07,Delivered
506719,11847,2023-06-14,Delivered
506720,11976,2024-05-20,Delivered
506721,11918,2024-09-14,Delivered
506722,10508,2023-08-23,Delivered
506723,10326,2023-09-14,Returned
506724,12336,2023-08-29,Delivered
506725,10372,2024-08-14,Delivered
506726,12231,2023-11-04,Delivered
506727,12108,2023-11-22,Delivered
506728,12103,2024-09-15,Cancelled
506729,11557,2024-01-21,Delivered
506730,13054,2023-11-30,Delivered
506731,11865,2024-04-07,Delivered
506732,12162,2023-12-30,Delivered
506733,10364,2024-04-11,Delivered
506734,10740,2023-09-03,Delivered
506735,10033,2024-05-05,Delivered
506736,12000,2023-10-13,Delivered
506737,12961,2023-06-07,Delivered
506738,11068,2023-12-31,Delivered
506739,10235,2024-02-20,Cancelled
506740,12390,2024-07-05,Delivered
506741,12081,2023-06-23,Delivered
506742,12856,2023-10-24,Returned
506743,12546,2023-08-11,Delivered
506744,10929,2024-09-15,Delivered
506745,10509,2023-09-25,Delivered
506746,12024,2024-09-11,Delivered
506747,12676,2024-07-15,Delivered
506748,11878,2024-04-11,Delivered
506749,12430,2023-06-20,Delivered
506750,10987,2024-08-26,Delivered
506751,10926,2024-04-30,Delivered
506752,12640,2024-02-21,Delivered
506753,12599,2023-07-27,Delivered
506754,11624,2024-06-23,Cancelled
506755,11442,2023-11-07,Cancelled
506756,10194,2024-03-02,Delivered
506757,10973,2024-07-23,Delivered
506758,11786,2023-12-28,Delivered
506759,11898,2023-10-02,Cancelled
506760,11632,2023-11-03,Delivered
506761,11806,2024-03-28,Delivered
506762,12164,2024-07-21,Cancelled
506763,12232,2023-12-27,Delivered
506764,12427,2024-06-01,Delivered
506765,11214,2024-04-06,Delivered
506766,10369,2023-08-22,Delivered
506767,10010,2024-01-23,Delivered
506768,10257,2024-01-13,Delivered
506769,12314,2024-09-24,Cancelled
506770,10560,2024-08-14,Returned
506771,12253,2024-08-19,Delivered
506772,10911,2023-09-22,Delivered
506773,11299,2024-07-16,Delivered
506774,13039,2023-12-16,Delivered
506775,10466,2023-12-05,Delivered
506776,10610,2023-07-30,Delivered
506777,12240,2023-10-24,Delivered
506778,11157,2024-09-18,Delivered
506779,12175,2023-09-01,Delivered
506780,10400,2024-09-18,Delivered
506781,10418,2023-10-06,Delivered
506782,10239,2024-02-16,Returned
506783,11740,2023-10-14,Delivered
506784,12141,2024-07-30,Returned
506785,11549,2024-03-14,Delivered
506786,12834,2024-06-07,Delivered
506787,10393,2024-01-31,Cancelled
506788,10360,2023-08-22,Delivered
506789,11666,2024-02-20,Delivered
506790,11661,2023-08-02,Delivered
506791,12689,2023-12-03,Delivered
506792,11185,2024-07-17,Delivered
506793,12338,2024-07-06,Returned
506794,11526,2023-08-07,Delivered
506795,12330,2024-04-07,Delivered
506796,12896,2024-04-19,Delivered
506797,11746,2023-09-16,Delivered
506798,12567,2023-11-02,Delivered
506799,10062,2024-09-06,Returned
506800,12757,2023-11-08,Cancelled
506801,10098,2024-06-28,Delivered
506802,11395,2023-06-29,Delivered
506803,10788,2023-06-29,Delivered
506804,10433,2024-06-18,Delivered
506805,12412,2023-08-27,Delivered
506806,10359,2024-02-28,Delivered
506807,12646,2023-11-12,Cancelled
506808,10241,2023-07-10,Delivered
506809,11971,2024-01-03,Returned
506810,12352,2024-09-21,Delivered
506811,10620,2024-08-15,Delivered
506812,11060,2023-07-03,Delivered
506813,12580,2024-03-14,Delivered
506814,10586,2024-02-24,Delivered
506815,11671,2024-08-07,Delivered
506816,12584,2024-04-28,Delivered
506817,10810,2023-09-06,Delivered
506818,11740,2024-09-11,Delivered
506819,12983,2024-09-01,Delivered
506820,11611,2023-12-13,Delivered
506821,11533,2023-12-21,Delivered
506822,12861,2024-08-26,Delivered
506823,12441,2024-07-11,Delivered
506824,11898,2023-09-02,Cancelled
506825,11908,2023-10-22,Delivered
506826,10850,2024-06-04,Returned
506827,12375,2024-06-20,Delivered
506828,10954,2024-07-13,Delivered
506829,10934,2024-06-26,Delivered
506830,11260,2024-08-16,Cancelled
506831,10535,2023-09-26,Delivered
506832,11878,2024-07-01,Delivered
506833,10209,2024-03-11,Cancelled
506834,12260,2024-06-14,Delivered
506835,10702,2023-06-23,Delivered
506836,12230,2023-06-19,Delivered
506837,11446,2024-04-06,Delivered
506838,10665,2023-08-31,Delivered
506839,12060,2023-09-21,Delivered
506840,10971,2024-05-29,Delivered
506841,11131,2024-06-02,Delivered
506842,11278,2023-06-19,Delivered
506843,10664,2023-07-10,Delivered
506844,10390,2024-04-18,Cancelled
506845,11513,2023-08-25,Delivered
506846,12456,2024-07-27,Delivered
506847,12202,2023-09-07,Cancelled
506848,12420,2023-07-24,Returned
506849,11240,2024-07-20,Delivered
506850,12767,2024-08-01,Returned
506851,12778,2024-08-23,Returned
506852,12954,2024-07-11,Delivered
506853,12761,2024-03-12,Delivered
506854,10782,2024-06-21,Delivered
506855,10383,2024-07-21,Delivered
506856,12988,2024-06-17,Delivered
506857,10547,2024-04-30,Delivered
506858,11679,2024-02-19,Delivered
506859,10176,2023-09-11,Delivered
506860,10232,2024-05-17,Delivered
506861,11794,2024-06-18,Cancelled
506862,10772,2024-02-05,Delivered
506863,10741,2024-07-02,Delivered
506864,11757,2024-01-22,Delivered
506865,11415,2024-02-24,Returned
506866,11271,2024-01-01,Delivered
506867,10794,2024-06-14,Delivered
506868,12587,2024-03-28,Delivered
506869,11948,2024-05-16,Delivered
506870,10866,2023-12-27,Delivered
506871,12959,2023-08-12,Delivered
506872,11291,2023-07-02,Delivered
506873,11967,2024-07-11,Delivered
506874,12187,2023-11-12,Delivered
506875,12830,2023-10-10,Delivered
506876,11685,2023-09-01,Delivered
506877,12094,2023-08-25,Delivered
506878,10576,2023-09-24,Delivered
506879,11270,2023-07-06,Delivered
506880,12270,2023-12-06,Delivered
506881,12961,2024-07-29,Delivered
506882,12510,2024-09-02,Delivered
506883,11549,2023-12-17,Delivered
506884,12393,2024-03-04,Delivered
506885,10705,2023-10-07,Delivered
506886,11757,2024-07-12,Delivered
506887,11703,2024-05-19,Cancelled
506888,10295,2024-09-07,Delivered
506889,10005,2024-07-03,Delivered
506890,13053,2023-07-07,Delivered
506891,12975,2023-12-17,Delivered
506892,11715,2024-05-01,Delivered
506893,10069,2024-02-21,Returned
506894,13043,2023-10-08,Delivered
506895,12165,2023-07-28,Delivered
506896,10250,2024-04-24,Delivered
506897,11767,2023-09-21,Delivered
506898,11662,2024-04-10,Delivered
506899,12808,2024-04-03,Delivered
506900,10357,2023-07-19,Delivered
506901,10823,2023-06-14,Delivered
506902,12387,2024-01-15,Returned
506903,11215,2024-05-16,Delivered
506904,11490,2024-09-13,Delivered
506905,11368,2024-02-01,Delivered
506906,11609,2024-04-06,Delivered
506907,10698,2024-01-03,Delivered
506908,12430,2024-04-27,Returned
506909,11960,2023-12-12,Delivered
506910,12778,2023-10-07,Delivered
506911,12623,2024-08-22,Delivered
506912,11489,2023-07-16,Delivered
506913,10229,2023-10-26,Returned
506914,12408,2023-09-12,Delivered
506915,10326,2024-08-21,Delivered
506916,12752,2023-10-29,Delivered
506917,12049,2023-10-21,Delivered
506918,10203,2023-09-21,Delivered
506919,12981,2024-02-21,Delivered
506920,11746,2023-07-31,Delivered
506921,11228,2024-09-25,Delivered
506922,10556,2024-08-16,Delivered
506923,12892,2024-01-09,Delivered
506924,11000,2024-04-24,Delivered
506925,10757,2023-07-25,Delivered
506926,10122,2023-12-12,Delivered
506927,10609,2024-04-06,Delivered
506928,11157,2023-12-01,Delivered
506929,11946,2024-05-17,Cancelled
506930,11586,2024-01-25,Delivered
506931,10949,2023-12-25,Delivered
506932,11339,2023-07-16,Delivered
506933,10096,2023-07-06,Delivered
506934,11805,2024-03-18,Delivered
506935,10886,2023-06-20,Delivered
506936,11076,2024-09-22,Delivered
506937,12324,2023-07-04,Delivered
506938,12815,2023-09-13,Delivered
506939,10654,2024-04-30,Delivered
506940,12387,2023-11-13,Delivered
506941,10213,2023-09-07,Delivered
506942,11102,2024-09-18,Delivered
506943,10644,2024-07-07,Delivered
506944,11536,2023-08-29,Delivered
506945,11778,2023-08-04,Delivered
506946,11435,2023-12-15,Delivered
506947,12827,2023-08-24,Cancelled
506948,10296,2023-09-26,Delivered
506949,11291,2024-04-10,Delivered
506950,11951,2023-08-04,Delivered
506951,12957,2024-02-14,Delivered
506952,10328,2023-12-29,Delivered
506953,13050,2023-06-16,Delivered
506954,11948,2024-09-08,Delivered
506955,12042,2023-06-22,Delivered
506956,12927,2023-12-27,Delivered
506957,11312,2024-07-19,Delivered
506958,13003,2023-07-11,Returned
506959,10928,2024-06-15,Delivered
506960,11542,2023-11-30,Delivered
506961,11218,2024-06-25,Returned
506962,12620,2023-07-28,Delivered
506963,12030,2023-06-01,Delivered
506964,10834,2023-07-02,Delivered
506965,11369,2024-01-24,Returned
506966,12794,2024-07-07,Delivered
506967,11217,2024-08-10,Delivered
506968,11566,2024-07-27,Delivered
506969,12310,2024-07-04,Delivered
506970,11502,2024-08-30,Delivered
506971,12739,2023-10-21,Delivered
506972,11607,2023-07-08,Delivered
506973,11529,2023-07-27,Delivered
506974,10296,2024-03-02,Delivered
506975,10905,2023-06-17,Delivered
506976,12910,2023-08-13,Delivered
506977,10066,2023-06-17,Delivered
506978,11926,2024-01-03,Delivered
506979,10622,2024-07-29,Delivered
506980,11398,2024-04-04,Delivered
506981,12524,2023-09-11,Delivered
506982,11056,2023-08-25,Delivered
506983,12947,2024-07-18,Returned
506984,11632,2023-06-21,Delivered
506985,11652,2024-03-26,Delivered
506986,11101,2023-07-24,Delivered
506987,10745,2024-03-14,Delivered
506988,10072,2024-03-04,Delivered
506989,12326,2023-09-21,Delivered
506990,11435,2024-07-06,Delivered
506991,10551,2024-03-28,Delivered
506992,11553,2023-10-27,Delivered
506993,11150,2023-06-29,Delivered
506994,10093,2024-05-20,Cancelled
506995,12633,2024-04-09,Cancelled
506996,10047,2024-06-09,Delivered
506997,12105,2023-10-06,Delivered
506998,10887,2024-06-04,Delivered
506999,13043,2024-09-11,Delivered
507000,10671,2024-04-23,Delivered
507001,11442,2023-07-23,Delivered
507002,11126,2023-10-27,Delivered
507003,11652,2024-01-05,Delivered
507004,12259,2024-04-30,Delivered
507005,10925,2024-01-25,Delivered
507006,10873,2024-08-25,Delivered
507007,12943,2024-04-19,Delivered
507008,10263,2023-10-31,Delivered
507009,13043,2023-06-11,Delivered
507010,12105,2023-09-09,Delivered
507011,10297,2024-04-21,Delivered
507012,12713,2023-06-14,Delivered
507013,11205,2023-06-19,Delivered
507014,11091,2024-07-23,Delivered
507015,12736,2024-01-09,Delivered
507016,11156,2023-10-01,Delivered
507017,12324,2023-10-04,Delivered
507018,12915,2023-06-03,Delivered
507019,11233,2024-06-22,Delivered
507020,10863,2023-07-24,Delivered
507021,10410,2023-08-09,Delivered
507022,12713,2024-01-06,Delivered
507023,11775,2024-01-27,Delivered
507024,10558,2024-02-23,Delivered
507025,10213,2024-08-31,Delivered
507026,10124,2024-09-09,Cancelled
507027,10719,2023-12-23,Delivered
507028,13046,2024-08-20,Cancelled
507029,10732,2024-02-07,Delivered
507030,12637,2024-06-18,Cancelled
507031,12673,2023-11-27,Delivered
507032,11853,2024-03-02,Delivered
507033,12044,2023-08-19,Delivered
507034,12126,2024-05-22,Delivered
507035,11379,2024-02-14,Returned
507036,12204,2023-10-19,Delivered
507037,11368,2024-07-05,Delivered
507038,10489,2023-09-28,Delivered
507039,10583,2024-08-29,Delivered
507040,11904,2023-11-04,Delivered
507041,11175,2023-11-09,Cancelled
507042,11805,2024-05-15,Delivered
507043,10412,2023-07-17,Delivered
507044,10665,2024-02-13,Delivered
507045,11532,2023-09-30,Delivered
507046,10571,2024-03-30,Returned
507047,10925,2024-05-08,Delivered
507048,12464,2024-09-20,Returned
507049,12695,2024-09-01,Delivered
507050,10103,2023-12-15,Delivered
507051,12362,2023-06-25,Delivered
507052,12326,2024-07-25,Cancelled
507053,11397,2024-04-08,Delivered
507054,12083,2023-12-21,Delivered
507055,11276,2023-08-22,Delivered
507056,12581,2024-06-23,Delivered
507057,10978,2023-06-28,Delivered
507058,10935,2023-06-02,Delivered
507059,12552,2023-08-12,Delivered
507060,11796,2024-01-04,Delivered
507061,11421,2023-06-26,Delivered
507062,10465,2024-01-20,Delivered
507063,12523,2024-04-21,Delivered
507064,10649,2024-03-01,Returned
507065,12215,2023-09-24,Delivered
507066,12411,2023-11-04,Delivered
507067,10383,2024-07-24,Returned
507068,11123,2023-08-13,Delivered
507069,12419,2024-05-12,Delivered
507070,12221,2023-11-15,Delivered
507071,11878,2023-08-27,Delivered
507072,11173,2024-05-09,Delivered
507073,10478,2023-06-30,Delivered
507074,10367,2023-08-20,Delivered
507075,12490,2024-02-03,Cancelled
507076,10638,2024-05-08,Cancelled
507077,11993,2024-07-31,Delivered
507078,12095,2024-01-01,Delivered
507079,10350,2024-04-08,Delivered
507080,11591,2024-06-29,Delivered
507081,12283,2024-04-08,Cancelled
507082,10350,2024-07-19,Delivered
507083,11681,2024-02-24,Delivered
507084,12171,2024-03-12,Delivered
507085,10070,2023-11-16,Cancelled
507086,10783,2023-07-27,Delivered
507087,10304,2024-06-13,Delivered
507088,10264,2024-06-29,Delivered
507089,10130,2024-01-11,Delivered
507090,10115,2024-09-28,Delivered
507091,11239,2024-09-02,Delivered
507092,10860,2023-09-21,Delivered
507093,11049,2024-01-01,Delivered
507094,11679,2024-07-29,Delivered
507095,12115,2024-06-25,Delivered
507096,12704,2024-08-15,Delivered
507097,10941,2024-02-03,Delivered
507098,11520,2024-08-20,Delivered
507099,10566,2023-07-24,Returned
507100,11382,2024-04-13,Delivered
507101,11314,2024-03-15,Delivered
507102,12671,2024-01-28,Delivered
507103,10679,2024-09-20,Delivered
507104,11618,2024-06-07,Delivered
507105,11996,2024-05-08,Delivered
507106,10941,2024-02-05,Delivered
507107,11837,2024-07-09,Delivered
507108,11051,2024-08-14,Delivered
507109,10588,2024-08-30,Delivered
507110,11044,2024-06-14,Delivered
507111,10631,2024-09-16,Delivered
507112,12789,2023-12-17,Delivered
507113,10698,2023-07-21,Delivered
507114,10167,2024-07-14,Delivered
507115,12997,2024-05-31,Delivered
507116,10241,2023-12-15,Delivered
507117,11763,2024-01-20,Cancelled
507118,10658,2024-08-14,Delivered
507119,11152,2024-02-18,Delivered
507120,11880,2023-07-23,Delivered
507121,10339,2023-12-04,Delivered
507122,12941,2023-10-11,Delivered
507123,10149,2024-05-25,Returned
507124,10242,2023-06-22,Delivered
507125,12927,2024-04-24,Delivered
507126,11074,2023-07-26,Delivered
507127,10592,2023-11-14,Delivered
507128,11319,2024-05-02,Delivered
507129,10952,2024-03-07,Delivered
507130,10176,2024-05-06,Cancelled
507131,11644,2024-03-16,Delivered
507132,12102,2024-04-18,Delivered
507133,12266,2024-05-06,Returned
507134,11975,2024-08-01,Returned
507135,11030,2024-03-16,Delivered
507136,12953,2024-07-15,Delivered
507137,11924,2024-08-26,Delivered
507138,10484,2024-04-16,Delivered
507139,10382,2024-08-22,Delivered
507140,11199,2023-10-17,Delivered
507141,10314,2024-06-16,Delivered
507142,12188,2024-07-23,Delivered
507143,11395,2023-08-22,Cancelled
507144,11363,2024-02-29,Delivered
507145,12333,2024-01-21,Delivered
507146,10822,2023-12-08,Delivered
507147,11870,2023-12-02,Delivered
507148,10131,2024-07-12,Delivered
507149,12289,2023-09-24,Delivered
507150,11679,2024-07-04,Returned
507151,11408,2024-02-22,Delivered
507152,10913,2024-05-24,Delivered
507153,12902,2024-06-28,Delivered
507154,11944,2023-10-29,Delivered
507155,11806,2024-02-19,Delivered
507156,11634,2024-04-17,Delivered
507157,12947,2024-07-24,Delivered
507158,10855,2024-02-09,Delivered
507159,11797,2024-04-30,Delivered
507160,11804,2023-06-13,Delivered
507161,11367,2023-08-22,Delivered
507162,10477,2024-07-14,Cancelled
507163,12172,2024-08-28,Cancelled
507164,10374,2023-11-21,Cancelled
507165,10748,2024-02-01,Delivered
507166,12332,2024-09-06,Delivered
507167,10298,2023-06-29,Cancelled
507168,13055,2024-05-24,Delivered
507169,10067,2023-09-03,Delivered
507170,10265,2023-08-06,Delivered
507171,11847,2024-03-01,Delivered
507172,11935,2024-04-05,Delivered
507173,11805,2024-04-05,Delivered
507174,11569,2024-06-13,Delivered
507175,11345,2023-06-25,Delivered
507176,13044,2023-09-28,Delivered
507177,11724,2023-10-25,Delivered
507178,12940,2024-07-03,Delivered
507179,11607,2024-05-16,Delivered
507180,10425,2024-09-12,Delivered
507181,11435,2024-09-17,Delivered
507182,10234,2024-04-17,Delivered
507183,11681,2023-08-02,Delivered
507184,10772,2024-05-30,Delivered
507185,12634,2024-05-05,Delivered
507186,10930,2024-05-05,Delivered
507187,11485,2023-08-21,Delivered
507188,12078,2024-08-30,Delivered
507189,10606,2024-06-03,Delivered
507190,10588,2023-10-17,Delivered
507191,12936,2024-05-31,Delivered
507192,10972,2024-05-24,Delivered
507193,11961,2023-07-31,Delivered
507194,11419,2023-07-08,Delivered
507195,10704,2024-04-15,Cancelled
507196,11599,2024-02-07,Delivered
507197,11081,2024-01-21,Delivered
507198,11750,2024-08-09,Delivered
507199,12510,2024-08-01,Delivered
507200,11986,2023-10-02,Delivered
507201,10325,2024-07-07,Delivered
507202,11856,2023-12-07,Delivered
507203,13024,2024-04-11,Delivered
507204,12183,2024-05-24,Delivered
507205,11462,2024-04-25,Delivered
507206,12300,2024-05-22,Delivered
507207,10482,2024-07-02,Delivered
507208,11105,2024-05-10,Delivered
507209,10195,2023-07-28,Cancelled
507210,11257,2024-05-04,Returned
507211,11694,2023-11-18,Delivered
507212,12430,2023-06-02,Delivered
507213,11530,2024-09-23,Delivered
507214,11678,2024-06-30,Delivered
507215,12977,2023-09-30,Delivered
507216,12670,2023-12-24,Delivered
507217,10292,2024-07-14,Returned
507218,12285,2023-07-20,Delivered
507219,12037,2024-04-17,Delivered
507220,10899,2024-02-22,Delivered
507221,10288,2024-06-15,Delivered
507222,11301,2024-05-31,Delivered
507223,11245,2024-08-18,Delivered
507224,12718,2024-04-16,Delivered
507225,10182,2023-08-16,Returned
507226,10958,2024-05-28,Delivered
507227,12366,2024-06-29,Returned
507228,11863,2024-03-18,Delivered
507229,11338,2024-09-07,Delivered
507230,10888,2024-04-12,Delivered
507231,11379,2023-08-12,Delivered
507232,10539,2023-10-24,Delivered
507233,10523,2024-02-24,Delivered
507234,10567,2023-09-09,Delivered
507235,12188,2023-12-07,Delivered
507236,12231,2024-06-17,Cancelled
507237,10644,2024-05-18,Delivered
507238,12175,2024-08-23,Delivered
507239,11757,2023-10-05,Delivered
507240,11157,2024-03-14,Delivered
507241,12175,2024-04-20,Delivered
507242,11751,2024-06-09,Delivered
507243,12105,2023-06-01,Delivered
507244,11413,2024-03-14,Returned
507245,12378,2024-09-11,Delivered
507246,12857,2023-10-10,Delivered
507247,12523,2024-03-16,Delivered
507248,10849,2024-07-28,Delivered
507249,11320,2023-06-10,Delivered
507250,12757,2024-06-16,Delivered
507251,10771,2023-11-13,Returned
507252,12888,2024-08-31,Delivered
507253,11239,2023-06-30,Returned
507254,12323,2024-05-28,Returned
507255,10862,2023-11-14,Delivered
507256,11709,2024-05-18,Delivered
507257,10835,2023-11-21,Cancelled
507258,12233,2024-01-05,Delivered
507259,11838,2024-01-06,Delivered
507260,12649,2023-07-31,Delivered
507261,10648,2024-04-10,Delivered
507262,10873,2024-05-30,Delivered
507263,11217,2023-07-30,Delivered
507264,10391,2024-09-09,Delivered
507265,11320,2024-01-12,Delivered
507266,10305,2023-08-25,Delivered
507267,12432,2024-02-16,Returned
507268,11221,2024-06-23,Delivered
507269,11912,2023-09-26,Delivered
507270,12048,2024-04-29,Returned
507271,11916,2024-03-10,Delivered
507272,11764,2024-02-28,Cancelled
507273,12674,2023-09-14,Delivered
507274,10529,2024-03-17,Delivered
507275,11526,2023-11-09,Delivered
507276,12798,2024-09-18,Delivered
507277,11089,2023-11-02,Delivered
507278,12859,2024-03-30,Delivered
507279,10799,2024-07-25,Cancelled
507280,10421,2024-02-22,Delivered
507281,10671,2024-07-10,Delivered
507282,12102,2023-07-20,Delivered
507283,12030,2023-06-17,Delivered
507284,10368,2023-11-12,Delivered
507285,12649,2024-08-12,Delivered
507286,11099,2023-12-24,Delivered
507287,11484,2024-04-26,Delivered
507288,12581,2023-07-11,Delivered
507289,12469,2023-11-14,Delivered
507290,12815,2023-09-29,Cancelled
507291,10419,2023-12-07,Delivered
507292,11401,2024-06-08,Delivered
507293,11409,2024-07-19,Delivered
507294,11924,2023-08-26,Delivered
507295,12337,2024-06-04,Delivered
507296,10298,2024-03-11,Delivered
507297,12426,2023-07-01,Delivered
507298,12846,2023-12-28,Delivered
507299,12352,2023-10-10,Delivered
507300,10122,2023-07-23,Cancelled
507301,11287,2023-07-21,Delivered
507302,11461,2024-06-05,Delivered
507303,10942,2024-05-21,Delivered
507304,10616,2023-08-25,Delivered
507305,10673,2024-04-10,Returned
507306,10849,2023-12-14,Delivered
507307,11324,2024-05-19,Delivered
507308,11003,2024-07-23,Delivered
507309,10122,2023-12-15,Delivered
507310,10182,2024-03-23,Delivered
507311,12739,2024-09-24,Cancelled
507312,10930,2023-07-06,Delivered
507313,11878,2023-06-29,Delivered
507314,12245,2024-09-22,Delivered
507315,11724,2023-12-05,Delivered
507316,11566,2024-08-13,Delivered
507317,11370,2023-07-29,Delivered
507318,12905,2023-08-11,Delivered
507319,11948,2024-03-17,Cancelled
507320,11025,2024-04-28,Delivered
507321,12489,2023-07-04,Delivered
507322,11467,2023-09-16,Delivered
507323,11250,2024-01-24,Cancelled
507324,10930,2023-10-10,Delivered
507325,11413,2024-03-23,Delivered
507326,10147,2024-03-04,Delivered
507327,11805,2024-07-19,Delivered
507328,12587,2024-01-07,Delivered
507329,11904,2024-02-29,Delivered
507330,10535,2024-03-15,Delivered
507331,11875,2023-11-15,Delivered
507332,13034,2024-04-08,Delivered
507333,10297,2023-11-25,Delivered
507334,11766,2024-05-11,Returned
507335,11732,2023-07-23,Delivered
507336,12114,2023-10-06,Delivered
507337,12642,2023-07-04,Delivered
507338,11543,2023-11-21,Delivered
507339,11473,2023-09-19,Delivered
507340,12261,2024-05-13,Delivered
507341,10804,2023-12-17,Delivered
507342,10955,2024-04-08,Delivered
507343,12613,2023-11-25,Delivered
507344,12078,2023-12-07,Delivered
507345,12029,2023-08-15,Cancelled
507346,13058,2023-06-18,Delivered
507347,12305,2024-04-18,Delivered
507348,11278,2024-02-03,Delivered
507349,12213,2023-09-01,Delivered
507350,11357,2024-07-18,Delivered
507351,11699,2024-07-25,Delivered
507352,11173,2023-12-21,Cancelled
507353,11164,2023-06-11,Delivered
507354,11644,2023-11-26,Delivered
507355,11424,2024-01-13,Cancelled
507356,10121,2023-08-15,Cancelled
507357,11607,2024-02-27,Delivered
507358,10368,2024-09-23,Delivered
507359,11551,2023-11-10,Delivered
507360,10892,2023-07-12,Delivered
507361,12320,2024-06-29,Delivered
507362,11954,2024-09-06,Cancelled
507363,11777,2023-12-09,Delivered
507364,10530,2024-03-26,Cancelled
507365,12158,2024-07-01,Delivered
507366,10241,2023-09-23,Delivered
507367,10704,2024-06-03,Delivered
507368,10871,2023-09-11,Delivered
507369,12175,2023-07-11,Delivered
507370,10556,2024-03-04,Delivered
507371,12997,2023-11-06,Delivered
507372,10428,2024-01-13,Delivered
507373,12117,2024-09-13,Returned
507374,12056,2024-08-13,Delivered
507375,11922,2024-06-12,Delivered
507376,10606,2023-10-26,Delivered
507377,11346,2023-10-06,Delivered
507378,11105,2024-06-05,Delivered
507379,10779,2024-03-08,Cancelled
507380,11265,2023-10-17,Delivered
507381,12037,2023-07-21,Delivered
507382,11534,2024-09-30,Delivered
507383,12552,2024-04-25,Delivered
507384,12378,2024-02-01,Delivered
507385,10802,2023-06-29,Delivered
507386,12729,2024-06-17,Cancelled
507387,11794,2024-03-25,Delivered
507388,11813,2024-01-24,Delivered
507389,11235,2023-07-09,Delivered
507390,10315,2023-12-16,Delivered
507391,10928,2024-07-24,Cancelled
507392,11303,2024-03-30,Delivered
507393,10079,2023-12-10,Delivered
507394,10391,2024-09-10,Delivered
507395,12343,2024-02-15,Delivered
507396,10863,2024-01-11,Cancelled
507397,12654,2023-09-25,Delivered
507398,11065,2023-08-08,Delivered
507399,10008,2023-11-26,Delivered
507400,11569,2023-06-13,Delivered
507401,10754,2023-11-05,Delivered
507402,10324,2023-11-17,Delivered
507403,11933,2024-07-05,Delivered
507404,11569,2024-04-04,Delivered
507405,10905,2024-01-24,Delivered
507406,13006,2024-02-14,Delivered
507407,10276,2023-10-10,Returned
507408,11123,2024-03-07,Delivered
507409,10322,2024-01-18,Delivered
507410,10020,2024-08-05,Returned
507411,11022,2023-11-04,Delivered
507412,10029,2023-09-04,Delivered
507413,12198,2024-08-13,Returned
507414,10381,2024-09-16,Delivered
507415,11721,2023-08-03,Delivered
507416,12432,2023-07-14,Delivered
507417,10253,2024-08-25,Delivered
507418,12349,2023-08-17,Delivered
507419,10784,2024-01-14,Delivered
507420,10720,2023-12-31,Delivered
507421,10345,2024-01-24,Delivered
507422,10229,2024-04-24,Returned
507423,12687,2024-08-26,Delivered
507424,13009,2023-10-25,Delivered
507425,13042,2024-01-19,Delivered
507426,10943,2024-08-02,Delivered
507427,11695,2024-03-04,Delivered
507428,11689,2024-06-25,Delivered
507429,10835,2023-06-08,Delivered
507430,12218,2023-12-25,Delivered
507431,10234,2024-07-31,Delivered
507432,12967,2024-09-13,Delivered
507433,10550,2023-07-11,Delivered
507434,12894,2023-09-06,Cancelled
507435,10930,2023-11-20,Delivered
507436,12981,2024-05-29,Delivered
507437,12203,2024-03-25,Delivered
507438,11913,2024-02-27,Delivered
507439,12062,2023-07-16,Delivered
507440,10784,2024-08-24,Delivered
507441,10203,2023-07-04,Delivered
507442,10368,2024-05-07,Delivered
507443,11707,2023-10-18,Cancelled
507444,11740,2024-04-18,Delivered
507445,12015,2023-08-27,Delivered
507446,11194,2024-09-08,Delivered
507447,10651,2024-08-06,Delivered
507448,10997,2024-01-13,Delivered
507449,12907,2023-11-06,Delivered
507450,12948,2024-07-27,Delivered
507451,10156,2024-03-19,Delivered
507452,11025,2023-06-05,Cancelled
507453,12767,2024-08-02,Delivered
507454,12039,2024-06-17,Delivered
507455,11775,2024-09-03,Delivered
507456,10240,2024-02-04,Cancelled
507457,11331,2023-12-21,Delivered
507458,11340,2023-08-03,Cancelled
507459,10869,2024-07-05,Delivered
507460,12117,2023-08-04,Delivered
507461,12873,2024-09-13,Returned
507462,12103,2023-08-20,Delivered
507463,12931,2023-08-12,Delivered
507464,10452,2023-06-10,Delivered
507465,11213,2023-12-24,Delivered
507466,11624,2024-08-13,Delivered
507467,11435,2024-04-15,Delivered
507468,10952,2024-08-26,Delivered
507469,10224,2023-10-27,Delivered
507470,12276,2023-07-15,Delivered
507471,11705,2023-11-06,Delivered
507472,12632,2023-06-02,Delivered
507473,10616,2023-08-02,Delivered
507474,11110,2023-09-05,Delivered
507475,12983,2024-01-28,Delivered
507476,12312,2024-09-06,Delivered
507477,12315,2024-01-26,Delivered
507478,11884,2023-08-10,Delivered
507479,11705,2024-05-26,Cancelled
507480,10634,2023-11-02,Delivered
507481,10633,2024-06-02,Delivered
507482,12632,2024-08-08,Delivered
507483,10098,2024-08-29,Delivered
507484,11763,2024-04-24,Delivered
507485,11925,2024-08-26,Delivered
507486,11912,2024-03-22,Delivered
507487,12311,2023-09-03,Delivered
507488,11149,2024-06-12,Delivered
507489,11578,2023-07-08,Delivered
507490,11238,2024-03-01,Delivered
507491,11458,2023-08-16,Delivered
507492,12029,2024-07-29,Cancelled
507493,10404,2023-07-18,Delivered
507494,11087,2024-02-14,Delivered
507495,10357,2024-05-30,Delivered
507496,12639,2024-08-23,Delivered
507497,10574,2024-08-12,Delivered
507498,12902,2024-08-31,Delivered
507499,10111,2024-08-06,Delivered
507500,12587,2023-09-15,Delivered
507501,11632,2024-02-05,Delivered
507502,12219,2023-07-21,Delivered
507503,11257,2024-07-19,Delivered
507504,10340,2024-09-10,Delivered
507505,12522,2023-08-27,Delivered
507506,12924,2023-07-08,Delivered
507507,11009,2024-02-13,Returned
507508,12693,2023-08-21,Delivered
507509,11421,2023-12-11,Delivered
507510,12390,2023-08-27,Delivered
507511,12053,2023-08-19,Delivered
507512,12778,2023-09-19,Cancelled
507513,10689,2023-12-24,Delivered
507514,10079,2023-08-06,Delivered
507515,12430,2023-12-12,Delivered
507516,11435,2024-05-07,Delivered
507517,10661,2024-05-22,Delivered
507518,11442,2024-01-29,Returned
507519,11942,2024-01-02,Delivered
507520,10027,2023-07-14,Cancelled
507521,11929,2024-06-03,Delivered
507522,10326,2023-09-11,Delivered
507523,12315,2024-03-03,Delivered
507524,11489,2024-01-17,Delivered
507525,12888,2024-03-29,Delivered
507526,12476,2024-06-12,Delivered
507527,11450,2023-08-18,Delivered
507528,12349,2024-04-03,Delivered
507529,12427,2024-05-04,Delivered
507530,12879,2024-09-23,Returned
507531,11934,2024-04-04,Delivered
507532,12155,2024-01-26,Delivered
507533,10503,2024-01-05,Delivered
507534,10295,2023-08-05,Returned
507535,11147,2024-05-11,Delivered
507536,10698,2024-06-08,Returned
507537,12373,2024-07-28,Delivered
507538,10987,2023-12-01,Delivered
507539,10799,2024-05-17,Delivered
507540,11812,2023-06-27,Returned
507541,10905,2023-10-12,Delivered
507542,10099,2023-09-22,Delivered
507543,10394,2024-06-27,Delivered
507544,11085,2023-12-05,Delivered
507545,12942,2024-05-18,Delivered
507546,10798,2024-09-10,Delivered
507547,11680,2024-02-15,Returned
507548,11435,2023-10-09,Delivered
507549,12125,2023-07-06,Delivered
507550,10112,2024-01-28,Delivered
507551,10798,2024-06-18,Delivered
507552,11703,2023-07-28,Delivered
507553,10662,2023-07-12,Delivered
507554,11873,2023-08-19,Delivered
507555,11388,2024-09-20,Delivered
507556,12508,2024-05-04,Delivered
507557,12807,2024-01-19,Delivered
507558,10369,2024-01-24,Cancelled
507559,10218,2024-06-27,Delivered
507560,11322,2024-05-06,Cancelled
507561,12151,2023-09-26,Delivered
507562,10122,2024-02-23,Delivered
507563,10671,2023-10-04,Delivered
507564,11478,2024-02-05,Delivered
507565,12173,2023-12-17,Delivered
507566,11278,2023-10-19,Delivered
507567,10804,2023-06-11,Delivered
507568,10647,2024-06-29,Delivered
507569,10935,2024-02-11,Delivered
507570,12717,2024-08-31,Returned
507571,12542,2024-03-29,Delivered
507572,10306,2023-08-26,Cancelled
507573,10664,2023-12-06,Delivered
507574,11173,2023-06-10,Delivered
507575,13013,2024-08-06,Delivered
507576,11960,2024-03-01,Delivered
507577,11757,2023-09-16,Delivered
507578,10166,2024-09-18,Cancelled
507579,10566,2023-10-03,Delivered
507580,12646,2024-02-03,Returned
507581,10822,2023-08-03,Delivered
507582,12113,2024-08-30,Delivered
507583,12937,2023-10-07,Delivered
507584,11160,2024-05-26,Delivered
507585,12906,2023-10-26,Delivered
507586,11551,2023-11-11,Delivered
507587,10175,2023-06-15,Delivered
507588,10662,2024-09-21,Delivered
507589,11293,2024-01-16,Delivered
507590,11257,2024-07-28,Delivered
507591,11830,2023-06-24,Delivered
507592,11266,2023-08-12,Delivered
507593,11715,2024-07-30,Delivered
507594,10008,2023-08-22,Cancelled
507595,10386,2024-05-10,Delivered
507596,10166,2023-08-07,Delivered
507597,11218,2024-01-31,Delivered
507598,10869,2024-02-02,Delivered
507599,10793,2024-02-29,Delivered
507600,11814,2023-12-27,Returned
507601,11122,2024-03-16,Delivered
507602,10704,2024-07-05,Returned
507603,12161,2023-08-19,Delivered
507604,12319,2024-02-16,Returned
507605,10107,2023-08-31,Delivered
507606,12396,2023-11-04,Delivered
507607,10535,2024-08-20,Cancelled
507608,11280,2024-07-19,Delivered
507609,12332,2023-12-20,Returned
507610,10971,2023-07-16,Delivered
507611,12459,2023-08-07,Delivered
507612,10952,2024-01-26,Returned
507613,10711,2024-02-15,Delivered
507614,12102,2023-07-12,Delivered
507615,12846,2023-10-30,Delivered
507616,11395,2024-09-16,Delivered
507617,12687,2024-01-06,Cancelled
507618,11605,2024-06-09,Returned
507619,10862,2024-03-03,Returned
507620,11276,2024-07-05,Delivered
507621,12283,2023-08-02,Delivered
507622,11033,2023-11-15,Delivered
507623,10609,2024-01-27,Delivered
507624,11786,2023-07-23,Delivered
507625,12443,2024-03-29,Delivered
507626,10743,2023-12-14,Delivered
507627,11202,2023-10-16,Cancelled
507628,10661,2024-08-05,Delivered
507629,10359,2023-11-22,Delivered
507630,10649,2024-01-25,Delivered
507631,10314,2024-04-25,Delivered
507632,12064,2024-03-11,Delivered
507633,11569,2024-01-25,Delivered
507634,12094,2023-06-11,Returned
507635,11775,2024-02-24,Delivered
507636,10806,2023-10-30,Returned
507637,10782,2024-09-04,Delivered
507638,12724,2024-06-05,Delivered
507639,12430,2024-02-20,Cancelled
507640,10987,2024-06-03,Cancelled
507641,10236,2023-06-05,Returned
507642,10875,2024-09-30,Delivered
507643,12255,2024-09-13,Delivered
507644,10070,2023-09-01,Delivered
507645,10209,2024-02-02,Delivered
507646,12512,2024-07-30,Delivered
507647,12037,2024-02-15,Delivered
507648,12763,2023-12-04,Returned
507649,10278,2024-04-20,Delivered
507650,12380,2024-01-20,Delivered
507651,11614,2024-03-28,Delivered
507652,11360,2024-08-30,Delivered
507653,10869,2024-01-28,Delivered
507654,10805,2024-02-02,Delivered
507655,12808,2023-06-02,Delivered
507656,12378,2023-06-17,Delivered
507657,10949,2024-08-14,Cancelled
507658,10326,2023-08-21,Delivered
507659,11403,2024-06-23,Delivered
507660,11441,2023-08-28,Delivered
507661,10419,2024-07-28,Delivered
507662,11409,2023-12-22,Returned
507663,10588,2024-05-19,Delivered
507664,11333,2023-07-09,Delivered
507665,13001,2023-09-08,Delivered
507666,10093,2024-06-04,Delivered
507667,11954,2024-05-09,Delivered
507668,12764,2024-03-17,Delivered
507669,10482,2024-04-29,Delivered
507670,11467,2024-06-01,Delivered
507671,12693,2024-08-25,Delivered
507672,12671,2023-11-17,Delivered
507673,10498,2023-11-18,Delivered
507674,10318,2024-03-03,Returned
507675,10526,2023-10-25,Delivered
507676,11492,2024-03-04,Delivered
507677,10098,2024-08-04,Delivered
507678,12410,2023-08-28,Delivered
507679,10143,2023-06-30,Delivered
507680,12988,2023-10-30,Cancelled
507681,10458,2023-07-27,Delivered
507682,10855,2023-12-25,Delivered
507683,11128,2023-09-26,Delivered
507684,11513,2024-08-30,Returned
507685,11523,2024-03-16,Returned
507686,10586,2023-07-13,Delivered
507687,11832,2023-09-02,Delivered
507688,12221,2024-02-10,Delivered
507689,12448,2023-08-10,Delivered
507690,11186,2023-10-07,Delivered
507691,11269,2023-09-16,Delivered
507692,10477,2023-07-21,Delivered
507693,12732,2024-02-05,Delivered
507694,12398,2023-07-15,Delivered
507695,10596,2023-09-06,Delivered
507696,11727,2024-09-22,Returned
507697,10853,2023-09-04,Delivered
507698,10364,2023-11-29,Delivered
507699,11506,2024-08-18,Returned
507700,11006,2024-04-30,Delivered
507701,10799,2023-12-01,Delivered
507702,11878,2023-06-01,Returned
507703,10357,2024-03-12,Delivered
507704,11055,2024-09-04,Cancelled
507705,11699,2023-11-01,Delivered
507706,12736,2023-08-14,Delivered
507707,12851,2023-06-07,Delivered
507708,12048,2023-09-17,Delivered
507709,12496,2024-09-24,Delivered
507710,11028,2024-07-14,Delivered
507711,12784,2024-01-06,Delivered
507712,11051,2024-01-24,Delivered
507713,12740,2024-04-27,Delivered
507714,10105,2024-09-22,Delivered
507715,11128,2024-01-20,Delivered
507716,10788,2023-08-24,Delivered
507717,12892,2024-03-05,Delivered
507718,10509,2024-09-01,Cancelled
507719,12515,2024-09-09,Delivered
507720,11512,2024-07-14,Cancelled
507721,11048,2023-07-05,Delivered
507722,10609,2024-06-02,Delivered
507723,11512,2023-08-23,Cancelled
507724,12111,2023-06-06,Delivered
507725,10421,2023-07-25,Delivered
507726,12087,2024-06-07,Returned
507727,10852,2023-11-04,Delivered
507728,11196,2023-10-02,Delivered
507729,12315,2024-08-05,Delivered
507730,10841,2024-09-11,Delivered
507731,12113,2023-12-24,Delivered
507732,11942,2024-06-02,Delivered
507733,12311,2023-08-09,Delivered
507734,10863,2024-02-19,Delivered
507735,10398,2024-05-06,Cancelled
507736,10212,2024-01-22,Cancelled
507737,12155,2024-08-06,Cancelled
507738,12587,2023-09-14,Returned
507739,12879,2024-09-12,Delivered
507740,11554,2024-02-09,Delivered
507741,12976,2023-11-08,Delivered
507742,11474,2024-09-17,Delivered
507743,11194,2024-01-20,Delivered
507744,11623,2024-08-23,Delivered
507745,10001,2023-12-19,Delivered
507746,10363,2023-07-16,Delivered
507747,12451,2024-02-07,Delivered
507748,10699,2024-01-13,Delivered
507749,12987,2023-12-20,Delivered
507750,10571,2024-06-19,Delivered
507751,11048,2023-09-11,Delivered
507752,11853,2024-05-28,Delivered
507753,12011,2024-08-18,Delivered
507754,10910,2023-11-11,Returned
507755,11272,2023-08-09,Delivered
507756,10880,2023-09-02,Delivered
507757,12280,2023-11-26,Delivered
507758,10115,2024-02-10,Delivered
507759,10037,2024-05-08,Delivered
507760,12519,2023-06-21,Delivered
507761,11934,2024-07-03,Returned
507762,10574,2024-02-25,Delivered
507763,13039,2024-08-19,Delivered
507764,11632,2024-01-23,Delivered
507765,11275,2023-06-21,Delivered
507766,10297,2024-07-04,Cancelled
507767,10296,2023-09-10,Delivered
507768,11282,2024-03-03,Delivered
507769,11143,2023-10-10,Delivered
507770,11467,2024-02-19,Delivered
507771,11888,2023-12-12,Delivered
507772,10513,2024-07-10,Delivered
507773,11315,2024-09-04,Delivered
507774,12605,2023-08-08,Delivered
507775,12714,2024-07-21,Delivered
507776,12285,2023-08-28,Delivered
507777,10529,2024-06-17,Delivered
507778,10968,2023-09-13,Delivered
507779,11037,2024-08-15,Returned
507780,12278,2024-06-14,Delivered
507781,12694,2024-06-11,Delivered
507782,10209,2023-09-26,Delivered
507783,12896,2024-04-28,Delivered
507784,10916,2024-01-18,Delivered
507785,13056,2024-08-16,Delivered
507786,12852,2024-01-31,Delivered
507787,12427,2024-03-11,Delivered
507788,10582,2023-06-24,Delivered
507789,10911,2024-06-21,Delivered
507790,13028,2024-03-29,Delivered
507791,11073,2024-05-23,Delivered
507792,12552,2023-09-15,Delivered
507793,12910,2024-01-10,Cancelled
507794,12322,2023-12-30,Delivered
507795,11490,2023-08-22,Delivered
507796,11244,2023-11-13,Cancelled
507797,10048,2024-08-31,Delivered
507798,11235,2024-09-20,Delivered
507799,11684,2024-05-16,Delivered
507800,10698,2023-09-30,Returned
507801,12784,2023-06-30,Delivered
507802,10462,2024-03-23,Delivered
507803,11795,2024-05-16,Delivered
507804,10459,2024-05-18,Delivered
507805,11125,2024-03-31,Delivered
507806,11863,2024-06-05,Delivered
507807,11593,2023-12-30,Delivered
507808,12514,2023-11-14,Delivered
507809,11001,2023-08-26,Delivered
507810,10383,2023-10-05,Cancelled
507811,11175,2023-07-07,Returned
507812,11669,2024-09-14,Delivered
507813,11578,2023-09-26,Returned
507814,10556,2024-04-10,Returned
507815,11049,2024-09-04,Cancelled
507816,11069,2023-08-20,Delivered
507817,12634,2024-07-16,Delivered
507818,12711,2024-01-01,Delivered
507819,12987,2024-02-24,Delivered
507820,12266,2023-07-06,Cancelled
507821,12846,2024-07-22,Delivered
507822,12205,2023-12-05,Delivered
507823,12476,2024-04-05,Returned
507824,12924,2023-12-20,Delivered
507825,12056,2023-09-19,Cancelled
507826,10996,2024-05-13,Cancelled
507827,11651,2024-08-16,Delivered
507828,11837,2024-07-16,Delivered
507829,12534,2024-04-21,Delivered
507830,12273,2023-07-28,Delivered
507831,10175,2024-04-13,Delivered
507832,11356,2023-09-17,Delivered
507833,11970,2024-02-08,Delivered
507834,11250,2024-05-12,Returned
507835,10175,2023-06-07,Delivered
507836,12494,2024-05-11,Cancelled
507837,10353,2023-08-30,Delivered
507838,11964,2024-01-17,Delivered
507839,10728,2024-03-07,Delivered
507840,10873,2024-07-06,Delivered
507841,11630,2024-07-06,Delivered
507842,10525,2024-08-27,Delivered
507843,13054,2023-11-02,Delivered
507844,11079,2023-09-10,Delivered
507845,11433,2024-02-01,Delivered
507846,11315,2024-08-24,Delivered
507847,10566,2023-10-22,Delivered
507848,11230,2024-06-08,Delivered
507849,12162,2024-05-27,Delivered
507850,11707,2023-11-26,Cancelled
507851,12266,2023-07-04,Delivered
507852,11731,2024-05-27,Delivered
507853,12422,2024-02-08,Delivered
507854,10425,2023-09-05,Delivered
507855,11880,2024-03-21,Delivered
507856,12812,2024-07-14,Delivered
507857,11551,2024-01-21,Delivered
507858,11368,2023-07-14,Delivered
507859,12398,2024-07-28,Returned
507860,12429,2023-12-12,Delivered
507861,11079,2024-01-08,Delivered
507862,11514,2023-11-04,Delivered
507863,12357,2024-07-01,Delivered
507864,10912,2024-07-21,Delivered
507865,12056,2024-03-12,Delivered
507866,12498,2024-06-25,Returned
507867,12600,2024-07-04,Delivered
507868,10037,2024-03-26,Returned
507869,10239,2024-01-18,Delivered
507870,10869,2023-11-22,Cancelled
507871,10112,2023-06-23,Delivered
507872,11241,2024-02-06,Delivered
507873,10020,2023-11-27,Delivered
507874,11988,2024-02-25,Delivered
507875,11071,2024-08-12,Delivered
507876,11704,2023-07-01,Delivered
507877,12349,2024-07-08,Delivered
507878,12004,2024-09-02,Delivered
507879,10866,2023-09-26,Delivered
507880,12479,2023-07-18,Delivered
507881,11036,2024-03-04,Delivered
507882,11442,2024-02-01,Delivered
507883,12911,2023-08-28,Delivered
507884,10539,2023-07-29,Delivered
507885,11188,2023-06-28,Delivered
507886,11278,2023-08-03,Delivered
507887,11008,2023-06-01,Delivered
507888,12430,2024-02-18,Delivered
507889,11705,2024-07-31,Returned
507890,11424,2023-06-08,Delivered
507891,12639,2024-01-30,Returned
507892,10358,2024-06-27,Returned
507893,13028,2024-03-20,Delivered
507894,12016,2023-10-18,Delivered
507895,13009,2024-08-01,Delivered
507896,12600,2023-12-27,Delivered
507897,11783,2024-08-09,Delivered
507898,12048,2023-07-21,Delivered
507899,10513,2023-09-11,Delivered
507900,10875,2024-05-06,Delivered
507901,11278,2024-02-29,Delivered
507902,11830,2023-12-29,Delivered
507903,11239,2024-07-26,Delivered
507904,10164,2024-09-22,Delivered
507905,12613,2023-06-01,Delivered
507906,12839,2024-09-11,Delivered
507907,10802,2024-01-12,Returned
507908,12776,2024-07-10,Delivered
507909,10156,2024-09-16,Delivered
507910,11710,2024-05-24,Delivered
507911,12892,2024-05-20,Returned
507912,11023,2023-07-01,Delivered
507913,12322,2024-03-01,Returned
507914,12606,2024-05-18,Delivered
507915,10955,2024-08-29,Delivered
507916,10247,2023-07-27,Delivered
507917,11355,2023-07-07,Delivered
507918,10543,2024-02-11,Delivered
507919,12993,2023-11-02,Returned
507920,10657,2023-06-12,Returned
507921,11636,2023-06-07,Delivered
507922,10625,2023-11-18,Delivered
507923,11299,2024-07-28,Delivered
507924,10326,2023-11-11,Delivered
507925,12267,2023-08-09,Delivered
507926,11551,2023-11-15,Cancelled
507927,11644,2023-09-07,Delivered
507928,11513,2023-08-18,Delivered
507929,11929,2024-04-17,Delivered
507930,11957,2023-11-05,Delivered
507931,13059,2024-03-05,Delivered
507932,11199,2023-08-12,Delivered
507933,12420,2023-10-13,Delivered
507934,10854,2024-09-08,Returned
507935,10778,2023-06-19,Delivered
507936,11367,2024-07-03,Delivered
507937,11235,2023-10-15,Delivered
507938,10092,2024-04-06,Returned
507939,11815,2024-08-12,Delivered
507940,12163,2023-09-22,Delivered
507941,12998,2024-08-09,Delivered
507942,10586,2023-10-26,Delivered
507943,12843,2023-10-03,Delivered
507944,11904,2024-06-30,Delivered
507945,10426,2024-01-09,Delivered
507946,11447,2024-05-14,Delivered
507947,12983,2023-12-04,Returned
507948,10465,2023-07-30,Delivered
507949,10907,2024-05-02,Returned
507950,12656,2023-10-25,Delivered
507951,11112,2023-08-06,Delivered
507952,12298,2024-06-28,Delivered
507953,11958,2024-04-03,Cancelled
507954,12967,2024-02-16,Delivered
507955,10315,2023-08-09,Delivered
507956,11805,2024-09-30,Delivered
507957,12926,2024-09-22,Delivered
507958,11583,2024-01-02,Delivered
507959,10241,2023-10-12,Delivered
507960,12083,2024-01-10,Delivered
507961,10373,2023-07-04,Delivered
507962,12873,2024-03-25,Delivered
507963,11243,2024-04-09,Delivered
507964,11606,2023-06-13,Delivered
507965,11031,2024-03-23,Delivered
507966,10091,2024-08-07,Delivered
507967,12036,2024-05-27,Delivered
507968,12256,2024-05-29,Delivered
507969,12970,2024-09-26,Cancelled
507970,10875,2024-01-24,Delivered
507971,10091,2024-05-27,Delivered
507972,12772,2023-11-20,Returned
507973,10124,2024-03-07,Delivered
507974,11515,2023-11-13,Delivered
507975,11160,2024-02-09,Returned
507976,10698,2023-12-04,Delivered
507977,12285,2023-11-25,Delivered
507978,11182,2023-09-25,Returned
507979,12350,2024-02-05,Returned
507980,12412,2024-08-10,Delivered
507981,10182,2024-04-25,Delivered
507982,11127,2023-09-14,Delivered
507983,12249,2024-06-14,Delivered
507984,12086,2024-02-16,Returned
507985,11279,2023-11-08,Returned
507986,11379,2024-03-07,Delivered
507987,11258,2024-07-02,Delivered
507988,12351,2024-05-06,Returned
507989,10989,2024-07-07,Delivered
507990,11380,2024-02-06,Delivered
507991,10447,2024-03-12,Delivered
507992,12648,2023-07-30,Delivered
507993,12508,2024-04-18,Delivered
507994,12259,2023-06-15,Returned
507995,10664,2023-08-06,Delivered
507996,12805,2024-02-12,Delivered
507997,11395,2023-08-29,Delivered
507998,12259,2023-10-06,Delivered
507999,11773,2024-07-20,Delivered
508000,10912,2024-06-05,Delivered
508001,10115,2023-10-07,Delivered
508002,10246,2024-09-24,Delivered
508003,12328,2023-10-05,Delivered
508004,10292,2024-06-05,Delivered
508005,12144,2024-05-25,Delivered
508006,10403,2023-08-18,Delivered
508007,12874,2023-08-12,Delivered
508008,11081,2023-11-03,Returned
508009,11515,2024-07-31,Delivered
508010,12932,2023-12-06,Delivered
508011,10328,2024-01-11,Delivered
508012,12523,2024-09-08,Delivered
508013,12233,2023-06-07,Delivered
508014,11437,2024-08-19,Delivered
508015,12714,2024-03-16,Delivered
508016,10509,2023-10-26,Returned
508017,13028,2023-09-05,Delivered
508018,11822,2024-02-08,Delivered
508019,11275,2024-04-22,Delivered
508020,11960,2023-09-12,Delivered
508021,10364,2023-12-05,Returned
508022,12336,2023-06-23,Delivered
508023,12064,2024-09-08,Returned
508024,12381,2023-12-18,Delivered
508025,10296,2023-10-22,Delivered
508026,11997,2024-02-04,Returned
508027,13042,2024-05-22,Delivered
508028,12461,2023-12-22,Delivered
508029,10156,2024-07-28,Delivered
508030,10083,2024-06-20,Delivered
508031,11328,2023-06-30,Delivered
508032,10062,2024-02-05,Delivered
508033,10952,2024-02-23,Delivered
508034,11340,2024-03-15,Delivered
508035,11876,2023-09-02,Delivered
508036,11566,2024-04-28,Delivered
508037,10395,2023-06-26,Delivered
508038,11997,2024-01-12,Delivered
508039,12889,2023-08-21,Returned
508040,12482,2023-07-21,Delivered
508041,11368,2024-03-11,Delivered
508042,11826,2023-10-20,Delivered
508043,11410,2023-12-09,Delivered
508044,11866,2024-03-15,Delivered
508045,12096,2023-11-06,Delivered
508046,11515,2024-01-31,Delivered
508047,11363,2024-07-24,Delivered
508048,11640,2023-08-07,Delivered
508049,12042,2024-09-14,Delivered
508050,11141,2023-12-05,Delivered
508051,12656,2023-12-08,Delivered
508052,10502,2023-09-08,Delivered
508053,11006,2023-08-09,Returned
508054,12856,2024-06-18,Delivered
508055,10465,2023-08-06,Delivered
508056,11642,2024-03-09,Delivered
508057,11584,2023-11-03,Delivered
508058,10117,2024-02-03,Delivered
508059,10958,2024-05-25,Returned
508060,12137,2024-04-18,Delivered
508061,11747,2023-06-04,Delivered
508062,10782,2024-09-02,Delivered
508063,12380,2024-06-04,Cancelled
508064,13047,2024-08-03,Returned
508065,11460,2024-05-28,Delivered
508066,11762,2023-12-29,Delivered
508067,10112,2023-12-08,Delivered
508068,11992,2024-02-07,Delivered
508069,10778,2024-08-16,Delivered
508070,10871,2023-10-19,Delivered
508071,10149,2024-09-17,Delivered
508072,10369,2024-09-10,Delivered
508073,10544,2023-12-11,Returned
508074,11167,2024-01-29,Delivered
508075,11311,2024-08-29,Delivered
508076,10529,2023-09-08,Delivered
508077,10126,2023-11-21,Delivered
508078,10131,2023-10-14,Delivered
508079,12768,2024-03-25,Delivered
508080,10235,2024-01-13,Delivered
508081,11266,2023-10-20,Delivered
508082,10640,2023-10-07,Delivered
508083,12016,2024-03-16,Delivered
508084,11796,2023-09-13,Delivered
508085,10001,2024-03-26,Delivered
508086,11768,2024-04-22,Delivered
508087,10600,2023-12-10,Delivered
508088,10146,2024-02-01,Delivered
508089,11828,2023-11-19,Delivered
508090,10378,2023-09-11,Delivered
508091,10055,2023-08-19,Delivered
508092,12021,2023-06-22,Delivered
508093,11620,2023-09-24,Delivered
508094,11293,2023-07-18,Delivered
508095,10107,2023-12-14,Delivered
508096,11060,2024-03-15,Delivered
508097,11303,2024-06-24,Delivered
508098,11769,2024-03-18,Delivered
508099,12697,2023-12-12,Delivered
508100,11692,2023-12-07,Delivered
508101,12476,2024-09-12,Delivered
508102,12508,2024-02-24,Delivered
508103,10910,2024-05-12,Delivered
508104,10382,2024-02-28,Delivered
508105,10556,2024-03-18,Returned
508106,12153,2023-09-23,Delivered
508107,10077,2024-07-06,Delivered
508108,10107,2024-09-10,Returned
508109,11440,2024-06-21,Delivered
508110,10499,2024-01-20,Delivered
508111,12431,2023-10-11,Returned
508112,10447,2024-02-14,Delivered
508113,10324,2023-06-29,Delivered
508114,11705,2024-06-27,Returned
508115,11518,2023-10-15,Delivered
508116,10724,2024-06-22,Delivered
508117,10380,2024-09-23,Delivered
508118,11001,2023-12-19,Delivered
508119,12842,2024-09-08,Cancelled
508120,12333,2023-11-03,Delivered
508121,12153,2023-10-11,Delivered
508122,12686,2023-10-29,Delivered
508123,10893,2024-07-16,Delivered
508124,10311,2024-04-17,Delivered
508125,12176,2024-02-02,Cancelled
508126,12010,2023-08-30,Delivered
508127,12240,2023-12-31,Delivered
508128,11461,2023-06-16,Delivered
508129,10782,2023-11-08,Returned
508130,10937,2023-08-31,Delivered
508131,10382,2024-07-06,Delivered
508132,12817,2023-08-15,Delivered
508133,10561,2023-10-16,Delivered
508134,11481,2023-06-07,Delivered
508135,11168,2023-10-24,Delivered
508136,10432,2024-09-06,Cancelled
508137,10905,2023-06-01,Delivered
508138,10292,2024-05-05,Delivered
508139,11837,2024-09-06,Cancelled
508140,11184,2024-05-30,Delivered
508141,11485,2024-05-16,Cancelled
508142,12953,2024-08-10,Delivered
508143,10649,2023-10-19,Delivered
508144,12039,2023-07-15,Delivered
508145,12311,2024-04-22,Delivered
508146,11195,2024-04-17,Delivered
508147,11201,2024-04-16,Delivered
508148,10201,2023-09-24,Returned
508149,11402,2023-08-12,Delivered
508150,11114,2023-07-17,Delivered
508151,10931,2024-07-01,Delivered
508152,11870,2024-07-16,Delivered
508153,11702,2023-08-12,Delivered
508154,11331,2024-08-11,Delivered
508155,12037,2024-03-29,Delivered
508156,11904,2024-02-08,Delivered
508157,11316,2024-01-16,Delivered
508158,12953,2023-07-10,Delivered
508159,10741,2024-08-23,Delivered
508160,12521,2024-03-25,Delivered
508161,12645,2023-10-21,Delivered
508162,11566,2024-06-27,Delivered
508163,10952,2023-09-08,Delivered
508164,10187,2024-05-05,Delivered
508165,10694,2024-03-23,Delivered
508166,11968,2024-08-26,Delivered
508167,11683,2024-08-08,Delivered
508168,12986,2023-11-03,Delivered
508169,12036,2023-11-02,Returned
508170,12764,2023-11-25,Delivered
508171,11014,2024-02-26,Delivered
508172,11832,2023-11-16,Delivered
508173,12011,2023-08-27,Cancelled
508174,10640,2024-06-07,Delivered
508175,12040,2024-08-25,Delivered
508176,11686,2024-01-09,Delivered
508177,11376,2024-08-08,Delivered
508178,11934,2024-08-16,Returned
508179,12695,2023-12-08,Delivered
508180,10382,2024-08-28,Delivered
508181,11199,2024-08-26,Delivered
508182,11647,2024-01-12,Delivered
508183,12019,2024-09-03,Delivered
508184,12997,2023-10-27,Delivered
508185,11328,2024-05-10,Delivered
508186,11403,2023-10-13,Delivered
508187,10618,2024-03-15,Delivered
508188,12312,2023-09-05,Delivered
508189,12902,2024-08-13,Returned
508190,10252,2024-04-05,Delivered
508191,13056,2024-02-04,Cancelled
508192,12380,2024-08-17,Cancelled
508193,10863,2024-01-29,Delivered
508194,11179,2023-09-16,Delivered
508195,12362,2024-07-24,Delivered
508196,11317,2023-11-12,Delivered
508197,11232,2023-10-29,Delivered
508198,10037,2024-07-15,Delivered
508199,11789,2024-04-09,Delivered
508200,10224,2024-09-14,Delivered
508201,11406,2023-08-21,Delivered
508202,12569,2024-05-24,Delivered
508203,11008,2024-04-08,Delivered
508204,11903,2024-05-17,Delivered
508205,10043,2023-07-09,Delivered
508206,10189,2024-08-24,Delivered
508207,10083,2024-04-13,Delivered
508208,10982,2024-05-23,Delivered
508209,12865,2024-07-16,Returned
508210,12746,2024-09-05,Delivered
508211,12944,2024-01-14,Returned
508212,11283,2023-10-11,Delivered
508213,10720,2024-07-09,Delivered
508214,10546,2023-07-14,Delivered
508215,11779,2023-10-14,Delivered
508216,11226,2023-06-07,Delivered
508217,12292,2024-05-02,Returned
508218,11094,2024-08-18,Returned
508219,10083,2024-06-11,Delivered
508220,12069,2023-08-05,Delivered
508221,10043,2024-02-27,Delivered
508222,10194,2024-09-21,Returned
508223,11226,2023-11-17,Delivered
508224,12481,2024-02-13,Delivered
508225,12888,2024-01-13,Returned
508226,11809,2024-04-08,Delivered
508227,10247,2023-08-11,Delivered
508228,13017,2024-05-14,Delivered
508229,12124,2023-06-09,Delivered
508230,12125,2023-09-09,Delivered
508231,10326,2023-07-21,Delivered
508232,12915,2024-04-12,Delivered
508233,12857,2023-09-08,Delivered
508234,12507,2023-07-28,Returned
508235,10079,2023-06-26,Delivered
508236,10077,2024-06-25,Delivered
508237,12807,2023-09-27,Delivered
508238,12420,2024-01-28,Delivered
508239,12697,2024-09-17,Delivered
508240,12119,2024-05-10,Delivered
508241,11515,2024-02-19,Delivered
508242,11619,2024-02-07,Delivered
508243,12888,2023-12-17,Cancelled
508244,11474,2024-08-16,Delivered
508245,11702,2024-06-11,Delivered
508246,12812,2024-06-04,Delivered
508247,11022,2023-09-04,Delivered
508248,10792,2023-06-23,Delivered
508249,10871,2024-01-30,Delivered
508250,12249,2023-12-09,Returned
508251,10177,2023-12-16,Delivered
508252,10416,2024-01-22,Delivered
508253,12226,2023-06-04,Delivered
508254,12221,2024-07-27,Delivered
508255,11785,2024-08-01,Delivered
508256,10099,2023-09-27,Delivered
508257,11181,2023-12-23,Delivered
508258,12552,2024-04-10,Delivered
508259,11537,2024-04-06,Delivered
508260,12094,2023-08-08,Cancelled
508261,11303,2024-01-13,Delivered
508262,11179,2024-06-15,Delivered
508263,11221,2024-05-19,Delivered
508264,11715,2023-08-31,Delivered
508265,12804,2023-10-18,Delivered
508266,10098,2024-04-24,Delivered
508267,11853,2024-09-02,Delivered
508268,12386,2024-03-16,Delivered
508269,12380,2024-04-23,Cancelled
508270,11121,2023-08-14,Delivered
508271,10469,2023-09-17,Returned
508272,11596,2023-08-01,Delivered
508273,10274,2024-05-02,Returned
508274,12351,2024-09-24,Delivered
508275,10912,2023-09-18,Delivered
508276,11017,2023-12-08,Delivered
508277,12362,2024-07-02,Delivered
508278,12656,2023-08-13,Cancelled
508279,12995,2024-09-05,Cancelled
508280,12759,2024-07-16,Returned
508281,10033,2023-11-15,Delivered
508282,10329,2023-12-06,Delivered
508283,10509,2024-08-11,Delivered
508284,11089,2023-11-09,Delivered
508285,10970,2023-09-13,Delivered
508286,10930,2023-08-22,Delivered
508287,11995,2023-08-26,Delivered
508288,12009,2024-06-03,Delivered
508289,12991,2024-03-27,Delivered
508290,12172,2024-07-16,Delivered
508291,12308,2024-04-28,Delivered
508292,10120,2023-07-23,Delivered
508293,11905,2023-06-25,Delivered
508294,11605,2024-01-19,Delivered
508295,10719,2024-06-09,Delivered
508296,10373,2024-08-05,Delivered
508297,11049,2024-02-22,Delivered
508298,12824,2023-11-01,Delivered
508299,10401,2023-09-12,Delivered
508300,11000,2024-06-11,Delivered
508301,11185,2024-06-04,Delivered
508302,10326,2024-02-28,Delivered
508303,11152,2023-09-26,Delivered
508304,12815,2024-01-05,Delivered
508305,11339,2024-03-30,Delivered
508306,10296,2023-06-02,Delivered
508307,10654,2024-08-15,Delivered
508308,11800,2023-11-24,Delivered
508309,10647,2023-06-20,Delivered
508310,12694,2023-08-27,Delivered
508311,11156,2023-07-31,Delivered
508312,12197,2024-08-06,Delivered
508313,10094,2024-08-19,Delivered
508314,11047,2024-07-09,Delivered
508315,12165,2023-09-04,Returned
508316,12352,2024-04-29,Cancelled
508317,12183,2024-03-02,Delivered
508318,12232,2024-03-24,Delivered
508319,11317,2024-03-13,Delivered
508320,11876,2023-06-06,Delivered
508321,11569,2024-07-20,Delivered
508322,10107,2023-10-27,Delivered
508323,12983,2024-07-25,Delivered
508324,11612,2023-07-05,Delivered
508325,12404,2024-02-02,Delivered
508326,12505,2024-06-09,Delivered
508327,12802,2024-04-12,Delivered
508328,13047,2024-02-16,Cancelled
508329,11939,2023-10-11,Delivered
508330,12585,2024-05-14,Delivered
508331,11226,2024-08-13,Delivered
508332,10063,2024-07-28,Delivered
508333,12125,2024-02-17,Delivered
508334,11681,2023-10-25,Delivered
508335,10862,2024-08-17,Delivered
508336,12571,2023-12-31,Delivered
508337,10568,2024-06-18,Returned
508338,10875,2023-10-13,Delivered
508339,10891,2023-06-18,Delivered
508340,10971,2024-03-23,Delivered
508341,12172,2023-09-26,Delivered
508342,10401,2023-11-13,Delivered
508343,12930,2023-08-15,Delivered
508344,11593,2024-06-27,Delivered
508345,10138,2023-10-07,Delivered
508346,12552,2023-09-19,Returned
508347,11128,2023-07-12,Delivered
508348,10907,2024-05-14,Delivered
508349,11179,2023-08-31,Delivered
508350,12270,2024-04-06,Delivered
508351,11322,2023-10-12,Delivered
508352,10175,2024-09-03,Delivered
508353,10592,2023-07-29,Returned
508354,10890,2023-06-27,Delivered
508355,10721,2024-07-09,Delivered
508356,10156,2024-01-13,Delivered
508357,10636,2023-07-17,Delivered
508358,12069,2024-07-01,Cancelled
508359,12179,2024-04-23,Cancelled
508360,11257,2024-07-09,Delivered
508361,11270,2023-08-20,Delivered
508362,11537,2023-12-28,Delivered
508363,11188,2024-09-05,Cancelled
508364,12152,2024-07-29,Delivered
508365,10757,2023-10-04,Delivered
508366,12209,2024-05-27,Delivered
508367,11781,2023-06-27,Delivered
508368,12842,2024-06-15,Delivered
508369,10089,2024-05-20,Delivered
508370,11350,2024-01-04,Delivered
508371,12505,2024-01-03,Delivered
508372,12199,2024-04-12,Delivered
508373,12118,2023-06-13,Delivered
508374,10096,2024-03-02,Delivered
508375,10405,2023-07-19,Delivered
508376,11771,2024-05-27,Delivered
508377,12616,2024-02-25,Delivered
508378,10315,2024-07-06,Delivered
508379,11599,2023-08-02,Delivered
508380,10895,2023-11-25,Delivered
508381,10871,2024-05-03,Delivered
508382,10045,2023-06-15,Delivered
508383,10591,2024-07-26,Delivered
508384,12051,2023-11-12,Delivered
508385,12775,2023-11-27,Delivered
508386,10630,2023-07-07,Cancelled
508387,12550,2023-12-21,Delivered
508388,11599,2024-03-29,Delivered
508389,10383,2024-07-27,Delivered
508390,12831,2023-08-28,Delivered
508391,11005,2024-03-20,Delivered
508392,11954,2023-10-15,Delivered
508393,10667,2023-12-19,Delivered
508394,11087,2023-08-09,Delivered
508395,10201,2024-09-13,Delivered
508396,11557,2023-08-04,Delivered
508397,11523,2023-10-22,Delivered
508398,12510,2024-07-10,Delivered
508399,11290,2023-10-10,Delivered
508400,12805,2024-05-31,Returned
508401,12237,2023-12-21,Cancelled
508402,11803,2023-12-13,Delivered
508403,10601,2024-04-04,Delivered
508404,12095,2023-09-22,Delivered
508405,12608,2023-11-17,Delivered
508406,12125,2024-06-12,Delivered
508407,12333,2023-07-13,Delivered
508408,10976,2023-06-24,Returned
508409,10905,2023-12-11,Delivered
508410,12349,2023-10-30,Delivered
508411,12508,2024-07-04,Delivered
508412,12233,2024-08-11,Cancelled
508413,12053,2023-12-03,Delivered
508414,11873,2024-09-09,Delivered
508415,12619,2023-09-16,Cancelled
508416,12472,2024-09-22,Delivered
508417,10912,2024-01-27,Cancelled
508418,10289,2024-05-20,Delivered
508419,12773,2023-10-21,Delivered
508420,12195,2023-11-18,Delivered
508421,11034,2024-08-17,Returned
508422,10374,2024-03-16,Delivered
508423,11069,2024-07-19,Delivered
508424,12095,2023-10-05,Delivered
508425,10428,2024-06-11,Cancelled
508426,12170,2024-04-22,Delivered
508427,11450,2024-09-08,Returned
508428,12360,2024-03-26,Delivered
508429,12105,2023-08-08,Delivered
508430,10496,2024-08-02,Delivered
508431,12453,2023-06-14,Delivered
508432,11319,2024-06-06,Delivered
508433,11276,2023-10-29,Delivered
508434,10326,2024-08-17,Delivered
508435,11319,2024-06-27,Delivered
508436,11686,2024-02-09,Delivered
508437,12856,2024-01-13,Cancelled
508438,10855,2024-07-30,Delivered
508439,10882,2024-05-21,Delivered
508440,11515,2023-09-22,Delivered
508441,10181,2023-10-23,Delivered
508442,10893,2024-09-15,Delivered
508443,11091,2023-06-28,Delivered
508444,12694,2024-01-14,Delivered
508445,10416,2024-01-27,Delivered
508446,10432,2023-11-04,Returned
508447,10324,2024-07-17,Delivered
508448,11158,2023-11-30,Delivered
508449,11896,2024-07-01,Delivered
508450,12259,2024-04-16,Delivered
508451,10382,2023-11-06,Delivered
508452,12608,2023-06-22,Delivered
508453,12996,2023-10-15,Delivered
508454,11266,2023-08-16,Delivered
508455,12834,2024-07-26,Cancelled
508456,11430,2024-08-07,Delivered
508457,10934,2023-06-25,Delivered
508458,12784,2024-04-01,Delivered
508459,12319,2023-06-22,Delivered
508460,12151,2024-07-31,Delivered
508461,10115,2024-04-24,Delivered
508462,11508,2024-03-10,Cancelled
508463,11029,2023-11-04,Delivered
508464,11566,2024-06-26,Delivered
508465,10850,2023-11-24,Delivered
508466,10050,2023-07-26,Delivered
508467,11432,2024-09-05,Returned
508468,11768,2024-04-13,Delivered
508469,12910,2024-03-20,Delivered
508470,10650,2023-12-16,Delivered
508471,11193,2023-08-28,Delivered
508472,12412,2023-08-08,Delivered
508473,10530,2024-03-24,Cancelled
508474,11715,2023-11-02,Delivered
508475,11383,2023-06-14,Delivered
508476,10952,2023-06-14,Delivered
508477,10656,2024-03-29,Delivered
508478,10875,2023-07-02,Delivered
508479,10329,2023-09-26,Delivered
508480,11985,2023-07-19,Delivered
508481,11442,2024-03-09,Delivered
508482,12892,2024-04-05,Delivered
508483,10557,2024-02-27,Delivered
508484,12692,2024-08-02,Delivered
508485,12287,2024-05-06,Delivered
508486,12746,2024-02-04,Delivered
508487,12446,2024-06-19,Delivered
508488,11064,2023-10-04,Delivered
508489,13057,2023-08-06,Delivered
508490,11471,2024-05-22,Delivered
508491,11184,2023-09-03,Delivered
508492,11463,2023-12-14,Delivered
508493,11239,2024-04-24,Delivered
508494,12051,2023-08-28,Delivered
508495,12230,2024-07-04,Returned
508496,11441,2023-12-16,Returned
508497,12201,2024-05-28,Delivered
508498,12525,2024-03-23,Cancelled
508499,10360,2024-01-30,Delivered
508500,10301,2024-03-24,Delivered
508501,10804,2023-06-09,Delivered
508502,12913,2023-06-27,Delivered
508503,12328,2024-03-22,Delivered
508504,10994,2024-03-03,Delivered
508505,13028,2023-08-20,Delivered
508506,11938,2024-06-18,Returned
508507,10332,2023-08-04,Delivered
508508,12584,2024-02-07,Cancelled
508509,10214,2024-02-14,Delivered
508510,12637,2023-10-23,Delivered
508511,11651,2023-11-11,Delivered
508512,10667,2024-06-29,Delivered
508513,11178,2023-08-12,Delivered
508514,11885,2023-06-10,Delivered
508515,11227,2024-05-23,Delivered
508516,10996,2024-05-11,Delivered
508517,12892,2024-01-18,Delivered
508518,11204,2024-03-15,Delivered
508519,12067,2023-06-28,Delivered
508520,11291,2023-09-20,Delivered
508521,12175,2024-09-29,Delivered
508522,11816,2023-11-08,Delivered
508523,11539,2023-10-22,Delivered
508524,11035,2024-07-22,Delivered
508525,13054,2023-12-13,Delivered
508526,10322,2023-07-04,Delivered
508527,10077,2024-05-31,Delivered
508528,11293,2023-12-03,Delivered
508529,12387,2024-02-10,Delivered
508530,12797,2024-07-10,Returned
508531,10941,2024-07-04,Delivered
508532,11474,2023-06-15,Delivered
508533,10720,2024-09-26,Delivered
508534,12449,2023-06-29,Delivered
508535,10862,2023-10-19,Cancelled
508536,11877,2024-08-02,Delivered
508537,12584,2023-10-09,Delivered
508538,10972,2023-06-29,Delivered
508539,12897,2024-05-04,Delivered
508540,10715,2024-06-09,Delivered
508541,12585,2024-08-24,Delivered
508542,10037,2023-08-25,Delivered
508543,12746,2024-05-11,Delivered
508544,10373,2023-11-15,Delivered
508545,12380,2024-02-02,Delivered
508546,11450,2023-12-21,Delivered
508547,11635,2024-08-10,Delivered
508548,11747,2023-12-22,Delivered
508549,11564,2024-01-07,Delivered
508550,10804,2023-10-10,Cancelled
508551,10036,2024-09-21,Delivered
508552,10351,2024-05-07,Delivered
508553,10112,2024-07-18,Delivered
508554,10395,2024-09-08,Delivered
508555,10930,2023-09-01,Delivered
508556,11783,2023-10-25,Returned
508557,10466,2023-12-26,Cancelled
508558,11636,2023-10-03,Returned
508559,10292,2023-11-10,Delivered
508560,10349,2023-08-13,Delivered
508561,11135,2023-10-13,Delivered
508562,13016,2023-08-04,Delivered
508563,10444,2024-07-30,Delivered
508564,13029,2024-07-16,Delivered
508565,10651,2023-08-24,Delivered
508566,11373,2023-06-12,Delivered
508567,10218,2024-01-21,Delivered
508568,12322,2024-04-08,Delivered
508569,12112,2024-03-09,Delivered
508570,12066,2024-03-03,Delivered
508571,11884,2024-02-06,Delivered
508572,11347,2024-01-11,Delivered
508573,10283,2023-10-05,Delivered
508574,10315,2023-08-29,Delivered
508575,11806,2024-09-07,Delivered
508576,12245,2024-01-06,Delivered
508577,11678,2023-09-02,Delivered
508578,10783,2024-06-04,Cancelled
508579,12079,2023-07-10,Delivered
508580,11009,2024-07-11,Delivered
508581,12555,2024-04-23,Delivered
508582,11239,2023-10-30,Delivered
508583,12106,2024-07-28,Delivered
508584,11782,2024-07-13,Delivered
508585,11566,2023-09-26,Delivered
508586,12259,2023-11-27,Delivered
508587,11157,2024-06-25,Delivered
508588,12888,2023-07-01,Delivered
508589,10382,2023-12-18,Cancelled
508590,11518,2024-07-06,Delivered
508591,11532,2023-06-26,Delivered
508592,10070,2024-09-08,Delivered
508593,11280,2023-08-06,Delivered
508594,11954,2023-06-06,Delivered
508595,12768,2024-01-04,Delivered
508596,10996,2023-09-02,Delivered
508597,10618,2023-06-05,Delivered
508598,10769,2024-08-13,Returned
508599,11942,2024-01-05,Returned
508600,10020,2024-08-21,Delivered
508601,11450,2023-08-24,Delivered
508602,11372,2024-07-06,Delivered
508603,10668,2024-04-10,Delivered
508604,11065,2023-09-09,Delivered
508605,12992,2024-09-02,Delivered
508606,11740,2024-03-06,Delivered
508607,12930,2024-09-26,Delivered
508608,10625,2024-04-29,Delivered
508609,10013,2023-06-01,Delivered
508610,10910,2023-06-18,Delivered
508611,10265,2023-06-28,Delivered
508612,13042,2024-02-18,Delivered
508613,10304,2023-10-09,Delivered
508614,11708,2023-06-28,Delivered
508615,11287,2024-07-06,Cancelled
508616,12474,2023-11-29,Cancelled
508617,10334,2024-05-31,Delivered
508618,10853,2023-12-29,Delivered
508619,10426,2023-10-17,Returned
508620,12531,2023-09-27,Delivered
508621,11960,2023-12-29,Delivered
508622,10996,2023-10-06,Delivered
508623,11184,2024-04-24,Delivered
508624,10798,2024-07-01,Delivered
508625,12947,2023-09-03,Delivered
508626,11275,2023-09-30,Delivered
508627,12485,2024-05-25,Delivered
508628,11952,2023-09-30,Delivered
508629,11167,2023-07-14,Delivered
508630,12813,2023-08-23,Delivered
508631,11149,2023-09-01,Delivered
508632,10596,2024-06-06,Cancelled
508633,11841,2023-10-02,Delivered
508634,10264,2024-06-06,Delivered
508635,10658,2024-04-30,Delivered
508636,12975,2024-08-27,Delivered
508637,11536,2024-05-12,Delivered
508638,12330,2024-03-08,Delivered
508639,11409,2024-03-12,Cancelled
508640,11847,2023-11-29,Delivered
508641,12947,2024-09-01,Delivered
508642,10905,2023-09-24,Delivered
508643,11721,2023-10-11,Delivered
508644,10878,2023-11-29,Delivered
508645,12276,2024-03-23,Delivered
508646,10435,2024-06-27,Delivered
508647,11579,2024-08-10,Delivered
508648,10339,2024-05-28,Delivered
508649,10616,2023-06-02,Delivered
508650,12432,2023-06-16,Cancelled
508651,12906,2023-08-22,Delivered
508652,10857,2024-08-04,Delivered
508653,10903,2024-04-14,Delivered
508654,12036,2023-08-06,Delivered
508655,11643,2024-07-31,Delivered
508656,11593,2024-07-03,Delivered
508657,12992,2023-06-09,Delivered
508658,11705,2023-06-03,Delivered
508659,11513,2023-10-15,Returned
508660,11108,2024-04-22,Returned
508661,10968,2024-09-25,Delivered
508662,10500,2023-06-28,Delivered
508663,11775,2023-11-15,Delivered
508664,12474,2024-04-02,Delivered
508665,10532,2023-11-22,Delivered
508666,11739,2023-12-22,Delivered
508667,11513,2024-04-17,Delivered
508668,10099,2023-11-19,Delivered
508669,11977,2024-03-07,Delivered
508670,11254,2024-03-02,Delivered
508671,10350,2024-05-19,Delivered
508672,12245,2024-09-29,Delivered
508673,11473,2024-09-29,Delivered
508674,12451,2024-08-26,Delivered
508675,12508,2024-07-14,Delivered
508676,11128,2024-05-16,Delivered
508677,10703,2024-02-13,Delivered
508678,12499,2023-07-31,Delivered
508679,11413,2023-12-07,Delivered
508680,12573,2024-05-19,Delivered
508681,11002,2023-06-16,Delivered
508682,11483,2024-07-10,Delivered
508683,12472,2024-08-31,Delivered
508684,10398,2023-10-08,Delivered
508685,11046,2023-09-09,Delivered
508686,12936,2023-10-13,Delivered
508687,12333,2023-10-23,Delivered
508688,10098,2024-07-21,Delivered
508689,10720,2023-12-06,Delivered
508690,12428,2024-05-21,Delivered
508691,11281,2023-09-10,Delivered
508692,10308,2024-09-02,Delivered
508693,12133,2023-08-26,Delivered
508694,11832,2024-02-06,Delivered
508695,10382,2023-12-08,Returned
508696,12545,2024-04-29,Delivered
508697,11904,2024-05-18,Delivered
508698,12574,2024-02-20,Delivered
508699,11295,2024-09-10,Delivered
508700,12338,2024-09-14,Delivered
508701,11855,2024-07-16,Delivered
508702,12392,2024-02-29,Returned
508703,10359,2024-02-10,Delivered
508704,12434,2024-03-26,Delivered
508705,10942,2024-04-30,Cancelled
508706,12959,2024-05-01,Delivered
508707,10256,2024-06-21,Delivered
508708,11516,2024-07-27,Delivered
508709,11630,2024-08-28,Cancelled
508710,11957,2023-12-16,Delivered
508711,12407,2023-06-05,Delivered
508712,10955,2024-03-03,Delivered
508713,10232,2023-09-24,Delivered
508714,12545,2023-06-29,Delivered
508715,12556,2024-02-07,Delivered
508716,11652,2023-06-07,Delivered
508717,12370,2024-05-30,Delivered
508718,12493,2023-09-08,Delivered
508719,12230,2024-07-22,Delivered
508720,12975,2023-07-05,Delivered
508721,10363,2023-07-10,Delivered
508722,10901,2024-08-22,Delivered
508723,11473,2023-12-27,Delivered
508724,11089,2024-02-19,Cancelled
508725,10047,2024-06-11,Delivered
508726,11060,2024-05-21,Delivered
508727,12035,2023-08-03,Returned
508728,11707,2023-09-26,Delivered
508729,11886,2023-11-01,Delivered
508730,11910,2023-12-22,Delivered
508731,10481,2024-06-18,Delivered
508732,11698,2024-02-15,Delivered
508733,13054,2023-08-26,Delivered
508734,11916,2024-06-13,Delivered
508735,11498,2023-11-03,Returned
508736,12427,2024-08-06,Delivered
508737,12411,2024-04-26,Delivered
508738,10869,2023-09-19,Delivered
508739,11690,2024-07-25,Delivered
508740,12794,2024-05-07,Delivered
508741,10795,2024-09-15,Returned
508742,11872,2024-06-27,Delivered
508743,12657,2023-12-09,Delivered
508744,12599,2023-12-05,Delivered
508745,11131,2023-08-02,Delivered
508746,12717,2023-07-17,Returned
508747,11971,2024-03-11,Delivered
508748,11960,2024-03-23,Returned
508749,10405,2024-09-19,Delivered
508750,11290,2023-12-31,Delivered
508751,12381,2023-08-04,Delivered
508752,11199,2023-06-26,Delivered
508753,12723,2023-10-21,Delivered
508754,12961,2024-03-18,Delivered
508755,12525,2023-12-24,Delivered
508756,11948,2024-07-04,Delivered
508757,10711,2023-09-11,Delivered
508758,12016,2024-03-03,Delivered
508759,10313,2023-11-25,Delivered
508760,11112,2023-09-04,Returned
508761,11522,2024-04-09,Delivered
508762,10128,2023-08-03,Delivered
508763,11575,2024-08-09,Cancelled
508764,10874,2024-03-28,Delivered
508765,12540,2024-06-20,Cancelled
508766,11433,2023-09-26,Delivered
508767,11187,2023-11-28,Delivered
508768,11734,2023-09-17,Delivered
508769,11040,2024-07-25,Cancelled
508770,11975,2023-07-09,Delivered
508771,11096,2024-06-23,Delivered
508772,10263,2023-10-09,Delivered
508773,10974,2023-09-12,Delivered
508774,12360,2024-09-05,Delivered
508775,12540,2024-08-23,Delivered
508776,11877,2023-06-13,Returned
508777,11822,2024-01-04,Delivered
508778,12103,2023-06-19,Delivered
508779,12677,2024-09-24,Delivered
508780,10044,2023-07-16,Delivered
508781,12713,2024-06-15,Delivered
508782,12295,2024-09-14,Delivered
508783,11260,2024-02-27,Delivered
508784,11669,2023-09-30,Delivered
508785,10620,2024-03-04,Delivered
508786,11668,2024-04-14,Delivered
508787,11960,2024-08-03,Delivered
508788,12556,2023-06-05,Delivered
508789,11188,2024-05-25,Delivered
508790,12602,2024-03-03,Delivered
508791,11401,2024-09-04,Returned
508792,10192,2023-10-13,Delivered
508793,11662,2024-02-02,Delivered
508794,11515,2024-07-15,Delivered
508795,11275,2023-12-18,Delivered
508796,12196,2024-04-05,Delivered
508797,11474,2024-06-21,Delivered
508798,11569,2023-08-20,Delivered
508799,10326,2024-07-19,Delivered
508800,12164,2024-09-03,Delivered
508801,11461,2024-04-24,Delivered
508802,10939,2023-10-13,Delivered
508803,12739,2024-03-05,Returned
508804,12115,2023-12-25,Delivered
508805,12319,2023-09-27,Delivered
508806,10387,2023-07-04,Delivered
508807,12125,2023-06-12,Delivered
508808,11703,2024-05-15,Returned
508809,10954,2023-09-20,Delivered
508810,10425,2024-05-12,Delivered
508811,12497,2024-09-15,Delivered
508812,10244,2024-07-17,Delivered
508813,11799,2023-10-10,Delivered
508814,11416,2023-10-24,Delivered
508815,10029,2023-10-03,Delivered
508816,11249,2023-08-08,Delivered
508817,11779,2023-06-01,Delivered
508818,10318,2024-03-02,Delivered
508819,12487,2024-09-27,Cancelled
508820,10609,2023-09-29,Delivered
508821,10568,2024-05-24,Delivered
508822,11489,2023-10-28,Delivered
508823,11095,2023-07-16,Delivered
508824,12980,2024-07-10,Delivered
508825,11359,2024-01-02,Returned
508826,10576,2024-07-10,Delivered
508827,11617,2024-04-18,Delivered
508828,10398,2024-09-15,Delivered
508829,10755,2023-07-06,Delivered
508830,10862,2023-07-14,Delivered
508831,12091,2024-06-08,Delivered
508832,11295,2023-07-12,Returned
508833,10645,2024-06-27,Delivered
508834,11984,2024-07-07,Delivered
508835,10603,2024-07-09,Delivered
508836,11985,2023-08-03,Delivered
508837,10326,2024-07-27,Cancelled
508838,11904,2023-09-30,Delivered
508839,10534,2024-01-15,Delivered
508840,12675,2023-11-26,Returned
508841,11713,2023-09-29,Delivered
508842,12468,2023-07-17,Returned
508843,10426,2023-09-23,Delivered
508844,11193,2023-09-09,Delivered
508845,11057,2024-02-12,Delivered
508846,11705,2023-06-15,Delivered
508847,12010,2024-08-01,Delivered
508848,11868,2024-04-27,Delivered
508849,10350,2024-06-02,Returned
508850,12936,2024-08-20,Delivered
508851,11014,2023-09-07,Delivered
508852,12746,2024-08-30,Delivered
508853,11408,2024-05-24,Cancelled
508854,11291,2023-10-25,Delivered
508855,10475,2024-07-16,Delivered
508856,12897,2023-08-13,Delivered
508857,10566,2024-07-08,Delivered
508858,12642,2023-10-07,Cancelled
508859,12651,2023-09-24,Delivered
508860,12324,2024-04-07,Returned
508861,11060,2024-08-19,Delivered
508862,10905,2023-09-22,Cancelled
508863,10801,2023-10-07,Cancelled
508864,12120,2023-09-16,Delivered
508865,11175,2023-09-10,Delivered
508866,10857,2023-12-24,Delivered
508867,12996,2023-11-20,Delivered
508868,12010,2023-12-15,Delivered
508869,12671,2024-06-27,Returned
508870,11439,2024-05-28,Delivered
508871,12997,2023-07-20,Delivered
508872,11578,2024-09-24,Delivered
508873,11272,2024-03-04,Delivered
508874,10063,2024-08-12,Returned
508875,10902,2024-09-09,Delivered
508876,10269,2023-06-30,Delivered
508877,11786,2024-08-15,Delivered
508878,10278,2023-09-03,Delivered
508879,10987,2024-04-01,Delivered
508880,12445,2023-07-12,Delivered
508881,10240,2023-06-18,Delivered
508882,10571,2024-05-10,Returned
508883,12740,2024-07-26,Delivered
508884,11433,2024-07-14,Delivered
508885,10407,2024-08-27,Delivered
508886,11009,2024-06-21,Delivered
508887,10905,2024-04-24,Delivered
508888,12072,2023-07-28,Delivered
508889,11062,2023-12-05,Cancelled
508890,10904,2023-06-18,Delivered
508891,10001,2024-04-17,Cancelled
508892,11307,2023-12-19,Delivered
508893,13044,2024-01-02,Delivered
508894,10383,2024-01-31,Returned
508895,10171,2024-08-16,Delivered
508896,10636,2023-08-28,Delivered
508897,11246,2024-02-23,Delivered
508898,12294,2024-05-10,Delivered
508899,10086,2023-07-11,Delivered
508900,11778,2024-02-20,Delivered
508901,11739,2023-11-03,Delivered
508902,11460,2024-08-12,Delivered
508903,11516,2024-03-30,Delivered
508904,11804,2024-09-03,Delivered
508905,12718,2024-07-26,Cancelled
508906,10961,2023-09-22,Returned
508907,11928,2023-11-28,Delivered
508908,10104,2024-09-24,Delivered
508909,10091,2023-07-18,Delivered
508910,10665,2023-11-02,Delivered
508911,10079,2024-02-07,Delivered
508912,10913,2024-02-29,Delivered
508913,12403,2023-12-27,Returned
508914,11299,2023-11-20,Delivered
508915,12338,2024-02-28,Delivered
508916,12049,2024-05-11,Delivered
508917,11877,2024-09-22,Delivered
508918,10837,2023-08-26,Returned
508919,10043,2023-10-21,Delivered
508920,11079,2023-10-08,Cancelled
508921,11692,2023-08-21,Delivered
508922,10093,2024-08-29,Delivered
508923,11871,2023-07-31,Delivered
508924,11089,2024-09-22,Delivered
508925,11081,2024-01-11,Delivered
508926,10728,2024-08-02,Delivered
508927,10676,2023-08-13,Delivered
508928,11711,2023-10-29,Delivered
508929,10092,2024-09-17,Delivered
508930,11612,2023-08-24,Cancelled
508931,11986,2024-05-26,Delivered
508932,11092,2024-04-11,Delivered
508933,11733,2023-07-05,Cancelled
508934,11575,2024-07-17,Delivered
508935,12151,2023-09-28,Delivered
508936,10576,2023-09-07,Delivered
508937,12622,2024-09-27,Cancelled
508938,12773,2024-01-20,Delivered
508939,10371,2024-07-05,Delivered
508940,12010,2023-12-15,Delivered
508941,11970,2023-12-19,Delivered
508942,12322,2023-06-18,Delivered
508943,11895,2023-12-17,Delivered
508944,12879,2023-11-27,Delivered
508945,10177,2024-04-02,Delivered
508946,12272,2024-01-15,Delivered
508947,11727,2024-09-12,Delivered
508948,10329,2023-12-17,Returned
508949,11295,2023-06-23,Delivered
508950,12283,2024-03-24,Delivered
508951,11916,2023-06-10,Delivered
508952,10905,2023-10-13,Delivered
508953,10377,2024-05-24,Returned
508954,12019,2024-06-07,Delivered
508955,12850,2023-11-09,Delivered
508956,11678,2023-09-11,Delivered
508957,11630,2024-07-15,Delivered
508958,10728,2024-03-30,Cancelled
508959,12468,2024-06-18,Delivered
508960,11379,2024-06-17,Cancelled
508961,11244,2024-01-05,Delivered
508962,11539,2023-07-30,Cancelled
508963,12992,2024-06-17,Returned
508964,11559,2023-08-01,Delivered
508965,10857,2024-04-28,Returned
508966,11056,2024-09-03,Delivered
508967,10886,2024-06-18,Delivered
508968,11011,2023-06-18,Delivered
508969,10713,2023-11-10,Delivered
508970,12667,2024-09-27,Delivered
508971,11287,2024-05-16,Delivered
508972,10071,2023-07-07,Delivered
508973,12984,2024-02-15,Delivered
508974,12849,2023-06-24,Delivered
508975,10339,2023-08-30,Delivered
508976,10971,2024-09-08,Delivered
508977,11280,2023-06-19,Delivered
508978,12349,2023-09-20,Delivered
508979,10118,2024-02-18,Returned
508980,11789,2023-06-03,Delivered
508981,10804,2023-09-18,Delivered
508982,11826,2024-01-09,Cancelled
508983,12074,2023-08-31,Returned
508984,10509,2024-02-09,Delivered
508985,11929,2023-12-27,Delivered
508986,10080,2024-08-19,Delivered
508987,11040,2024-07-03,Delivered
508988,12573,2023-11-01,Delivered
508989,10767,2024-05-31,Delivered
508990,11663,2024-01-26,Delivered
508991,10159,2023-12-13,Delivered
508992,12637,2023-11-16,Returned
508993,12589,2023-11-16,Returned
508994,10972,2023-10-19,Delivered
508995,10888,2024-05-25,Delivered
508996,12469,2024-05-31,Delivered
508997,11474,2024-03-07,Delivered
508998,13036,2023-07-14,Delivered
508999,12420,2023-06-22,Delivered
509000,12687,2023-08-06,Delivered
509001,12311,2024-04-06,Cancelled
509002,12616,2023-09-07,Delivered
509003,12000,2024-07-02,Delivered
509004,12238,2024-03-22,Delivered
509005,11684,2023-12-24,Cancelled
509006,12024,2023-06-04,Cancelled
509007,10934,2023-09-16,Delivered
509008,12328,2024-03-15,Delivered
509009,11499,2024-01-04,Delivered
509010,11082,2023-08-16,Delivered
509011,10650,2024-04-06,Delivered
509012,10420,2023-07-06,Delivered
509013,10367,2024-06-06,Delivered
509014,11372,2023-10-05,Delivered
509015,12540,2024-09-05,Delivered
509016,12060,2024-06-17,Cancelled
509017,12392,2023-08-22,Delivered
509018,10342,2024-02-29,Delivered
509019,10359,2024-07-04,Cancelled
509020,11173,2023-09-29,Delivered
509021,12014,2023-08-08,Delivered
509022,10206,2024-02-07,Delivered
509023,13042,2024-06-25,Delivered
509024,10324,2024-08-05,Delivered
509025,10935,2023-06-27,Delivered
509026,12952,2024-05-16,Delivered
509027,13040,2023-11-10,Delivered
509028,10406,2023-11-08,Delivered
509029,11074,2024-06-08,Delivered
509030,12633,2024-09-16,Returned
509031,11254,2023-08-06,Delivered
509032,12294,2024-01-13,Delivered
509033,11048,2024-05-21,Returned
509034,11668,2024-09-12,Delivered
509035,11227,2024-04-21,Delivered
509036,11732,2024-06-08,Delivered
509037,11167,2024-06-06,Delivered
509038,10872,2024-04-26,Cancelled
509039,11868,2023-12-03,Delivered
509040,10874,2024-09-23,Delivered
509041,10891,2024-02-08,Delivered
509042,11245,2024-08-14,Delivered
509043,10799,2024-02-02,Delivered
509044,12888,2024-03-04,Returned
509045,11948,2023-06-21,Cancelled
509046,11523,2023-12-05,Delivered
509047,11949,2024-01-17,Delivered
509048,12133,2023-09-06,Delivered
509049,10877,2023-12-10,Delivered
509050,12954,2023-10-15,Delivered
509051,12812,2024-07-04,Delivered
509052,12549,2024-02-22,Cancelled
509053,10602,2023-10-26,Delivered
509054,12587,2023-12-09,Delivered
509055,11707,2024-06-23,Delivered
509056,10241,2024-08-01,Delivered
509057,12195,2023-10-16,Returned
509058,11955,2024-04-27,Delivered
509059,12202,2023-10-26,Delivered
509060,10911,2024-06-09,Delivered
509061,11896,2024-05-05,Cancelled
509062,11538,2024-05-27,Delivered
509063,12259,2024-07-18,Delivered
509064,12574,2024-08-22,Cancelled
509065,12649,2024-03-03,Delivered
509066,10386,2024-07-04,Delivered
509067,11568,2023-10-28,Delivered
509068,10374,2024-08-30,Delivered
509069,10146,2024-03-25,Delivered
509070,12471,2023-10-26,Delivered
509071,10049,2024-09-23,Delivered
509072,11674,2024-08-08,Delivered
509073,11036,2024-02-23,Delivered
509074,12049,2023-07-26,Delivered
509075,11415,2023-08-03,Delivered
509076,12049,2024-08-27,Returned
509077,12084,2024-09-16,Cancelled
509078,12752,2023-11-17,Delivered
509079,12830,2023-08-19,Cancelled
509080,11785,2023-06-17,Delivered
509081,10690,2023-12-26,Delivered
509082,10156,2023-09-03,Delivered
509083,11379,2024-07-12,Delivered
509084,12671,2023-09-08,Delivered
509085,12165,2024-07-29,Returned
509086,10566,2024-05-20,Delivered
509087,11513,2023-12-31,Delivered
509088,11607,2023-10-05,Returned
509089,11872,2024-01-21,Delivered
509090,10974,2024-05-31,Returned
509091,12233,2023-12-19,Delivered
509092,11440,2024-03-18,Delivered
509093,10650,2024-05-10,Delivered
509094,12265,2024-07-28,Delivered
509095,10037,2023-12-21,Returned
509096,10985,2023-07-16,Delivered
509097,12902,2024-02-25,Cancelled
509098,11257,2024-02-13,Delivered
509099,12295,2024-05-23,Returned
509100,11163,2023-10-08,Delivered
509101,12676,2023-12-26,Delivered
509102,10869,2024-03-07,Delivered
509103,10055,2024-04-07,Delivered
509104,11592,2023-07-16,Delivered
509105,12125,2023-09-30,Delivered
509106,10961,2024-03-27,Delivered
509107,10820,2024-09-06,Delivered
509108,10742,2023-10-21,Delivered
509109,10930,2024-05-17,Cancelled
509110,12347,2024-05-22,Delivered
509111,11383,2023-06-19,Delivered
509112,10236,2024-05-30,Delivered
509113,10175,2023-12-14,Delivered
509114,11102,2023-07-14,Delivered
509115,10685,2024-03-12,Delivered
509116,10215,2023-10-11,Delivered
509117,10229,2024-05-08,Delivered
509118,10369,2023-10-16,Delivered
509119,12568,2024-06-05,Cancelled
509120,10320,2024-06-01,Delivered
509121,10381,2023-07-05,Delivered
509122,12392,2024-07-04,Delivered
509123,11074,2024-02-16,Delivered
509124,12249,2023-11-23,Delivered
509125,13016,2024-06-29,Delivered
509126,11442,2024-01-22,Delivered
509127,11031,2023-07-18,Delivered
509128,11410,2023-06-23,Delivered
509129,10313,2024-06-05,Delivered
509130,10748,2023-08-31,Delivered
509131,11815,2023-11-22,Delivered
509132,11973,2024-08-22,Cancelled
509133,10529,2023-07-26,Delivered
509134,10694,2024-07-18,Delivered
509135,12029,2023-07-10,Delivered
509136,11971,2023-09-04,Delivered
509137,11728,2024-06-22,Delivered
509138,11596,2024-08-29,Delivered
509139,12407,2024-07-22,Delivered
509140,10858,2023-06-12,Cancelled
509141,12870,2023-10-19,Delivered
509142,12821,2024-01-25,Returned
509143,10031,2024-01-17,Delivered
509144,12782,2024-03-23,Delivered
509145,10568,2024-07-22,Delivered
509146,11750,2023-06-06,Delivered
509147,12532,2023-06-11,Returned
509148,10350,2024-01-09,Returned
509149,10256,2023-08-31,Delivered
509150,10203,2023-08-14,Delivered
509151,11060,2024-07-22,Delivered
509152,10071,2024-04-25,Delivered
509153,10654,2024-01-20,Delivered
509154,10033,2024-06-19,Delivered
509155,10901,2024-02-01,Delivered
509156,10657,2023-08-22,Delivered
509157,13054,2023-10-07,Delivered
509158,10359,2023-12-31,Cancelled
509159,10748,2023-10-06,Returned
509160,11181,2024-04-01,Delivered
509161,10445,2023-08-19,Delivered
509162,10809,2023-08-03,Delivered
509163,10844,2024-06-05,Delivered
509164,12291,2024-05-03,Delivered
509165,11214,2024-03-29,Delivered
509166,11942,2024-03-26,Delivered
509167,11781,2023-08-31,Delivered
509168,11232,2024-04-07,Delivered
509169,10931,2024-04-02,Delivered
509170,12902,2024-02-21,Delivered
509171,12508,2024-07-30,Delivered
509172,10902,2023-07-12,Delivered
509173,11315,2024-02-19,Delivered
509174,12348,2024-07-22,Cancelled
509175,10529,2024-08-28,Delivered
509176,10278,2024-01-31,Delivered
509177,11929,2024-02-20,Delivered
509178,10118,2023-11-18,Delivered
509179,10998,2024-07-27,Delivered
509180,11936,2023-06-09,Delivered
509181,11763,2023-12-02,Delivered
509182,12979,2023-11-24,Delivered
509183,12228,2023-06-22,Returned
509184,12446,2023-10-05,Delivered
509185,10202,2023-06-12,Delivered
509186,10124,2024-01-28,Delivered
509187,12983,2023-10-24,Delivered
509188,10402,2024-05-18,Delivered
509189,11415,2024-06-04,Delivered
509190,11703,2023-08-13,Delivered
509191,11214,2024-09-02,Returned
509192,12459,2024-04-07,Delivered
509193,12326,2023-12-29,Delivered
509194,12285,2023-08-19,Delivered
509195,12326,2023-07-31,Delivered
509196,12028,2024-02-08,Delivered
509197,12805,2023-10-29,Delivered
509198,10143,2023-08-04,Cancelled
509199,10952,2023-07-03,Delivered
509200,12311,2023-10-08,Delivered
509201,11467,2024-07-20,Delivered
509202,10126,2023-11-04,Delivered
509203,10254,2024-07-12,Delivered
509204,10311,2024-04-07,Delivered
509205,11055,2023-12-31,Delivered
509206,12294,2023-08-06,Returned
509207,12639,2024-03-28,Delivered
509208,12343,2023-12-21,Delivered
509209,12518,2024-04-28,Delivered
509210,10364,2023-06-08,Delivered
509211,10941,2024-06-28,Delivered
509212,12816,2024-01-29,Delivered
509213,12906,2023-06-09,Delivered
509214,11275,2024-09-28,Delivered
509215,12311,2024-08-09,Delivered
509216,10359,2023-09-09,Delivered
509217,10586,2023-06-14,Delivered
509218,12421,2024-02-02,Delivered
509219,10687,2023-09-30,Delivered
509220,10031,2024-08-30,Delivered
509221,10445,2024-05-21,Delivered
509222,12639,2024-03-08,Delivered
509223,12513,2023-09-16,Delivered
509224,11071,2024-01-10,Delivered
509225,11014,2023-11-08,Delivered
509226,11705,2024-09-16,Delivered
509227,10341,2023-06-18,Delivered
509228,10182,2023-12-25,Delivered
509229,11091,2024-07-13,Cancelled
509230,11964,2024-03-10,Delivered
509231,12191,2024-02-06,Delivered
509232,12359,2024-06-24,Delivered
509233,12764,2024-03-01,Returned
509234,10115,2024-06-09,Delivered
509235,12600,2023-10-02,Delivered
509236,12012,2024-01-24,Delivered
509237,11225,2024-08-22,Delivered
509238,10301,2023-10-02,Delivered
509239,11733,2024-03-28,Cancelled
509240,12607,2024-08-08,Returned
509241,12202,2023-12-21,Delivered
509242,12525,2024-07-18,Delivered
509243,11636,2024-08-29,Cancelled
509244,12035,2024-02-08,Delivered
509245,12926,2024-01-10,Delivered
509246,12878,2024-09-27,Delivered
509247,12732,2024-02-21,Delivered
509248,11946,2024-01-19,Delivered
509249,11707,2024-05-10,Delivered
509250,11853,2023-06-16,Delivered
509251,12918,2023-08-29,Returned
509252,11308,2023-07-31,Delivered
509253,10891,2023-12-16,Delivered
509254,11527,2024-03-15,Delivered
509255,11173,2024-04-19,Delivered
509256,12764,2023-10-09,Returned
509257,12997,2024-06-18,Delivered
509258,10098,2024-03-21,Delivered
509259,10953,2023-12-11,Delivered
509260,12503,2023-11-25,Delivered
509261,11493,2023-12-27,Returned
509262,11133,2024-07-15,Delivered
509263,10499,2023-08-28,Delivered
509264,13009,2024-01-01,Delivered
509265,12503,2023-08-18,Delivered
509266,12548,2023-10-30,Delivered
509267,12403,2024-05-28,Delivered
509268,11079,2024-07-13,Delivered
509269,11168,2024-01-22,Cancelled
509270,12446,2024-05-21,Delivered
509271,11882,2024-06-24,Returned
509272,10798,2024-01-28,Delivered
509273,11415,2024-06-17,Returned
509274,10025,2024-02-02,Delivered
509275,10451,2024-03-14,Delivered
509276,11091,2024-05-05,Delivered
509277,10782,2024-05-20,Delivered
509278,11955,2024-06-05,Delivered
509279,12162,2023-09-04,Delivered
509280,11377,2024-04-05,Delivered
509281,11540,2024-01-14,Delivered
509282,11073,2024-08-04,Delivered
509283,10677,2024-08-01,Delivered
509284,13040,2023-07-03,Delivered
509285,10324,2023-12-12,Cancelled
509286,12173,2024-07-21,Delivered
509287,10053,2023-10-14,Delivered
509288,11149,2024-07-04,Delivered
509289,10599,2023-08-27,Returned
509290,12351,2024-04-17,Returned
509291,12584,2023-06-28,Cancelled
509292,12652,2023-12-26,Delivered
509293,11429,2024-05-24,Delivered
509294,10650,2023-06-08,Delivered
509295,10371,2023-06-06,Delivered
509296,12721,2023-10-01,Delivered
509297,10903,2023-12-10,Returned
509298,12521,2024-02-20,Delivered
509299,12028,2024-02-17,Delivered
509300,12095,2023-10-28,Cancelled
509301,12551,2024-06-20,Delivered
509302,12834,2023-08-12,Delivered
509303,10028,2024-03-09,Delivered
509304,10262,2023-12-06,Returned
509305,10698,2024-08-19,Delivered
509306,11745,2024-07-28,Delivered
509307,10631,2023-10-02,Delivered
509308,10158,2023-06-27,Delivered
509309,12411,2023-08-31,Delivered
509310,10326,2024-05-23,Delivered
509311,12514,2024-02-17,Delivered
509312,12942,2023-09-17,Delivered
509313,10187,2023-10-09,Returned
509314,12390,2023-12-07,Delivered
509315,12781,2023-08-31,Delivered
509316,10661,2024-03-14,Delivered
509317,10140,2024-05-07,Delivered
509318,11898,2024-07-10,Delivered
509319,10034,2024-03-11,Delivered
509320,12039,2024-07-17,Cancelled
509321,11953,2024-06-26,Returned
509322,10895,2023-08-03,Cancelled
509323,10910,2024-06-03,Delivered
509324,12254,2023-12-12,Delivered
509325,10481,2024-01-20,Delivered
509326,12230,2024-05-29,Delivered
509327,10685,2023-10-11,Delivered
509328,11173,2024-06-11,Delivered
509329,11656,2024-08-14,Delivered
509330,10987,2024-05-31,Delivered
509331,12411,2024-02-02,Delivered
509332,11518,2023-09-23,Delivered
509333,12071,2023-09-14,Delivered
509334,12608,2024-03-06,Cancelled
509335,11435,2024-01-27,Delivered
509336,12174,2024-05-15,Cancelled
509337,10051,2023-10-09,Delivered
509338,12314,2023-10-11,Delivered
509339,12359,2023-10-24,Delivered
509340,12294,2024-08-26,Delivered
509341,11150,2024-02-12,Returned
509342,10068,2024-06-29,Delivered
509343,10941,2024-04-11,Delivered
509344,11343,2024-02-02,Returned
509345,10154,2024-09-02,Delivered
509346,11048,2023-07-07,Delivered
509347,12888,2024-04-12,Delivered
509348,12155,2023-10-08,Delivered
509349,11500,2023-11-22,Delivered
509350,11145,2024-02-03,Delivered
509351,11740,2023-08-02,Delivered
509352,10068,2024-07-31,Delivered
509353,11355,2024-08-19,Delivered
509354,12836,2023-06-24,Returned
509355,11001,2023-11-13,Returned
509356,11152,2023-11-15,Returned
509357,10286,2023-12-23,Delivered
509358,13042,2024-01-19,Cancelled
509359,12322,2024-06-24,Delivered
509360,12385,2024-03-29,Delivered
509361,10318,2024-02-17,Delivered
509362,12471,2023-09-29,Delivered
509363,11307,2023-07-09,Delivered
509364,11794,2023-08-20,Cancelled
509365,12330,2023-10-12,Delivered
509366,12222,2024-06-20,Delivered
509367,12385,2024-05-10,Delivered
509368,12489,2024-04-08,Returned
509369,11249,2023-06-20,Delivered
509370,12831,2024-09-24,Delivered
509371,12312,2024-07-03,Delivered
509372,12482,2023-10-08,Delivered
509373,10831,2023-06-16,Delivered
509374,11503,2023-09-06,Delivered
509375,12537,2023-12-05,Delivered
509376,10152,2023-09-13,Returned
509377,12407,2023-07-26,Delivered
509378,11941,2023-12-06,Delivered
509379,12781,2023-06-29,Delivered
509380,12493,2023-06-08,Cancelled
509381,12004,2023-09-11,Delivered
509382,10972,2024-05-02,Delivered
509383,10582,2024-01-06,Delivered
509384,10568,2023-08-01,Delivered
509385,11832,2023-10-06,Delivered
509386,11938,2024-02-08,Delivered
509387,11676,2024-03-28,Returned
509388,10252,2024-09-13,Delivered
509389,10071,2024-03-29,Delivered
509390,10661,2023-12-27,Cancelled
509391,11302,2024-08-16,Delivered
509392,10236,2023-11-21,Delivered
509393,11205,2024-08-23,Delivered
509394,10630,2024-06-21,Delivered
509395,10617,2023-11-24,Delivered
509396,12894,2024-03-18,Delivered
509397,12878,2024-01-14,Delivered
509398,12064,2023-09-09,Delivered
509399,10391,2024-09-11,Delivered
509400,10952,2023-11-25,Delivered
509401,11163,2023-06-04,Delivered
509402,13013,2023-08-07,Delivered
509403,11110,2024-03-27,Delivered
509404,10229,2023-11-30,Delivered
509405,11270,2024-09-22,Delivered
509406,12980,2024-01-16,Delivered
509407,11954,2024-05-26,Delivered
509408,11182,2023-08-23,Delivered
509409,12283,2024-03-08,Delivered
509410,12859,2023-07-27,Delivered
509411,10210,2024-02-27,Delivered
509412,12912,2023-07-06,Delivered
509413,10606,2023-12-08,Delivered
509414,10482,2024-07-20,Delivered
509415,11685,2023-11-29,Delivered
509416,13009,2024-05-03,Delivered
509417,11910,2023-11-24,Delivered
509418,11595,2024-02-20,Delivered
509419,12332,2023-09-24,Delivered
509420,12362,2024-05-09,Delivered
509421,10756,2024-01-03,Delivered
509422,10294,2024-03-27,Delivered
509423,10676,2023-09-26,Delivered
509424,11513,2024-08-28,Delivered
509425,12016,2023-06-08,Delivered
509426,11823,2023-10-30,Delivered
509427,11904,2023-11-03,Delivered
509428,10254,2023-09-13,Delivered
509429,10115,2023-07-17,Delivered
509430,11724,2023-09-27,Delivered
509431,12789,2023-06-06,Delivered
509432,11445,2024-01-02,Delivered
509433,12366,2023-06-20,Delivered
509434,12857,2023-09-19,Cancelled
509435,11490,2023-12-08,Cancelled
509436,12044,2024-08-04,Returned
509437,10985,2023-06-15,Returned
509438,10400,2024-05-19,Returned
509439,12694,2023-11-06,Delivered
509440,12328,2024-03-17,Delivered
509441,10735,2024-06-10,Delivered
509442,13000,2024-01-05,Delivered
509443,12764,2023-10-23,Delivered
509444,12505,2024-06-02,Delivered
509445,12245,2023-08-27,Cancelled
509446,12220,2024-06-28,Returned
509447,12175,2023-12-31,Delivered
509448,10537,2023-06-22,Delivered
509449,12842,2023-10-26,Returned
509450,10042,2024-04-25,Delivered
509451,11829,2023-10-20,Delivered
509452,10418,2023-07-27,Delivered
509453,10456,2024-04-29,Cancelled
509454,12219,2023-09-05,Delivered
509455,10690,2023-08-02,Returned
509456,12025,2024-08-29,Returned
509457,11492,2023-06-02,Delivered
509458,12892,2024-04-30,Delivered
509459,12897,2023-11-28,Returned
509460,10324,2024-05-14,Delivered
509461,12478,2023-08-28,Returned
509462,11237,2024-02-12,Delivered
509463,12314,2024-09-22,Delivered
509464,10350,2024-02-01,Delivered
509465,11221,2024-06-07,Delivered
509466,10001,2023-08-20,Delivered
509467,10028,2024-08-17,Delivered
509468,11582,2024-02-10,Delivered
509469,11845,2024-03-20,Delivered
509470,10486,2023-10-30,Delivered
509471,10210,2024-08-12,Delivered
509472,12062,2024-09-07,Delivered
509473,11036,2023-07-28,Delivered
509474,11740,2023-06-18,Delivered
509475,12055,2024-07-09,Delivered
509476,11767,2023-07-12,Cancelled
509477,11536,2023-06-20,Delivered
509478,12763,2024-08-07,Delivered
509479,12947,2023-11-18,Delivered
509480,11000,2023-06-27,Delivered
509481,12639,2023-07-20,Delivered
509482,11194,2024-06-07,Delivered
509483,11442,2024-08-28,Cancelled
509484,12411,2023-12-17,Delivered
509485,10364,2024-06-04,Delivered
509486,12769,2023-12-13,Delivered
509487,10639,2024-04-27,Cancelled
509488,10425,2023-12-12,Delivered
509489,12369,2023-11-21,Delivered
509490,10181,2024-09-29,Delivered
509491,13040,2023-12-15,Delivered
509492,12352,2023-08-12,Delivered
509493,11993,2024-02-14,Delivered
509494,12432,2023-10-16,Delivered
509495,10099,2023-12-30,Delivered
509496,11477,2024-05-25,Delivered
509497,12746,2023-07-01,Delivered
509498,10799,2024-04-15,Delivered
509499,11996,2024-05-12,Delivered
509500,10247,2024-05-29,Delivered
509501,11199,2024-09-25,Delivered
509502,10915,2024-08-25,Returned
509503,11973,2023-10-30,Delivered
509504,12141,2023-11-29,Delivered
509505,12487,2024-08-14,Returned
509506,11074,2024-04-16,Cancelled
509507,11358,2023-10-29,Delivered
509508,12229,2024-03-17,Delivered
509509,12098,2023-08-31,Delivered
509510,10702,2024-06-21,Delivered
509511,10360,2023-10-26,Delivered
509512,11257,2024-03-16,Delivered
509513,12476,2024-07-10,Delivered
509514,12833,2023-08-12,Delivered
509515,11540,2024-08-25,Delivered
509516,11152,2023-09-21,Delivered
509517,12333,2024-02-08,Cancelled
509518,12489,2023-10-18,Delivered
509519,12764,2024-05-12,Delivered
509520,12587,2024-01-15,Delivered
509521,10715,2024-09-07,Delivered
509522,11907,2023-07-26,Delivered
509523,10129,2023-07-03,Delivered
509524,12736,2024-04-18,Delivered
509525,12380,2024-09-30,Delivered
509526,12785,2024-05-09,Delivered
509527,11930,2023-11-23,Delivered
509528,11074,2023-11-14,Returned
509529,11929,2024-08-20,Delivered
509530,12004,2024-07-25,Delivered
509531,10526,2024-01-02,Delivered
509532,10571,2024-09-27,Delivered
509533,10878,2023-07-26,Delivered
509534,10930,2023-11-04,Delivered
509535,11674,2024-03-26,Delivered
509536,11766,2024-08-06,Delivered
509537,13029,2024-07-06,Delivered
509538,11136,2024-03-03,Returned
509539,10466,2024-01-21,Delivered
509540,11662,2023-12-01,Delivered
509541,11640,2023-06-22,Delivered
509542,11465,2024-02-10,Delivered
509543,11666,2024-07-24,Delivered
509544,11087,2024-02-16,Delivered
509545,11278,2024-03-16,Delivered
509546,12422,2024-08-06,Delivered
509547,10568,2024-04-19,Delivered
509548,11876,2024-05-14,Delivered
509549,11044,2024-06-21,Delivered
509550,11448,2024-05-17,Delivered
509551,13004,2024-08-07,Cancelled
509552,11712,2023-07-17,Delivered
509553,10665,2023-12-20,Delivered
509554,10247,2023-08-10,Delivered
509555,10858,2024-01-14,Delivered
509556,12338,2023-06-02,Delivered
509557,11095,2024-04-13,Delivered
509558,12087,2023-10-14,Delivered
509559,11283,2024-04-27,Delivered
509560,10649,2024-06-29,Delivered
509561,12368,2023-09-20,Delivered
509562,11656,2024-03-01,Delivered
509563,12687,2024-01-29,Delivered
509564,13005,2024-06-17,Delivered
509565,11999,2024-03-05,Delivered
509566,11467,2023-11-22,Delivered
509567,11437,2023-11-02,Delivered
509568,10156,2024-01-20,Delivered
509569,11701,2023-07-18,Returned
509570,12552,2024-06-08,Delivered
509571,11534,2024-05-27,Cancelled
509572,13004,2024-01-14,Delivered
509573,10297,2024-08-27,Delivered
509574,11499,2024-03-24,Delivered
509575,12222,2023-10-26,Delivered
509576,10069,2023-11-05,Returned
509577,12568,2024-02-24,Delivered
509578,11156,2023-06-27,Delivered
509579,11829,2024-01-19,Returned
509580,12609,2023-12-13,Delivered
509581,11985,2023-12-05,Delivered
509582,13021,2024-04-29,Returned
509583,11740,2023-06-16,Delivered
509584,10813,2023-07-10,Delivered
509585,10559,2024-03-05,Delivered
509586,11506,2024-01-25,Delivered
509587,10192,2024-02-17,Delivered
509588,11027,2023-07-26,Delivered
509589,12766,2024-01-07,Delivered
509590,11069,2023-06-05,Returned
509591,11297,2023-11-14,Delivered
509592,10396,2023-06-29,Delivered
509593,10925,2023-11-26,Delivered
509594,11919,2023-08-15,Cancelled
509595,13001,2024-03-11,Delivered
509596,10517,2023-07-08,Delivered
509597,12048,2023-12-28,Delivered
509598,10512,2024-03-14,Delivered
509599,10229,2024-04-14,Delivered
509600,12024,2024-03-28,Delivered
509601,11532,2024-09-08,Delivered
509602,10957,2024-02-04,Returned
509603,10981,2024-03-19,Delivered
509604,12663,2024-04-07,Delivered
509605,11036,2024-03-23,Delivered
509606,10694,2023-09-21,Delivered
509607,12143,2024-01-27,Delivered
509608,10657,2023-06-20,Delivered
509609,12642,2024-03-16,Delivered
509610,12292,2023-06-14,Delivered
509611,10241,2024-07-18,Delivered
509612,11027,2024-05-16,Delivered
509613,12693,2024-09-23,Delivered
509614,11123,2023-07-20,Delivered
509615,10968,2023-10-01,Delivered
509616,12572,2024-09-07,Returned
509617,11424,2024-08-24,Delivered
509618,12887,2024-01-13,Delivered
509619,10241,2023-09-24,Delivered
509620,10462,2024-08-22,Delivered
509621,11750,2023-06-17,Delivered
509622,10349,2023-12-13,Cancelled
509623,12449,2024-01-29,Delivered
509624,10426,2024-03-25,Delivered
509625,10941,2024-07-19,Delivered
509626,11429,2024-04-21,Cancelled
509627,12768,2023-07-01,Delivered
509628,12118,2024-05-05,Delivered
509629,10963,2023-07-09,Delivered
509630,11008,2023-06-10,Delivered
509631,12214,2024-09-14,Delivered
509632,12105,2023-07-04,Delivered
509633,10911,2024-08-25,Delivered
509634,12276,2024-05-13,Delivered
509635,12787,2023-10-21,Delivered
509636,12942,2024-02-05,Delivered
509637,12026,2023-09-15,Delivered
509638,11560,2024-08-26,Returned
509639,10236,2024-06-03,Delivered
509640,12699,2024-04-18,Delivered
509641,10647,2023-08-07,Delivered
509642,10375,2024-08-24,Delivered
509643,13028,2024-09-14,Delivered
509644,12906,2024-02-17,Delivered
509645,12036,2024-08-03,Delivered
509646,11280,2024-02-04,Delivered
509647,10041,2024-03-07,Delivered
509648,11668,2023-08-21,Delivered
509649,10103,2023-10-09,Returned
509650,11128,2023-09-15,Delivered
509651,12499,2023-06-25,Delivered
509652,10071,2023-09-12,Delivered
509653,11590,2023-10-01,Delivered
509654,11513,2024-07-27,Delivered
509655,10905,2024-06-14,Delivered
509656,10774,2023-09-04,Delivered
509657,11496,2024-01-20,Delivered
509658,10108,2024-06-04,Delivered
509659,10653,2023-10-23,Delivered
509660,11450,2024-05-19,Cancelled
509661,10383,2024-06-27,Delivered
509662,10386,2023-11-30,Returned
509663,11421,2023-12-23,Delivered
509664,10289,2024-06-05,Delivered
509665,12280,2024-08-06,Delivered
509666,12736,2024-01-27,Delivered
509667,11623,2023-07-08,Delivered
509668,11201,2023-09-29,Delivered
509669,11579,2024-08-04,Delivered
509670,12879,2023-11-28,Delivered
509671,11826,2023-11-25,Delivered
509672,11513,2024-03-12,Delivered
509673,10557,2024-07-07,Cancelled
509674,10764,2023-11-03,Returned
509675,12896,2024-02-09,Delivered
509676,12215,2024-07-15,Delivered
509677,11569,2024-04-20,Delivered
509678,10836,2024-06-27,Delivered
509679,10070,2024-03-05,Delivered
509680,12481,2024-07-22,Returned
509681,10416,2024-06-11,Delivered
509682,10783,2023-10-10,Delivered
509683,12927,2024-01-01,Delivered
509684,10131,2024-08-13,Cancelled
509685,10788,2024-02-07,Delivered
509686,11079,2023-06-13,Delivered
509687,11622,2023-10-10,Delivered
509688,12489,2024-01-12,Delivered
509689,11757,2023-08-24,Delivered
509690,11244,2024-09-17,Delivered
509691,12717,2024-06-16,Delivered
509692,10482,2023-10-30,Delivered
509693,11635,2024-07-18,Delivered
509694,10099,2024-09-24,Cancelled
509695,12404,2023-11-28,Delivered
509696,11582,2024-07-21,Delivered
509697,11097,2023-10-18,Delivered
509698,10537,2024-04-03,Delivered
509699,10431,2023-11-14,Delivered
509700,11979,2024-04-23,Delivered
509701,11397,2024-02-26,Cancelled
509702,10264,2024-08-15,Delivered
509703,10771,2023-09-14,Delivered
509704,10920,2024-02-09,Delivered
509705,11532,2024-03-27,Delivered
509706,10384,2024-01-09,Delivered
509707,11324,2024-01-24,Delivered
509708,11606,2024-05-04,Delivered
509709,12205,2023-06-19,Delivered
509710,10034,2023-06-05,Delivered
509711,12649,2024-04-05,Delivered
509712,12442,2023-06-20,Delivered
509713,12187,2023-08-26,Delivered
509714,12490,2024-09-21,Delivered
509715,12164,2023-06-24,Delivered
509716,10952,2024-03-12,Delivered
509717,12789,2024-02-27,Delivered
509718,12024,2024-01-25,Delivered
509719,10068,2023-07-22,Delivered
509720,11430,2023-11-28,Delivered
509721,11368,2024-09-22,Returned
509722,11666,2023-08-17,Delivered
509723,12806,2024-02-01,Delivered
509724,10498,2024-02-10,Delivered
509725,12620,2024-03-28,Delivered
509726,12752,2024-02-20,Delivered
509727,12476,2024-04-27,Delivered
509728,10618,2023-09-19,Delivered
509729,10996,2023-12-02,Delivered
509730,11278,2023-12-25,Delivered
509731,12687,2024-03-13,Delivered
509732,11355,2023-08-14,Delivered
509733,10352,2024-08-25,Delivered
509734,11291,2024-02-10,Cancelled
509735,12657,2023-07-14,Delivered
509736,12914,2023-12-06,Delivered
509737,11510,2023-12-23,Delivered
509738,12976,2023-06-14,Returned
509739,11166,2024-03-26,Delivered
509740,12064,2023-12-27,Delivered
509741,12378,2024-05-24,Delivered
509742,11257,2023-10-23,Delivered
509743,10589,2023-11-06,Delivered
509744,10837,2024-07-01,Returned
509745,11958,2023-10-01,Delivered
509746,11016,2024-09-05,Delivered
509747,10271,2024-05-14,Delivered
509748,10103,2024-09-30,Delivered
509749,11030,2024-02-19,Delivered
509750,12733,2024-02-04,Delivered
509751,10783,2024-02-20,Delivered
509752,11275,2024-07-04,Delivered
509753,10913,2024-05-10,Delivered
509754,10383,2024-04-12,Delivered
509755,11298,2023-09-21,Delivered
509756,13017,2023-12-02,Returned
509757,11716,2023-07-22,Returned
509758,12906,2023-07-20,Delivered
509759,12547,2024-02-09,Delivered
509760,11383,2023-06-06,Returned
509761,11468,2024-05-30,Cancelled
509762,10513,2024-06-05,Delivered
509763,11270,2024-07-12,Returned
509764,12963,2024-06-20,Delivered
509765,10931,2024-02-19,Delivered
509766,10676,2024-04-01,Delivered
509767,11003,2024-01-17,Delivered
509768,12802,2023-11-22,Delivered
509769,12259,2024-07-10,Delivered
509770,12245,2024-05-03,Delivered
509771,12890,2023-07-04,Delivered
509772,10295,2023-11-14,Delivered
509773,11445,2024-05-30,Delivered
509774,11651,2024-08-02,Delivered
509775,11914,2024-04-16,Delivered
509776,13028,2023-06-05,Delivered
509777,10905,2023-06-12,Delivered
509778,10535,2023-09-14,Delivered
509779,12662,2023-06-02,Delivered
509780,11319,2024-01-21,Returned
509781,11591,2024-06-30,Returned
509782,10968,2023-06-27,Delivered
509783,10925,2024-06-12,Delivered
509784,12442,2023-09-06,Delivered
509785,12966,2023-07-05,Delivered
509786,10568,2023-10-14,Delivered
509787,12207,2024-02-17,Delivered
509788,11518,2023-07-13,Delivered
509789,10964,2023-07-05,Delivered
509790,10855,2023-07-31,Delivered
509791,11989,2024-09-16,Delivered
509792,12691,2023-12-19,Delivered
509793,10955,2023-11-09,Delivered
509794,12732,2023-09-25,Cancelled
509795,10869,2023-08-17,Delivered
509796,10243,2024-06-07,Delivered
509797,12294,2024-04-06,Delivered
509798,10282,2024-07-06,Delivered
509799,12806,2023-12-01,Delivered
509800,11360,2024-04-13,Returned
509801,11467,2024-07-09,Delivered
509802,12446,2024-01-24,Delivered
509803,10965,2023-10-05,Delivered
509804,12128,2023-06-15,Cancelled
509805,10091,2024-06-14,Delivered
509806,10296,2023-11-05,Delivered
509807,12728,2023-07-12,Delivered
509808,10202,2023-11-08,Delivered
509809,11125,2023-07-25,Delivered
509810,11747,2024-01-05,Returned
509811,12852,2023-08-19,Delivered
509812,11960,2024-08-15,Cancelled
509813,10674,2023-11-26,Delivered
509814,12121,2023-12-20,Delivered
509815,12847,2023-12-26,Delivered
509816,10566,2024-01-03,Delivered
509817,11400,2024-06-24,Returned
509818,10839,2024-05-05,Returned
509819,11219,2024-05-25,Delivered
509820,11347,2023-06-16,Delivered
509821,11193,2024-03-31,Delivered
509822,11215,2024-05-29,Delivered
509823,12094,2024-09-08,Delivered
509824,11662,2024-02-24,Delivered
509825,12903,2023-06-05,Delivered
509826,10304,2024-03-19,Delivered
509827,10653,2023-07-12,Delivered
509828,12984,2024-07-08,Delivered
509829,12596,2024-04-26,Delivered
509830,12282,2024-03-11,Delivered
509831,13057,2024-01-08,Delivered
509832,10874,2024-05-27,Delivered
509833,11763,2023-10-20,Cancelled
509834,11642,2023-09-26,Delivered
509835,11322,2023-10-08,Delivered
509836,12641,2023-09-30,Cancelled
509837,12648,2024-03-08,Cancelled
509838,11410,2023-10-26,Returned
509839,12721,2023-06-11,Delivered
509840,12637,2023-06-07,Delivered
509841,10314,2024-04-01,Delivered
509842,11976,2024-06-19,Delivered
509843,11826,2024-02-13,Delivered
509844,13043,2024-06-22,Delivered
509845,12490,2024-02-01,Delivered
509846,11101,2023-12-27,Delivered
509847,11037,2024-04-20,Delivered
509848,12334,2023-07-26,Delivered
509849,10758,2024-04-03,Returned
509850,10029,2023-08-05,Cancelled
509851,11707,2024-03-12,Cancelled
509852,12910,2024-08-08,Delivered
509853,10768,2024-06-23,Returned
509854,12165,2024-01-08,Delivered
509855,12622,2024-08-23,Cancelled
509856,10329,2023-08-18,Delivered
509857,12294,2023-06-01,Returned
509858,10783,2024-05-16,Returned
509859,12906,2024-05-06,Delivered
509860,12964,2023-11-09,Cancelled
509861,10832,2024-09-04,Delivered
509862,12403,2023-09-22,Delivered
509863,12737,2023-10-04,Delivered
509864,12165,2023-07-17,Returned
509865,11544,2023-07-24,Delivered
509866,11256,2023-09-10,Delivered
509867,10799,2024-02-11,Delivered
509868,10639,2024-03-03,Cancelled
509869,11783,2023-07-02,Returned
509870,10596,2023-07-28,Delivered
509871,11569,2023-07-15,Delivered
509872,11056,2023-07-30,Delivered
509873,12913,2024-07-27,Delivered
509874,11483,2024-01-18,Delivered
509875,12740,2024-01-23,Delivered
509876,11715,2024-09-21,Delivered
509877,13027,2023-08-04,Delivered
509878,11157,2024-08-18,Delivered
509879,11830,2024-04-05,Delivered
509880,12800,2023-12-03,Delivered
509881,10556,2023-11-22,Delivered
509882,11475,2023-08-22,Delivered
509883,11746,2023-10-14,Cancelled
509884,10175,2024-02-19,Delivered
509885,10435,2023-10-09,Delivered
509886,11044,2024-07-18,Delivered
509887,10529,2024-02-03,Delivered
509888,11476,2023-10-01,Delivered
509889,11260,2024-03-14,Delivered
509890,12640,2024-08-20,Returned
509891,11878,2023-06-21,Delivered
509892,11089,2024-04-07,Cancelled
509893,10288,2024-01-10,Delivered
509894,10089,2023-11-27,Delivered
509895,12478,2024-09-10,Delivered
509896,12552,2023-12-10,Delivered
509897,13042,2023-07-11,Delivered
509898,12380,2024-05-16,Delivered
509899,12632,2024-05-06,Delivered
509900,12967,2023-07-11,Cancelled
509901,11552,2024-03-21,Delivered
509902,11388,2024-06-20,Delivered
509903,11586,2024-09-30,Delivered
509904,10783,2024-04-20,Delivered
509905,12494,2023-10-30,Delivered
509906,11008,2023-06-12,Delivered
509907,11998,2024-06-04,Delivered
509908,11565,2024-05-07,Delivered
509909,11899,2023-11-22,Delivered
509910,12038,2024-06-24,Delivered
509911,11403,2024-09-06,Returned
509912,11093,2024-04-16,Delivered
509913,11370,2023-11-26,Delivered
509914,11233,2024-09-04,Delivered
509915,12508,2024-07-03,Returned
509916,12484,2023-09-20,Delivered
509917,10602,2024-03-04,Delivered
509918,12764,2024-07-05,Returned
509919,10812,2023-11-19,Delivered
509920,11539,2023-07-11,Delivered
509921,11766,2024-04-10,Delivered
509922,10278,2023-12-05,Delivered
509923,12824,2024-07-22,Delivered
509924,12571,2024-08-28,Delivered
509925,10047,2024-08-27,Delivered
509926,11840,2023-09-01,Delivered
509927,11599,2023-06-08,Delivered
509928,12051,2023-06-28,Delivered
509929,11112,2024-06-14,Delivered
509930,10326,2024-09-24,Delivered
509931,12239,2023-08-10,Delivered
509932,10156,2023-08-28,Returned
509933,12035,2024-07-20,Delivered
509934,10096,2024-02-05,Cancelled
509935,12220,2023-11-10,Delivered
509936,12266,2024-05-19,Cancelled
509937,11944,2023-11-04,Cancelled
509938,10343,2024-07-31,Delivered
509939,10451,2024-02-19,Delivered
509940,11834,2024-09-02,Delivered
509941,11826,2023-12-07,Delivered
509942,10671,2024-07-07,Delivered
509943,11669,2023-10-09,Delivered
509944,11006,2024-01-30,Delivered
509945,12071,2023-07-21,Delivered
509946,12176,2023-07-23,Delivered
509947,13044,2023-11-03,Returned
509948,12142,2024-04-30,Delivered
509949,11688,2024-07-16,Delivered
509950,10873,2024-08-14,Delivered
509951,12084,2023-06-07,Delivered
509952,11732,2024-05-20,Delivered
509953,13001,2023-11-15,Delivered
509954,12635,2024-04-15,Delivered
509955,10382,2024-01-12,Delivered
509956,10793,2024-01-20,Delivered
509957,12623,2024-04-20,Delivered
509958,11104,2023-11-06,Delivered
509959,10244,2024-01-31,Delivered
509960,11810,2024-01-14,Delivered
509961,11657,2023-12-01,Returned
509962,12927,2023-09-02,Delivered
509963,10646,2024-03-19,Delivered
509964,12084,2024-04-19,Delivered
509965,12283,2023-11-19,Delivered
509966,12345,2024-07-24,Delivered
509967,10299,2024-03-08,Returned
509968,11126,2024-07-10,Returned
509969,12881,2023-08-24,Delivered
509970,10799,2024-09-02,Delivered
509971,11498,2023-11-18,Delivered
509972,12717,2023-10-21,Delivered
509973,13021,2023-08-05,Delivered
509974,12830,2024-04-09,Delivered
509975,10737,2023-08-11,Delivered
509976,10687,2024-06-06,Delivered
509977,10093,2024-04-04,Delivered
509978,12094,2023-06-25,Delivered
509979,11016,2023-06-09,Delivered
509980,11372,2024-05-21,Delivered
509981,12440,2023-10-11,Delivered
509982,10658,2024-09-16,Delivered
509983,12278,2023-09-24,Delivered
509984,11964,2024-06-28,Delivered
509985,12382,2024-08-04,Delivered
509986,12639,2023-12-30,Delivered
509987,11750,2023-12-27,Delivered
509988,11237,2023-11-21,Delivered
509989,10847,2024-07-16,Delivered
509990,11939,2024-02-13,Delivered
509991,11978,2024-03-03,Delivered
509992,11895,2024-06-27,Delivered
509993,11826,2023-06-27,Delivered
509994,12915,2024-08-01,Delivered
509995,12564,2024-04-25,Delivered
509996,11059,2024-02-26,Delivered
509997,11763,2024-06-17,Delivered
509998,10033,2024-04-25,Delivered
509999,12597,2024-01-01,Delivered
510000,10236,2024-08-24,Delivered
510001,11323,2024-04-23,Delivered
510002,12062,2023-12-29,Delivered
510003,10880,2024-04-14,Delivered
510004,10892,2024-04-24,Delivered
510005,12568,2024-08-19,Delivered
510006,11250,2023-08-04,Delivered
510007,12814,2023-10-07,Delivered
510008,12857,2024-05-15,Returned
510009,10232,2024-07-27,Delivered
510010,12722,2024-03-21,Returned
510011,10866,2023-10-10,Delivered
510012,12024,2023-06-23,Delivered
510013,10040,2024-04-22,Delivered
510014,12122,2024-07-09,Returned
510015,12649,2024-04-29,Delivered
510016,11584,2023-10-21,Delivered
510017,11227,2023-08-01,Delivered
510018,11099,2023-12-02,Delivered
510019,11925,2024-08-08,Delivered
510020,10354,2024-04-19,Delivered
510021,12330,2023-09-08,Delivered
510022,11457,2023-09-15,Returned
510023,11164,2024-03-21,Delivered
510024,11395,2023-08-03,Delivered
510025,12184,2024-09-26,Delivered
510026,11614,2023-06-04,Delivered
510027,12830,2024-09-23,Delivered
510028,11569,2024-06-14,Delivered
510029,12111,2024-05-17,Delivered
510030,12282,2023-08-21,Delivered
510031,11027,2024-05-19,Delivered
510032,11863,2023-10-29,Returned
510033,12121,2024-08-23,Delivered
510034,13028,2024-02-25,Delivered
510035,12255,2024-09-24,Delivered
510036,10869,2023-10-27,Delivered
510037,10229,2024-08-11,Delivered
510038,10182,2023-08-03,Delivered
510039,12349,2024-03-01,Delivered
510040,10619,2023-11-14,Returned
510041,11769,2024-08-21,Delivered
510042,11009,2024-08-25,Delivered
510043,12846,2023-09-26,Delivered
510044,10289,2024-09-15,Delivered
510045,12955,2023-07-14,Delivered
510046,10357,2023-07-09,Delivered
510047,11732,2024-08-23,Delivered
510048,10520,2024-07-10,Delivered
510049,11593,2024-06-18,Delivered
510050,11612,2023-06-10,Delivered
510051,12051,2024-07-11,Delivered
510052,10359,2024-07-06,Delivered
510053,12587,2024-03-15,Delivered
510054,10741,2024-04-23,Returned
510055,10895,2024-09-15,Delivered
510056,10124,2023-09-18,Delivered
510057,10510,2024-06-23,Delivered
510058,11743,2024-05-23,Delivered
510059,11740,2023-07-10,Delivered
510060,12094,2023-06-11,Delivered
510061,12740,2023-06-16,Delivered
510062,10029,2024-03-07,Delivered
510063,12051,2024-01-10,Delivered
510064,10425,2024-05-23,Delivered
510065,10757,2023-12-06,Delivered
510066,11490,2023-09-20,Delivered
510067,10093,2023-06-20,Delivered
510068,12183,2024-07-04,Delivered
510069,10965,2024-06-04,Delivered
510070,11157,2023-08-13,Returned
510071,12642,2024-02-04,Cancelled
510072,10312,2023-10-31,Delivered
510073,11766,2024-04-18,Delivered
510074,10424,2024-04-20,Delivered
510075,12840,2023-08-03,Delivered
510076,12535,2023-06-21,Delivered
510077,12323,2024-07-23,Delivered
510078,12545,2024-04-09,Cancelled
510079,13052,2023-10-30,Delivered
510080,11188,2023-09-10,Delivered
510081,11734,2024-03-27,Returned
510082,11404,2024-05-28,Delivered
510083,12906,2023-11-08,Delivered
510084,10625,2023-08-29,Delivered
510085,12829,2024-08-13,Delivered
510086,10817,2024-02-28,Delivered
510087,11243,2024-03-22,Delivered
510088,10302,2023-11-03,Delivered
510089,11496,2024-04-28,Returned
510090,11946,2024-08-12,Delivered
510091,11841,2024-03-12,Delivered
510092,10720,2024-05-12,Cancelled
510093,11745,2024-06-17,Delivered
510094,12273,2023-11-13,Delivered
510095,11148,2024-08-11,Delivered
510096,10723,2023-11-18,Delivered
510097,12791,2023-06-01,Delivered
510098,10756,2024-09-13,Delivered
510099,12018,2023-10-25,Returned
510100,12471,2023-08-28,Delivered
510101,12817,2023-10-19,Delivered
510102,11853,2023-11-25,Delivered
510103,12110,2024-04-10,Cancelled
510104,12726,2023-12-23,Delivered
510105,11988,2023-10-13,Delivered
510106,12690,2023-12-04,Delivered
510107,12827,2023-12-03,Delivered
510108,12956,2023-07-15,Cancelled
510109,11951,2023-06-23,Cancelled
510110,11939,2023-06-10,Delivered
510111,11958,2024-03-26,Delivered
510112,12815,2024-06-15,Delivered
510113,11401,2024-03-10,Delivered
510114,11412,2023-12-30,Cancelled
510115,11123,2024-02-22,Delivered
510116,11018,2023-11-11,Delivered
510117,10206,2024-07-11,Delivered
510118,11860,2024-02-11,Delivered
510119,10880,2023-06-15,Delivered
510120,10452,2023-12-30,Delivered
510121,12046,2024-07-02,Delivered
510122,11476,2023-06-02,Delivered
510123,12454,2023-07-12,Delivered
510124,11866,2023-09-18,Delivered
510125,10793,2024-05-22,Cancelled
510126,12186,2024-01-14,Delivered
510127,12580,2024-09-16,Delivered
510128,11051,2023-07-28,Returned
510129,10062,2024-05-25,Delivered
510130,10315,2024-06-08,Delivered
510131,11949,2024-05-10,Returned
510132,11569,2023-07-21,Returned
510133,10985,2023-08-06,Delivered
510134,12878,2023-08-11,Delivered
510135,12851,2023-08-07,Delivered
510136,11700,2024-01-26,Delivered
510137,11410,2024-01-26,Delivered
510138,10383,2024-07-20,Delivered
510139,10179,2024-07-20,Delivered
510140,12888,2024-02-14,Delivered
510141,10568,2024-06-05,Delivered
510142,10934,2024-03-08,Delivered
510143,10331,2023-12-31,Cancelled
510144,10650,2024-07-17,Delivered
510145,12640,2024-05-19,Delivered
510146,10354,2024-07-06,Delivered
510147,11037,2024-06-09,Delivered
510148,12833,2023-10-07,Returned
510149,11442,2024-08-19,Delivered
510150,12989,2024-03-12,Delivered
510151,11815,2024-08-12,Delivered
510152,12004,2023-10-16,Delivered
510153,11167,2024-09-17,Delivered
510154,12030,2024-08-01,Delivered
510155,11398,2024-07-15,Delivered
510156,10200,2024-01-03,Cancelled
510157,12074,2023-12-21,Delivered
510158,10768,2024-08-27,Delivered
510159,12701,2023-11-25,Delivered
510160,12936,2024-09-29,Delivered
510161,12183,2024-02-14,Delivered
510162,12657,2024-07-16,Delivered
510163,12548,2024-09-26,Returned
510164,11518,2024-05-31,Delivered
510165,12518,2023-07-12,Cancelled
510166,12175,2024-09-21,Delivered
510167,12500,2024-07-14,Delivered
510168,12459,2024-03-01,Delivered
510169,11882,2023-08-15,Returned
510170,12359,2024-03-12,Delivered
510171,12341,2024-09-04,Delivered
510172,12354,2024-01-21,Delivered
510173,12846,2024-05-09,Delivered
510174,12489,2024-05-25,Delivered
510175,11593,2023-09-28,Delivered
510176,10775,2024-07-29,Delivered
510177,10756,2024-03-01,Delivered
510178,10175,2024-01-03,Delivered
510179,10965,2024-07-05,Cancelled
510180,11590,2023-11-29,Cancelled
510181,10872,2024-01-18,Delivered
510182,10270,2023-06-14,Delivered
510183,11280,2023-10-23,Delivered
510184,10631,2024-01-24,Cancelled
510185,12836,2024-06-20,Delivered
510186,11275,2023-12-28,Delivered
510187,11960,2024-05-16,Cancelled
510188,11912,2024-08-11,Delivered
510189,11906,2024-07-08,Delivered
510190,11259,2024-08-01,Delivered
510191,10804,2023-08-17,Delivered
510192,11328,2024-05-31,Cancelled
510193,10648,2023-07-21,Delivered
510194,12333,2024-04-13,Delivered
510195,10383,2024-07-20,Delivered
510196,12094,2023-12-14,Delivered
510197,11066,2023-11-14,Delivered
510198,10096,2023-11-20,Delivered
510199,12124,2024-02-22,Delivered
510200,12587,2023-08-07,Delivered
510201,12220,2024-05-26,Delivered
510202,11039,2023-11-22,Delivered
510203,10482,2024-07-21,Delivered
510204,11514,2023-09-28,Delivered
510205,12294,2024-08-05,Delivered
510206,10406,2024-01-15,Delivered
510207,11299,2024-07-07,Delivered
510208,11910,2023-07-24,Delivered
510209,10874,2023-10-14,Delivered
510210,11099,2024-02-24,Delivered
510211,11450,2024-09-19,Delivered
510212,10535,2024-06-30,Delivered
510213,11278,2024-04-07,Delivered
510214,10381,2023-12-22,Delivered
510215,12870,2023-06-20,Delivered
510216,10156,2024-01-13,Delivered
510217,11221,2024-05-09,Delivered
510218,10176,2023-06-22,Delivered
510219,10934,2023-07-15,Delivered
510220,10968,2023-09-21,Delivered
510221,10973,2024-06-02,Delivered
510222,11695,2023-09-14,Delivered
510223,12772,2024-09-04,Delivered
510224,13047,2023-11-04,Cancelled
510225,10272,2024-03-11,Delivered
510226,12806,2023-07-08,Cancelled
510227,11695,2024-06-28,Delivered
510228,11628,2024-07-07,Delivered
510229,12444,2023-07-23,Delivered
510230,10027,2023-08-11,Returned
510231,12855,2024-01-26,Delivered
510232,11985,2023-08-24,Delivered
510233,12359,2023-11-26,Delivered
510234,10895,2023-11-20,Returned
510235,11669,2024-09-10,Delivered
510236,10002,2023-12-15,Delivered
510237,11317,2024-04-01,Delivered
510238,12805,2024-03-25,Delivered
510239,11710,2023-06-29,Returned
510240,12779,2024-04-25,Delivered
510241,11617,2024-08-18,Delivered
510242,12856,2023-08-11,Delivered
510243,10077,2023-12-15,Delivered
510244,11789,2023-07-01,Delivered
510245,12380,2024-02-13,Delivered
510246,12228,2024-08-26,Delivered
510247,12427,2024-09-04,Delivered
510248,10719,2024-04-27,Delivered
510249,10462,2023-10-12,Delivered
510250,10876,2024-01-23,Delivered
510251,11715,2024-09-24,Delivered
510252,11005,2024-04-16,Delivered
510253,11123,2024-08-27,Delivered
510254,10513,2023-12-09,Delivered
510255,11805,2023-07-08,Delivered
510256,11967,2024-05-25,Delivered
510257,12778,2023-09-07,Returned
510258,12155,2023-11-03,Delivered
510259,10278,2023-07-05,Delivered
510260,12420,2023-07-20,Delivered
510261,11089,2023-08-25,Delivered
510262,12041,2024-08-20,Delivered
510263,10662,2023-10-08,Delivered
510264,11057,2024-02-18,Delivered
510265,10518,2023-08-24,Delivered
510266,12165,2024-06-30,Delivered
510267,12788,2024-04-02,Delivered
510268,11055,2024-02-27,Returned
510269,11804,2024-02-06,Delivered
510270,12440,2024-08-25,Delivered
510271,10901,2024-09-19,Delivered
510272,10908,2024-03-28,Delivered
510273,12944,2023-10-26,Delivered
510274,12385,2023-08-29,Delivered
510275,10795,2023-08-05,Delivered
510276,11034,2024-08-07,Delivered
510277,11037,2023-10-27,Delivered
510278,10604,2023-11-11,Cancelled
510279,11377,2024-09-02,Delivered
510280,11217,2024-02-14,Cancelled
510281,12625,2024-08-25,Delivered
510282,12851,2024-07-03,Delivered
510283,12067,2023-12-15,Delivered
510284,12115,2023-08-18,Delivered
510285,10804,2023-11-01,Delivered
510286,11346,2023-10-01,Delivered
510287,11403,2024-03-09,Delivered
510288,10429,2023-11-14,Cancelled
510289,10469,2023-11-01,Delivered
510290,12716,2024-07-25,Delivered
510291,11929,2023-10-28,Delivered
510292,12572,2024-06-16,Delivered
510293,12987,2023-11-17,Delivered
510294,12006,2024-08-05,Delivered
510295,10954,2023-11-05,Delivered
510296,11767,2024-08-12,Delivered
510297,10117,2023-10-13,Delivered
510298,11031,2024-06-17,Delivered
510299,11681,2024-05-02,Delivered
510300,12087,2023-06-01,Delivered
510301,10218,2023-12-14,Delivered
510302,12807,2024-05-02,Delivered
510303,11753,2023-08-27,Delivered
510304,11000,2024-01-19,Delivered
510305,12069,2024-04-20,Delivered
510306,11779,2024-09-21,Delivered
510307,12048,2024-09-04,Delivered
510308,12523,2023-06-12,Delivered
510309,11805,2024-06-04,Delivered
510310,11036,2023-09-23,Delivered
510311,12842,2023-11-17,Delivered
510312,10092,2023-12-02,Returned
510313,12204,2024-06-12,Delivered
510314,10370,2023-06-16,Delivered
510315,10799,2023-06-04,Delivered
510316,12711,2023-10-24,Delivered
510317,10598,2024-07-24,Delivered
510318,10269,2023-10-03,Delivered
510319,11753,2024-01-09,Delivered
510320,11958,2024-02-02,Delivered
510321,10510,2024-02-22,Delivered
510322,12587,2023-09-10,Returned
510323,10077,2023-06-18,Delivered
510324,11048,2023-08-19,Delivered
510325,10246,2023-08-10,Delivered
510326,12687,2024-09-09,Delivered
510327,10665,2023-07-12,Cancelled
510328,10987,2024-04-14,Delivered
510329,11315,2024-08-09,Delivered
510330,11605,2024-02-09,Delivered
510331,11469,2023-09-03,Delivered
510332,12646,2024-03-12,Cancelled
510333,11715,2023-11-24,Delivered
510334,12639,2023-11-24,Delivered
510335,13042,2024-06-18,Delivered
510336,12057,2023-06-14,Delivered
510337,10334,2023-06-09,Delivered
510338,12427,2024-01-15,Cancelled
510339,12345,2024-03-25,Delivered
510340,12644,2024-03-17,Delivered
510341,10509,2023-10-21,Delivered
510342,12634,2023-10-05,Delivered
510343,10387,2024-09-23,Delivered
510344,11661,2023-06-15,Delivered
510345,10382,2023-06-26,Returned
510346,11788,2023-10-23,Returned
510347,12593,2024-08-05,Delivered
510348,10355,2023-07-02,Delivered
510349,10576,2024-01-24,Delivered
510350,11196,2024-03-09,Delivered
510351,12000,2024-08-30,Delivered
510352,10048,2024-02-28,Delivered
510353,11473,2024-07-18,Delivered
510354,11145,2024-08-27,Delivered
510355,10033,2024-08-14,Delivered
510356,10391,2024-08-15,Delivered
510357,10308,2024-06-07,Delivered
510358,12354,2024-09-04,Delivered
510359,11435,2023-07-26,Returned
510360,11553,2023-11-26,Returned
510361,10571,2024-04-03,Delivered
510362,10288,2023-06-11,Delivered
510363,11853,2024-01-14,Delivered
510364,12725,2024-08-20,Delivered
510365,10322,2024-08-10,Delivered
510366,12048,2024-08-23,Delivered
510367,11880,2023-11-07,Delivered
510368,12162,2023-09-15,Delivered
510369,10762,2024-02-24,Cancelled
510370,12848,2024-02-14,Delivered
510371,10658,2023-07-29,Delivered
510372,11217,2023-07-06,Delivered
510373,10223,2024-08-04,Delivered
510374,11584,2024-06-01,Delivered
510375,11826,2024-03-13,Delivered
510376,10760,2024-01-31,Delivered
510377,10269,2023-08-18,Delivered
510378,10869,2024-03-21,Delivered
510379,10997,2024-03-10,Delivered
510380,11048,2023-06-08,Delivered
510381,12713,2023-10-13,Delivered
510382,12472,2023-08-25,Returned
510383,11773,2024-05-09,Delivered
510384,10034,2023-08-17,Returned
510385,12202,2023-06-02,Returned
510386,12065,2024-09-29,Delivered
510387,10482,2023-10-21,Delivered
510388,11702,2024-01-29,Delivered
510389,10252,2023-11-07,Delivered
510390,11878,2024-01-31,Delivered
510391,11575,2024-06-25,Delivered
510392,11138,2024-06-09,Delivered
510393,11715,2023-08-08,Delivered
510394,12991,2024-05-21,Delivered
510395,12471,2023-10-28,Delivered
510396,10456,2023-07-30,Delivered
510397,11884,2024-04-30,Delivered
510398,10702,2024-04-23,Delivered
510399,11342,2023-07-11,Delivered
510400,10679,2024-04-19,Cancelled
510401,11442,2023-12-11,Delivered
510402,10661,2024-06-23,Delivered
510403,10862,2024-09-29,Delivered
510404,12744,2023-07-08,Delivered
510405,12704,2024-03-22,Cancelled
510406,10005,2024-08-14,Returned
510407,12449,2023-06-28,Returned
510408,11533,2024-03-17,Delivered
510409,11186,2023-12-30,Delivered
510410,12060,2023-10-05,Delivered
510411,10735,2023-09-08,Delivered
510412,12128,2024-03-02,Delivered
510413,12164,2024-02-01,Returned
510414,12013,2023-10-16,Delivered
510415,11829,2024-08-12,Delivered
510416,11300,2023-10-18,Cancelled
510417,11703,2024-08-24,Delivered
510418,10304,2023-12-06,Delivered
510419,12752,2024-08-17,Delivered
510420,10363,2023-09-07,Delivered
510421,12357,2023-06-08,Delivered
510422,10602,2024-08-04,Returned
510423,12202,2024-03-02,Delivered
510424,12644,2024-06-03,Delivered
510425,10952,2023-07-08,Delivered
510426,11944,2024-08-19,Returned
510427,10098,2024-05-07,Delivered
510428,10466,2024-04-08,Delivered
510429,12844,2024-05-16,Delivered
510430,12259,2024-05-09,Delivered
510431,10930,2023-06-02,Delivered
510432,10687,2024-08-12,Delivered
510433,11467,2024-07-05,Delivered
510434,11740,2023-09-19,Delivered
510435,12946,2023-11-10,Delivered
510436,10129,2023-11-22,Delivered
510437,10241,2023-10-15,Delivered
510438,12736,2024-03-21,Delivered
510439,11047,2024-09-14,Returned
510440,10315,2024-05-18,Delivered
510441,12051,2024-08-04,Delivered
510442,11091,2023-07-04,Returned
510443,10610,2023-09-09,Delivered
510444,10875,2024-07-28,Delivered
510445,10997,2024-09-11,Delivered
510446,12541,2024-01-27,Delivered
510447,11280,2024-03-01,Delivered
510448,11047,2023-08-30,Delivered
510449,10899,2024-09-23,Delivered
510450,11524,2023-07-02,Cancelled
510451,11883,2024-06-15,Delivered
510452,11873,2024-07-27,Delivered
510453,10236,2024-07-27,Delivered
510454,12243,2023-10-20,Cancelled
510455,12994,2024-06-28,Delivered
510456,12514,2023-11-04,Delivered
510457,10405,2024-04-23,Delivered
510458,10227,2024-04-15,Delivered
510459,12230,2023-12-21,Delivered
510460,10596,2024-09-13,Delivered
510461,10556,2023-11-20,Delivered
510462,10603,2023-06-16,Cancelled
510463,10869,2024-02-12,Delivered
510464,11260,2024-08-04,Delivered
510465,12232,2024-04-23,Delivered
510466,10216,2023-06-05,Cancelled
510467,11967,2024-07-23,Delivered
510468,12048,2023-07-10,Delivered
510469,11234,2023-08-08,Delivered
510470,10579,2024-01-02,Delivered
510471,11516,2024-04-05,Delivered
510472,11235,2023-07-25,Delivered
510473,10111,2024-01-08,Delivered
510474,11745,2024-01-24,Returned
510475,10806,2024-06-09,Delivered
510476,10387,2023-06-12,Delivered
510477,10465,2024-08-23,Cancelled
510478,11970,2024-04-06,Delivered
510479,12060,2023-11-08,Returned
510480,11314,2024-09-09,Delivered
510481,10622,2024-02-07,Delivered
510482,12133,2023-08-27,Delivered
510483,10968,2024-01-28,Delivered
510484,11732,2024-06-21,Delivered
510485,11623,2024-08-27,Delivered
510486,10582,2024-07-25,Delivered
510487,10856,2023-10-08,Delivered
510488,12716,2024-06-06,Delivered
510489,11266,2023-10-07,Delivered
510490,11774,2023-12-16,Cancelled
510491,11960,2023-11-30,Delivered
510492,11002,2023-11-24,Delivered
510493,11666,2023-12-07,Delivered
510494,10919,2023-06-02,Delivered
510495,12278,2024-01-19,Delivered
510496,10214,2023-07-06,Cancelled
510497,12108,2024-02-02,Delivered
510498,12552,2023-12-07,Delivered
510499,12058,2024-07-09,Delivered
510500,12890,2024-08-31,Delivered
510501,12777,2023-11-14,Delivered
510502,12663,2024-07-14,Delivered
510503,10218,2024-02-06,Delivered
510504,12056,2024-06-12,Delivered
510505,12087,2024-06-12,Delivered
510506,12935,2024-08-01,Delivered
510507,11601,2024-05-14,Delivered
510508,13016,2024-04-18,Delivered
510509,11080,2023-07-04,Delivered
510510,11176,2024-03-22,Delivered
510511,11108,2024-02-18,Delivered
510512,11280,2023-09-26,Delivered
510513,11578,2023-12-30,Cancelled
510514,10804,2024-08-03,Delivered
510515,11902,2024-05-24,Delivered
510516,12171,2024-09-02,Delivered
510517,11402,2023-08-18,Delivered
510518,12223,2023-11-06,Delivered
510519,10556,2023-06-12,Delivered
510520,12503,2024-03-17,Delivered
510521,10123,2024-01-16,Delivered
510522,11560,2023-07-19,Delivered
510523,10133,2024-08-28,Cancelled
510524,10347,2024-09-12,Delivered
510525,12682,2024-01-25,Delivered
510526,10815,2023-06-11,Delivered
510527,11524,2024-08-22,Delivered
510528,11016,2024-06-07,Delivered
510529,12832,2024-02-02,Delivered
510530,10974,2023-10-25,Delivered
510531,12389,2023-12-28,Cancelled
510532,12326,2024-06-05,Delivered
510533,11022,2024-07-10,Delivered
510534,12186,2023-08-14,Returned
510535,10289,2024-02-22,Delivered
510536,12532,2024-05-04,Returned
510537,12587,2023-12-23,Cancelled
510538,10934,2023-10-23,Delivered
510539,10556,2023-11-20,Delivered
510540,11207,2023-07-30,Delivered
510541,10033,2024-03-16,Delivered
510542,10286,2023-09-13,Delivered
510543,11165,2024-01-09,Delivered
510544,12138,2024-03-11,Delivered
510545,11474,2024-06-20,Delivered
510546,11678,2023-11-09,Delivered
510547,10008,2024-07-08,Delivered
510548,11711,2024-08-26,Delivered
510549,12914,2024-09-02,Returned
510550,10426,2023-06-14,Delivered
510551,11763,2023-08-16,Delivered
510552,11532,2024-04-01,Returned
510553,11515,2023-09-17,Delivered
510554,11965,2023-06-28,Delivered
510555,10531,2024-07-06,Cancelled
510556,10456,2023-06-04,Delivered
510557,11636,2024-01-04,Delivered
510558,11715,2023-08-10,Delivered
510559,10975,2024-05-12,Delivered
510560,11004,2023-10-24,Delivered
510561,11522,2023-08-03,Delivered
510562,10835,2024-05-08,Delivered
510563,10593,2024-06-08,Delivered
510564,12422,2024-04-17,Delivered
510565,11474,2024-01-06,Delivered
510566,12605,2024-01-21,Delivered
510567,11799,2023-12-17,Delivered
510568,12502,2024-08-02,Cancelled
510569,12489,2023-10-21,Delivered
510570,11468,2023-12-22,Delivered
510571,10425,2024-03-30,Delivered
510572,10925,2023-09-25,Delivered
510573,11269,2024-05-26,Returned
510574,10382,2024-07-28,Delivered
510575,11302,2023-06-19,Delivered
510576,11233,2024-09-04,Delivered
510577,11263,2024-07-25,Delivered
510578,11348,2023-06-11,Delivered
510579,10424,2023-12-03,Cancelled
510580,11916,2024-05-01,Delivered
510581,12810,2024-05-03,Delivered
510582,11085,2023-09-18,Delivered
510583,10475,2023-06-26,Delivered
510584,11805,2023-11-18,Delivered
510585,11278,2023-08-17,Delivered
510586,11790,2024-07-04,Delivered
510587,10334,2024-07-16,Delivered
510588,11485,2023-06-16,Cancelled
510589,10369,2023-10-04,Delivered
510590,10481,2024-06-03,Delivered
510591,11467,2023-06-05,Delivered
510592,11707,2023-07-17,Delivered
510593,11779,2024-04-21,Delivered
510594,11001,2024-07-25,Delivered
510595,13052,2024-08-18,Returned
510596,11979,2024-05-09,Delivered
510597,10288,2024-05-23,Cancelled
510598,10382,2024-09-08,Delivered
510599,11293,2024-08-22,Delivered
510600,10369,2024-07-09,Delivered
510601,11175,2024-01-03,Delivered
510602,10756,2024-06-24,Returned
510603,10856,2024-07-17,Delivered
510604,11096,2023-12-24,Delivered
510605,12754,2024-04-30,Delivered
510606,12223,2024-01-18,Delivered
510607,12446,2024-07-15,Delivered
510608,11239,2024-03-22,Delivered
510609,12424,2023-10-14,Delivered
510610,10657,2024-03-06,Delivered
510611,12282,2023-09-10,Delivered
510612,11223,2023-10-18,Returned
510613,11673,2024-01-13,Delivered
510614,10904,2024-02-26,Delivered
510615,11516,2024-09-19,Delivered
510616,11194,2023-10-21,Delivered
510617,10882,2024-02-04,Delivered
510618,10234,2023-10-13,Delivered
510619,12580,2023-07-02,Delivered
510620,11215,2023-06-14,Delivered
510621,10773,2024-07-28,Delivered
510622,11204,2023-09-29,Delivered
510623,12165,2024-01-24,Delivered
510624,11489,2023-08-26,Delivered
510625,10382,2023-09-03,Delivered
510626,12682,2024-01-01,Delivered
510627,13017,2024-05-16,Delivered
510628,11474,2024-04-12,Returned
510629,11970,2023-08-08,Delivered
510630,10829,2024-02-18,Delivered
510631,11770,2024-04-22,Delivered
510632,10804,2024-06-22,Returned
510633,10903,2024-04-12,Delivered
510634,12527,2023-08-14,Delivered
510635,12435,2024-09-05,Delivered
510636,11054,2024-01-10,Delivered
510637,11537,2024-06-19,Delivered
510638,11506,2023-08-29,Delivered
510639,10109,2024-09-12,Delivered
510640,12525,2024-01-01,Delivered
510641,12051,2023-06-26,Delivered
510642,10091,2024-01-17,Delivered
510643,11481,2023-10-28,Delivered
510644,10313,2024-03-15,Delivered
510645,10005,2024-03-23,Delivered
510646,11337,2024-08-12,Delivered
510647,12585,2023-11-23,Delivered
510648,10268,2023-08-06,Delivered
510649,10512,2024-01-08,Delivered
510650,12764,2024-08-11,Delivered
510651,12281,2024-02-09,Delivered
510652,10622,2023-10-04,Delivered
510653,10709,2024-04-17,Delivered
510654,10007,2024-05-28,Delivered
510655,11322,2024-08-16,Delivered
510656,10315,2024-02-12,Delivered
510657,10216,2024-09-02,Delivered
510658,12471,2023-11-09,Delivered
510659,10804,2023-07-31,Returned
510660,11892,2024-07-11,Delivered
510661,10070,2024-03-17,Delivered
510662,10320,2024-07-29,Delivered
510663,12036,2023-07-29,Delivered
510664,11006,2024-02-02,Cancelled
510665,10783,2024-02-05,Delivered
510666,12091,2024-01-14,Delivered
510667,12202,2024-08-09,Delivered
510668,10092,2024-08-22,Delivered
510669,10934,2024-03-02,Delivered
510670,10462,2024-03-01,Delivered
510671,12616,2023-08-10,Delivered
510672,11102,2024-03-08,Delivered
510673,11693,2024-01-19,Delivered
510674,12766,2023-11-21,Delivered
510675,10719,2024-08-12,Returned
510676,10074,2024-02-25,Delivered
510677,12814,2023-08-20,Delivered
510678,11532,2024-06-02,Returned
510679,10387,2024-09-15,Delivered
510680,11442,2024-02-13,Delivered
510681,11797,2023-07-17,Delivered
510682,12056,2024-04-26,Returned
510683,12711,2024-02-21,Delivered
510684,10386,2024-05-25,Delivered
510685,11695,2024-06-02,Delivered
510686,12067,2024-09-04,Delivered
510687,10250,2024-03-30,Delivered
510688,12261,2024-09-21,Delivered
510689,12094,2024-03-08,Delivered
510690,10874,2023-07-01,Delivered
510691,11871,2023-09-09,Delivered
510692,10661,2024-04-10,Cancelled
510693,10122,2024-04-22,Delivered
510694,12687,2024-09-28,Delivered
510695,11034,2024-06-07,Delivered
510696,10446,2024-06-18,Delivered
510697,11445,2023-08-18,Delivered
510698,10324,2023-08-06,Delivered
510699,12993,2023-10-05,Delivered
510700,12404,2024-03-07,Returned
510701,10911,2023-11-18,Delivered
510702,11805,2023-10-15,Delivered
510703,12633,2024-02-19,Returned
510704,12442,2024-08-11,Delivered
510705,10651,2024-07-31,Delivered
510706,12094,2024-08-27,Delivered
510707,12602,2024-09-27,Delivered
510708,11724,2023-06-28,Cancelled
510709,12587,2023-10-16,Delivered
510710,10374,2024-03-02,Cancelled
510711,12715,2024-02-21,Delivered
510712,11930,2024-06-01,Delivered
510713,10560,2023-12-28,Delivered
510714,10558,2024-04-12,Delivered
510715,12732,2024-04-04,Delivered
510716,11031,2023-11-08,Delivered
510717,11786,2023-12-12,Delivered
510718,13007,2024-04-06,Delivered
510719,11750,2023-09-22,Delivered
510720,12095,2023-11-12,Delivered
510721,10070,2024-08-09,Delivered
510722,11016,2023-08-09,Delivered
510723,11001,2023-09-04,Delivered
510724,12285,2023-10-04,Delivered
510725,12342,2023-10-31,Delivered
510726,10875,2023-10-05,Delivered
510727,10047,2024-02-06,Delivered
510728,12620,2023-07-12,Delivered
510729,12845,2023-07-20,Delivered
510730,10741,2023-07-15,Delivered
510731,12772,2024-03-24,Delivered
510732,10345,2024-04-03,Delivered
510733,10602,2023-06-13,Delivered
510734,11612,2024-02-01,Delivered
510735,12687,2023-12-25,Delivered
510736,11184,2023-12-26,Delivered
510737,12333,2024-04-21,Delivered
510738,10324,2023-11-30,Delivered
510739,10905,2023-07-15,Delivered
510740,12062,2024-01-28,Delivered
510741,11802,2024-02-10,Delivered
510742,10949,2024-01-17,Delivered
510743,11192,2023-07-05,Delivered
510744,11307,2023-10-22,Delivered
510745,11442,2023-12-20,Delivered
510746,12736,2024-01-27,Delivered
510747,11112,2024-04-20,Delivered
510748,11269,2024-04-10,Delivered
510749,13042,2023-07-28,Delivered
510750,12071,2023-06-10,Cancelled
510751,12155,2023-08-30,Delivered
510752,11622,2024-07-14,Delivered
510753,12880,2024-01-23,Delivered
510754,12420,2024-01-21,Delivered
510755,12201,2023-08-20,Delivered
510756,10463,2024-08-02,Delivered
510757,12567,2024-08-07,Delivered
510758,12472,2024-09-18,Delivered
510759,11965,2023-11-17,Delivered
510760,10822,2024-04-25,Delivered
510761,11071,2024-03-11,Delivered
510762,12789,2023-09-28,Delivered
510763,11622,2023-07-17,Delivered
510764,12401,2024-08-14,Delivered
510765,11091,2023-09-09,Delivered
510766,10257,2023-10-18,Returned
510767,10297,2024-07-04,Delivered
510768,10107,2023-11-01,Delivered
510769,10987,2023-06-17,Delivered
510770,10363,2023-06-22,Delivered
510771,12461,2024-09-03,Delivered
510772,11256,2023-07-21,Delivered
510773,10195,2024-02-17,Delivered
510774,10236,2024-06-21,Delivered
510775,10464,2023-07-14,Delivered
510776,12276,2023-07-24,Delivered
510777,10043,2023-09-14,Cancelled
510778,11417,2024-01-04,Delivered
510779,11162,2023-11-10,Delivered
510780,11896,2023-12-25,Delivered
510781,12095,2024-07-10,Delivered
510782,12133,2024-01-29,Delivered
510783,10667,2023-11-15,Returned
510784,11730,2023-08-13,Delivered
510785,11753,2023-10-01,Delivered
510786,11009,2024-08-13,Cancelled
510787,11450,2023-12-08,Returned
510788,11362,2024-03-07,Delivered
510789,10215,2023-10-03,Delivered
510790,11550,2024-01-21,Delivered
510791,12357,2024-05-15,Delivered
510792,12482,2023-08-08,Delivered
510793,10315,2024-06-06,Delivered
510794,10296,2024-06-29,Delivered
510795,12259,2024-08-17,Returned
510796,10657,2023-12-01,Delivered
510797,11164,2023-09-04,Cancelled
510798,13045,2024-01-31,Delivered
510799,12684,2023-11-28,Delivered
510800,12755,2024-01-06,Delivered
510801,11566,2023-08-15,Cancelled
510802,10355,2023-06-10,Delivered
510803,11489,2024-02-11,Delivered
510804,12093,2023-11-21,Delivered
510805,11771,2023-06-16,Returned
510806,10369,2024-09-17,Delivered
510807,12036,2024-08-19,Delivered
510808,11898,2024-08-07,Delivered
510809,11068,2024-01-01,Delivered
510810,11368,2024-04-24,Delivered
510811,10907,2024-03-10,Delivered
510812,12245,2023-09-09,Returned
510813,12545,2024-06-03,Delivered
510814,12662,2023-06-09,Delivered
510815,10675,2023-12-21,Delivered
510816,11630,2024-04-02,Delivered
510817,13047,2024-01-17,Delivered
510818,11934,2023-09-25,Delivered
510819,11569,2023-10-22,Cancelled
510820,10369,2024-05-03,Delivered
510821,11345,2023-09-22,Cancelled
510822,12000,2024-05-26,Delivered
510823,12322,2023-07-11,Delivered
510824,10593,2024-04-06,Delivered
510825,12526,2024-02-22,Delivered
510826,12298,2024-02-27,Delivered
510827,11656,2023-08-15,Delivered
510828,11689,2024-03-13,Delivered
510829,12026,2024-06-24,Delivered
510830,11669,2023-12-22,Delivered
510831,12880,2023-07-29,Cancelled
510832,11060,2023-09-08,Delivered
510833,10296,2023-12-08,Delivered
510834,10674,2024-05-26,Returned
510835,12713,2023-08-16,Delivered
510836,10173,2023-12-23,Delivered
510837,10662,2023-06-13,Delivered
510838,13017,2024-04-10,Delivered
510839,11783,2024-04-08,Delivered
510840,12892,2024-04-25,Cancelled
510841,10483,2023-12-14,Delivered
510842,12779,2024-01-26,Returned
510843,10019,2023-11-21,Delivered
510844,12151,2023-11-21,Delivered
510845,12806,2024-07-27,Delivered
510846,10600,2024-08-25,Delivered
510847,11383,2023-07-03,Delivered
510848,11898,2023-09-01,Delivered
510849,11884,2023-11-28,Delivered
510850,13020,2023-10-04,Delivered
510851,12069,2023-09-18,Returned
510852,12444,2023-10-10,Cancelled
510853,12039,2023-11-03,Delivered
510854,12155,2024-01-07,Cancelled
510855,10925,2023-09-15,Delivered
510856,12648,2023-08-15,Delivered
510857,12191,2024-02-21,Delivered
510858,12642,2023-08-03,Delivered
510859,10664,2023-10-01,Delivered
510860,12245,2023-11-23,Delivered
510861,10263,2024-02-23,Delivered
510862,12259,2024-06-12,Delivered
510863,11489,2024-06-28,Delivered
510864,12380,2023-10-02,Returned
510865,11409,2024-03-15,Cancelled
510866,13058,2024-02-18,Delivered
510867,12325,2024-05-29,Delivered
510868,12907,2024-08-25,Delivered
510869,11266,2023-11-19,Delivered
510870,12365,2023-11-30,Cancelled
510871,11092,2024-02-05,Delivered
510872,10667,2023-10-12,Delivered
510873,10541,2024-03-23,Delivered
510874,10904,2024-02-22,Delivered
510875,11401,2024-04-01,Delivered
510876,11036,2024-03-08,Delivered
510877,11314,2024-06-09,Delivered
510878,11605,2023-09-26,Delivered
510879,12767,2024-08-14,Returned
510880,10114,2024-01-10,Delivered
510881,10276,2024-07-31,Delivered
510882,11184,2023-08-27,Delivered
510883,12877,2023-06-05,Delivered
510884,11788,2023-06-22,Delivered
510885,12827,2024-02-14,Delivered
510886,12333,2023-06-13,Delivered
510887,11707,2023-11-20,Delivered
510888,11724,2024-06-13,Delivered
510889,10346,2023-08-30,Delivered
510890,11077,2024-06-24,Delivered
510891,10149,2024-02-12,Cancelled
510892,12873,2024-09-14,Delivered
510893,11211,2024-08-25,Delivered
510894,10165,2023-10-25,Delivered
510895,10462,2023-06-12,Delivered
510896,12510,2023-10-07,Returned
510897,12686,2024-02-29,Returned
510898,10806,2024-04-11,Delivered
510899,10296,2023-12-20,Delivered
510900,12880,2023-07-21,Delivered
510901,11150,2024-05-26,Delivered
510902,12048,2024-02-25,Delivered
510903,12366,2023-09-06,Delivered
510904,12035,2023-07-18,Delivered
510905,11439,2024-09-12,Delivered
510906,11870,2023-10-15,Delivered
510907,10935,2023-10-20,Delivered
510908,11975,2024-08-17,Delivered
510909,12359,2023-07-08,Delivered
510910,11975,2024-09-26,Delivered
510911,11792,2023-06-06,Returned
510912,11454,2024-07-19,Delivered
510913,10399,2024-09-19,Delivered
510914,10363,2024-05-15,Delivered
510915,11450,2024-07-07,Delivered
510916,12609,2023-09-21,Delivered
510917,10783,2023-10-31,Delivered
510918,12195,2024-01-26,Delivered
510919,10698,2024-04-04,Delivered
510920,10155,2024-06-07,Delivered
510921,11968,2024-08-14,Delivered
510922,12443,2023-07-27,Delivered
510923,11757,2024-03-11,Delivered
510924,12633,2024-04-14,Returned
510925,12805,2024-07-05,Delivered
510926,10949,2024-08-07,Delivered
510927,10171,2024-09-16,Returned
510928,12743,2024-08-17,Delivered
510929,12569,2024-06-03,Returned
510930,11949,2023-07-24,Delivered
510931,12297,2024-04-03,Delivered
510932,11549,2024-02-24,Cancelled
510933,12545,2024-03-10,Delivered
510934,12633,2023-06-07,Delivered
510935,11333,2024-06-03,Delivered
510936,10647,2023-08-04,Delivered
510937,11788,2024-06-04,Delivered
510938,11926,2024-02-26,Returned
510939,12406,2023-07-18,Delivered
510940,11745,2024-05-18,Delivered
510941,10939,2024-09-30,Delivered
510942,10647,2024-03-09,Delivered
510943,11878,2023-11-08,Delivered
510944,11954,2024-02-26,Cancelled
510945,10698,2024-03-04,Delivered
510946,11480,2023-09-05,Delivered
510947,12659,2024-07-12,Delivered
510948,10571,2024-09-11,Delivered
510949,13047,2024-07-25,Delivered
510950,11939,2024-01-01,Returned
510951,11478,2024-05-21,Delivered
510952,12428,2023-09-08,Delivered
510953,11160,2023-09-25,Delivered
510954,11891,2023-11-09,Delivered
510955,11703,2024-03-10,Delivered
510956,11695,2023-08-07,Delivered
510957,10203,2023-09-06,Delivered
510958,11878,2024-08-29,Delivered
510959,12469,2023-12-25,Delivered
510960,11014,2024-03-24,Delivered
510961,11691,2024-04-05,Delivered
510962,10212,2023-12-20,Delivered
510963,11996,2024-02-22,Returned
510964,10426,2024-05-29,Delivered
510965,12103,2024-01-31,Delivered
510966,11308,2023-11-14,Delivered
510967,13056,2023-10-29,Delivered
510968,11779,2024-05-03,Delivered
510969,10798,2024-07-01,Delivered
510970,11673,2024-09-09,Delivered
510971,12793,2023-06-11,Cancelled
510972,10326,2023-09-19,Delivered
510973,12918,2024-01-27,Delivered
510974,10608,2023-07-12,Delivered
510975,10138,2024-02-11,Delivered
510976,10108,2023-06-25,Returned
510977,12171,2023-08-03,Returned
510978,11578,2024-05-30,Delivered
510979,10599,2024-02-08,Returned
510980,12364,2024-01-07,Delivered
510981,12830,2024-03-25,Delivered
510982,12091,2024-02-13,Delivered
510983,12021,2024-03-22,Delivered
510984,11017,2024-07-19,Returned
510985,12404,2024-05-13,Delivered
510986,12242,2023-12-05,Cancelled
510987,10661,2023-10-26,Delivered
510988,13017,2024-07-26,Delivered
510989,12742,2023-12-28,Delivered
510990,10383,2023-08-22,Delivered
510991,12633,2024-07-12,Delivered
510992,11957,2023-09-18,Delivered
510993,10593,2024-05-02,Delivered
510994,10124,2024-06-03,Delivered
510995,10152,2023-11-07,Delivered
510996,12552,2024-07-08,Delivered
510997,10246,2024-08-07,Returned
510998,12608,2023-12-12,Cancelled
510999,12892,2024-09-29,Delivered
511000,10349,2023-11-04,Delivered
511001,12814,2023-11-28,Delivered
511002,11506,2023-07-14,Delivered
511003,10422,2023-10-13,Delivered
511004,10593,2024-01-14,Delivered
511005,11974,2023-11-29,Delivered
511006,11177,2024-02-16,Delivered
511007,12820,2024-07-15,Delivered
511008,11465,2024-03-12,Delivered
511009,11168,2024-03-04,Delivered
511010,12983,2024-02-20,Delivered
511011,10005,2023-12-11,Delivered
511012,12796,2023-08-11,Delivered
511013,10098,2023-12-05,Delivered
511014,12441,2024-09-05,Delivered
511015,12800,2023-07-03,Delivered
511016,10385,2024-04-25,Cancelled
511017,11199,2024-07-06,Cancelled
511018,12866,2023-06-21,Delivered
511019,11275,2023-06-15,Delivered
511020,10832,2024-03-04,Delivered
511021,10299,2024-03-03,Delivered
511022,10629,2024-02-27,Delivered
511023,11962,2024-06-13,Delivered
511024,12778,2024-09-17,Delivered
511025,10496,2024-09-07,Delivered
511026,12744,2024-09-01,Cancelled
511027,11290,2023-10-28,Delivered
511028,10282,2024-04-22,Returned
511029,12593,2024-07-01,Delivered
511030,12233,2023-06-27,Delivered
511031,11591,2024-01-11,Delivered
511032,11736,2024-03-09,Delivered
511033,10635,2023-12-05,Delivered
511034,11865,2023-12-08,Delivered
511035,11898,2023-11-20,Delivered
511036,11048,2024-09-03,Delivered
511037,11530,2024-07-12,Delivered
511038,10620,2024-05-11,Delivered
511039,11278,2024-01-22,Delivered
511040,12482,2024-04-01,Delivered
511041,10823,2023-07-08,Delivered
511042,10405,2024-08-21,Delivered
511043,12311,2024-03-24,Delivered
511044,10631,2024-09-01,Delivered
511045,12713,2024-08-29,Delivered
511046,11469,2023-07-13,Delivered
511047,12839,2023-08-01,Returned
511048,11946,2023-07-27,Delivered
511049,10242,2024-09-19,Delivered
511050,10845,2023-11-11,Delivered
511051,12123,2024-07-26,Delivered
511052,10322,2024-04-25,Delivered
511053,12014,2024-05-13,Delivered
511054,12497,2024-06-14,Delivered
511055,12805,2024-07-16,Delivered
511056,11315,2024-09-05,Delivered
511057,12222,2023-10-10,Delivered
511058,11352,2023-10-16,Delivered
511059,11119,2024-06-23,Delivered
511060,11047,2023-12-12,Delivered
511061,10803,2023-07-21,Delivered
511062,11224,2024-04-13,Delivered
511063,11212,2024-08-11,Returned
511064,11766,2024-06-09,Delivered
511065,12420,2024-07-18,Delivered
511066,10025,2024-03-17,Delivered
511067,12432,2024-09-16,Delivered
511068,10241,2024-06-02,Delivered
511069,11972,2024-01-05,Delivered
511070,10091,2023-08-27,Cancelled
511071,11590,2023-08-22,Delivered
511072,12918,2023-06-13,Delivered
511073,11485,2023-07-17,Delivered
511074,11922,2023-08-23,Cancelled
511075,10804,2023-10-25,Returned
511076,12481,2024-01-04,Delivered
511077,11179,2024-05-10,Delivered
511078,11194,2024-07-28,Delivered
511079,11814,2024-04-06,Delivered
511080,11549,2023-12-21,Cancelled
511081,12906,2023-11-04,Delivered
511082,10935,2023-12-27,Delivered
511083,10829,2024-02-23,Delivered
511084,12571,2024-05-02,Delivered
511085,10853,2024-02-23,Delivered
511086,12662,2023-11-10,Delivered
511087,12768,2024-03-11,Delivered
511088,11822,2023-10-01,Delivered
511089,10007,2024-01-31,Delivered
511090,10054,2023-10-04,Returned
511091,11450,2024-02-15,Delivered
511092,12472,2024-04-15,Delivered
511093,10016,2023-11-13,Delivered
511094,11490,2024-03-02,Cancelled
511095,11907,2024-05-30,Delivered
511096,10850,2023-12-31,Delivered
511097,10209,2023-12-25,Delivered
511098,11617,2024-03-24,Delivered
511099,12764,2024-08-01,Delivered
511100,11587,2023-06-21,Delivered
511101,10783,2023-12-17,Delivered
511102,10933,2024-01-04,Returned
511103,12012,2023-12-26,Cancelled
511104,12283,2023-12-23,Delivered
511105,11051,2023-10-26,Delivered
511106,12474,2023-08-01,Delivered
511107,11847,2023-09-03,Delivered
511108,11071,2024-05-23,Delivered
511109,11807,2024-02-06,Delivered
511110,11310,2023-09-03,Delivered
511111,11732,2023-07-10,Delivered
511112,11889,2023-10-16,Delivered
511113,13000,2024-07-24,Delivered
511114,10670,2024-03-31,Delivered
511115,11218,2023-11-28,Delivered
511116,10728,2023-10-22,Returned
511117,12469,2024-09-12,Delivered
511118,10375,2024-01-31,Delivered
511119,12999,2024-01-10,Delivered
511120,10972,2024-02-20,Cancelled
511121,12349,2024-08-24,Delivered
511122,10096,2024-09-12,Delivered
511123,10768,2024-08-05,Delivered
511124,12487,2023-11-24,Delivered
511125,11409,2023-10-14,Delivered
511126,11666,2024-08-28,Delivered
511127,11699,2024-01-26,Delivered
511128,10878,2023-11-15,Delivered
511129,10622,2024-04-04,Delivered
511130,12085,2024-05-08,Delivered
511131,12520,2024-05-28,Delivered
511132,12371,2023-12-06,Delivered
511133,11635,2024-01-07,Delivered
511134,11055,2023-09-26,Delivered
511135,12953,2024-09-14,Delivered
511136,10913,2024-06-17,Delivered
511137,12167,2024-09-10,Delivered
511138,10256,2023-11-03,Delivered
511139,12328,2023-10-01,Delivered
511140,12920,2023-07-14,Delivered
511141,10903,2023-10-02,Delivered
511142,11623,2023-12-24,Delivered
511143,11486,2024-08-08,Cancelled
511144,10959,2023-11-06,Delivered
511145,10189,2023-08-02,Delivered
511146,12775,2024-01-13,Delivered
511147,11822,2024-02-23,Delivered
511148,10349,2024-07-13,Cancelled
511149,12609,2023-06-18,Delivered
511150,10322,2024-05-15,Delivered
511151,10660,2023-11-04,Delivered
511152,10650,2023-09-29,Delivered
511153,11656,2024-01-07,Delivered
511154,10835,2024-07-02,Delivered
511155,12616,2024-04-11,Delivered
511156,11716,2024-03-27,Delivered
511157,10849,2024-06-22,Cancelled
511158,10008,2024-02-19,Delivered
511159,11789,2023-06-04,Delivered
511160,12830,2024-03-27,Delivered
511161,12789,2024-09-13,Delivered
511162,11079,2024-03-20,Delivered
511163,11835,2024-04-22,Cancelled
511164,11832,2023-07-22,Delivered
511165,13039,2023-09-06,Delivered
511166,12838,2024-03-16,Delivered
511167,12687,2024-02-21,Delivered
511168,11144,2024-07-14,Delivered
511169,12330,2023-09-24,Delivered
511170,12378,2023-12-27,Delivered
511171,10676,2024-07-24,Delivered
511172,12422,2024-06-05,Returned
511173,12773,2023-12-19,Delivered
511174,11909,2024-07-21,Delivered
511175,11818,2023-06-08,Delivered
511176,11206,2023-08-27,Returned
511177,12986,2023-07-30,Delivered
511178,10054,2024-09-26,Delivered
511179,11904,2023-12-30,Delivered
511180,10425,2024-01-22,Returned
511181,10699,2024-04-07,Delivered
511182,11554,2024-08-20,Delivered
511183,12641,2024-06-20,Delivered
511184,10025,2023-12-27,Delivered
511185,10782,2024-02-21,Delivered
511186,11906,2023-11-07,Delivered
511187,11306,2024-02-18,Delivered
511188,11720,2024-02-15,Delivered
511189,10130,2024-08-12,Delivered
511190,10079,2024-08-12,Delivered
511191,12568,2023-06-01,Delivered
511192,11958,2023-11-26,Cancelled
511193,10696,2024-08-19,Delivered
511194,12255,2024-03-29,Delivered
511195,12311,2023-10-02,Delivered
511196,12051,2024-09-16,Returned
511197,10730,2024-01-22,Delivered
511198,10522,2023-07-29,Delivered
511199,10188,2023-10-15,Delivered
511200,12283,2024-01-29,Delivered
511201,10350,2024-05-03,Delivered
511202,10416,2023-10-30,Returned
511203,11091,2023-12-14,Delivered
511204,12714,2023-11-01,Delivered
511205,10049,2024-07-23,Delivered
511206,12654,2023-12-08,Delivered
511207,10127,2023-12-21,Delivered
511208,12878,2024-07-06,Delivered
511209,11605,2024-08-24,Delivered
511210,11034,2023-12-15,Delivered
511211,11474,2024-08-12,Delivered
511212,12946,2023-11-05,Delivered
511213,11270,2023-07-17,Delivered
511214,12760,2023-08-25,Delivered
511215,11676,2023-08-21,Delivered
511216,10102,2024-08-27,Delivered
511217,12800,2023-10-14,Delivered
511218,10965,2024-01-31,Delivered
511219,12472,2024-02-20,Delivered
511220,11979,2024-07-24,Delivered
511221,12364,2023-10-06,Delivered
511222,12686,2023-12-27,Delivered
511223,10930,2024-04-06,Delivered
511224,11763,2024-04-30,Delivered
511225,11712,2024-08-22,Delivered
511226,10714,2024-03-07,Returned
511227,11559,2024-01-14,Delivered
511228,12830,2023-12-19,Cancelled
511229,10800,2024-08-13,Delivered
511230,10458,2024-08-07,Delivered
511231,11375,2024-07-18,Returned
511232,12722,2023-12-01,Delivered
511233,12232,2024-07-02,Delivered
511234,11651,2023-12-11,Delivered
511235,11955,2023-10-17,Delivered
511236,10344,2023-10-13,Delivered
511237,10907,2024-04-18,Delivered
511238,10665,2023-11-12,Delivered
511239,10447,2023-10-06,Delivered
511240,11164,2023-07-16,Delivered
511241,11513,2024-08-18,Delivered
511242,12163,2023-11-17,Returned
511243,10297,2024-01-29,Delivered
511244,11806,2023-10-25,Delivered
511245,12094,2023-10-20,Delivered
511246,10409,2024-08-13,Delivered
511247,10925,2024-06-04,Delivered
511248,11198,2023-09-19,Delivered
511249,11623,2023-09-29,Returned
511250,11333,2024-01-19,Delivered
511251,11520,2024-02-01,Delivered
511252,12311,2024-08-01,Delivered
511253,10219,2023-06-01,Delivered
511254,10840,2024-07-12,Delivered
511255,10432,2024-08-03,Delivered
511256,12285,2024-09-24,Delivered
511257,12851,2024-02-05,Delivered
511258,12069,2023-07-27,Cancelled
511259,12801,2024-05-31,Cancelled
511260,10939,2024-02-28,Delivered
511261,10124,2024-09-14,Delivered
511262,12850,2024-06-29,Delivered
511263,11074,2023-08-26,Delivered
511264,10640,2024-03-08,Delivered
511265,12549,2024-09-17,Delivered
511266,12918,2024-06-18,Delivered
511267,12433,2024-08-12,Delivered
511268,11489,2023-12-03,Delivered
511269,10679,2023-09-29,Delivered
511270,11467,2024-06-13,Delivered
511271,12713,2023-09-03,Delivered
511272,11720,2023-09-15,Delivered
511273,10114,2023-07-01,Delivered
511274,11201,2024-06-25,Delivered
511275,10919,2024-06-28,Delivered
511276,11858,2023-08-09,Delivered
511277,11689,2023-06-09,Delivered
511278,11583,2024-05-20,Delivered
511279,12486,2023-10-13,Delivered
511280,12507,2024-02-25,Delivered
511281,11710,2024-04-11,Delivered
511282,10089,2024-05-31,Delivered
511283,10178,2023-12-25,Delivered
511284,11060,2024-01-07,Delivered
511285,12918,2024-01-05,Delivered
511286,12660,2024-07-27,Delivered
511287,10758,2023-11-07,Delivered
511288,11171,2024-09-05,Delivered
511289,11175,2024-03-03,Delivered
511290,11826,2024-02-15,Delivered
511291,11899,2024-01-22,Delivered
511292,12699,2023-12-27,Delivered
511293,12655,2024-04-25,Returned
511294,12803,2024-01-08,Delivered
511295,10336,2024-04-01,Delivered
511296,11162,2023-07-10,Delivered
511297,11060,2023-11-23,Delivered
511298,12087,2024-01-04,Delivered
511299,10959,2024-02-07,Delivered
511300,12534,2023-09-27,Delivered
511301,12787,2023-07-19,Cancelled
511302,12829,2024-06-18,Returned
511303,11853,2024-01-29,Delivered
511304,10822,2024-01-20,Delivered
511305,12561,2023-09-17,Delivered
511306,10644,2024-09-12,Delivered
511307,11675,2024-04-09,Returned
511308,11686,2024-03-16,Delivered
511309,10891,2023-07-31,Delivered
511310,11401,2023-12-19,Delivered
511311,12036,2024-04-02,Delivered
511312,10330,2023-11-03,Delivered
511313,12486,2023-08-18,Delivered
511314,12694,2023-09-04,Delivered
511315,11450,2024-05-19,Delivered
511316,11002,2024-08-28,Delivered
511317,11783,2024-08-30,Cancelled
511318,10768,2023-11-18,Delivered
511319,12946,2023-12-08,Delivered
511320,11207,2024-01-16,Delivered
511321,10352,2023-06-29,Delivered
511322,12285,2023-07-07,Delivered
511323,12819,2024-05-14,Delivered
511324,11044,2024-03-23,Delivered
511325,11480,2023-12-14,Delivered
511326,12918,2024-07-25,Delivered
511327,12519,2023-07-05,Delivered
511328,13033,2023-11-09,Delivered
511329,11469,2024-06-03,Delivered
511330,10767,2023-08-01,Delivered
511331,10078,2024-08-24,Cancelled
511332,11149,2024-08-17,Delivered
511333,11934,2024-02-10,Cancelled
511334,10359,2024-07-30,Delivered
511335,10482,2023-10-30,Delivered
511336,10651,2023-06-12,Delivered
511337,11891,2024-02-13,Delivered
511338,12266,2024-07-17,Delivered
511339,10586,2024-07-18,Delivered
511340,12165,2024-03-07,Delivered
511341,10991,2024-08-25,Delivered
511342,11793,2024-09-30,Returned
511343,10107,2024-02-18,Delivered
511344,13029,2024-08-19,Delivered
511345,11112,2023-08-02,Delivered
511346,10586,2023-07-27,Returned
511347,12530,2023-07-11,Delivered
511348,11678,2024-04-04,Delivered
511349,11522,2024-03-28,Delivered
511350,10863,2024-08-17,Delivered
511351,12281,2024-06-04,Delivered
511352,12064,2024-08-23,Delivered
511353,10057,2024-07-24,Delivered
511354,10426,2023-08-14,Delivered
511355,10530,2024-08-04,Delivered
511356,11450,2024-05-06,Delivered
511357,10849,2024-09-02,Cancelled
511358,12789,2023-07-27,Delivered
511359,12003,2023-07-21,Delivered
511360,12944,2023-09-21,Delivered
511361,12687,2023-10-01,Cancelled
511362,12219,2024-02-23,Delivered
511363,12670,2023-10-27,Delivered
511364,12295,2024-09-21,Cancelled
511365,10324,2023-12-29,Returned
511366,12632,2023-10-05,Delivered
511367,11734,2024-01-15,Delivered
511368,11442,2024-04-29,Delivered
511369,12278,2024-04-23,Delivered
511370,10650,2023-10-05,Delivered
511371,11442,2024-08-15,Delivered
511372,10332,2024-08-05,Delivered
511373,10745,2023-11-19,Delivered
511374,10642,2024-08-10,Delivered
511375,10997,2023-08-07,Delivered
511376,11899,2024-03-04,Delivered
511377,11044,2024-08-07,Delivered
511378,13042,2023-09-10,Delivered
511379,12835,2024-06-01,Delivered
511380,12385,2023-07-27,Delivered
511381,12330,2024-07-10,Delivered
511382,10322,2023-12-08,Delivered
511383,12062,2024-04-02,Delivered
511384,11702,2024-06-07,Delivered
511385,11990,2023-10-27,Delivered
511386,10582,2024-04-04,Delivered
511387,10210,2023-12-31,Delivered
511388,10522,2023-10-14,Cancelled
511389,10647,2024-06-15,Delivered
511390,13043,2024-03-27,Delivered
511391,12867,2024-04-29,Delivered
511392,10619,2023-06-28,Returned
511393,12632,2023-07-04,Delivered
511394,12944,2023-09-08,Delivered
511395,10768,2024-08-23,Delivered
511396,10229,2023-10-25,Delivered
511397,11568,2023-12-22,Delivered
511398,10190,2023-10-03,Returned
511399,12339,2023-10-25,Delivered
511400,10345,2024-01-10,Delivered
511401,12357,2024-06-10,Delivered
511402,10398,2024-09-23,Delivered
511403,12311,2024-07-09,Delivered
511404,12322,2024-02-10,Delivered
511405,12963,2024-03-29,Delivered
511406,11343,2024-03-02,Delivered
511407,10792,2024-05-25,Delivered
511408,11162,2024-02-13,Delivered
511409,10297,2024-03-02,Delivered
511410,12810,2023-10-22,Delivered
511411,12282,2023-08-01,Delivered
511412,10465,2023-12-07,Delivered
511413,10958,2024-06-26,Delivered
511414,12907,2023-08-29,Delivered
511415,11442,2024-02-20,Delivered
511416,12911,2023-08-25,Delivered
511417,12996,2024-02-01,Delivered
511418,10774,2023-11-10,Delivered
511419,11983,2023-06-30,Cancelled
511420,11643,2023-10-31,Delivered
511421,11281,2023-11-19,Delivered
511422,11047,2023-09-28,Delivered
511423,12375,2024-03-09,Delivered
511424,11757,2024-03-05,Delivered
511425,10326,2024-01-27,Delivered
511426,12184,2023-07-05,Delivered
511427,11656,2023-09-25,Delivered
511428,12716,2024-03-02,Delivered
511429,10816,2024-06-17,Returned
511430,11769,2024-02-12,Delivered
511431,10316,2024-04-05,Delivered
511432,12125,2023-08-31,Delivered
511433,11891,2024-03-17,Delivered
511434,12114,2024-09-07,Delivered
511435,10953,2023-10-16,Delivered
511436,12494,2024-08-28,Delivered
511437,10102,2024-09-19,Delivered
511438,10106,2024-04-25,Delivered
511439,10190,2024-06-29,Delivered
511440,10092,2024-02-21,Delivered
511441,12744,2023-08-25,Delivered
511442,10971,2023-11-08,Delivered
511443,10108,2023-07-01,Returned
511444,12142,2024-02-11,Delivered
511445,10296,2023-12-22,Delivered
511446,12653,2024-07-01,Delivered
511447,10498,2023-08-10,Delivered
511448,12846,2023-10-24,Delivered
511449,12438,2024-07-22,Returned
511450,12051,2023-10-25,Delivered
511451,10386,2024-09-23,Delivered
511452,12220,2024-03-16,Delivered
511453,12253,2023-10-05,Delivered
511454,11027,2023-10-27,Delivered
511455,12004,2024-01-21,Delivered
511456,10359,2024-06-02,Delivered
511457,12572,2024-02-13,Delivered
511458,11343,2024-09-09,Delivered
511459,11651,2023-10-27,Delivered
511460,11407,2024-08-20,Delivered
511461,10643,2024-06-22,Delivered
511462,12332,2023-09-08,Delivered
511463,10872,2023-06-01,Delivered
511464,12654,2024-04-08,Delivered
511465,12103,2023-10-14,Delivered
511466,11905,2024-04-04,Delivered
511467,10837,2023-12-03,Delivered
511468,11878,2024-08-06,Delivered
511469,12478,2024-04-24,Delivered
511470,12461,2023-07-14,Delivered
511471,10955,2024-07-05,Delivered
511472,11199,2023-06-23,Delivered
511473,10955,2023-12-09,Delivered
511474,10602,2024-05-19,Delivered
511475,11873,2024-04-28,Delivered
511476,10952,2024-03-16,Delivered
511477,10402,2024-01-05,Delivered
511478,10724,2024-04-06,Delivered
511479,11315,2024-02-26,Delivered
511480,10535,2023-12-14,Delivered
511481,10757,2023-08-01,Delivered
511482,11152,2024-03-15,Delivered
511483,12057,2023-08-27,Delivered
511484,12550,2024-09-22,Delivered
511485,12086,2023-09-11,Delivered
511486,11868,2024-07-09,Returned
511487,10591,2024-07-08,Delivered
511488,11610,2024-05-29,Delivered
511489,10526,2023-10-27,Delivered
511490,10955,2023-08-03,Delivered
511491,10013,2023-08-21,Cancelled
511492,10259,2024-07-14,Delivered
511493,10585,2023-07-05,Delivered
511494,11652,2024-01-18,Delivered
511495,12087,2024-05-01,Delivered
511496,10756,2023-11-04,Delivered
511497,10005,2024-06-03,Delivered
511498,10640,2023-12-13,Delivered
511499,12024,2024-05-23,Delivered
511500,11260,2023-10-30,Delivered
511501,12387,2024-09-06,Delivered
511502,12348,2024-05-19,Delivered
511503,12830,2023-11-08,Delivered
511504,10475,2024-05-29,Delivered
511505,10091,2023-12-13,Delivered
511506,12997,2023-12-20,Delivered
511507,13058,2023-07-16,Delivered
511508,10788,2024-01-29,Delivered
511509,11559,2023-06-21,Delivered
511510,11435,2024-05-05,Delivered
511511,12648,2024-02-15,Delivered
511512,10304,2023-11-16,Delivered
511513,10954,2024-02-07,Delivered
511514,11608,2024-04-11,Delivered
511515,10096,2023-07-30,Returned
511516,12432,2023-10-06,Delivered
511517,10012,2024-09-26,Delivered
511518,11707,2024-02-20,Delivered
511519,11941,2024-09-06,Delivered
511520,10616,2024-04-02,Delivered
511521,11233,2023-10-12,Delivered
511522,12094,2023-10-11,Returned
511523,10778,2024-01-28,Returned
511524,12481,2023-12-11,Delivered
511525,10874,2024-02-12,Delivered
511526,11036,2024-08-23,Returned
511527,11652,2024-03-20,Delivered
511528,11878,2024-07-20,Delivered
511529,10853,2024-09-13,Cancelled
511530,10040,2023-06-18,Delivered
511531,11612,2024-07-04,Delivered
511532,10799,2024-03-27,Delivered
511533,11716,2024-09-18,Cancelled
511534,12966,2024-05-21,Delivered
511535,12714,2023-08-14,Returned
511536,11477,2024-09-29,Delivered
511537,11162,2023-12-29,Delivered
511538,10971,2023-12-24,Delivered
511539,10333,2024-01-19,Delivered
511540,10124,2023-10-05,Delivered
511541,11206,2023-12-03,Delivered
511542,11669,2024-04-30,Delivered
511543,12983,2024-09-14,Delivered
511544,10334,2024-06-18,Delivered
511545,12371,2024-04-19,Delivered
511546,10783,2024-06-06,Delivered
511547,11715,2023-12-28,Returned
511548,10640,2024-04-02,Returned
511549,12353,2023-10-19,Delivered
511550,12259,2024-06-07,Delivered
511551,12046,2024-07-21,Delivered
511552,12693,2023-09-23,Returned
511553,11774,2024-06-06,Delivered
511554,11201,2023-06-03,Delivered
511555,10894,2024-08-19,Delivered
511556,10259,2023-06-16,Delivered
511557,12895,2023-08-01,Delivered
511558,10698,2023-09-13,Delivered
511559,12687,2023-12-16,Delivered
511560,10409,2024-02-26,Cancelled
511561,10925,2024-01-29,Cancelled
511562,10647,2024-04-19,Delivered
511563,12307,2023-12-13,Cancelled
511564,11566,2024-04-23,Returned
511565,10949,2024-03-17,Delivered
511566,10650,2024-03-31,Delivered
511567,11805,2023-11-10,Delivered
511568,12428,2023-12-19,Delivered
511569,11102,2024-05-11,Delivered
511570,12232,2024-01-28,Returned
511571,11100,2023-11-16,Delivered
511572,13023,2024-01-29,Delivered
511573,11461,2023-06-19,Delivered
511574,12349,2024-02-24,Delivered
511575,12589,2024-06-11,Delivered
511576,12856,2023-07-31,Delivered
511577,12686,2023-07-23,Delivered
511578,10329,2024-06-04,Delivered
511579,10157,2024-03-20,Returned
511580,12766,2024-03-10,Delivered
511581,12525,2023-09-07,Returned
511582,11507,2023-08-02,Delivered
511583,11758,2024-02-25,Delivered
511584,10599,2024-05-18,Delivered
511585,10822,2023-07-23,Delivered
511586,11442,2023-12-11,Delivered
511587,11686,2024-02-27,Delivered
511588,12323,2023-10-04,Delivered
511589,12488,2024-01-16,Delivered
511590,11853,2024-06-24,Delivered
511591,10520,2024-03-13,Delivered
511592,10568,2023-11-18,Delivered
511593,11079,2024-02-26,Delivered
511594,12000,2023-10-30,Delivered
511595,12476,2024-09-28,Delivered
511596,10960,2024-09-01,Cancelled
511597,12746,2024-07-25,Delivered
511598,10155,2024-07-10,Delivered
511599,12494,2024-04-28,Delivered
511600,12794,2024-04-17,Delivered
511601,12640,2024-07-05,Delivered
511602,10809,2024-07-07,Returned
511603,10698,2024-06-15,Delivered
511604,12633,2024-03-27,Delivered
511605,10985,2023-07-25,Delivered
511606,11637,2024-02-24,Delivered
511607,12596,2024-05-07,Delivered
511608,11605,2023-10-18,Delivered
511609,10483,2024-02-20,Delivered
511610,11623,2024-07-14,Delivered
511611,11684,2024-05-04,Delivered
511612,11424,2024-02-25,Delivered
511613,11569,2024-08-24,Cancelled
511614,11065,2023-08-15,Delivered
511615,12671,2024-03-14,Delivered
511616,11144,2023-11-25,Delivered
511617,12245,2024-09-26,Delivered
511618,10276,2023-08-04,Delivered
511619,10702,2024-01-17,Delivered
511620,11468,2023-06-05,Delivered
511621,11056,2024-09-30,Delivered
511622,10525,2024-09-06,Delivered
511623,10777,2024-07-12,Delivered
511624,11846,2023-07-07,Delivered
511625,11300,2024-07-06,Delivered
511626,11740,2023-08-30,Delivered
511627,10048,2024-01-22,Delivered
511628,10985,2024-01-20,Cancelled
511629,11233,2023-12-16,Delivered
511630,11088,2023-10-05,Cancelled
511631,11256,2024-08-17,Delivered
511632,12687,2024-06-24,Delivered
511633,11060,2024-01-04,Delivered
511634,12067,2024-05-15,Delivered
511635,12778,2023-12-02,Returned
511636,12457,2024-04-16,Delivered
511637,10496,2023-07-21,Delivered
511638,10751,2023-06-24,Delivered
511639,10494,2024-02-01,Delivered
511640,12640,2024-05-31,Delivered
511641,10954,2023-09-25,Delivered
511642,12378,2023-06-01,Delivered
511643,10368,2023-12-18,Delivered
511644,12283,2023-09-10,Delivered
511645,11958,2023-09-24,Delivered
511646,12343,2024-09-28,Delivered
511647,12827,2023-06-18,Delivered
511648,12605,2023-12-12,Delivered
511649,10215,2023-07-28,Cancelled
511650,11489,2024-05-13,Delivered
511651,10971,2024-02-22,Delivered
511652,10779,2023-10-16,Delivered
511653,10349,2024-05-02,Cancelled
511654,10125,2024-08-01,Delivered
511655,12595,2024-08-07,Delivered
511656,11757,2024-02-15,Delivered
511657,12403,2024-09-06,Delivered
511658,11317,2023-12-07,Delivered
511659,12953,2023-10-21,Cancelled
511660,12633,2024-05-19,Delivered
511661,10534,2024-09-22,Delivered
511662,11929,2024-05-09,Delivered
511663,10318,2024-06-12,Cancelled
511664,11372,2024-03-10,Delivered
511665,10994,2023-08-21,Cancelled
511666,10419,2023-09-14,Delivered
511667,11132,2023-12-11,Delivered
511668,12153,2024-02-02,Delivered
511669,11926,2023-11-23,Delivered
511670,11509,2023-06-17,Delivered
511671,12324,2024-09-16,Delivered
511672,10905,2023-06-08,Returned
511673,11757,2024-04-05,Delivered
511674,12165,2024-08-08,Delivered
511675,10954,2024-05-06,Delivered
511676,11675,2024-03-12,Delivered
511677,11105,2023-07-17,Delivered
511678,10005,2024-01-15,Delivered
511679,12825,2023-07-23,Delivered
511680,12983,2023-11-17,Delivered
511681,11695,2024-07-16,Delivered
511682,11467,2023-09-16,Delivered
511683,11807,2023-07-12,Delivered
511684,10952,2024-09-07,Delivered
511685,12337,2024-03-10,Delivered
511686,12829,2024-09-30,Delivered
511687,11372,2024-02-07,Delivered
511688,12048,2023-08-11,Delivered
511689,11317,2023-12-07,Delivered
511690,12508,2024-05-27,Delivered
511691,10016,2023-09-19,Delivered
511692,11928,2024-05-10,Delivered
511693,11765,2023-10-08,Delivered
511694,11683,2024-01-07,Delivered
511695,10862,2024-05-26,Cancelled
511696,11532,2024-01-11,Delivered
511697,12836,2024-06-30,Delivered
511698,10649,2023-06-14,Delivered
511699,12425,2024-09-18,Delivered
511700,11409,2024-06-22,Delivered
511701,12974,2024-05-02,Delivered
511702,12781,2023-08-08,Delivered
511703,12757,2024-03-15,Delivered
511704,11515,2023-09-14,Delivered
511705,11699,2023-06-13,Delivered
511706,11925,2023-12-31,Delivered
511707,10270,2024-02-16,Delivered
511708,11710,2023-10-02,Returned
511709,11389,2024-07-13,Delivered
511710,10599,2024-05-22,Delivered
511711,12103,2024-02-20,Delivered
511712,11300,2023-10-31,Cancelled
511713,10993,2024-05-31,Delivered
511714,12107,2024-01-12,Delivered
511715,12323,2024-02-20,Delivered
511716,11037,2024-02-05,Cancelled
511717,11668,2023-11-12,Delivered
511718,12649,2024-02-08,Delivered
511719,11155,2024-09-02,Delivered
511720,12493,2024-02-17,Delivered
511721,11723,2024-07-12,Delivered
511722,11493,2024-09-11,Delivered
511723,11996,2024-09-25,Delivered
511724,12283,2024-02-18,Delivered
511725,12391,2024-07-20,Delivered
511726,12545,2023-07-12,Delivered
511727,10172,2024-09-13,Delivered
511728,11117,2023-11-02,Cancelled
511729,12362,2024-07-27,Delivered
511730,10928,2024-06-11,Delivered
511731,10810,2024-01-26,Delivered
511732,11040,2023-08-15,Delivered
511733,12285,2024-02-15,Delivered
511734,10375,2023-12-08,Delivered
511735,11539,2024-07-17,Delivered
511736,10903,2024-06-16,Delivered
511737,10513,2023-07-28,Cancelled
511738,10156,2024-06-26,Delivered
511739,10202,2024-02-12,Delivered
511740,11048,2024-01-31,Delivered
511741,12532,2024-06-03,Delivered
511742,10263,2024-08-07,Delivered
511743,12087,2024-09-23,Delivered
511744,11829,2023-06-27,Delivered
511745,10077,2024-09-12,Cancelled
511746,10921,2024-09-23,Returned
511747,12122,2023-07-31,Returned
511748,11252,2024-08-09,Delivered
511749,10223,2023-08-28,Delivered
511750,11873,2023-10-21,Delivered
511751,10935,2024-09-13,Delivered
511752,12653,2024-08-07,Delivered
511753,12639,2023-09-10,Delivered
511754,12195,2023-09-03,Returned
511755,12680,2023-08-27,Delivered
511756,12572,2024-03-15,Delivered
511757,10955,2024-05-08,Delivered
511758,12725,2023-08-13,Delivered
511759,12085,2023-11-17,Delivered
511760,11239,2023-10-03,Delivered
511761,12340,2023-06-29,Delivered
511762,11022,2023-07-01,Returned
511763,11969,2024-05-30,Delivered
511764,13016,2023-06-03,Delivered
511765,11534,2024-09-21,Delivered
511766,12071,2024-01-18,Delivered
511767,12655,2023-11-30,Delivered
511768,10082,2024-04-28,Cancelled
511769,11017,2024-03-17,Delivered
511770,11214,2023-08-06,Delivered
511771,10292,2023-10-13,Delivered
511772,11979,2023-11-18,Delivered
511773,12162,2024-04-01,Delivered
511774,12555,2024-09-20,Delivered
511775,11158,2023-07-17,Delivered
511776,12693,2023-06-21,Delivered
511777,12672,2024-02-11,Delivered
511778,11290,2024-08-20,Delivered
511779,11515,2024-07-03,Delivered
511780,10954,2023-06-02,Cancelled
511781,10526,2024-07-02,Cancelled
511782,10256,2024-05-17,Delivered
511783,11591,2023-08-28,Delivered
511784,10961,2023-10-20,Delivered
511785,12113,2024-05-29,Delivered
511786,11802,2024-01-26,Delivered
511787,10206,2024-07-23,Delivered
511788,12292,2024-02-24,Delivered
511789,11678,2024-09-11,Delivered
511790,11708,2024-09-29,Delivered
511791,12832,2024-05-04,Delivered
511792,10062,2024-09-09,Delivered
511793,12127,2023-09-22,Delivered
511794,12569,2023-06-18,Delivered
511795,11934,2024-04-22,Delivered
511796,12487,2024-01-04,Delivered
511797,12434,2024-05-02,Delivered
511798,10081,2023-12-20,Delivered
511799,12360,2024-05-12,Delivered
511800,11975,2023-06-21,Returned
511801,11499,2024-02-03,Cancelled
511802,12595,2023-12-21,Delivered
511803,10029,2024-08-10,Delivered
511804,10593,2024-02-24,Returned
511805,10640,2024-04-24,Delivered
511806,11290,2023-07-15,Cancelled
511807,12259,2023-10-17,Delivered
511808,13028,2023-08-25,Delivered
511809,10371,2024-01-05,Delivered
511810,12800,2024-01-30,Returned
511811,10955,2023-11-15,Delivered
511812,11699,2024-03-02,Delivered
511813,11291,2024-06-21,Delivered
511814,10886,2024-06-17,Delivered
511815,11375,2023-09-17,Returned
511816,10793,2023-08-09,Cancelled
511817,11674,2023-08-16,Delivered
511818,10559,2023-10-08,Delivered
511819,11397,2023-06-09,Delivered
511820,10481,2023-11-14,Delivered
511821,11271,2024-05-17,Delivered
511822,12549,2023-08-16,Delivered
511823,10955,2023-08-12,Delivered
511824,11088,2023-12-02,Delivered
511825,12421,2024-04-11,Delivered
511826,11467,2023-09-01,Delivered
511827,11087,2024-01-21,Delivered
511828,12239,2024-07-22,Delivered
511829,12640,2023-08-27,Delivered
511830,11520,2024-04-14,Returned
511831,10381,2024-06-21,Delivered
511832,11048,2024-01-25,Delivered
511833,12196,2024-07-12,Delivered
511834,10317,2024-07-04,Delivered
511835,12371,2024-03-10,Returned
511836,12195,2024-01-02,Delivered
511837,10046,2024-08-29,Delivered
511838,11579,2024-07-23,Delivered
511839,11868,2024-09-04,Delivered
511840,10083,2024-03-30,Delivered
511841,11254,2024-06-13,Delivered
511842,12789,2023-10-18,Delivered
511843,10970,2023-06-01,Delivered
511844,11004,2023-08-02,Delivered
511845,12525,2024-04-14,Delivered
511846,11653,2023-09-25,Delivered
511847,11810,2024-08-12,Returned
511848,10873,2024-01-29,Delivered
511849,12550,2024-04-09,Delivered
511850,11100,2024-06-06,Delivered
511851,11679,2023-06-02,Delivered
511852,12545,2023-09-14,Delivered
511853,11368,2024-09-28,Delivered
511854,11207,2024-07-15,Delivered
511855,11873,2024-04-23,Delivered
511856,10070,2024-05-05,Delivered
511857,11466,2024-04-05,Delivered
511858,10727,2024-07-31,Delivered
511859,10972,2024-06-05,Delivered
511860,10662,2023-09-26,Delivered
511861,12896,2024-04-28,Cancelled
511862,10182,2023-11-30,Delivered
511863,11863,2024-03-01,Delivered
511864,10215,2024-05-30,Delivered
511865,12830,2024-01-16,Delivered
511866,10773,2023-12-30,Returned
511867,10144,2023-07-24,Delivered
511868,10632,2024-03-30,Delivered
511869,10129,2023-07-04,Delivered
511870,11206,2023-08-24,Delivered
511871,11315,2024-06-24,Delivered
511872,10402,2023-11-19,Delivered
511873,11258,2024-06-18,Delivered
511874,10529,2024-04-13,Delivered
511875,12792,2023-08-30,Delivered
511876,11709,2024-06-02,Returned
511877,12285,2023-10-24,Delivered
511878,11757,2024-03-03,Returned
511879,11778,2023-09-24,Delivered
511880,11101,2024-02-22,Delivered
511881,10686,2024-08-21,Delivered
511882,10526,2024-06-19,Delivered
511883,10128,2023-08-14,Returned
511884,11474,2024-03-27,Delivered
511885,11913,2024-09-01,Delivered
511886,12712,2023-09-07,Delivered
511887,11873,2023-06-03,Delivered
511888,12874,2024-05-08,Delivered
511889,12931,2023-06-03,Returned
511890,11047,2024-04-27,Delivered
511891,12386,2023-09-07,Returned
511892,11938,2024-09-30,Delivered
511893,11228,2023-07-26,Delivered
511894,10421,2023-11-05,Delivered
511895,12818,2023-08-28,Delivered
511896,11340,2024-01-15,Delivered
511897,11226,2023-08-01,Returned
511898,12441,2023-07-29,Cancelled
511899,11853,2024-01-31,Delivered
511900,12016,2024-08-16,Cancelled
511901,11236,2024-06-12,Delivered
511902,11442,2024-04-10,Delivered
511903,12692,2024-02-06,Delivered
511904,11133,2023-10-07,Cancelled
511905,12096,2023-11-02,Delivered
511906,10528,2024-06-03,Delivered
511907,11404,2024-05-24,Delivered
511908,10529,2024-05-01,Delivered
511909,11395,2023-10-31,Delivered
511910,10651,2023-07-26,Delivered
511911,12130,2023-09-26,Delivered
511912,10362,2024-09-09,Delivered
511913,12633,2024-04-19,Delivered
511914,12552,2023-12-28,Cancelled
511915,12510,2024-08-26,Delivered
511916,10172,2024-05-02,Delivered
511917,12704,2023-12-08,Delivered
511918,12865,2023-07-26,Delivered
511919,12024,2023-10-03,Delivered
511920,10122,2024-09-13,Returned
511921,12836,2023-07-04,Delivered
511922,11416,2024-03-23,Delivered
511923,10270,2023-11-06,Delivered
511924,12613,2023-06-13,Delivered
511925,11566,2023-11-12,Delivered
511926,11579,2023-07-09,Delivered
511927,11474,2024-02-19,Delivered
511928,11300,2024-02-25,Delivered
511929,12859,2023-12-09,Returned
511930,12283,2023-12-01,Delivered
511931,12640,2024-05-29,Cancelled
511932,11814,2024-04-06,Delivered
511933,11681,2024-02-23,Delivered
511934,12289,2024-05-18,Delivered
511935,10511,2023-11-15,Cancelled
511936,12485,2024-03-06,Cancelled
511937,10285,2024-03-24,Delivered
511938,10822,2024-09-02,Delivered
511939,12776,2024-04-04,Delivered
511940,12391,2023-06-22,Delivered
511941,11023,2024-04-22,Delivered
511942,10029,2024-02-03,Delivered
511943,12310,2024-05-16,Delivered
511944,11226,2024-02-14,Delivered
511945,12545,2023-11-23,Delivered
511946,11899,2024-03-25,Delivered
511947,11361,2024-01-22,Delivered
511948,11996,2024-02-19,Returned
511949,10336,2023-06-16,Delivered
511950,13039,2024-06-08,Delivered
511951,12051,2024-01-12,Delivered
511952,10029,2024-03-06,Delivered
511953,12778,2024-03-10,Delivered
511954,10799,2023-10-23,Delivered
511955,12827,2024-09-23,Delivered
511956,11770,2023-10-14,Delivered
511957,10671,2023-10-14,Delivered
511958,10972,2023-12-11,Delivered
511959,10322,2024-01-03,Delivered
511960,11871,2023-10-25,Delivered
511961,11782,2024-05-23,Delivered
511962,11906,2024-09-29,Delivered
511963,10086,2023-11-01,Delivered
511964,11175,2024-01-22,Delivered
511965,10466,2023-08-17,Delivered
511966,12766,2023-06-03,Delivered
511967,10393,2024-04-02,Delivered
511968,12930,2023-08-03,Delivered
511969,11023,2024-06-30,Cancelled
511970,12311,2023-09-26,Returned
511971,12959,2024-08-15,Delivered
511972,11358,2024-02-09,Delivered
511973,10036,2024-06-10,Delivered
511974,11905,2023-08-15,Delivered
511975,12616,2023-12-02,Delivered
511976,12014,2024-01-27,Cancelled
511977,11094,2024-07-08,Delivered
511978,12472,2024-06-29,Delivered
511979,11847,2023-06-13,Delivered
511980,11960,2024-03-20,Delivered
511981,10468,2023-10-23,Delivered
511982,10092,2023-10-18,Delivered
511983,10990,2024-03-07,Delivered
511984,10320,2024-02-03,Delivered
511985,10129,2023-07-02,Delivered
511986,11755,2024-06-25,Delivered
511987,11059,2023-08-10,Delivered
511988,12283,2024-07-25,Delivered
511989,12370,2024-02-08,Delivered
511990,12697,2024-08-12,Delivered
511991,11258,2024-06-23,Delivered
511992,10905,2024-03-15,Delivered
511993,10873,2023-09-04,Delivered
511994,12999,2024-08-20,Delivered
511995,12694,2024-07-07,Delivered
511996,12789,2024-05-04,Delivered
511997,11257,2024-04-11,Delivered
511998,10195,2024-08-02,Delivered
511999,11022,2024-08-12,Delivered
512000,12221,2023-12-18,Delivered
512001,10382,2023-08-06,Delivered
512002,10246,2024-02-18,Delivered
512003,11951,2024-01-27,Delivered
512004,10496,2024-04-26,Delivered
512005,13028,2023-07-14,Delivered
512006,12552,2024-09-07,Delivered
512007,12176,2024-08-11,Delivered
512008,11638,2024-01-20,Delivered
512009,10529,2024-02-07,Delivered
512010,11513,2023-07-06,Delivered
512011,12713,2023-08-31,Delivered
512012,10375,2024-04-13,Delivered
512013,10202,2024-08-08,Delivered
512014,10065,2023-08-11,Returned
512015,11195,2024-04-03,Delivered
512016,12081,2023-12-05,Returned
512017,11034,2024-01-05,Cancelled
512018,12800,2024-02-17,Cancelled
512019,13056,2024-08-01,Delivered
512020,12140,2023-08-22,Delivered
512021,12677,2023-11-01,Delivered
512022,11487,2023-08-01,Delivered
512023,11733,2024-04-05,Delivered
512024,10904,2024-06-02,Delivered
512025,11276,2023-07-04,Delivered
512026,11797,2024-02-07,Delivered
512027,10232,2023-12-04,Delivered
512028,10905,2023-07-30,Delivered
512029,10295,2023-09-20,Delivered
512030,12261,2024-01-29,Delivered
512031,11315,2024-04-14,Delivered
512032,10910,2024-04-09,Delivered
512033,10462,2023-11-22,Delivered
512034,10711,2024-06-13,Delivered
512035,10154,2023-07-20,Delivered
512036,10209,2023-07-25,Delivered
512037,12537,2024-08-18,Delivered
512038,10810,2023-11-05,Delivered
512039,12942,2024-08-22,Delivered
512040,10043,2024-08-08,Delivered
512041,10045,2024-05-23,Cancelled
512042,10115,2023-08-27,Delivered
512043,12773,2023-07-22,Delivered
512044,10093,2024-05-31,Delivered
512045,12573,2023-06-18,Delivered
512046,12510,2024-07-14,Delivered
512047,10827,2023-12-11,Delivered
512048,11320,2024-05-07,Cancelled
512049,11891,2024-03-18,Delivered
512050,10463,2023-08-24,Delivered
512051,12697,2024-06-06,Returned
512052,11057,2024-01-22,Delivered
512053,10106,2023-10-23,Delivered
512054,12486,2024-04-14,Cancelled
512055,10405,2023-12-23,Delivered
512056,11288,2023-10-11,Delivered
512057,11520,2023-07-05,Delivered
512058,12064,2023-11-16,Returned
512059,10848,2024-08-11,Delivered
512060,10583,2024-03-18,Delivered
512061,11260,2024-01-02,Delivered
512062,10481,2024-06-15,Delivered
512063,11694,2024-09-03,Delivered
512064,11958,2024-01-07,Delivered
512065,12482,2024-08-21,Delivered
512066,11732,2024-02-29,Delivered
512067,12138,2023-09-26,Delivered
512068,10862,2023-09-09,Returned
512069,11647,2024-01-17,Delivered
512070,12936,2024-04-26,Delivered
512071,11555,2023-09-19,Delivered
512072,12815,2023-08-11,Delivered
512073,11566,2023-07-01,Delivered
512074,10587,2024-04-16,Delivered
512075,12233,2024-02-23,Delivered
512076,12840,2024-06-10,Delivered
512077,10853,2023-08-23,Delivered
512078,12523,2024-03-17,Delivered
512079,11179,2024-06-21,Delivered
512080,12311,2023-06-20,Delivered
512081,10135,2024-07-04,Delivered
512082,12936,2024-09-03,Delivered
512083,13044,2023-09-22,Delivered
512084,11047,2024-06-23,Delivered
512085,10241,2024-04-21,Delivered
512086,12633,2023-06-26,Delivered
512087,10925,2024-01-22,Delivered
512088,11018,2024-03-12,Delivered
512089,12507,2023-11-06,Returned
512090,10548,2023-11-03,Cancelled
512091,11681,2024-08-12,Delivered
512092,12051,2023-12-20,Returned
512093,10326,2024-06-23,Delivered
512094,12782,2023-07-23,Delivered
512095,10373,2023-08-03,Delivered
512096,11623,2024-02-05,Delivered
512097,10536,2024-04-08,Delivered
512098,13037,2024-07-02,Returned
512099,11552,2024-07-09,Delivered
512100,11973,2024-01-30,Delivered
512101,12800,2023-11-27,Delivered
512102,11906,2024-01-23,Delivered
512103,11742,2023-12-13,Delivered
512104,11415,2024-09-08,Delivered
512105,10574,2023-08-17,Delivered
512106,10579,2023-08-25,Returned
512107,10847,2023-11-18,Delivered
512108,10445,2024-02-13,Cancelled
512109,10069,2023-10-31,Delivered
512110,11246,2023-09-21,Delivered
512111,12061,2024-07-18,Delivered
512112,12571,2024-01-27,Returned
512113,10935,2023-10-27,Delivered
512114,10525,2024-04-06,Delivered
512115,12800,2023-10-03,Delivered
512116,12700,2023-10-08,Delivered
512117,12259,2024-07-12,Delivered
512118,11484,2024-05-27,Delivered
512119,12366,2023-11-04,Delivered
512120,11011,2024-06-25,Delivered
512121,11349,2023-08-24,Delivered
512122,10792,2023-11-09,Returned
512123,10478,2024-06-29,Returned
512124,11071,2024-02-16,Cancelled
512125,10720,2024-05-26,Returned
512126,12325,2023-09-27,Cancelled
512127,11724,2024-01-04,Delivered
512128,12939,2023-09-02,Delivered
512129,12349,2024-03-22,Delivered
512130,11331,2023-11-25,Delivered
512131,12422,2023-11-21,Cancelled
512132,11308,2023-07-09,Delivered
512133,12380,2024-09-04,Delivered
512134,11720,2023-11-03,Delivered
512135,10719,2023-06-19,Delivered
512136,12378,2023-08-17,Delivered
512137,12852,2024-04-27,Delivered
512138,11249,2023-06-04,Delivered
512139,11753,2024-04-02,Delivered
512140,11684,2023-08-24,Delivered
512141,12805,2024-02-03,Delivered
512142,11991,2023-07-20,Delivered
512143,11166,2024-02-23,Delivered
512144,12626,2023-08-02,Delivered
512145,10699,2024-09-19,Returned
512146,12810,2023-10-27,Delivered
512147,10930,2024-04-14,Delivered
512148,12829,2024-05-09,Delivered
512149,11360,2023-10-02,Delivered
512150,11551,2023-07-30,Delivered
512151,11924,2024-01-08,Delivered
512152,10353,2023-06-04,Delivered
512153,12245,2024-08-07,Delivered
512154,10123,2023-07-22,Delivered
512155,11666,2024-02-20,Delivered
512156,11666,2024-09-09,Delivered
512157,11925,2024-02-14,Delivered
512158,11257,2024-09-09,Delivered
512159,11524,2023-12-23,Delivered
512160,10904,2024-07-14,Delivered
512161,12800,2024-08-03,Cancelled
512162,12983,2023-12-16,Delivered
512163,11764,2024-04-10,Delivered
512164,10509,2024-06-09,Delivered
512165,12584,2024-02-22,Delivered
512166,11993,2023-08-12,Delivered
512167,10360,2023-10-19,Returned
512168,10588,2024-08-04,Delivered
512169,12064,2023-12-18,Delivered
512170,12532,2023-10-15,Delivered
512171,12789,2024-04-25,Delivered
512172,12155,2023-09-02,Delivered
512173,10997,2024-02-10,Cancelled
512174,11493,2024-03-27,Returned
512175,12815,2023-10-29,Delivered
512176,11314,2023-12-11,Delivered
512177,10442,2023-06-02,Delivered
512178,10997,2024-04-07,Delivered
512179,11506,2024-06-13,Returned
512180,10778,2024-02-29,Delivered
512181,12599,2024-07-30,Delivered
512182,12385,2024-06-24,Delivered
512183,11578,2024-09-30,Delivered
512184,12694,2024-05-14,Delivered
512185,11627,2024-05-01,Delivered
512186,11976,2023-12-14,Delivered
512187,12633,2024-01-05,Delivered
512188,12635,2023-11-16,Delivered
512189,12176,2024-06-11,Cancelled
512190,10005,2023-09-08,Delivered
512191,11618,2024-02-18,Delivered
512192,12081,2024-08-21,Cancelled
512193,11891,2024-04-30,Delivered
512194,11468,2023-11-20,Delivered
512195,11484,2024-07-17,Delivered
512196,11048,2024-05-02,Delivered
512197,10394,2024-07-18,Delivered
512198,10143,2023-06-23,Delivered
512199,10844,2023-08-06,Delivered
512200,11929,2024-02-20,Delivered
512201,12036,2023-06-13,Delivered
512202,10360,2024-05-08,Delivered
512203,11611,2024-09-07,Delivered
512204,10123,2023-06-23,Returned
512205,12454,2023-12-14,Delivered
512206,10240,2024-03-06,Delivered
512207,10304,2023-08-08,Returned
512208,10326,2023-06-10,Delivered
512209,10071,2023-12-18,Delivered
512210,10949,2023-06-18,Delivered
512211,12249,2023-11-30,Delivered
512212,10241,2023-09-18,Cancelled
512213,11489,2024-04-12,Delivered
512214,11971,2023-11-29,Returned
512215,11868,2024-01-24,Delivered
512216,11870,2024-07-13,Delivered
512217,12102,2023-08-19,Delivered
512218,10016,2023-10-26,Delivered
512219,11147,2024-08-30,Delivered
512220,11317,2023-06-12,Returned
512221,12427,2023-06-26,Delivered
512222,10863,2024-06-21,Delivered
512223,12888,2024-08-06,Delivered
512224,11739,2023-10-18,Delivered
512225,10742,2023-08-24,Delivered
512226,12259,2024-06-30,Delivered
512227,11604,2023-08-18,Delivered
512228,12843,2024-08-01,Returned
512229,10877,2024-03-28,Delivered
512230,10266,2024-07-06,Delivered
512231,12677,2023-09-29,Delivered
512232,10992,2024-06-22,Delivered
512233,12603,2023-06-17,Returned
512234,11516,2023-09-24,Delivered
512235,11716,2023-12-18,Delivered
512236,10420,2023-12-22,Delivered
512237,12609,2023-06-04,Delivered
512238,12441,2024-06-09,Delivered
512239,12292,2024-02-08,Returned
512240,11185,2024-02-17,Delivered
512241,12773,2024-06-01,Delivered
512242,12515,2024-01-22,Delivered
512243,11123,2024-07-15,Delivered
512244,12835,2023-06-05,Delivered
512245,10679,2023-10-27,Delivered
512246,11435,2023-10-22,Delivered
512247,10616,2023-09-30,Delivered
512248,11110,2024-02-26,Delivered
512249,10380,2024-03-20,Cancelled
512250,10011,2024-08-26,Delivered
512251,12814,2023-07-15,Delivered
512252,11632,2024-03-31,Delivered
512253,10912,2023-06-25,Delivered
512254,11347,2024-08-29,Delivered
512255,12266,2023-12-21,Delivered
512256,12713,2024-05-10,Delivered
512257,10114,2023-06-12,Delivered
512258,13042,2023-09-23,Delivered
512259,12817,2023-08-16,Cancelled
512260,11905,2023-11-07,Delivered
512261,12349,2024-07-24,Delivered
512262,11755,2023-06-20,Delivered
512263,12818,2023-12-02,Delivered
512264,11306,2023-08-17,Delivered
512265,12947,2023-10-21,Delivered
512266,10001,2024-03-26,Returned
512267,10359,2023-07-31,Delivered
512268,11533,2024-08-03,Delivered
512269,11785,2024-08-01,Delivered
512270,13057,2023-07-10,Delivered
512271,10192,2024-06-05,Delivered
512272,10256,2024-05-19,Delivered
512273,11808,2024-02-25,Delivered
512274,11329,2023-06-08,Delivered
512275,10784,2023-07-27,Delivered
512276,12205,2024-02-18,Delivered
512277,12588,2024-03-06,Delivered
512278,12589,2023-10-16,Delivered
512279,11059,2023-10-20,Delivered
512280,10292,2024-01-09,Delivered
512281,11657,2024-07-02,Delivered
512282,11605,2024-08-28,Delivered
512283,11339,2023-06-19,Delivered
512284,12392,2024-08-28,Delivered
512285,10616,2024-09-25,Returned
512286,10475,2024-08-23,Delivered
512287,10143,2023-07-20,Delivered
512288,12343,2023-07-30,Delivered
512289,11804,2024-03-06,Returned
512290,10698,2023-08-14,Delivered
512291,11461,2024-02-09,Delivered
512292,10286,2024-08-04,Cancelled
512293,10288,2023-06-28,Delivered
512294,11666,2024-04-06,Delivered
512295,11879,2024-04-15,Delivered
512296,11498,2023-08-01,Delivered
512297,11878,2024-09-19,Returned
512298,12656,2023-08-04,Delivered
512299,11692,2024-03-02,Delivered
512300,11832,2024-07-18,Delivered
512301,11226,2023-07-18,Cancelled
512302,11507,2024-03-21,Delivered
512303,11805,2023-09-12,Delivered
512304,11239,2024-01-12,Delivered
512305,10602,2024-01-08,Delivered
512306,11474,2023-12-05,Delivered
512307,12284,2023-12-21,Delivered
512308,10687,2024-07-21,Delivered
512309,10005,2024-07-15,Delivered
512310,10096,2023-10-05,Delivered
512311,12829,2024-03-17,Cancelled
512312,10952,2024-04-06,Delivered
512313,11327,2023-11-11,Delivered
512314,11016,2024-01-01,Returned
512315,10901,2024-02-04,Cancelled
512316,12541,2024-07-31,Delivered
512317,11321,2023-11-04,Delivered
512318,10233,2023-10-15,Delivered
512319,11968,2023-12-01,Delivered
512320,10829,2023-11-18,Delivered
512321,10640,2024-07-28,Delivered
512322,11960,2023-06-16,Delivered
512323,12202,2024-06-27,Delivered
512324,10033,2023-08-20,Delivered
512325,10342,2024-01-04,Delivered
512326,12285,2024-08-23,Delivered
512327,10560,2024-03-30,Returned
512328,12161,2024-06-21,Delivered
512329,10761,2024-09-02,Delivered
512330,11858,2024-02-13,Delivered
512331,12311,2024-07-27,Delivered
512332,11467,2023-06-14,Delivered
512333,12165,2023-11-17,Cancelled
512334,12231,2024-07-18,Delivered
512335,10712,2024-04-07,Delivered
512336,10993,2023-07-06,Delivered
512337,12653,2023-07-06,Delivered
512338,10836,2024-02-07,Delivered
512339,11193,2023-08-06,Delivered
512340,11695,2023-10-31,Delivered
512341,12813,2024-06-15,Delivered
512342,10888,2023-09-29,Delivered
512343,12713,2023-11-16,Delivered
512344,10091,2024-02-13,Delivered
512345,12923,2023-10-24,Delivered
512346,10154,2023-10-21,Delivered
512347,10905,2024-06-05,Delivered
512348,11973,2023-10-04,Cancelled
512349,10895,2023-09-23,Delivered
512350,12335,2024-08-20,Delivered
512351,11360,2023-11-06,Delivered
512352,10988,2024-08-16,Delivered
512353,11578,2024-07-27,Delivered
512354,10646,2024-08-16,Delivered
512355,11128,2024-05-22,Delivered
512356,10558,2024-06-25,Returned
512357,11979,2024-08-15,Delivered
512358,10943,2024-06-16,Delivered
512359,11924,2024-09-04,Delivered
512360,12708,2023-06-16,Delivered
512361,12935,2024-01-26,Delivered
512362,10774,2023-12-29,Delivered
512363,12021,2024-09-11,Delivered
512364,12207,2024-01-21,Delivered
512365,12345,2023-06-04,Returned
512366,10241,2024-07-18,Delivered
512367,11122,2024-03-09,Delivered
512368,11606,2023-07-11,Cancelled
512369,11753,2024-02-08,Delivered
512370,11128,2023-11-24,Returned
512371,11095,2024-09-18,Delivered
512372,11022,2024-08-28,Delivered
512373,11069,2023-06-13,Delivered
512374,12585,2024-06-18,Delivered
512375,12808,2023-06-18,Delivered
512376,11175,2024-09-20,Delivered
512377,11978,2024-07-12,Returned
512378,11163,2024-09-20,Delivered
512379,12980,2024-09-29,Returned
512380,11476,2024-03-12,Delivered
512381,12048,2024-05-17,Delivered
512382,10698,2024-04-12,Delivered
512383,10783,2024-04-02,Delivered
512384,11916,2024-06-30,Delivered
512385,10655,2024-05-30,Delivered
512386,11807,2024-07-12,Delivered
512387,11832,2023-11-29,Cancelled
512388,12856,2023-07-28,Delivered
512389,10068,2024-09-15,Delivered
512390,10377,2024-05-05,Delivered
512391,10077,2023-07-05,Delivered
512392,11410,2023-12-06,Delivered
512393,10012,2023-07-31,Delivered
512394,10363,2023-07-09,Delivered
512395,10857,2023-07-13,Delivered
512396,10539,2023-11-19,Delivered
512397,12283,2024-07-06,Delivered
512398,10083,2023-08-09,Delivered
512399,10043,2024-01-11,Delivered
512400,10895,2023-07-30,Delivered
512401,11732,2023-08-20,Delivered
512402,12333,2023-10-23,Delivered
512403,12519,2024-09-23,Delivered
512404,10386,2023-06-22,Delivered
512405,12074,2023-12-05,Delivered
512406,11960,2024-01-12,Delivered
512407,10357,2023-09-04,Delivered
512408,11618,2024-09-28,Delivered
512409,11892,2023-06-02,Delivered
512410,12474,2024-08-16,Delivered
512411,11771,2023-10-16,Delivered
512412,10382,2023-07-18,Delivered
512413,11996,2024-04-21,Delivered
512414,10129,2023-09-10,Delivered
512415,12147,2023-07-15,Returned
512416,10698,2023-09-23,Delivered
512417,11678,2023-12-18,Delivered
512418,10043,2024-06-02,Delivered
512419,10060,2024-09-19,Delivered
512420,11751,2024-04-25,Delivered
512421,12001,2024-01-13,Delivered
512422,10346,2024-05-04,Delivered
512423,10419,2024-01-20,Delivered
512424,11101,2023-07-08,Delivered
512425,12851,2024-02-10,Delivered
512426,12091,2024-02-09,Returned
512427,12915,2024-04-20,Delivered
512428,10335,2024-09-19,Delivered
512429,10350,2024-07-13,Delivered
512430,11929,2024-04-05,Delivered
512431,10005,2024-02-01,Delivered
512432,10106,2023-08-01,Delivered
512433,10955,2023-09-27,Delivered
512434,11361,2024-01-21,Delivered
512435,10047,2024-02-26,Delivered
512436,12083,2023-11-01,Delivered
512437,11957,2024-08-04,Delivered
512438,11569,2024-02-20,Delivered
512439,11599,2024-08-26,Delivered
512440,11166,2023-12-11,Delivered
512441,12087,2024-09-02,Delivered
512442,12736,2023-06-29,Delivered
512443,12283,2023-09-28,Delivered
512444,12808,2023-11-01,Delivered
512445,12150,2024-08-20,Delivered
512446,11504,2024-02-10,Returned
512447,10077,2023-10-05,Delivered
512448,10780,2024-02-06,Cancelled
512449,10702,2024-02-29,Delivered
512450,13040,2023-08-10,Delivered
512451,12177,2023-07-20,Delivered
512452,12482,2024-06-25,Delivered
512453,11934,2023-11-05,Cancelled
512454,11763,2024-01-28,Delivered
512455,10383,2024-07-29,Delivered
512456,11847,2024-06-17,Delivered
512457,12869,2024-03-09,Delivered
512458,11632,2023-06-18,Delivered
512459,11384,2024-05-05,Cancelled
512460,12555,2023-10-07,Delivered
512461,11977,2023-09-24,Delivered
512462,10798,2023-12-18,Returned
512463,10731,2023-11-25,Delivered
512464,10176,2024-08-12,Delivered
512465,11099,2024-07-04,Delivered
512466,10929,2023-10-31,Delivered
512467,11306,2023-07-07,Delivered
512468,12246,2023-09-28,Delivered
512469,10904,2024-04-14,Delivered
512470,11805,2023-12-06,Delivered
512471,12844,2023-07-01,Delivered
512472,10227,2023-08-05,Delivered
512473,11468,2024-01-10,Delivered
512474,10249,2024-05-28,Delivered
512475,12008,2024-09-30,Delivered
512476,10768,2024-05-10,Delivered
512477,12971,2024-06-25,Returned
512478,12551,2023-09-05,Delivered
512479,10259,2023-06-15,Delivered
512480,12410,2024-09-18,Delivered
512481,10149,2024-03-11,Delivered
512482,12127,2023-06-11,Cancelled
512483,10845,2023-09-13,Delivered
512484,11750,2024-08-29,Delivered
512485,10425,2024-06-22,Delivered
512486,12348,2024-07-04,Delivered
512487,12794,2023-06-16,Delivered
512488,11062,2023-07-22,Delivered
512489,12901,2024-02-11,Delivered
512490,11863,2024-07-13,Returned
512491,11924,2024-08-12,Delivered
512492,13038,2023-07-22,Delivered
512493,12129,2024-07-13,Delivered
512494,10512,2024-08-08,Delivered
512495,10649,2023-08-30,Delivered
512496,11094,2024-05-21,Delivered
512497,11813,2024-04-19,Delivered
512498,12594,2024-06-02,Delivered
512499,10116,2024-08-09,Delivered
512500,12427,2023-10-12,Delivered
512501,12671,2024-02-16,Delivered
512502,11095,2024-06-02,Delivered
512503,11805,2024-09-28,Delivered
512504,10798,2024-05-02,Delivered
512505,12016,2024-07-22,Delivered
512506,10556,2024-03-11,Delivered
512507,10953,2023-06-04,Delivered
512508,11467,2023-08-06,Cancelled
512509,10880,2024-05-28,Delivered
512510,12141,2024-07-09,Delivered
512511,11986,2024-01-03,Cancelled
512512,11192,2023-10-28,Delivered
512513,10434,2024-02-12,Delivered
512514,11401,2024-01-01,Delivered
512515,11048,2023-09-03,Delivered
512516,10910,2023-11-28,Delivered
512517,12357,2023-08-06,Cancelled
512518,10263,2024-09-02,Cancelled
512519,11723,2023-06-04,Delivered
512520,10606,2023-09-01,Returned
512521,12632,2024-08-08,Delivered
512522,12094,2024-09-15,Delivered
512523,13016,2023-10-28,Returned
512524,10832,2023-08-12,Delivered
512525,11474,2023-11-23,Returned
512526,11467,2023-07-20,Delivered
512527,12281,2024-06-01,Delivered
512528,12648,2023-11-18,Cancelled
512529,10610,2023-12-08,Delivered
512530,12795,2023-08-04,Delivered
512531,10910,2024-02-17,Delivered
512532,10072,2024-09-20,Delivered
512533,10888,2024-07-02,Delivered
512534,13043,2024-04-23,Delivered
512535,12677,2024-09-18,Delivered
512536,10799,2024-01-17,Delivered
512537,10858,2023-09-09,Delivered
512538,11819,2023-11-24,Delivered
512539,10224,2024-04-23,Delivered
512540,12856,2023-07-07,Delivered
512541,10720,2024-06-26,Delivered
512542,10866,2023-11-28,Delivered
512543,11247,2023-07-29,Delivered
512544,12336,2024-09-19,Delivered
512545,10427,2023-09-13,Delivered
512546,11284,2024-05-12,Delivered
512547,10665,2023-07-22,Delivered
512548,12652,2023-08-06,Delivered
512549,11997,2024-02-14,Delivered
512550,12844,2024-09-08,Delivered
512551,12117,2023-08-05,Delivered
512552,11047,2024-06-14,Delivered
512553,10210,2023-11-20,Returned
512554,12673,2024-03-30,Delivered
512555,12102,2024-04-29,Delivered
512556,11378,2024-09-28,Delivered
512557,12975,2024-03-10,Delivered
512558,10599,2023-10-18,Delivered
512559,12323,2024-07-02,Returned
512560,11557,2024-05-02,Delivered
512561,12369,2024-01-22,Delivered
512562,10340,2023-12-25,Delivered
512563,10107,2024-07-18,Delivered
512564,11834,2023-12-31,Delivered
512565,12401,2023-12-13,Delivered
512566,11884,2024-02-06,Delivered
512567,10800,2024-04-25,Delivered
512568,12014,2024-05-07,Delivered
512569,12927,2024-06-21,Delivered
512570,12540,2023-10-05,Delivered
512571,12360,2024-02-10,Delivered
512572,10382,2024-07-16,Delivered
512573,12742,2024-08-30,Returned
512574,11000,2024-04-15,Delivered
512575,13014,2023-10-19,Delivered
512576,11990,2023-09-23,Delivered
512577,10676,2023-11-23,Delivered
512578,12608,2023-12-05,Cancelled
512579,11430,2023-08-30,Delivered
512580,11551,2024-06-30,Delivered
512581,11632,2023-11-13,Delivered
512582,10720,2023-12-03,Delivered
512583,10576,2023-10-02,Delivered
512584,12676,2023-08-03,Cancelled
512585,10998,2023-06-19,Cancelled
512586,10224,2024-09-03,Returned
512587,11723,2023-08-01,Delivered
512588,12064,2024-02-14,Delivered
512589,10048,2023-10-17,Delivered
512590,12927,2023-10-02,Delivered
512591,10475,2024-04-03,Delivered
512592,11699,2024-01-10,Delivered
512593,10845,2024-03-16,Delivered
512594,10916,2024-06-14,Delivered
512595,10547,2024-08-22,Delivered
512596,10791,2023-11-09,Delivered
512597,11681,2024-03-14,Delivered
512598,12817,2023-11-13,Delivered
512599,11071,2024-09-10,Delivered
512600,10334,2024-01-02,Delivered
512601,10445,2023-12-27,Delivered
512602,10811,2023-09-14,Delivered
512603,12587,2024-05-11,Returned
512604,11805,2024-07-02,Delivered
512605,12877,2024-08-08,Delivered
512606,11380,2024-07-24,Delivered
512607,12207,2024-03-19,Delivered
512608,10810,2023-09-12,Delivered
512609,12545,2023-07-06,Delivered
512610,10326,2023-10-10,Delivered
512611,11317,2024-04-03,Cancelled
512612,12407,2024-09-30,Delivered
512613,11323,2024-03-15,Delivered
512614,10016,2023-08-04,Delivered
512615,11011,2023-10-21,Delivered
512616,12963,2024-03-08,Cancelled
512617,12755,2024-01-26,Delivered
512618,12634,2023-12-17,Delivered
512619,12947,2024-05-18,Delivered
512620,11322,2023-08-30,Delivered
512621,11212,2024-06-28,Delivered
512622,11402,2024-07-05,Delivered
512623,10925,2023-07-12,Delivered
512624,12359,2024-04-15,Delivered
512625,11155,2024-04-07,Delivered
512626,12620,2023-08-06,Delivered
512627,11815,2023-11-15,Delivered
512628,12333,2024-07-27,Delivered
512629,11099,2024-08-18,Cancelled
512630,12763,2023-10-12,Cancelled
512631,12038,2023-08-23,Returned
512632,12380,2024-09-20,Cancelled
512633,12942,2024-01-07,Delivered
512634,12273,2024-03-24,Delivered
512635,11259,2024-08-07,Delivered
512636,10485,2023-09-06,Delivered
512637,10692,2024-07-08,Delivered
512638,12776,2024-05-28,Delivered
512639,10653,2023-07-04,Delivered
512640,12498,2023-07-05,Delivered
512641,12931,2024-09-02,Delivered
512642,11471,2023-09-24,Delivered
512643,12489,2023-09-11,Cancelled
512644,11878,2023-08-21,Delivered
512645,10081,2023-09-16,Delivered
512646,12051,2023-10-01,Delivered
512647,12673,2023-11-29,Delivered
512648,10941,2024-01-10,Delivered
512649,11328,2024-01-09,Delivered
512650,11419,2023-12-08,Delivered
512651,13057,2023-10-03,Delivered
512652,10241,2024-01-27,Delivered
512653,12608,2023-12-21,Delivered
512654,10793,2024-05-26,Delivered
512655,10051,2024-03-11,Delivered
512656,10567,2024-07-19,Delivered
512657,11763,2023-06-09,Delivered
512658,10594,2023-12-24,Delivered
512659,11258,2023-09-19,Delivered
512660,12331,2024-02-25,Returned
512661,13048,2024-09-22,Delivered
512662,10981,2024-01-02,Delivered
512663,10369,2023-08-18,Cancelled
512664,11592,2023-09-25,Delivered
512665,11579,2024-07-21,Cancelled
512666,11259,2023-07-19,Delivered
512667,11912,2023-06-09,Delivered
512668,11640,2024-02-07,Returned
512669,11512,2024-03-29,Delivered
512670,12280,2024-01-10,Returned
512671,11291,2023-10-15,Delivered
512672,11400,2024-03-01,Delivered
512673,11131,2024-07-27,Delivered
512674,13050,2024-04-15,Delivered
512675,12782,2024-02-06,Delivered
512676,12624,2024-07-25,Delivered
512677,10236,2024-07-03,Delivered
512678,12739,2023-10-17,Delivered
512679,11958,2024-03-11,Delivered
512680,11873,2024-08-05,Delivered
512681,10819,2023-09-06,Delivered
512682,10568,2024-05-10,Delivered
512683,11871,2024-07-09,Cancelled
512684,10869,2024-01-30,Delivered
512685,10919,2023-11-22,Delivered
512686,11740,2023-06-26,Delivered
512687,12064,2024-08-23,Returned
512688,12676,2024-08-05,Delivered
512689,12757,2024-09-03,Delivered
512690,10338,2024-05-14,Delivered
512691,11805,2023-08-05,Delivered
512692,11716,2023-07-20,Delivered
512693,12888,2023-11-03,Delivered
512694,11446,2023-09-25,Delivered
512695,10271,2024-08-13,Delivered
512696,12375,2023-09-04,Delivered
512697,10661,2024-09-28,Delivered
512698,12091,2023-11-01,Delivered
512699,11551,2023-08-21,Delivered
512700,12993,2024-05-06,Delivered
512701,11638,2023-09-26,Delivered
512702,10958,2024-03-22,Delivered
512703,11837,2023-11-05,Delivered
512704,10855,2023-08-30,Delivered
512705,11873,2023-12-17,Delivered
512706,11175,2023-12-28,Delivered
512707,10301,2024-08-05,Delivered
512708,12404,2023-11-25,Delivered
512709,11315,2023-12-30,Delivered
512710,11599,2023-11-05,Delivered
512711,13040,2024-05-16,Delivered
512712,12827,2023-09-20,Delivered
512713,10899,2024-09-24,Delivered
512714,12357,2023-12-11,Delivered
512715,10214,2023-12-29,Delivered
512716,12251,2024-04-03,Delivered
512717,11466,2024-02-01,Delivered
512718,10911,2023-11-17,Returned
512719,12975,2023-06-23,Delivered
512720,11681,2024-04-29,Delivered
512721,11518,2023-10-11,Delivered
512722,10617,2023-10-22,Delivered
512723,11898,2024-03-17,Delivered
512724,12471,2024-01-25,Delivered
512725,11110,2024-02-28,Delivered
512726,10632,2024-07-07,Delivered
512727,10880,2024-05-15,Delivered
512728,10743,2024-06-15,Delivered
512729,12572,2024-03-28,Delivered
512730,12009,2024-08-29,Delivered
512731,12711,2023-10-24,Delivered
512732,12332,2024-07-21,Delivered
512733,12352,2024-09-10,Delivered
512734,11060,2023-10-04,Delivered
512735,11716,2024-08-11,Delivered
512736,12778,2023-08-10,Delivered
512737,11756,2024-09-29,Delivered
512738,12354,2024-09-02,Delivered
512739,10332,2023-07-25,Delivered
512740,10099,2024-07-29,Delivered
512741,12042,2024-01-06,Delivered
512742,11863,2023-09-25,Delivered
512743,10419,2024-09-18,Delivered
512744,10419,2023-11-08,Returned
512745,11922,2024-01-25,Delivered
512746,10990,2023-08-14,Delivered
512747,11942,2024-05-29,Delivered
512748,11122,2024-05-03,Cancelled
512749,10115,2024-01-21,Delivered
512750,12337,2024-07-09,Returned
512751,11167,2024-08-04,Delivered
512752,10689,2023-12-11,Delivered
512753,12205,2023-07-01,Delivered
512754,12094,2024-07-15,Delivered
512755,10419,2024-07-04,Delivered
512756,12684,2023-07-17,Delivered
512757,11537,2023-11-30,Delivered
512758,10033,2023-09-21,Delivered
512759,12432,2024-01-22,Cancelled
512760,11217,2024-08-19,Delivered
512761,10719,2023-09-09,Delivered
512762,11758,2023-08-25,Delivered
512763,12563,2023-09-14,Cancelled
512764,11317,2023-10-24,Delivered
512765,11354,2024-09-30,Delivered
512766,12803,2024-08-23,Delivered
512767,12387,2023-06-30,Delivered
512768,11145,2024-05-08,Delivered
512769,11490,2024-03-27,Delivered
512770,12238,2023-06-16,Cancelled
512771,11778,2024-01-04,Delivered
512772,10077,2023-06-29,Delivered
512773,11941,2023-10-07,Cancelled
512774,10638,2023-12-02,Returned
512775,10586,2023-06-06,Delivered
512776,11845,2024-03-09,Delivered
512777,10103,2024-01-02,Delivered
512778,10990,2024-05-10,Cancelled
512779,11525,2024-06-28,Cancelled
512780,10910,2023-10-06,Delivered
512781,10500,2024-08-29,Delivered
512782,11466,2024-06-11,Delivered
512783,11605,2024-08-07,Delivered
512784,11726,2023-11-29,Delivered
512785,12143,2023-11-28,Delivered
512786,11381,2024-08-15,Delivered
512787,10252,2023-07-30,Delivered
512788,11274,2024-01-03,Delivered
512789,10034,2024-08-02,Delivered
512790,12380,2024-02-04,Delivered
512791,11965,2023-09-28,Delivered
512792,11740,2023-07-05,Delivered
512793,11884,2024-01-31,Delivered
512794,12282,2024-03-07,Returned
512795,10609,2023-06-01,Cancelled
512796,10772,2024-06-10,Delivered
512797,10558,2024-07-14,Returned
512798,10961,2023-10-13,Delivered
512799,11074,2023-12-21,Delivered
512800,10830,2023-08-28,Cancelled
512801,11333,2023-10-31,Delivered
512802,10043,2023-06-27,Delivered
512803,10679,2023-10-22,Delivered
512804,11001,2023-12-13,Delivered
512805,12209,2023-10-22,Delivered
512806,11289,2024-04-29,Delivered
512807,10277,2024-09-08,Delivered
512808,12552,2024-05-11,Delivered
512809,10428,2023-10-02,Delivered
512810,12549,2024-08-11,Delivered
512811,10756,2024-09-20,Delivered
512812,10908,2023-11-15,Delivered
512813,11964,2024-03-27,Delivered
512814,10981,2024-08-24,Delivered
512815,12918,2024-01-19,Cancelled
512816,11185,2023-09-07,Returned
512817,10383,2024-01-04,Cancelled
512818,12028,2024-06-25,Cancelled
512819,11661,2024-04-03,Delivered
512820,10886,2024-08-31,Delivered
512821,12798,2023-09-22,Delivered
512822,10478,2024-08-26,Delivered
512823,11702,2024-02-14,Delivered
512824,12721,2024-07-19,Delivered
512825,12814,2024-07-22,Delivered
512826,12537,2024-04-14,Delivered
512827,10264,2024-03-04,Cancelled
512828,10496,2023-06-12,Delivered
512829,10896,2023-10-20,Delivered
512830,10373,2023-11-01,Delivered
512831,11944,2023-08-30,Delivered
512832,10530,2023-09-03,Delivered
512833,10507,2023-08-05,Delivered
512834,10847,2023-06-17,Delivered
512835,11681,2024-02-03,Delivered
512836,12824,2024-08-22,Cancelled
512837,11763,2023-07-07,Delivered
512838,13036,2024-08-16,Delivered
512839,10318,2024-05-25,Delivered
512840,10424,2023-09-02,Delivered
512841,11175,2024-04-28,Delivered
512842,11624,2024-09-16,Cancelled
512843,11740,2023-07-22,Delivered
512844,12512,2024-09-26,Delivered
512845,10991,2024-03-06,Delivered
512846,12215,2024-04-16,Delivered
512847,10648,2024-05-01,Delivered
512848,10832,2024-07-01,Delivered
512849,13047,2024-03-01,Delivered
512850,11491,2023-10-05,Returned
512851,10990,2023-12-25,Delivered
512852,10671,2023-07-28,Cancelled
512853,11794,2023-09-09,Delivered
512854,12223,2024-07-18,Delivered
512855,11996,2024-02-11,Delivered
512856,11270,2024-05-26,Delivered
512857,10270,2023-10-03,Delivered
512858,11276,2023-09-06,Delivered
512859,12095,2023-11-05,Delivered
512860,11805,2024-08-31,Delivered
512861,11248,2024-06-23,Delivered
512862,11736,2023-08-02,Delivered
512863,11180,2024-05-05,Delivered
512864,12323,2024-09-08,Delivered
512865,11178,2023-07-17,Delivered
512866,10428,2023-12-21,Returned
512867,11520,2023-08-14,Cancelled
512868,10092,2023-06-10,Delivered
512869,12309,2024-09-28,Delivered
512870,10475,2024-02-08,Delivered
512871,11429,2023-12-27,Delivered
512872,10005,2023-10-14,Delivered
512873,12332,2023-12-20,Delivered
512874,11397,2023-12-20,Delivered
512875,10995,2024-01-20,Delivered
512876,11331,2024-01-14,Delivered
512877,11805,2024-03-21,Delivered
512878,10103,2024-08-09,Delivered
512879,10904,2024-08-26,Delivered
512880,11765,2023-10-29,Delivered
512881,11533,2024-08-14,Delivered
512882,11046,2023-08-20,Delivered
512883,11912,2023-09-04,Delivered
512884,10658,2024-09-01,Delivered
512885,12599,2024-03-07,Delivered
512886,12714,2024-03-28,Delivered
512887,10199,2024-01-07,Delivered
512888,10446,2024-05-27,Delivered
512889,13020,2024-02-06,Delivered
512890,11192,2023-11-08,Delivered
512891,12381,2024-05-03,Delivered
512892,10352,2024-06-13,Delivered
512893,12353,2023-11-15,Delivered
512894,12961,2023-06-13,Returned
512895,11315,2024-07-06,Delivered
512896,10054,2024-01-26,Delivered
512897,10006,2024-03-27,Delivered
512898,11194,2023-12-28,Delivered
512899,12051,2023-09-21,Delivered
512900,10360,2024-05-13,Delivered
512901,10558,2024-08-23,Delivered
512902,10405,2024-06-24,Delivered
512903,11572,2024-05-16,Delivered
512904,11208,2024-03-06,Delivered
512905,11685,2024-08-15,Delivered
512906,10724,2024-05-26,Delivered
512907,11071,2024-08-01,Returned
512908,11534,2023-12-15,Delivered
512909,12983,2023-07-08,Delivered
512910,12403,2023-07-13,Delivered
512911,10704,2023-12-02,Delivered
512912,10634,2024-07-18,Delivered
512913,10239,2024-02-14,Delivered
512914,11845,2024-05-18,Delivered
512915,13030,2023-09-17,Delivered
512916,10236,2024-04-28,Delivered
512917,11080,2024-08-14,Delivered
512918,10939,2023-10-07,Delivered
512919,12689,2023-12-07,Delivered
512920,12028,2023-09-01,Delivered
512921,11425,2023-06-20,Delivered
512922,11625,2024-05-12,Delivered
512923,12784,2023-08-30,Delivered
512924,10871,2023-06-07,Returned
512925,10354,2024-05-11,Cancelled
512926,12489,2024-04-22,Delivered
512927,10823,2023-07-10,Cancelled
512928,11293,2024-04-08,Delivered
512929,10025,2024-01-23,Delivered
512930,10536,2024-09-24,Returned
512931,12412,2023-06-17,Cancelled
512932,12587,2023-12-27,Delivered
512933,12137,2023-12-10,Delivered
512934,11965,2024-05-06,Delivered
512935,10270,2024-06-23,Cancelled
512936,10296,2024-06-29,Delivered
512937,10650,2024-01-26,Cancelled
512938,10939,2023-08-14,Delivered
512939,13037,2024-06-23,Delivered
512940,12113,2024-09-21,Delivered
512941,10245,2024-02-19,Delivered
512942,11786,2024-07-30,Delivered
512943,12332,2023-09-08,Cancelled
512944,11303,2024-03-18,Delivered
512945,12975,2023-09-18,Delivered
512946,11338,2024-01-01,Delivered
512947,12387,2023-12-21,Delivered
512948,12552,2023-07-04,Delivered
512949,13044,2024-01-26,Delivered
512950,12049,2024-09-19,Delivered
512951,10043,2024-05-02,Delivered
512952,10112,2023-10-15,Delivered
512953,11055,2024-04-08,Delivered
512954,11079,2024-01-04,Delivered
512955,10964,2024-07-07,Delivered
512956,11132,2024-01-08,Delivered
512957,10164,2023-12-15,Delivered
512958,11898,2023-08-23,Delivered
512959,10218,2023-12-28,Delivered
512960,11397,2024-08-25,Delivered
512961,12261,2024-05-29,Delivered
512962,12722,2024-03-26,Returned
512963,12581,2023-09-30,Returned
512964,11155,2023-07-11,Delivered
512965,12906,2023-08-12,Returned
512966,12746,2024-07-17,Delivered
512967,10806,2024-01-06,Delivered
512968,10998,2024-07-19,Delivered
512969,11740,2024-09-28,Delivered
512970,12605,2023-10-03,Delivered
512971,11795,2024-08-16,Delivered
512972,10459,2024-08-08,Delivered
512973,12081,2023-08-26,Delivered
512974,11530,2023-08-27,Delivered
512975,12730,2024-04-20,Delivered
512976,11163,2023-11-05,Delivered
512977,12441,2024-08-31,Delivered
512978,11709,2023-09-08,Delivered
512979,11530,2024-08-14,Delivered
512980,11878,2024-09-13,Delivered
512981,12823,2024-06-12,Delivered
512982,10961,2024-05-27,Delivered
512983,11184,2023-09-05,Delivered
512984,10794,2023-10-19,Delivered
512985,11539,2023-09-11,Delivered
512986,10862,2024-06-25,Delivered
512987,12642,2024-05-29,Delivered
512988,12026,2024-07-24,Cancelled
512989,11540,2024-03-27,Delivered
512990,10124,2023-07-27,Delivered
512991,11916,2023-07-27,Delivered
512992,10498,2023-12-27,Delivered
512993,13056,2024-01-22,Delivered
512994,11306,2024-05-28,Delivered
512995,12137,2024-01-11,Returned
512996,11863,2023-11-29,Delivered
512997,10754,2024-06-28,Delivered
512998,12432,2024-03-13,Returned
512999,11022,2024-09-06,Delivered
513000,12895,2024-03-31,Delivered
513001,10806,2024-06-12,Delivered
513002,13017,2023-07-13,Delivered
513003,12037,2024-03-12,Delivered
513004,12552,2023-09-27,Delivered
513005,11984,2023-09-05,Returned
513006,11942,2023-11-24,Delivered
513007,11128,2023-06-19,Delivered
513008,11779,2024-03-05,Delivered
513009,11315,2024-01-28,Delivered
513010,12600,2023-11-20,Delivered
513011,12881,2023-09-23,Delivered
513012,12357,2024-06-11,Delivered
513013,10661,2023-09-18,Delivered
513014,13043,2024-02-22,Delivered
513015,10603,2024-02-19,Delivered
513016,12403,2024-03-09,Delivered
513017,12512,2024-07-12,Delivered
513018,12028,2023-07-21,Cancelled
513019,11060,2024-06-03,Delivered
513020,11678,2023-06-15,Delivered
513021,12378,2023-11-04,Returned
513022,10880,2024-03-19,Delivered
513023,12836,2024-07-14,Delivered
513024,12616,2023-08-06,Returned
513025,12649,2023-10-30,Delivered
513026,12913,2024-05-30,Delivered
513027,10529,2024-07-02,Delivered
513028,11291,2023-07-19,Delivered
513029,12547,2024-08-16,Delivered
513030,10973,2023-10-24,Cancelled
513031,12701,2024-03-31,Cancelled
513032,10115,2023-09-14,Delivered
513033,11624,2024-09-18,Delivered
513034,12105,2024-01-07,Returned
513035,12605,2024-02-03,Delivered
513036,11983,2023-07-19,Delivered
513037,10326,2024-02-10,Returned
513038,11149,2024-06-12,Delivered
513039,12048,2023-11-30,Delivered
513040,12635,2023-07-16,Delivered
513041,12048,2023-07-24,Delivered
513042,13060,2024-02-29,Delivered
513043,12778,2024-07-25,Cancelled
513044,11762,2024-02-25,Delivered
513045,11734,2023-12-02,Delivered
513046,10143,2024-03-27,Delivered
513047,13039,2023-06-11,Delivered
513048,12584,2023-07-11,Delivered
513049,12109,2023-06-19,Delivered
513050,10873,2023-11-23,Returned
513051,12064,2024-06-07,Returned
513052,12564,2024-03-29,Cancelled
513053,12322,2023-08-24,Cancelled
513054,11145,2024-05-15,Delivered
513055,10329,2024-09-17,Delivered
513056,10905,2024-07-07,Returned
513057,10131,2024-03-22,Cancelled
513058,11275,2023-09-04,Delivered
513059,12375,2023-12-20,Delivered
513060,10935,2024-01-01,Delivered
513061,10930,2024-07-05,Delivered
513062,13030,2024-08-03,Delivered
513063,10539,2023-09-30,Delivered
513064,12830,2023-11-16,Delivered
513065,12330,2024-08-14,Delivered
513066,10242,2024-05-07,Delivered
513067,12444,2024-08-19,Delivered
513068,11584,2023-09-25,Delivered
513069,10318,2023-08-28,Delivered
513070,10601,2024-04-17,Delivered
513071,12162,2023-10-27,Delivered
513072,11347,2024-09-19,Delivered
513073,10529,2024-01-27,Delivered
513074,10935,2024-09-20,Delivered
513075,11164,2024-09-05,Returned
513076,10164,2023-12-31,Delivered
513077,12870,2023-10-11,Delivered
513078,12730,2023-10-20,Returned
513079,10651,2024-02-27,Delivered
513080,11536,2023-11-29,Cancelled
513081,12902,2023-06-14,Delivered
513082,12328,2023-07-30,Delivered
513083,11343,2024-02-12,Delivered
513084,11128,2024-05-14,Delivered
513085,12333,2024-07-01,Delivered
513086,12568,2024-09-06,Delivered
513087,10819,2023-08-09,Delivered
513088,11337,2023-10-13,Returned
513089,11108,2024-04-10,Delivered
513090,12140,2023-12-15,Delivered
513091,12556,2024-02-13,Delivered
513092,11196,2023-10-13,Delivered
513093,11410,2024-09-20,Delivered
513094,11398,2024-05-14,Delivered
513095,11493,2024-09-20,Delivered
513096,12697,2024-07-27,Delivered
513097,10264,2023-09-08,Returned
513098,10042,2024-03-17,Delivered
513099,11711,2023-08-19,Cancelled
513100,10455,2024-06-15,Delivered
513101,12165,2024-06-21,Delivered
513102,12597,2024-01-06,Delivered
513103,11910,2024-05-13,Delivered
513104,11793,2024-05-19,Delivered
513105,11496,2023-11-23,Delivered
513106,10713,2024-05-31,Delivered
513107,11630,2023-10-23,Delivered
513108,11884,2023-11-14,Delivered
513109,11578,2024-08-04,Delivered
513110,11699,2023-07-21,Delivered
513111,12278,2024-05-13,Delivered
513112,10350,2023-06-02,Returned
513113,12170,2024-06-22,Delivered
513114,10533,2023-06-15,Delivered
513115,10866,2024-02-09,Delivered
513116,11575,2023-10-18,Delivered
513117,10912,2024-09-29,Delivered
513118,10165,2023-08-23,Delivered
513119,10602,2024-05-29,Delivered
513120,11697,2024-01-23,Delivered
513121,12721,2024-01-05,Returned
513122,11036,2023-06-11,Cancelled
513123,11679,2023-10-31,Cancelled
513124,11962,2024-07-24,Delivered
513125,11928,2023-12-30,Delivered
513126,12137,2023-09-05,Delivered
513127,12485,2024-01-09,Delivered
513128,11999,2024-06-30,Cancelled
513129,11428,2024-08-04,Delivered
513130,10425,2024-07-02,Delivered
513131,10979,2024-02-09,Delivered
513132,12155,2023-11-09,Delivered
513133,10539,2023-06-29,Delivered
513134,11995,2023-08-30,Delivered
513135,10831,2023-10-13,Cancelled
513136,12403,2024-02-03,Cancelled
513137,11254,2024-03-16,Delivered
513138,13043,2023-10-03,Delivered
513139,12230,2024-05-09,Delivered
513140,11025,2024-08-20,Delivered
513141,13019,2024-07-06,Delivered
513142,12392,2023-10-14,Delivered
513143,11635,2024-09-27,Delivered
513144,11047,2024-04-22,Cancelled
513145,12659,2024-04-19,Delivered
513146,13052,2024-03-30,Delivered
513147,10866,2023-12-19,Delivered
513148,10698,2023-06-29,Delivered
513149,10799,2023-10-13,Cancelled
513150,11946,2024-01-08,Cancelled
513151,10558,2024-07-24,Delivered
513152,11435,2023-12-26,Delivered
513153,10499,2023-11-14,Cancelled
513154,12137,2024-07-19,Delivered
513155,11397,2023-12-10,Delivered
513156,11686,2024-05-29,Delivered
513157,10529,2024-01-26,Delivered
513158,11467,2024-03-06,Delivered
513159,12036,2024-05-16,Delivered
513160,12099,2023-07-23,Delivered
513161,12261,2023-11-23,Delivered
513162,11951,2023-11-24,Cancelled
513163,10380,2023-11-17,Delivered
513164,11924,2024-06-07,Delivered
513165,11569,2024-05-12,Delivered
513166,10235,2024-04-19,Cancelled
513167,12699,2023-09-18,Delivered
513168,10945,2024-04-15,Delivered
513169,10556,2023-12-28,Delivered
513170,11194,2024-06-01,Delivered
513171,10640,2023-07-12,Delivered
513172,12704,2024-02-04,Delivered
513173,11440,2023-07-30,Delivered
513174,10792,2023-12-23,Cancelled
513175,10382,2024-01-29,Delivered
513176,12586,2024-03-14,Delivered
513177,11829,2023-06-25,Delivered
513178,11560,2024-06-13,Delivered
513179,11331,2024-08-04,Delivered
513180,11266,2024-09-12,Delivered
513181,10213,2024-08-26,Delivered
513182,11295,2023-10-11,Delivered
513183,12980,2024-06-08,Delivered
513184,10350,2023-06-02,Delivered
513185,11537,2024-05-28,Delivered
513186,12259,2023-06-28,Returned
513187,12682,2024-04-14,Delivered
513188,11880,2024-08-08,Delivered
513189,10358,2023-08-17,Delivered
513190,10991,2024-06-19,Delivered
513191,11157,2024-04-10,Delivered
513192,10724,2024-01-13,Delivered
513193,10099,2023-10-16,Delivered
513194,11676,2023-06-23,Delivered
513195,12236,2024-09-27,Delivered
513196,11029,2023-06-09,Delivered
513197,10009,2024-06-25,Returned
513198,10046,2024-03-05,Cancelled
513199,11428,2023-07-22,Delivered
513200,12836,2024-05-16,Cancelled
513201,12441,2024-01-14,Delivered
513202,10249,2023-10-24,Delivered
513203,11488,2023-09-22,Cancelled
513204,11725,2024-06-25,Returned
513205,11407,2024-08-23,Delivered
513206,12654,2024-07-05,Delivered
513207,10296,2023-08-12,Delivered
513208,12852,2024-08-05,Cancelled
513209,12600,2024-01-18,Delivered
513210,10354,2023-09-07,Delivered
513211,10695,2023-08-18,Delivered
513212,12713,2024-03-31,Returned
513213,11883,2023-09-09,Delivered
513214,11030,2024-09-13,Delivered
513215,10282,2023-06-07,Delivered
513216,10665,2023-09-28,Delivered
513217,10782,2024-08-26,Delivered
513218,12545,2024-04-27,Delivered
513219,11135,2023-07-30,Delivered
513220,12746,2024-05-06,Delivered
513221,12289,2023-07-20,Delivered
513222,11494,2024-04-17,Delivered
513223,11034,2023-07-23,Delivered
513224,10856,2024-09-22,Delivered
513225,12072,2023-08-20,Delivered
513226,12756,2023-08-04,Delivered
513227,10360,2024-08-29,Delivered
513228,10941,2023-07-17,Delivered
513229,10981,2024-04-17,Delivered
513230,10647,2023-11-13,Returned
513231,10445,2024-02-23,Delivered
513232,12014,2024-04-18,Returned
513233,10886,2024-09-04,Delivered
513234,10129,2024-07-01,Cancelled
513235,10164,2024-06-25,Cancelled
513236,11704,2024-07-26,Delivered
513237,12448,2024-03-07,Delivered
513238,10405,2023-08-07,Delivered
513239,11991,2024-09-24,Delivered
513240,12294,2023-10-06,Delivered
513241,10958,2023-08-14,Delivered
513242,11878,2023-10-10,Delivered
513243,11525,2023-11-11,Delivered
513244,10910,2024-03-15,Returned
513245,10359,2024-02-25,Delivered
513246,10788,2024-05-07,Returned
513247,10411,2023-08-22,Delivered
513248,10837,2024-03-27,Returned
513249,12352,2023-06-11,Delivered
513250,12667,2024-06-06,Delivered
513251,10430,2023-11-30,Delivered
513252,11415,2024-04-12,Delivered
513253,11290,2024-06-17,Delivered
513254,12266,2024-03-01,Delivered
513255,10121,2024-03-14,Delivered
513256,11750,2023-11-20,Delivered
513257,12953,2024-06-15,Delivered
513258,12120,2023-06-27,Returned
513259,11901,2024-08-08,Delivered
513260,11531,2024-02-28,Delivered
513261,12302,2024-07-01,Delivered
513262,10434,2024-08-03,Delivered
513263,10902,2023-09-13,Delivered
513264,12723,2023-07-24,Delivered
513265,11711,2023-07-22,Delivered
513266,10973,2024-04-14,Cancelled
513267,12844,2023-10-15,Cancelled
513268,12209,2024-01-23,Delivered
513269,11101,2024-06-08,Delivered
513270,11223,2023-12-25,Delivered
513271,10661,2024-07-20,Cancelled
513272,11993,2023-11-19,Cancelled
513273,10661,2024-07-19,Delivered
513274,11996,2024-09-02,Delivered
513275,12351,2024-06-03,Delivered
513276,11830,2023-09-18,Returned
513277,12739,2024-07-06,Delivered
513278,10820,2023-11-07,Returned
513279,10720,2024-03-27,Delivered
513280,11973,2023-08-24,Delivered
513281,11442,2024-09-14,Delivered
513282,11000,2023-07-30,Delivered
513283,11678,2023-07-01,Delivered
513284,10382,2024-01-07,Delivered
513285,12096,2024-01-02,Returned
513286,11156,2024-08-02,Cancelled
513287,10616,2024-01-04,Delivered
513288,12148,2024-07-11,Delivered
513289,10426,2023-10-20,Delivered
513290,10349,2024-04-25,Delivered
513291,11483,2024-01-12,Delivered
513292,11257,2023-11-01,Delivered
513293,11432,2023-09-02,Delivered
513294,11204,2024-07-26,Delivered
513295,11516,2023-09-04,Delivered
513296,11749,2024-08-20,Returned
513297,10747,2023-08-31,Delivered
513298,12602,2023-12-31,Delivered
513299,11676,2024-08-22,Delivered
513300,10176,2024-04-11,Cancelled
513301,12081,2024-09-09,Delivered
513302,12489,2023-10-21,Delivered
513303,10576,2024-08-17,Returned
513304,11323,2024-09-01,Delivered
513305,11211,2023-10-06,Delivered
513306,12980,2023-10-03,Delivered
513307,12386,2024-06-12,Cancelled
513308,12184,2024-01-16,Cancelled
513309,11652,2024-02-23,Delivered
513310,10416,2024-03-02,Delivered
513311,11042,2024-08-04,Delivered
513312,10217,2024-06-12,Delivered
513313,13056,2024-04-15,Delivered
513314,10263,2023-12-27,Delivered
513315,12446,2024-06-29,Delivered
513316,12141,2024-04-05,Delivered
513317,10242,2024-08-27,Delivered
513318,10657,2024-09-29,Delivered
513319,11350,2024-06-02,Delivered
513320,12794,2023-07-12,Delivered
513321,10244,2023-12-21,Delivered
513322,11632,2024-01-25,Cancelled
513323,12850,2024-07-26,Delivered
513324,10728,2023-09-28,Delivered
513325,12222,2023-12-16,Delivered
513326,10212,2023-08-26,Delivered
513327,10996,2023-12-01,Returned
513328,11368,2024-01-29,Returned
513329,10748,2024-07-11,Delivered
513330,11442,2024-06-28,Delivered
513331,10905,2024-05-12,Cancelled
513332,12459,2024-01-06,Delivered
513333,10614,2023-09-05,Delivered
513334,10067,2024-08-09,Delivered
513335,10432,2023-09-30,Delivered
513336,12654,2024-08-29,Delivered
513337,12404,2023-06-15,Delivered
513338,12640,2023-10-05,Delivered
513339,10629,2024-03-10,Delivered
513340,10664,2024-09-30,Delivered
513341,12076,2023-07-05,Delivered
513342,11034,2024-08-16,Delivered
513343,10178,2024-02-12,Delivered
513344,11642,2024-05-22,Delivered
513345,10664,2023-09-25,Returned
513346,10387,2024-03-09,Delivered
513347,11578,2024-01-29,Delivered
513348,11510,2023-09-08,Delivered
513349,11715,2024-07-28,Delivered
513350,12094,2024-05-31,Delivered
513351,10608,2024-06-16,Delivered
513352,12897,2024-09-30,Delivered
513353,10339,2024-03-25,Delivered
513354,11340,2024-08-22,Delivered
513355,12176,2024-09-24,Delivered
513356,12711,2023-12-09,Delivered
513357,11740,2023-09-18,Delivered
513358,10856,2023-06-12,Delivered
513359,12349,2024-05-16,Delivered
513360,10472,2024-03-07,Delivered
513361,11103,2023-11-03,Cancelled
513362,10416,2024-01-09,Cancelled
513363,12687,2023-09-07,Delivered
513364,12789,2024-04-06,Delivered
513365,10382,2024-07-26,Delivered
513366,12744,2024-02-27,Delivered
513367,10373,2024-01-12,Delivered
513368,11683,2024-09-13,Delivered
513369,11895,2023-06-07,Delivered
513370,10092,2024-06-26,Delivered
513371,11788,2024-03-15,Delivered
513372,10320,2023-10-27,Cancelled
513373,11456,2023-12-11,Delivered
513374,11707,2024-04-14,Delivered
513375,11186,2023-12-26,Returned
513376,13006,2024-09-19,Delivered
513377,10329,2023-11-03,Delivered
513378,11515,2024-09-19,Delivered
513379,10477,2023-09-01,Cancelled
513380,11706,2024-03-26,Delivered
513381,11802,2023-10-25,Delivered
513382,10609,2024-09-01,Delivered
513383,12201,2023-08-09,Delivered
513384,10941,2023-09-13,Delivered
513385,11837,2024-07-21,Delivered
513386,10248,2024-03-12,Delivered
513387,12569,2024-07-18,Delivered
513388,11724,2024-04-22,Delivered
513389,12742,2024-06-03,Delivered
513390,11299,2023-10-23,Delivered
513391,11191,2024-09-15,Delivered
513392,10971,2024-03-20,Cancelled
513393,11841,2023-06-08,Delivered
513394,12519,2024-02-13,Delivered
513395,10246,2023-10-16,Delivered
513396,10719,2024-08-24,Delivered
513397,12029,2023-12-23,Delivered
513398,12694,2024-05-24,Delivered
513399,12992,2024-07-18,Delivered
513400,11924,2024-03-10,Delivered
513401,11513,2023-12-18,Returned
513402,10256,2023-09-21,Delivered
513403,12712,2024-03-02,Delivered
513404,11700,2024-03-08,Delivered
513405,12464,2023-06-16,Returned
513406,10925,2023-09-26,Delivered
513407,11812,2024-05-03,Cancelled
513408,13054,2024-05-01,Returned
513409,12687,2024-04-05,Delivered
513410,12253,2024-09-21,Delivered
513411,11280,2024-07-18,Delivered
513412,12058,2023-10-17,Delivered
513413,12739,2023-11-19,Delivered
513414,10294,2023-06-10,Cancelled
513415,11467,2023-07-23,Delivered
513416,12332,2024-04-30,Delivered
513417,13019,2023-09-08,Delivered
513418,10182,2024-01-28,Delivered
513419,10925,2024-03-15,Returned
513420,10371,2024-09-06,Delivered
513421,11467,2024-09-13,Delivered
513422,10315,2024-06-04,Delivered
513423,10264,2024-04-12,Delivered
513424,10768,2023-07-19,Delivered
513425,10191,2024-06-23,Delivered
513426,10137,2024-04-13,Delivered
513427,11406,2023-06-27,Returned
513428,12906,2023-06-30,Returned
513429,12225,2024-09-23,Delivered
513430,12392,2023-11-17,Delivered
513431,12665,2024-05-26,Delivered
513432,10756,2023-09-01,Delivered
513433,11102,2024-06-11,Delivered
513434,10298,2024-05-05,Delivered
513435,12953,2024-06-20,Returned
513436,12155,2024-09-02,Delivered
513437,12481,2024-03-01,Delivered
513438,12936,2024-01-14,Delivered
513439,10679,2023-12-11,Delivered
513440,12051,2023-06-14,Delivered
513441,12384,2024-03-30,Returned
513442,10005,2023-12-22,Delivered
513443,10217,2023-07-26,Delivered
513444,12656,2024-07-04,Delivered
513445,11429,2023-11-17,Delivered
513446,10958,2023-07-22,Delivered
513447,11485,2023-12-15,Delivered
513448,13048,2024-03-15,Cancelled
513449,13017,2024-05-25,Delivered
513450,12231,2024-01-26,Delivered
513451,12488,2023-12-18,Delivered
513452,11437,2024-09-02,Delivered
513453,12999,2024-04-06,Delivered
513454,10862,2023-09-19,Delivered
513455,13028,2024-06-21,Delivered
513456,12102,2024-04-07,Delivered
513457,11592,2023-08-29,Delivered
513458,11826,2024-09-13,Delivered
513459,12122,2023-10-14,Delivered
513460,11956,2024-07-04,Delivered
513461,10905,2024-02-12,Returned
513462,12775,2024-01-15,Delivered
513463,12137,2023-11-27,Delivered
513464,12204,2024-09-16,Delivered
513465,10217,2024-05-14,Delivered
513466,12229,2023-07-31,Delivered
513467,11867,2024-09-29,Delivered
513468,12030,2024-06-30,Delivered
513469,12219,2024-03-10,Delivered
513470,12786,2024-06-24,Delivered
513471,12953,2023-07-16,Delivered
513472,12348,2023-10-19,Delivered
513473,11226,2023-09-16,Delivered
513474,11580,2023-09-01,Delivered
513475,11204,2024-05-06,Delivered
513476,11617,2023-12-16,Delivered
513477,10328,2024-03-31,Delivered
513478,11566,2024-07-03,Delivered
513479,12573,2024-07-12,Delivered
513480,12222,2024-03-16,Delivered
513481,11788,2023-07-24,Delivered
513482,10901,2023-09-24,Delivered
513483,12572,2023-09-30,Delivered
513484,12000,2024-05-18,Delivered
513485,11404,2024-01-19,Delivered
513486,11775,2024-06-18,Delivered
513487,11009,2023-12-30,Delivered
513488,12204,2024-09-06,Returned
513489,11425,2023-09-28,Delivered
513490,10312,2024-04-06,Returned
513491,11695,2023-12-09,Delivered
513492,11826,2024-06-11,Delivered
513493,11816,2024-04-15,Delivered
513494,10383,2024-04-17,Delivered
513495,10123,2023-10-07,Delivered
513496,10118,2024-06-19,Delivered
513497,10850,2023-12-13,Delivered
513498,12632,2024-05-18,Delivered
513499,10896,2024-05-10,Delivered
513500,10720,2023-08-25,Cancelled
513501,10798,2024-03-29,Returned
513502,10384,2024-07-16,Delivered
513503,11022,2023-09-03,Delivered
513504,10624,2024-02-28,Delivered
513505,11252,2023-06-14,Delivered
513506,11401,2024-06-01,Delivered
513507,12406,2023-12-05,Delivered
513508,10854,2023-07-15,Returned
513509,10383,2023-08-08,Delivered
513510,10605,2023-08-09,Delivered
513511,10925,2023-09-21,Cancelled
513512,10865,2024-06-23,Cancelled
513513,10720,2023-08-19,Cancelled
513514,10178,2023-06-10,Cancelled
513515,12682,2024-06-25,Delivered
513516,11088,2023-09-28,Cancelled
513517,12461,2024-07-02,Delivered
513518,10868,2023-07-04,Delivered
513519,10318,2024-08-16,Returned
513520,11419,2023-08-15,Delivered
513521,12003,2024-09-14,Cancelled
513522,10069,2024-08-07,Returned
513523,11047,2024-01-01,Delivered
513524,11410,2024-09-03,Delivered
513525,11485,2023-10-27,Returned
513526,11757,2024-02-19,Delivered
513527,11308,2023-06-24,Delivered
513528,10935,2023-08-18,Delivered
513529,11000,2024-02-25,Delivered
513530,11531,2023-12-24,Delivered
513531,11022,2024-02-26,Delivered
513532,11690,2024-01-17,Delivered
513533,11725,2024-06-08,Delivered
513534,12981,2023-08-12,Delivered
513535,11433,2024-09-15,Delivered
513536,12468,2024-04-13,Cancelled
513537,10556,2024-09-27,Returned
513538,12151,2024-09-18,Delivered
513539,11468,2023-06-28,Delivered
513540,11251,2023-10-23,Delivered
513541,11022,2024-07-14,Delivered
513542,11886,2024-08-28,Delivered
513543,10224,2023-11-10,Delivered
513544,11450,2023-10-31,Returned
513545,12326,2024-03-20,Delivered
513546,11046,2024-08-03,Delivered
513547,10256,2024-03-05,Delivered
513548,12971,2023-07-02,Cancelled
513549,11532,2023-07-24,Delivered
513550,11307,2024-06-05,Cancelled
513551,11370,2024-02-24,Delivered
513552,11566,2024-01-31,Delivered
513553,11239,2023-08-24,Cancelled
513554,10616,2024-03-05,Delivered
513555,12084,2023-07-04,Delivered
513556,12773,2023-06-05,Delivered
513557,10437,2023-06-13,Delivered
513558,12701,2024-02-13,Delivered
513559,10191,2024-02-06,Delivered
513560,11780,2024-01-29,Returned
513561,11746,2024-07-21,Delivered
513562,11964,2024-02-28,Delivered
513563,12113,2023-07-07,Delivered
513564,10866,2024-08-28,Delivered
513565,11540,2024-01-07,Returned
513566,12805,2024-08-28,Delivered
513567,11767,2023-06-05,Cancelled
513568,12931,2024-05-22,Delivered
513569,10873,2023-10-07,Delivered
513570,10855,2024-08-20,Delivered
513571,10392,2023-07-16,Delivered
513572,11580,2024-05-11,Delivered
513573,11299,2024-03-13,Delivered
513574,11905,2023-08-18,Delivered
513575,12172,2023-10-30,Delivered
513576,11442,2024-08-16,Delivered
513577,12058,2023-12-11,Delivered
513578,10373,2023-08-28,Delivered
513579,10014,2024-07-21,Delivered
513580,11006,2023-10-09,Delivered
513581,12814,2024-05-08,Delivered
513582,10224,2023-06-08,Delivered
513583,12197,2023-07-27,Delivered
513584,12704,2023-11-27,Delivered
513585,11367,2023-08-04,Delivered
513586,11128,2023-09-08,Delivered
513587,11101,2023-07-25,Returned
513588,11847,2024-06-21,Delivered
513589,10391,2024-07-27,Delivered
513590,12561,2024-04-12,Cancelled
513591,12550,2024-07-30,Delivered
513592,10466,2024-01-16,Delivered
513593,12062,2024-01-07,Delivered
513594,10961,2024-06-21,Delivered
513595,11924,2024-08-01,Delivered
513596,10096,2023-10-02,Delivered
513597,11207,2024-06-04,Delivered
513598,11461,2023-08-24,Delivered
513599,11534,2023-06-22,Delivered
513600,11845,2024-08-07,Delivered
513601,11185,2024-05-23,Delivered
513602,12440,2024-09-23,Delivered
513603,10622,2023-06-14,Delivered
513604,12220,2024-07-24,Delivered
513605,10896,2023-12-07,Delivered
513606,12051,2023-10-24,Delivered
513607,12811,2024-07-15,Delivered
513608,12240,2023-08-13,Cancelled
513609,11168,2023-06-04,Delivered
513610,11708,2023-11-09,Returned
513611,10382,2023-06-02,Delivered
513612,12330,2023-11-15,Delivered
513613,11295,2024-04-24,Delivered
513614,11739,2023-09-08,Cancelled
513615,10462,2024-03-19,Delivered
513616,11763,2024-05-02,Delivered
513617,12654,2024-01-24,Delivered
513618,12677,2023-09-04,Delivered
513619,11360,2023-07-15,Delivered
513620,11410,2024-01-01,Delivered
513621,11241,2024-05-07,Delivered
513622,10526,2024-03-23,Delivered
513623,12721,2023-10-04,Delivered
513624,11216,2024-09-27,Returned
513625,11599,2023-10-22,Delivered
513626,11766,2024-09-07,Delivered
513627,11278,2023-06-09,Delivered
513628,10037,2023-11-07,Delivered
513629,10238,2023-08-11,Delivered
513630,10575,2024-03-19,Delivered
513631,10316,2023-10-31,Delivered
513632,12780,2024-05-19,Delivered
513633,12488,2024-02-18,Delivered
513634,11002,2024-08-28,Delivered
513635,10513,2024-05-25,Delivered
513636,10720,2024-05-11,Delivered
513637,10326,2024-02-07,Delivered
513638,11388,2023-10-22,Delivered
513639,12896,2024-04-27,Delivered
513640,11712,2024-07-14,Delivered
513641,11985,2024-05-22,Delivered
513642,12654,2024-09-10,Delivered
513643,10570,2023-06-17,Delivered
513644,12349,2023-08-19,Delivered
513645,10896,2023-10-11,Delivered
513646,12312,2024-05-30,Delivered
513647,12302,2023-06-11,Delivered
513648,11579,2024-01-14,Delivered
513649,11773,2024-08-27,Delivered
513650,10156,2024-09-07,Delivered
513651,11926,2024-07-03,Delivered
513652,10628,2023-08-25,Delivered
513653,12319,2024-04-19,Delivered
513654,10359,2024-01-20,Delivered
513655,11060,2023-12-04,Delivered
513656,12852,2024-02-28,Delivered
513657,11847,2023-09-28,Delivered
513658,12803,2023-08-11,Delivered
513659,12805,2024-02-22,Delivered
513660,11751,2024-06-14,Delivered
513661,13035,2023-10-08,Delivered
513662,11682,2023-07-16,Delivered
513663,11607,2023-10-26,Returned
513664,10432,2023-06-15,Delivered
513665,11068,2024-01-29,Delivered
513666,11320,2024-09-20,Delivered
513667,11315,2024-07-18,Delivered
513668,11290,2024-04-28,Delivered
513669,10235,2024-03-03,Delivered
513670,10526,2023-11-21,Delivered
513671,12012,2024-02-25,Delivered
513672,10973,2024-05-02,Delivered
513673,10704,2024-01-17,Delivered
513674,10912,2023-07-20,Returned
513675,10863,2024-01-19,Delivered
513676,11173,2024-04-28,Delivered
513677,12838,2023-06-11,Delivered
513678,11017,2024-03-05,Delivered
513679,10985,2024-04-01,Delivered
513680,10526,2024-01-09,Delivered
513681,12171,2024-07-16,Delivered
513682,10543,2023-12-24,Delivered
513683,12625,2024-07-22,Delivered
513684,13054,2023-07-02,Delivered
513685,11207,2024-05-02,Delivered
513686,11411,2024-01-01,Delivered
513687,10447,2023-12-23,Delivered
513688,10292,2024-03-02,Delivered
513689,12572,2023-09-28,Delivered
513690,10609,2024-05-06,Delivered
513691,11617,2024-08-31,Delivered
513692,11323,2023-09-30,Delivered
513693,12648,2024-08-30,Delivered
513694,10325,2024-03-12,Delivered
513695,10411,2023-06-12,Delivered
513696,11542,2024-03-16,Delivered
513697,12739,2024-07-16,Delivered
513698,12016,2023-12-14,Delivered
513699,13017,2024-09-21,Delivered
513700,12323,2023-09-20,Cancelled
513701,10949,2024-05-24,Delivered
513702,12608,2024-07-15,Delivered
513703,11233,2023-11-18,Delivered
513704,10010,2023-09-15,Returned
513705,11483,2023-10-17,Delivered
513706,12690,2023-09-06,Delivered
513707,10798,2024-02-05,Delivered
513708,10048,2024-07-15,Returned
513709,10862,2023-10-15,Delivered
513710,12972,2023-11-02,Delivered
513711,11006,2023-09-09,Delivered
513712,10922,2023-08-01,Delivered
513713,11068,2024-05-06,Delivered
513714,10650,2023-06-07,Delivered
513715,10034,2024-02-01,Delivered
513716,11278,2024-01-17,Delivered
513717,11924,2024-02-21,Delivered
513718,12932,2024-01-22,Delivered
513719,11030,2023-07-05,Returned
513720,12585,2023-09-09,Delivered
513721,11763,2024-02-05,Cancelled
513722,11938,2024-08-03,Delivered
513723,12261,2024-07-28,Delivered
513724,12234,2023-10-05,Delivered
513725,10426,2023-06-18,Returned
513726,11699,2024-08-20,Delivered
513727,10477,2024-04-24,Delivered
513728,11580,2024-05-05,Delivered
513729,10246,2024-07-23,Delivered
513730,11630,2024-08-27,Delivered
513731,10317,2024-07-17,Delivered
513732,12545,2024-05-15,Cancelled
513733,10350,2023-10-27,Delivered
513734,10293,2023-06-01,Returned
513735,10863,2024-08-13,Delivered
513736,11607,2024-05-27,Delivered
513737,12245,2024-08-25,Delivered
513738,12330,2023-07-30,Returned
513739,11732,2024-01-11,Delivered
513740,10256,2024-09-18,Returned
513741,10405,2024-03-02,Delivered
513742,10104,2023-08-19,Delivered
513743,10157,2024-05-16,Delivered
513744,12422,2024-03-15,Delivered
513745,11450,2023-08-27,Delivered
513746,12469,2024-06-30,Delivered
513747,11840,2023-09-20,Cancelled
513748,11240,2023-09-25,Delivered
513749,12427,2024-09-21,Delivered
513750,11635,2023-09-23,Delivered
513751,10156,2023-07-02,Delivered
513752,11582,2024-04-16,Delivered
513753,10334,2023-10-10,Delivered
513754,10381,2024-07-05,Delivered
513755,10369,2023-08-06,Delivered
513756,12012,2024-07-24,Delivered
513757,11515,2023-08-09,Cancelled
513758,11103,2023-12-17,Delivered
513759,11295,2023-09-24,Delivered
513760,12653,2024-08-31,Delivered
513761,12204,2023-11-14,Delivered
513762,11873,2024-02-12,Delivered
513763,11361,2024-02-14,Delivered
513764,10177,2023-08-06,Delivered
513765,11206,2024-04-19,Delivered
513766,12233,2024-06-28,Returned
513767,12947,2023-08-05,Delivered
513768,12420,2024-01-04,Delivered
513769,10897,2024-06-19,Delivered
513770,12846,2023-06-06,Delivered
513771,11846,2023-12-16,Delivered
513772,10687,2023-08-17,Delivered
513773,10568,2023-09-15,Cancelled
513774,12037,2023-11-19,Delivered
513775,12010,2023-08-25,Delivered
513776,12807,2023-10-01,Delivered
513777,12638,2023-12-24,Delivered
513778,11938,2024-09-18,Delivered
513779,12888,2023-07-27,Delivered
513780,12234,2024-08-16,Delivered
513781,12294,2024-07-15,Delivered
513782,10324,2023-09-16,Delivered
513783,12888,2023-12-01,Delivered
513784,11474,2024-05-12,Delivered
513785,12854,2023-09-10,Delivered
513786,10382,2023-11-09,Delivered
513787,10929,2024-02-08,Delivered
513788,11668,2024-09-07,Delivered
513789,10447,2024-08-24,Delivered
513790,10798,2024-07-30,Delivered
513791,12259,2024-03-29,Delivered
513792,12390,2024-02-02,Delivered
513793,10758,2024-03-14,Delivered
513794,12981,2023-08-24,Delivered
513795,10698,2024-08-06,Delivered
513796,12114,2023-10-01,Delivered
513797,10062,2023-10-30,Delivered
513798,10373,2023-07-22,Delivered
513799,10209,2024-01-24,Delivered
513800,12723,2024-03-12,Delivered
513801,11445,2024-07-28,Delivered
513802,13047,2023-07-25,Delivered
513803,11302,2024-06-07,Delivered
513804,12406,2023-11-19,Delivered
513805,12387,2023-10-21,Returned
513806,12393,2023-10-13,Delivered
513807,10698,2024-05-20,Delivered
513808,10925,2023-09-28,Delivered
513809,12399,2023-11-22,Delivered
513810,10935,2023-10-10,Delivered
513811,12451,2024-02-05,Delivered
513812,11977,2023-12-14,Cancelled
513813,12207,2024-07-01,Delivered
513814,11331,2023-06-04,Returned
513815,11276,2024-04-30,Delivered
513816,12014,2024-03-25,Delivered
513817,10823,2024-07-28,Cancelled
513818,11162,2023-12-26,Delivered
513819,10473,2023-12-08,Delivered
513820,11976,2023-06-03,Delivered
513821,12967,2024-03-04,Delivered
513822,11185,2023-12-21,Delivered
513823,11155,2023-12-25,Returned
513824,10638,2023-06-18,Delivered
513825,10773,2023-09-01,Delivered
513826,11122,2023-07-10,Delivered
513827,10926,2023-10-01,Delivered
513828,12639,2024-03-10,Delivered
513829,10513,2023-12-05,Delivered
513830,10539,2024-02-01,Delivered
513831,12451,2023-12-01,Delivered
513832,10254,2023-08-07,Delivered
513833,11221,2023-12-17,Delivered
513834,10632,2023-11-02,Cancelled
513835,10471,2024-09-12,Delivered
513836,11319,2024-07-25,Delivered
513837,11679,2024-01-19,Delivered
513838,10092,2023-12-29,Delivered
513839,10768,2023-10-11,Delivered
513840,11122,2024-05-22,Delivered
513841,11755,2023-10-18,Cancelled
513842,12516,2024-08-06,Delivered
513843,10292,2023-07-10,Returned
513844,11490,2024-08-12,Delivered
513845,12997,2023-11-24,Delivered
513846,11048,2024-07-24,Delivered
513847,10112,2023-10-18,Delivered
513848,10524,2024-05-06,Delivered
513849,12338,2023-09-09,Delivered
513850,12616,2023-06-01,Delivered
513851,13003,2024-09-08,Delivered
513852,11070,2024-01-23,Delivered
513853,10498,2023-11-12,Delivered
513854,12053,2023-12-02,Returned
513855,10049,2024-01-18,Delivered
513856,11916,2024-02-19,Delivered
513857,10315,2023-12-25,Delivered
513858,12942,2023-07-24,Delivered
513859,10799,2023-06-15,Delivered
513860,10783,2024-03-03,Returned
513861,12154,2024-01-10,Cancelled
513862,10529,2023-08-25,Delivered
513863,10497,2024-04-26,Returned
513864,11784,2023-12-17,Delivered
513865,11114,2023-12-18,Delivered
513866,11935,2024-08-16,Delivered
513867,12278,2023-11-20,Delivered
513868,10664,2023-09-07,Delivered
513869,12608,2023-10-09,Delivered
513870,12283,2024-04-20,Delivered
513871,11575,2024-02-22,Delivered
513872,10661,2024-09-01,Delivered
513873,11921,2023-11-11,Delivered
513874,12946,2024-01-21,Delivered
513875,12293,2023-11-16,Delivered
513876,12302,2023-09-07,Delivered
513877,12012,2024-01-21,Delivered
513878,10985,2023-11-19,Delivered
513879,10091,2024-08-14,Delivered
513880,10917,2024-07-18,Delivered
513881,12755,2023-08-25,Delivered
513882,12352,2024-01-23,Delivered
513883,12393,2024-05-28,Delivered
513884,10257,2024-06-09,Delivered
513885,11079,2023-10-18,Delivered
513886,12359,2024-04-27,Delivered
513887,10721,2023-10-01,Cancelled
513888,12547,2023-09-05,Delivered
513889,10807,2023-12-21,Delivered
513890,10602,2024-06-11,Delivered
513891,10993,2023-08-19,Delivered
513892,11520,2024-01-19,Delivered
513893,10869,2024-03-06,Delivered
513894,11270,2023-12-19,Delivered
513895,12147,2023-06-04,Delivered
513896,10908,2024-09-28,Delivered
513897,11740,2023-06-16,Delivered
513898,10417,2023-09-26,Delivered
513899,10976,2024-08-21,Delivered
513900,10409,2023-06-03,Delivered
513901,10295,2023-09-01,Delivered
513902,11363,2024-09-22,Delivered
513903,11346,2024-02-11,Delivered
513904,12424,2023-10-07,Delivered
513905,11605,2024-03-10,Delivered
513906,11210,2023-08-12,Delivered
513907,11155,2023-12-30,Delivered
513908,10209,2023-12-23,Delivered
513909,10599,2024-08-05,Delivered
513910,11403,2023-07-15,Returned
513911,11683,2024-09-05,Cancelled
513912,10369,2024-07-31,Returned
513913,12836,2024-01-15,Delivered
513914,11206,2023-08-12,Delivered
513915,10372,2023-12-26,Delivered
513916,10735,2024-03-18,Delivered
513917,11675,2023-06-30,Delivered
513918,13016,2023-08-31,Delivered
513919,11257,2023-09-08,Delivered
513920,10349,2023-08-16,Delivered
513921,11409,2023-06-02,Delivered
513922,10112,2024-04-12,Delivered
513923,11651,2023-11-05,Delivered
513924,11925,2024-09-23,Delivered
513925,10118,2024-08-17,Delivered
513926,12064,2023-07-31,Delivered
513927,10459,2023-12-14,Delivered
513928,11070,2023-10-31,Delivered
513929,10556,2023-07-19,Delivered
513930,12230,2023-09-25,Delivered
513931,11779,2024-02-03,Delivered
513932,13056,2024-07-25,Delivered
513933,10354,2023-07-09,Returned
513934,12686,2023-10-14,Delivered
513935,10903,2023-07-26,Delivered
513936,11939,2024-01-28,Cancelled
513937,11822,2023-07-18,Delivered
513938,10964,2023-10-17,Delivered
513939,11095,2023-10-06,Delivered
513940,10588,2023-10-13,Delivered
513941,12476,2024-08-13,Delivered
513942,12573,2023-11-15,Delivered
513943,10810,2024-03-16,Delivered
513944,12029,2023-06-04,Delivered
513945,12163,2024-03-05,Delivered
513946,11933,2024-06-16,Delivered
513947,10400,2024-08-06,Delivered
513948,10741,2023-12-05,Delivered
513949,11579,2024-08-05,Delivered
513950,10173,2024-07-07,Delivered
513951,11346,2023-09-06,Delivered
513952,12131,2024-05-14,Returned
513953,11368,2024-08-23,Delivered
513954,10209,2024-06-30,Delivered
513955,11878,2024-03-14,Cancelled
513956,13043,2023-06-17,Cancelled
513957,11398,2023-08-07,Delivered
513958,12113,2023-06-21,Delivered
513959,12024,2023-09-23,Delivered
513960,10771,2023-08-20,Delivered
513961,10646,2023-10-08,Delivered
513962,12199,2024-02-21,Delivered
513963,11736,2024-07-30,Delivered
513964,12103,2023-11-10,Delivered
513965,11009,2023-06-20,Delivered
513966,10354,2024-07-11,Delivered
513967,11391,2024-01-14,Delivered
513968,11091,2023-12-04,Delivered
513969,11506,2023-09-16,Delivered
513970,11813,2023-09-24,Delivered
513971,12713,2024-08-30,Delivered
513972,12652,2023-10-06,Delivered
513973,10968,2023-09-01,Delivered
513974,11993,2024-01-26,Delivered
513975,10901,2023-09-11,Delivered
513976,10600,2023-08-08,Delivered
513977,10077,2024-06-26,Delivered
513978,12768,2024-01-06,Delivered
513979,12942,2024-09-13,Delivered
513980,10899,2024-08-05,Returned
513981,12525,2024-01-07,Cancelled
513982,10262,2024-09-09,Delivered
513983,10952,2024-07-25,Returned
513984,11184,2024-08-13,Delivered
513985,10939,2023-08-20,Cancelled
513986,10911,2023-07-19,Delivered
513987,10340,2024-08-09,Delivered
513988,10656,2023-09-23,Delivered
513989,10364,2023-09-28,Delivered
513990,12415,2024-08-17,Delivered
513991,12094,2024-04-26,Delivered
513992,11690,2024-06-08,Delivered
513993,12278,2023-12-30,Delivered
513994,10315,2024-09-16,Cancelled
513995,12817,2023-08-10,Delivered
513996,11566,2023-12-20,Delivered
513997,12547,2024-02-17,Delivered
513998,11001,2023-09-16,Returned
513999,10085,2023-07-19,Delivered
514000,11346,2024-04-13,Delivered
514001,11963,2024-04-04,Delivered
514002,13017,2023-08-21,Cancelled
514003,11683,2024-07-14,Delivered
514004,10326,2024-09-11,Delivered
514005,10647,2023-10-14,Delivered
514006,10618,2023-06-19,Delivered
514007,12805,2024-07-28,Delivered
514008,10261,2023-07-07,Delivered
514009,12448,2023-12-28,Delivered
514010,11551,2024-04-25,Cancelled
514011,10318,2023-11-11,Delivered
514012,12266,2024-07-07,Cancelled
514013,12309,2023-09-01,Delivered
514014,13032,2023-08-15,Delivered
514015,10866,2024-03-06,Delivered
514016,12109,2023-11-07,Delivered
514017,10790,2024-08-18,Delivered
514018,11951,2024-08-09,Delivered
514019,11686,2023-09-08,Delivered
514020,12947,2024-01-21,Cancelled
514021,10312,2024-07-02,Returned
514022,11027,2024-07-15,Delivered
514023,12260,2024-01-14,Delivered
514024,10849,2024-03-10,Delivered
514025,11193,2023-08-23,Delivered
514026,10962,2024-03-29,Delivered
514027,11806,2024-06-01,Delivered
514028,10426,2024-06-28,Delivered
514029,12521,2024-06-04,Delivered
514030,10058,2024-07-19,Delivered
514031,11458,2023-07-13,Delivered
514032,11688,2024-02-13,Delivered
514033,11184,2024-09-13,Delivered
514034,10131,2024-09-20,Delivered
514035,10215,2024-04-10,Delivered
514036,10005,2024-03-12,Delivered
514037,10315,2024-07-21,Delivered
514038,10535,2024-09-12,Delivered
514039,12323,2024-04-13,Delivered
514040,11740,2023-09-03,Delivered
514041,12616,2024-08-02,Delivered
514042,11904,2024-04-30,Delivered
514043,12024,2024-07-29,Delivered
514044,12996,2024-04-25,Delivered
514045,10315,2023-11-17,Delivered
514046,11275,2023-11-04,Delivered
514047,11540,2023-09-14,Delivered
514048,12056,2023-12-13,Delivered
514049,12508,2024-09-25,Cancelled
514050,10925,2024-02-16,Delivered
514051,12094,2023-12-29,Delivered
514052,10278,2023-09-04,Returned
514053,11882,2023-06-25,Returned
514054,10149,2023-08-12,Returned
514055,11317,2024-06-14,Delivered
514056,12980,2024-07-11,Cancelled
514057,11160,2023-06-15,Delivered
514058,10823,2023-12-26,Delivered
514059,11275,2023-07-01,Delivered
514060,12808,2024-09-03,Delivered
514061,11184,2024-01-15,Delivered
514062,12311,2024-04-12,Delivered
514063,12639,2023-11-07,Delivered
514064,11957,2024-02-27,Delivered
514065,10647,2023-07-30,Delivered
514066,11211,2023-09-01,Returned
514067,12332,2024-06-20,Delivered
514068,11492,2024-08-27,Delivered
514069,11800,2024-04-29,Delivered
514070,12349,2024-06-20,Delivered
514071,12404,2023-07-31,Delivered
514072,12626,2024-06-02,Delivered
514073,11668,2023-06-22,Delivered
514074,10376,2024-07-21,Delivered
514075,12375,2024-02-28,Delivered
514076,10971,2024-08-31,Returned
514077,11048,2024-08-28,Delivered
514078,11506,2024-09-16,Delivered
514079,11578,2023-11-14,Delivered
514080,11184,2023-10-22,Delivered
514081,10369,2023-12-13,Delivered
514082,12419,2023-12-23,Delivered
514083,12476,2024-04-01,Delivered
514084,12201,2024-07-12,Delivered
514085,12870,2024-05-06,Delivered
514086,10349,2023-07-08,Returned
514087,12198,2023-09-30,Delivered
514088,10869,2024-04-14,Delivered
514089,12608,2023-08-06,Delivered
514090,11973,2024-08-18,Delivered
514091,10259,2023-09-13,Delivered
514092,11978,2023-07-05,Delivered
514093,12302,2024-03-03,Delivered
514094,11489,2024-01-29,Delivered
514095,13048,2024-07-15,Delivered
514096,11272,2024-09-24,Delivered
514097,12824,2024-01-07,Delivered
514098,12311,2024-08-27,Delivered
514099,12406,2023-12-12,Delivered
514100,12036,2024-09-03,Delivered
514101,10108,2023-09-27,Delivered
514102,10737,2024-06-06,Delivered
514103,12102,2024-01-22,Delivered
514104,10415,2023-07-11,Delivered
514105,11934,2023-10-05,Cancelled
514106,10470,2023-07-08,Returned
514107,10539,2023-07-10,Delivered
514108,11607,2024-03-30,Returned
514109,12921,2024-04-20,Delivered
514110,10531,2024-09-08,Delivered
514111,12036,2023-11-12,Returned
514112,11642,2024-06-18,Delivered
514113,10107,2024-07-06,Delivered
514114,10667,2024-05-31,Returned
514115,12870,2024-08-23,Delivered
514116,12338,2023-12-22,Delivered
514117,11852,2024-04-19,Cancelled
514118,12989,2024-01-14,Delivered
514119,11524,2023-06-23,Cancelled
514120,11826,2024-08-04,Delivered
514121,10386,2024-03-17,Delivered
514122,10432,2024-03-20,Delivered
514123,10041,2024-08-02,Delivered
514124,11710,2024-01-10,Returned
514125,10526,2024-04-05,Returned
514126,11085,2024-06-01,Delivered
514127,12851,2024-05-21,Delivered
514128,12263,2023-07-20,Delivered
514129,12488,2023-08-25,Returned
514130,10562,2023-10-30,Returned
514131,11524,2024-06-06,Delivered
514132,11435,2024-09-18,Delivered
514133,10638,2023-08-12,Delivered
514134,11213,2024-02-01,Delivered
514135,10363,2024-05-25,Delivered
514136,12757,2023-11-18,Delivered
514137,11537,2024-07-12,Delivered
514138,12662,2023-10-04,Delivered
514139,12441,2023-06-01,Cancelled
514140,13003,2024-01-21,Returned
514141,10241,2023-06-13,Returned
514142,10527,2023-09-13,Delivered
514143,12725,2024-06-08,Delivered
514144,11905,2024-06-20,Returned
514145,13056,2024-04-12,Delivered
514146,12896,2024-03-07,Delivered
514147,11086,2023-06-30,Delivered
514148,12283,2024-01-12,Delivered
514149,10054,2024-04-23,Delivered
514150,11716,2024-01-19,Delivered
514151,11997,2023-06-17,Delivered
514152,10510,2023-06-03,Cancelled
514153,11450,2024-05-15,Delivered
514154,11230,2023-07-21,Delivered
514155,12022,2024-04-04,Returned
514156,11913,2024-01-01,Delivered
514157,11985,2023-09-12,Delivered
514158,10763,2024-09-22,Delivered
514159,12069,2024-09-21,Returned
514160,10657,2024-06-26,Delivered
514161,10647,2024-05-30,Delivered
514162,12613,2023-08-23,Cancelled
514163,12035,2023-12-02,Delivered
514164,10905,2024-09-04,Delivered
514165,11382,2024-09-28,Delivered
514166,11929,2024-01-22,Delivered
514167,10242,2024-05-25,Delivered
514168,12512,2024-02-13,Delivered
514169,13048,2023-12-14,Cancelled
514170,11203,2024-08-17,Delivered
514171,10436,2023-07-13,Delivered
514172,11167,2024-05-29,Returned
514173,11380,2024-08-15,Delivered
514174,12713,2024-06-28,Delivered
514175,10863,2024-01-12,Delivered
514176,12671,2023-10-27,Delivered
514177,10607,2024-09-19,Cancelled
514178,11237,2023-07-18,Delivered
514179,11031,2024-05-02,Delivered
514180,10536,2023-07-12,Delivered
514181,12907,2024-06-01,Delivered
514182,11577,2023-07-18,Delivered
514183,11826,2023-11-26,Delivered
514184,12016,2024-08-17,Delivered
514185,10112,2023-09-04,Delivered
514186,12789,2024-01-27,Delivered
514187,12013,2024-06-28,Delivered
514188,11960,2024-07-10,Delivered
514189,10033,2024-06-18,Delivered
514190,11492,2024-08-23,Delivered
514191,12364,2024-03-04,Delivered
514192,10735,2024-04-21,Delivered
514193,11674,2024-07-08,Delivered
514194,12953,2024-07-19,Delivered
514195,10671,2024-06-26,Delivered
514196,12104,2023-06-21,Delivered
514197,10955,2024-06-28,Delivered
514198,12176,2023-12-04,Delivered
514199,12608,2023-11-26,Delivered
514200,10286,2024-06-08,Delivered
514201,12225,2023-06-12,Delivered
514202,12764,2023-10-17,Delivered
514203,11498,2024-07-17,Delivered
514204,12839,2023-08-09,Delivered
514205,10937,2023-09-01,Cancelled
514206,12639,2023-10-04,Delivered
514207,11442,2023-10-09,Cancelled
514208,12740,2024-06-18,Delivered
514209,10954,2024-01-16,Delivered
514210,10138,2024-04-10,Delivered
514211,11391,2024-05-02,Delivered
514212,11101,2023-09-17,Delivered
514213,12595,2024-08-21,Delivered
514214,12011,2024-07-31,Delivered
514215,12749,2024-04-12,Delivered
514216,11350,2024-05-30,Returned
514217,12439,2024-08-05,Delivered
514218,10278,2024-02-20,Delivered
514219,12649,2024-01-08,Delivered
514220,11986,2024-08-05,Delivered
514221,10658,2024-01-29,Delivered
514222,10241,2024-04-26,Delivered
514223,11823,2024-05-12,Returned
514224,10556,2023-07-02,Delivered
514225,10229,2023-07-29,Delivered
514226,12725,2023-11-05,Delivered
514227,10560,2024-03-03,Delivered
514228,12519,2024-09-22,Delivered
514229,11689,2024-04-06,Delivered
514230,11210,2023-07-17,Delivered
514231,11099,2023-07-23,Delivered
514232,11863,2024-04-01,Returned
514233,10526,2024-03-16,Delivered
514234,12360,2023-07-26,Delivered
514235,10620,2024-04-20,Delivered
514236,10574,2024-08-30,Delivered
514237,10487,2024-09-22,Delivered
514238,10377,2024-08-27,Returned
514239,12807,2023-11-03,Delivered
514240,11641,2024-05-17,Delivered
514241,11021,2024-06-08,Cancelled
514242,12608,2024-03-30,Delivered
514243,13037,2023-07-31,Delivered
514244,11275,2023-11-03,Delivered
514245,10288,2023-10-03,Delivered
514246,11636,2024-08-29,Cancelled
514247,10175,2024-02-01,Delivered
514248,12868,2023-06-08,Delivered
514249,10664,2024-01-25,Returned
514250,12888,2024-09-11,Delivered
514251,10650,2023-08-14,Delivered
514252,10905,2023-07-26,Delivered
514253,11467,2024-09-08,Cancelled
514254,10383,2024-02-06,Delivered
514255,11884,2023-08-22,Delivered
514256,12077,2024-09-19,Delivered
514257,11908,2023-11-10,Delivered
514258,10832,2024-03-20,Delivered
514259,11380,2024-06-10,Delivered
514260,10202,2024-01-05,Delivered
514261,11275,2024-02-15,Delivered
514262,12036,2023-12-26,Delivered
514263,12098,2023-06-04,Delivered
514264,10996,2024-01-24,Delivered
514265,12651,2023-11-27,Delivered
514266,12800,2023-07-20,Delivered
514267,12944,2024-01-15,Delivered
514268,12981,2024-09-23,Delivered
514269,12693,2023-11-29,Delivered
514270,12051,2023-09-15,Delivered
514271,10561,2024-04-08,Delivered
514272,11948,2024-07-21,Delivered
514273,11202,2023-10-25,Cancelled
514274,10286,2023-06-22,Delivered
514275,11619,2023-10-18,Delivered
514276,11493,2024-02-10,Cancelled
514277,10359,2023-06-19,Delivered
514278,12373,2024-07-22,Delivered
514279,12836,2023-06-25,Delivered
514280,11710,2024-07-14,Delivered
514281,12769,2023-11-24,Delivered
514282,11807,2023-08-20,Delivered
514283,12842,2023-07-13,Cancelled
514284,12751,2023-09-13,Delivered
514285,10698,2023-06-19,Delivered
514286,10804,2024-08-01,Delivered
514287,10098,2024-07-22,Delivered
514288,11095,2023-09-21,Delivered
514289,12294,2023-09-28,Delivered
514290,12155,2024-02-25,Returned
514291,12446,2024-02-20,Delivered
514292,10402,2023-12-29,Delivered
514293,12846,2024-04-17,Delivered
514294,12833,2023-07-23,Delivered
514295,11036,2024-01-04,Delivered
514296,10229,2023-08-05,Cancelled
514297,11627,2024-02-19,Cancelled
514298,11393,2023-07-25,Delivered
514299,12104,2024-05-05,Delivered
514300,12633,2023-06-22,Delivered
514301,11605,2024-07-16,Delivered
514302,10863,2023-08-23,Delivered
514303,11789,2023-06-08,Delivered
514304,10914,2023-06-30,Returned
514305,12029,2024-05-08,Delivered
514306,10783,2023-10-30,Delivered
514307,12649,2024-08-10,Delivered
514308,10315,2024-09-26,Cancelled
514309,10723,2023-10-21,Cancelled
514310,11461,2023-12-14,Cancelled
514311,11700,2024-01-10,Delivered
514312,12489,2024-02-07,Delivered
514313,11221,2023-12-04,Delivered
514314,10314,2024-04-18,Delivered
514315,10748,2024-05-25,Delivered
514316,10381,2024-05-30,Delivered
514317,10599,2023-09-25,Delivered
514318,12986,2023-08-04,Delivered
514319,13040,2024-02-18,Delivered
514320,10369,2023-10-08,Delivered
514321,10586,2023-08-05,Delivered
514322,11002,2024-03-25,Delivered
514323,13046,2024-09-18,Delivered
514324,12166,2023-12-04,Returned
514325,11942,2023-10-15,Delivered
514326,12942,2024-06-05,Delivered
514327,11047,2024-06-05,Delivered
514328,10948,2024-07-22,Delivered
514329,10254,2024-07-07,Delivered
514330,10227,2023-08-09,Delivered
514331,12972,2023-12-19,Delivered
514332,10322,2023-09-28,Delivered
514333,10494,2023-06-06,Delivered
514334,10704,2023-09-04,Delivered
514335,11958,2023-08-29,Delivered
514336,11515,2024-05-08,Delivered
514337,12926,2023-12-20,Cancelled
514338,11921,2023-11-24,Delivered
514339,11559,2024-03-12,Delivered
514340,10466,2023-07-12,Delivered
514341,11370,2023-12-31,Delivered
514342,10670,2023-10-19,Delivered
514343,12476,2023-06-18,Delivered
514344,10320,2023-12-30,Delivered
514345,12571,2024-07-07,Returned
514346,11246,2024-09-19,Delivered
514347,12749,2023-06-04,Delivered
514348,10974,2023-08-05,Delivered
514349,12362,2023-06-29,Delivered
514350,12830,2023-12-05,Delivered
514351,11679,2024-02-14,Cancelled
514352,10459,2024-09-15,Delivered
514353,11033,2023-06-11,Returned
514354,10531,2024-01-19,Delivered
514355,12354,2024-05-02,Delivered
514356,12480,2023-07-17,Returned
514357,12652,2023-07-07,Delivered
514358,11375,2023-11-27,Delivered
514359,10100,2024-03-28,Delivered
514360,10529,2023-12-05,Delivered
514361,10387,2024-01-11,Delivered
514362,12944,2024-03-02,Delivered
514363,12354,2023-12-27,Delivered
514364,12000,2024-07-12,Delivered
514365,10722,2024-09-13,Delivered
514366,12111,2024-03-01,Delivered
514367,11549,2023-12-30,Delivered
514368,10955,2024-07-16,Delivered
514369,10096,2024-06-14,Returned
514370,11540,2023-06-30,Delivered
514371,11442,2023-12-07,Returned
514372,10081,2023-06-04,Delivered
514373,12107,2024-01-27,Delivered
514374,11266,2024-01-02,Delivered
514375,11630,2024-04-15,Delivered
514376,11884,2023-08-10,Delivered
514377,11199,2023-08-11,Delivered
514378,11967,2023-12-30,Delivered
514379,11651,2024-05-09,Delivered
514380,12478,2023-10-05,Delivered
514381,12639,2024-03-08,Delivered
514382,12749,2023-10-15,Delivered
514383,11278,2023-12-27,Delivered
514384,11333,2024-02-03,Delivered
514385,10903,2024-05-20,Delivered
514386,11904,2024-09-11,Delivered
514387,10694,2023-10-04,Delivered
514388,11467,2024-02-28,Delivered
514389,10762,2023-06-30,Delivered
514390,10629,2023-12-13,Delivered
514391,12693,2024-04-06,Delivered
514392,12616,2024-01-18,Cancelled
514393,10723,2023-10-25,Delivered
514394,11582,2023-11-30,Delivered
514395,12823,2023-12-07,Delivered
514396,11973,2024-06-25,Delivered
514397,10571,2024-07-15,Delivered
514398,11703,2023-07-23,Delivered
514399,12385,2024-02-02,Delivered
514400,12175,2024-02-07,Delivered
514401,12273,2024-06-20,Delivered
514402,11175,2023-12-28,Delivered
514403,11435,2023-07-10,Delivered
514404,10426,2023-10-31,Delivered
514405,11837,2024-09-12,Delivered
514406,10905,2023-10-30,Delivered
514407,11681,2024-07-28,Delivered
514408,12684,2024-01-14,Delivered
514409,10368,2023-08-12,Delivered
514410,11733,2023-10-21,Returned
514411,10526,2024-08-10,Delivered
514412,11069,2024-04-09,Delivered
514413,12995,2023-12-30,Delivered
514414,11954,2023-08-01,Returned
514415,10382,2024-02-03,Delivered
514416,10567,2024-04-26,Delivered
514417,12155,2024-01-10,Delivered
514418,11582,2023-06-06,Cancelled
514419,12824,2024-04-03,Delivered
514420,10954,2023-09-25,Delivered
514421,12663,2023-10-20,Delivered
514422,12744,2024-05-26,Delivered
514423,10934,2024-02-22,Delivered
514424,12234,2024-01-14,Delivered
514425,11079,2024-05-18,Delivered
514426,11662,2024-03-23,Delivered
514427,11346,2024-08-11,Delivered
514428,12571,2024-08-03,Delivered
514429,12224,2023-12-26,Delivered
514430,11095,2023-12-06,Delivered
514431,11398,2023-10-19,Returned
514432,11763,2023-06-08,Delivered
514433,11973,2024-07-30,Cancelled
514434,12067,2024-09-08,Delivered
514435,11711,2024-02-11,Delivered
514436,10360,2023-08-02,Delivered
514437,11358,2023-10-12,Delivered
514438,11785,2024-05-03,Delivered
514439,12827,2024-08-01,Delivered
514440,10968,2024-06-03,Delivered
514441,12687,2024-04-05,Delivered
514442,10474,2023-12-24,Delivered
514443,10661,2024-08-15,Delivered
514444,12482,2024-09-04,Delivered
514445,11856,2024-08-12,Delivered
514446,12764,2023-07-06,Delivered
514447,11973,2023-09-30,Delivered
514448,10262,2023-09-08,Delivered
514449,12026,2024-05-14,Delivered
514450,10073,2024-04-24,Delivered
514451,11315,2023-10-01,Delivered
514452,11668,2024-08-14,Delivered
514453,11391,2024-09-24,Delivered
514454,10653,2023-08-05,Cancelled
514455,11884,2024-06-25,Delivered
514456,10068,2024-03-30,Returned
514457,10868,2024-07-01,Delivered
514458,11128,2024-06-07,Delivered
514459,10424,2023-08-03,Delivered
514460,12800,2024-06-21,Delivered
514461,10888,2023-11-26,Delivered
514462,11701,2024-01-25,Delivered
514463,10159,2024-09-26,Delivered
514464,10175,2024-02-22,Delivered
514465,12060,2024-08-23,Returned
514466,10435,2024-06-16,Delivered
514467,10849,2024-06-15,Delivered
514468,11438,2023-06-04,Delivered
514469,10698,2024-06-05,Delivered
514470,12686,2023-08-12,Delivered
514471,10187,2023-09-26,Delivered
514472,11099,2024-09-29,Delivered
514473,11995,2023-07-13,Delivered
514474,10503,2023-07-29,Delivered
514475,11291,2024-07-13,Delivered
514476,11996,2023-07-25,Delivered
514477,10673,2023-12-02,Delivered
514478,10938,2024-02-04,Delivered
514479,10625,2024-06-25,Delivered
514480,12768,2024-05-30,Delivered
514481,12807,2023-12-16,Delivered
514482,10200,2023-07-30,Delivered
514483,10155,2023-09-08,Delivered
514484,11616,2023-11-01,Delivered
514485,11291,2024-03-30,Delivered
514486,12404,2023-11-01,Delivered
514487,12222,2023-09-10,Delivered
514488,11175,2023-07-06,Delivered
514489,12870,2024-08-28,Delivered
514490,12892,2023-11-24,Delivered
514491,12692,2024-08-27,Returned
514492,10115,2024-06-22,Delivered
514493,11726,2023-06-25,Delivered
514494,12144,2024-02-07,Cancelled
514495,10756,2023-12-21,Delivered
514496,12404,2023-06-06,Delivered
514497,12700,2023-10-02,Delivered
514498,11941,2024-08-16,Returned
514499,10034,2024-04-19,Returned
514500,10164,2023-08-06,Delivered
514501,11262,2024-06-27,Returned
514502,10679,2024-01-19,Delivered
514503,10335,2023-10-04,Delivered
514504,10121,2024-03-27,Delivered
514505,10593,2023-10-08,Delivered
514506,10959,2024-08-06,Delivered
514507,12568,2023-09-09,Delivered
514508,11884,2024-07-03,Delivered
514509,11684,2024-05-13,Delivered
514510,11004,2024-09-09,Returned
514511,11091,2023-08-14,Returned
514512,11184,2024-01-23,Delivered
514513,12982,2023-11-10,Delivered
514514,12514,2023-06-01,Delivered
514515,11829,2024-08-28,Delivered
514516,10428,2024-04-06,Delivered
514517,12862,2024-03-27,Delivered
514518,12309,2023-10-08,Delivered
514519,10164,2024-01-25,Delivered
514520,12605,2024-06-13,Delivered
514521,11767,2024-08-11,Cancelled
514522,11632,2023-08-27,Delivered
514523,10563,2024-06-19,Delivered
514524,12967,2024-06-07,Returned
514525,12280,2023-10-20,Delivered
514526,10858,2024-01-30,Delivered
514527,12235,2024-05-01,Cancelled
514528,11767,2024-02-16,Returned
514529,12293,2023-12-21,Delivered
514530,10822,2023-07-29,Delivered
514531,10190,2024-09-30,Cancelled
514532,10849,2023-07-06,Delivered
514533,10156,2024-09-30,Returned
514534,12818,2024-04-07,Delivered
514535,12171,2024-06-09,Delivered
514536,10667,2024-07-17,Delivered
514537,10772,2023-12-22,Delivered
514538,12675,2023-06-28,Delivered
514539,12087,2024-06-17,Delivered
514540,11617,2023-06-10,Cancelled
514541,10334,2024-08-15,Delivered
514542,10152,2024-04-06,Delivered
514543,11819,2024-07-03,Returned
514544,10355,2024-02-27,Delivered
514545,10076,2024-02-27,Delivered
514546,12383,2024-07-28,Delivered
514547,11960,2023-08-23,Delivered
514548,12094,2023-07-11,Delivered
514549,11675,2024-02-17,Delivered
514550,12540,2023-12-25,Delivered
514551,10772,2023-10-01,Returned
514552,12982,2024-09-19,Delivered
514553,11883,2024-05-06,Delivered
514554,11489,2024-09-25,Delivered
514555,11049,2024-09-27,Cancelled
514556,12814,2024-06-05,Delivered
514557,11160,2024-06-12,Delivered
514558,12176,2024-05-09,Delivered
514559,10383,2023-08-22,Returned
514560,11619,2024-06-26,Delivered
514561,11210,2024-04-19,Delivered
514562,12850,2024-03-21,Delivered
514563,10133,2023-09-06,Delivered
514564,11368,2023-09-26,Delivered
514565,10877,2023-10-03,Delivered
514566,10849,2023-10-30,Delivered
514567,12886,2024-06-22,Delivered
514568,10475,2024-08-06,Delivered
514569,12942,2024-08-19,Cancelled
514570,12119,2023-10-16,Returned
514571,10361,2023-12-27,Delivered
514572,11201,2024-02-15,Delivered
514573,10943,2023-08-28,Delivered
514574,10304,2024-07-20,Delivered
514575,11898,2024-06-08,Returned
514576,10099,2024-03-28,Delivered
514577,10091,2024-09-19,Delivered
514578,10985,2023-06-03,Delivered
514579,12360,2023-12-27,Delivered
514580,11954,2023-10-14,Delivered
514581,12266,2023-08-07,Delivered
514582,11276,2024-03-15,Delivered
514583,12380,2024-07-18,Delivered
514584,12713,2024-05-30,Delivered
514585,10259,2023-08-15,Delivered
514586,12932,2023-08-15,Delivered
514587,11951,2023-06-16,Delivered
514588,11720,2024-04-16,Delivered
514589,12603,2023-10-25,Delivered
514590,10939,2023-10-28,Delivered
514591,10636,2024-01-14,Cancelled
514592,11491,2024-09-07,Delivered
514593,11895,2023-06-07,Delivered
514594,11166,2024-06-18,Delivered
514595,11357,2023-07-19,Delivered
514596,12608,2023-06-30,Returned
514597,11870,2024-08-27,Delivered
514598,11266,2023-08-04,Returned
514599,10315,2024-04-05,Delivered
514600,11461,2024-01-16,Cancelled
514601,11973,2024-06-20,Delivered
514602,10462,2023-12-30,Delivered
514603,11213,2024-01-14,Delivered
514604,12723,2024-01-18,Delivered
514605,11136,2023-10-12,Delivered
514606,12839,2024-07-11,Delivered
514607,11707,2024-09-22,Delivered
514608,12079,2024-09-20,Delivered
514609,11070,2024-03-03,Cancelled
514610,11986,2024-05-18,Delivered
514611,10692,2024-03-15,Cancelled
514612,10866,2024-01-09,Delivered
514613,10200,2023-08-27,Delivered
514614,12831,2023-12-08,Delivered
514615,12035,2024-08-08,Delivered
514616,12568,2024-05-03,Cancelled
514617,10252,2024-03-04,Delivered
514618,11518,2024-03-24,Delivered
514619,11437,2024-02-15,Delivered
514620,10058,2024-01-23,Delivered
514621,11904,2024-07-07,Delivered
514622,11492,2024-01-09,Delivered
514623,10086,2023-10-14,Delivered
514624,12278,2023-12-25,Delivered
514625,11624,2024-05-10,Delivered
514626,10331,2024-02-01,Returned
514627,12094,2023-10-24,Returned
514628,10449,2023-07-09,Delivered
514629,10263,2024-08-21,Delivered
514630,12764,2024-02-04,Returned
514631,10991,2024-09-25,Delivered
514632,10617,2024-01-17,Delivered
514633,12036,2024-01-15,Delivered
514634,12102,2024-03-11,Delivered
514635,11450,2024-05-30,Delivered
514636,12689,2024-06-08,Delivered
514637,10369,2024-01-20,Delivered
514638,11157,2023-09-13,Delivered
514639,10145,2024-05-26,Delivered
514640,12039,2024-06-24,Delivered
514641,11207,2024-04-11,Delivered
514642,11681,2024-04-02,Delivered
514643,11221,2024-06-22,Delivered
514644,11214,2023-07-13,Delivered
514645,10588,2024-05-29,Delivered
514646,12266,2024-09-07,Cancelled
514647,10347,2024-07-13,Cancelled
514648,12888,2024-03-20,Delivered
514649,10649,2023-06-05,Delivered
514650,12552,2024-09-03,Delivered
514651,10350,2023-11-02,Delivered
514652,12474,2023-09-15,Delivered
514653,10496,2024-02-06,Delivered
514654,10880,2023-12-24,Delivered
514655,11981,2023-11-12,Delivered
514656,10383,2024-01-31,Delivered
514657,12209,2023-09-06,Delivered
514658,11037,2024-03-17,Delivered
514659,11958,2023-11-08,Cancelled
514660,11695,2024-04-12,Delivered
514661,11884,2024-03-21,Delivered
514662,13007,2024-03-05,Delivered
514663,11563,2024-08-16,Delivered
514664,12874,2024-04-06,Returned
514665,10264,2023-07-24,Delivered
514666,10824,2024-04-17,Delivered
514667,12605,2024-05-25,Delivered
514668,11304,2024-01-28,Delivered
514669,10424,2024-05-20,Returned
514670,12757,2024-08-17,Delivered
514671,10159,2023-08-08,Delivered
514672,12081,2024-02-21,Delivered
514673,12213,2024-01-16,Delivered
514674,12955,2023-09-08,Returned
514675,10132,2024-02-01,Delivered
514676,11709,2023-07-26,Delivered
514677,11584,2023-09-03,Delivered
514678,10289,2023-07-10,Delivered
514679,12584,2023-12-05,Delivered
514680,12948,2023-08-28,Delivered
514681,11484,2023-11-05,Delivered
514682,11536,2024-01-31,Cancelled
514683,10081,2023-06-29,Delivered
514684,12721,2024-06-07,Delivered
514685,11975,2024-05-23,Delivered
514686,10961,2023-08-08,Delivered
514687,10686,2023-07-03,Delivered
514688,12274,2023-06-13,Delivered
514689,11704,2024-05-20,Delivered
514690,11805,2024-04-03,Delivered
514691,10658,2023-06-01,Cancelled
514692,10620,2023-11-20,Delivered
514693,10804,2024-01-29,Delivered
514694,10041,2023-08-16,Delivered
514695,10507,2023-06-23,Delivered
514696,12360,2024-01-09,Delivered
514697,11424,2023-11-04,Delivered
514698,12633,2024-09-11,Delivered
514699,10359,2024-06-18,Delivered
514700,10146,2023-11-01,Delivered
514701,12595,2024-08-10,Delivered
514702,11410,2023-12-01,Delivered
514703,11470,2024-07-01,Delivered
514704,12209,2023-07-02,Cancelled
514705,10894,2024-05-30,Delivered
514706,11260,2024-05-10,Delivered
514707,11246,2024-04-15,Delivered
514708,11816,2024-04-24,Delivered
514709,10107,2023-10-02,Delivered
514710,10875,2024-01-08,Delivered
514711,12562,2024-02-27,Returned
514712,10098,2024-05-05,Returned
514713,11492,2024-02-11,Delivered
514714,12357,2024-01-27,Delivered
514715,12817,2023-06-18,Delivered
514716,10099,2023-07-13,Delivered
514717,12333,2023-12-27,Delivered
514718,11946,2024-04-12,Delivered
514719,12155,2024-03-07,Cancelled
514720,11218,2023-11-09,Delivered
514721,11003,2024-03-01,Delivered
514722,12062,2023-11-28,Delivered
514723,10610,2024-02-22,Delivered
514724,11884,2024-08-30,Delivered
514725,11913,2024-03-16,Delivered
514726,11644,2023-08-29,Delivered
514727,12653,2024-07-28,Delivered
514728,10322,2023-10-15,Delivered
514729,12364,2024-04-23,Delivered
514730,11069,2024-06-13,Cancelled
514731,10892,2023-12-16,Delivered
514732,10195,2023-12-12,Delivered
514733,10858,2024-07-10,Delivered
514734,11726,2024-01-09,Returned
514735,10939,2024-08-26,Delivered
514736,11410,2024-05-01,Delivered
514737,12474,2023-11-22,Delivered
514738,10761,2024-02-04,Delivered
514739,11715,2024-03-26,Delivered
514740,11853,2023-06-21,Returned
514741,10077,2024-08-02,Delivered
514742,12183,2023-07-01,Delivered
514743,12222,2023-11-18,Delivered
514744,11089,2024-09-17,Delivered
514745,12841,2023-10-29,Delivered
514746,12723,2023-10-24,Delivered
514747,10112,2024-08-06,Delivered
514748,10561,2024-03-21,Delivered
514749,11064,2024-08-09,Delivered
514750,12453,2024-07-31,Returned
514751,10954,2024-09-28,Delivered
514752,10147,2023-12-17,Delivered
514753,10339,2023-08-03,Delivered
514754,12586,2023-06-24,Cancelled
514755,12663,2024-08-26,Delivered
514756,12910,2024-02-05,Delivered
514757,10359,2023-10-28,Delivered
514758,10875,2023-06-16,Delivered
514759,11822,2023-12-30,Delivered
514760,11578,2023-07-26,Delivered
514761,12640,2023-06-29,Delivered
514762,10654,2024-08-22,Delivered
514763,12732,2023-07-10,Delivered
514764,12285,2024-09-07,Cancelled
514765,11823,2024-02-09,Delivered
514766,10644,2024-06-27,Delivered
514767,12980,2023-11-19,Delivered
514768,11112,2023-07-08,Delivered
514769,11518,2023-11-13,Delivered
514770,10100,2023-12-18,Delivered
514771,11435,2024-05-09,Delivered
514772,10899,2024-07-09,Delivered
514773,11668,2023-09-05,Cancelled
514774,11841,2024-08-21,Delivered
514775,12844,2023-08-12,Delivered
514776,10377,2023-11-07,Delivered
514777,10735,2024-01-05,Delivered
514778,10343,2024-09-12,Delivered
514779,10115,2024-02-14,Delivered
514780,10939,2024-06-01,Delivered
514781,11352,2024-09-05,Delivered
514782,10571,2024-06-19,Delivered
514783,10602,2024-08-12,Delivered
514784,10501,2023-12-12,Delivered
514785,11428,2024-05-02,Delivered
514786,10567,2024-04-15,Delivered
514787,11925,2023-07-04,Cancelled
514788,11460,2024-06-13,Delivered
514789,12426,2024-04-20,Delivered
514790,11306,2024-04-17,Delivered
514791,12694,2023-07-24,Delivered
514792,11450,2023-06-05,Delivered
514793,11033,2023-09-13,Delivered
514794,12094,2024-02-28,Delivered
514795,12823,2024-05-11,Delivered
514796,10581,2023-09-03,Delivered
514797,12505,2024-09-08,Delivered
514798,12487,2024-07-17,Delivered
514799,11883,2024-09-27,Delivered
514800,11913,2024-07-10,Returned
514801,12687,2023-11-12,Delivered
514802,11521,2023-06-30,Delivered
514803,10172,2024-05-31,Delivered
514804,11233,2024-03-10,Returned
514805,11357,2023-07-03,Returned
514806,12069,2023-08-10,Delivered
514807,10410,2023-06-30,Delivered
514808,12728,2023-09-22,Delivered
514809,11031,2024-09-28,Delivered
514810,12391,2024-05-03,Delivered
514811,10289,2023-07-03,Delivered
514812,10698,2023-10-23,Delivered
514813,12228,2024-03-13,Delivered
514814,11520,2024-07-23,Delivered
514815,10579,2024-04-11,Delivered
514816,11525,2024-01-06,Delivered
514817,12285,2024-02-16,Delivered
514818,10294,2023-06-07,Delivered
514819,12283,2024-01-21,Delivered
514820,10535,2024-05-27,Delivered
514821,10029,2024-08-11,Delivered
514822,11533,2023-11-14,Delivered
514823,11158,2024-05-29,Delivered
514824,10138,2024-02-28,Delivered
514825,10646,2024-01-01,Delivered
514826,12427,2024-08-09,Cancelled
514827,11323,2024-01-31,Returned
514828,12642,2024-07-21,Delivered
514829,11904,2024-06-17,Delivered
514830,10125,2023-07-03,Delivered
514831,12039,2023-08-10,Delivered
514832,10874,2023-10-30,Delivered
514833,12633,2024-06-12,Delivered
514834,12743,2024-09-14,Delivered
514835,12345,2024-09-30,Delivered
514836,11993,2024-08-03,Delivered
514837,12326,2024-09-04,Delivered
514838,11709,2024-04-26,Returned
514839,11815,2024-02-12,Cancelled
514840,12747,2024-06-19,Delivered
514841,11500,2024-03-05,Delivered
514842,12910,2024-08-18,Delivered
514843,11082,2024-04-30,Delivered
514844,11740,2024-08-13,Delivered
514845,10530,2024-05-02,Delivered
514846,10686,2024-02-07,Returned
514847,11004,2024-07-01,Delivered
514848,12172,2023-12-08,Delivered
514849,12415,2024-08-18,Delivered
514850,10891,2023-09-19,Delivered
514851,10054,2023-10-28,Cancelled
514852,12218,2023-10-03,Delivered
514853,10873,2024-08-14,Returned
514854,10349,2023-07-30,Delivered
514855,13055,2024-03-03,Delivered
514856,11626,2024-08-06,Delivered
514857,12851,2023-07-24,Delivered
514858,10039,2024-06-12,Cancelled
514859,10916,2024-06-26,Delivered
514860,10155,2023-06-18,Delivered
514861,10566,2024-06-26,Delivered
514862,12586,2024-02-11,Returned
514863,11157,2024-08-13,Delivered
514864,10288,2023-10-16,Delivered
514865,12877,2024-03-01,Delivered
514866,12476,2023-09-09,Returned
514867,12633,2024-02-05,Delivered
514868,10065,2023-07-28,Delivered
514869,11168,2024-04-24,Delivered
514870,12639,2023-08-10,Delivered
514871,10091,2024-06-15,Delivered
514872,10462,2023-10-27,Delivered
514873,10069,2024-02-20,Delivered
514874,12165,2024-02-11,Delivered
514875,11150,2023-11-05,Delivered
514876,11424,2024-08-07,Delivered
514877,11313,2024-01-21,Returned
514878,12396,2024-05-23,Delivered
514879,12568,2024-06-19,Delivered
514880,10656,2023-07-08,Delivered
514881,13030,2024-07-23,Returned
514882,11461,2024-04-12,Delivered
514883,11485,2024-09-05,Delivered
514884,11856,2023-07-30,Delivered
514885,12663,2023-07-14,Delivered
514886,12378,2023-08-18,Delivered
514887,12608,2024-08-09,Delivered
514888,12113,2023-06-02,Delivered
514889,12140,2023-09-28,Delivered
514890,11152,2024-03-31,Delivered
514891,10033,2024-06-10,Delivered
514892,12639,2023-09-06,Delivered
514893,10665,2024-09-07,Delivered
514894,12326,2024-08-08,Delivered
514895,10872,2023-06-09,Delivered
514896,11091,2024-01-06,Delivered
514897,10920,2024-07-23,Delivered
514898,10817,2024-02-26,Delivered
514899,10080,2023-06-20,Delivered
514900,11011,2024-09-09,Delivered
514901,12199,2023-06-13,Returned
514902,12435,2023-07-20,Returned
514903,12302,2023-10-30,Cancelled
514904,10522,2023-09-19,Delivered
514905,11612,2023-08-31,Delivered
514906,10099,2024-01-26,Delivered
514907,10421,2024-01-14,Returned
514908,10742,2024-09-13,Delivered
514909,10251,2024-01-07,Returned
514910,11575,2023-10-09,Delivered
514911,10263,2023-10-28,Returned
514912,12861,2023-06-09,Delivered
514913,11246,2024-07-11,Delivered
514914,12836,2024-06-08,Cancelled
514915,11699,2024-01-12,Cancelled
514916,11960,2024-05-07,Delivered
514917,10735,2024-06-02,Delivered
514918,10662,2024-05-29,Delivered
514919,10092,2024-09-29,Delivered
514920,10032,2023-10-08,Delivered
514921,13005,2024-04-26,Delivered
514922,11442,2024-09-04,Delivered
514923,10425,2024-06-15,Delivered
514924,11043,2023-10-25,Delivered
514925,11781,2024-03-20,Delivered
514926,12046,2024-05-04,Delivered
514927,12406,2024-04-01,Delivered
514928,10127,2024-07-17,Cancelled
514929,11031,2023-07-09,Returned
514930,10679,2023-08-02,Delivered
514931,11581,2023-07-09,Delivered
514932,12279,2024-07-05,Delivered
514933,12693,2024-04-11,Delivered
514934,13029,2024-06-05,Delivered
514935,10160,2024-06-22,Returned
514936,12704,2024-09-14,Delivered
514937,12396,2023-10-22,Delivered
514938,12713,2023-06-24,Returned
514939,10887,2023-08-29,Delivered
514940,10466,2023-12-11,Delivered
514941,12571,2024-01-01,Delivered
514942,10429,2024-08-20,Delivered
514943,10774,2024-03-19,Delivered
514944,10972,2024-07-12,Delivered
514945,12777,2023-12-01,Delivered
514946,12877,2023-06-14,Delivered
514947,10955,2024-01-25,Delivered
514948,12395,2024-03-13,Delivered
514949,12327,2024-08-13,Delivered
514950,12718,2023-06-25,Delivered
514951,12640,2024-02-08,Delivered
514952,12026,2023-06-20,Cancelled
514953,11338,2023-09-18,Delivered
514954,12819,2024-03-03,Delivered
514955,11398,2023-10-14,Delivered
514956,11622,2023-08-18,Delivered
514957,12062,2023-08-02,Cancelled
514958,11642,2023-12-16,Delivered
514959,11678,2024-09-11,Delivered
514960,12927,2023-06-10,Delivered
514961,10768,2023-09-26,Delivered
514962,12725,2024-05-01,Returned
514963,11111,2024-02-17,Delivered
514964,12222,2023-11-25,Delivered
514965,11226,2024-05-25,Delivered
514966,11999,2024-06-22,Delivered
514967,10905,2024-06-18,Delivered
514968,11445,2023-08-05,Delivered
514969,10090,2024-01-14,Returned
514970,12818,2023-08-21,Delivered
514971,10840,2024-07-31,Delivered
514972,10904,2023-12-04,Delivered
514973,12214,2024-01-28,Delivered
514974,10698,2024-01-07,Delivered
514975,13060,2024-05-31,Delivered
514976,10405,2024-04-30,Delivered
514977,12487,2024-02-16,Delivered
514978,10475,2024-02-10,Delivered
514979,11092,2024-05-22,Delivered
514980,11175,2024-04-13,Delivered
514981,10326,2024-06-29,Delivered
514982,12953,2023-06-22,Delivered
514983,11175,2024-06-09,Delivered
514984,12021,2024-09-17,Delivered
514985,12354,2023-11-13,Delivered
514986,10050,2024-02-02,Delivered
514987,10154,2023-07-15,Delivered
514988,11958,2024-07-21,Delivered
514989,12633,2024-04-16,Delivered
514990,12966,2024-09-29,Delivered
514991,10716,2023-09-02,Delivered
514992,11421,2023-08-10,Cancelled
514993,12256,2024-07-10,Delivered
514994,11489,2023-06-26,Delivered
514995,10643,2023-09-28,Delivered
514996,11092,2023-10-03,Returned
514997,12197,2024-07-04,Delivered
514998,12602,2023-08-01,Delivered
514999,10866,2024-09-22,Delivered
515000,10961,2024-01-02,Returned
